-- MySQL dump 10.13  Distrib 5.7.12, for Linux (x86_64)
--
-- Host: localhost    Database: wift_iiws_tst
-- ------------------------------------------------------
-- Server version	5.7.12-log

/*!40101 SET @OLD_CHARACTER_SET_CLIENT=@@CHARACTER_SET_CLIENT */;
/*!40101 SET @OLD_CHARACTER_SET_RESULTS=@@CHARACTER_SET_RESULTS */;
/*!40101 SET @OLD_COLLATION_CONNECTION=@@COLLATION_CONNECTION */;
/*!40101 SET NAMES utf8 */;
/*!40103 SET @OLD_TIME_ZONE=@@TIME_ZONE */;
/*!40103 SET TIME_ZONE='+00:00' */;
/*!40014 SET @OLD_UNIQUE_CHECKS=@@UNIQUE_CHECKS, UNIQUE_CHECKS=0 */;
/*!40014 SET @OLD_FOREIGN_KEY_CHECKS=@@FOREIGN_KEY_CHECKS, FOREIGN_KEY_CHECKS=0 */;
/*!40101 SET @OLD_SQL_MODE=@@SQL_MODE, SQL_MODE='NO_AUTO_VALUE_ON_ZERO' */;
/*!40111 SET @OLD_SQL_NOTES=@@SQL_NOTES, SQL_NOTES=0 */;
drop database if exists wift_iiws_tst;
create database wift_iiws_tst charset = utf8;

use wift_iiws_tst;

--
-- Table structure for table `d_accident_status`
--

DROP TABLE IF EXISTS `d_accident_status`;
/*!40101 SET @saved_cs_client     = @@character_set_client */;
/*!40101 SET character_set_client = utf8 */;
CREATE TABLE `d_accident_status` (
  `CODE` varchar(10) COLLATE utf8_bin DEFAULT NULL,
  `NAME` varchar(200) COLLATE utf8_bin DEFAULT NULL,
  `ENUM_NAME` varchar(30) COLLATE utf8_bin DEFAULT NULL,
  `PINYIN` varchar(10) COLLATE utf8_bin DEFAULT NULL,
  `PARENT_CODE` varchar(10) COLLATE utf8_bin DEFAULT NULL
) ENGINE=InnoDB DEFAULT CHARSET=utf8 COLLATE=utf8_bin COMMENT='出险人状态代码';
/*!40101 SET character_set_client = @saved_cs_client */;

--
-- Dumping data for table `d_accident_status`
--

LOCK TABLES `d_accident_status` WRITE;
/*!40000 ALTER TABLE `d_accident_status` DISABLE KEYS */;
INSERT INTO `d_accident_status` VALUES ('01','身故','','SG',''),('02','伤残','','SC',''),('03','重疾','','ZJ',''),('04','高残','','GC',''),('05','全残','','QC',''),('06','一般失能','','YBSN',''),('07','重度失能','','ZDSN',''),('08','医疗','','YL',''),('09','失业','','SY',''),('10','特种疾病','','TZJB',''),('11','豁免','','HM',''),('99','其他','','QT',''),('01','身故','','SG',''),('02','伤残','','SC',''),('03','重疾','','ZJ',''),('04','高残','','GC',''),('05','全残','','QC',''),('06','一般失能','','YBSN',''),('07','重度失能','','ZDSN',''),('08','医疗','','YL',''),('09','失业','','SY',''),('10','特种疾病','','TZJB',''),('11','豁免','','HM',''),('99','其他','','QT','');
/*!40000 ALTER TABLE `d_accident_status` ENABLE KEYS */;
UNLOCK TABLES;

--
-- Table structure for table `d_account_type`
--

DROP TABLE IF EXISTS `d_account_type`;
/*!40101 SET @saved_cs_client     = @@character_set_client */;
/*!40101 SET character_set_client = utf8 */;
CREATE TABLE `d_account_type` (
  `CODE` varchar(10) NOT NULL,
  `NAME` varchar(200) DEFAULT NULL,
  `ENUM_NAME` varchar(30) DEFAULT NULL,
  `PINYIN` varchar(10) DEFAULT NULL,
  `PARENT_CODE` varchar(10) DEFAULT NULL,
  PRIMARY KEY (`CODE`)
) ENGINE=InnoDB DEFAULT CHARSET=utf8mb4 COMMENT='账户类型代码';
/*!40101 SET character_set_client = @saved_cs_client */;

--
-- Dumping data for table `d_account_type`
--

LOCK TABLES `d_account_type` WRITE;
/*!40000 ALTER TABLE `d_account_type` DISABLE KEYS */;
INSERT INTO `d_account_type` VALUES ('1','银行账户','','YXZH',''),('2','第三方支付','','DSFZF',''),('3','其他资金机构','','QTZJJG','');
/*!40000 ALTER TABLE `d_account_type` ENABLE KEYS */;
UNLOCK TABLES;

--
-- Table structure for table `d_aggr_risk_cate`
--

DROP TABLE IF EXISTS `d_aggr_risk_cate`;
/*!40101 SET @saved_cs_client     = @@character_set_client */;
/*!40101 SET character_set_client = utf8 */;
CREATE TABLE `d_aggr_risk_cate` (
  `CODE` varchar(30) COLLATE utf8_bin DEFAULT NULL,
  `NAME` varchar(600) COLLATE utf8_bin DEFAULT NULL,
  `PINYIN` varchar(30) COLLATE utf8_bin DEFAULT NULL,
  `PARENT_CODE` varchar(30) COLLATE utf8_bin DEFAULT NULL
) ENGINE=InnoDB DEFAULT CHARSET=utf8 COLLATE=utf8_bin;
/*!40101 SET character_set_client = @saved_cs_client */;

--
-- Dumping data for table `d_aggr_risk_cate`
--

LOCK TABLES `d_aggr_risk_cate` WRITE;
/*!40000 ALTER TABLE `d_aggr_risk_cate` DISABLE KEYS */;
INSERT INTO `d_aggr_risk_cate` VALUES ('10','死亡','SW',NULL),('20','重疾','ZJ',NULL),('30','意外','YW',NULL),('40','医疗','YL',NULL),('50','防癌','FA',NULL);
/*!40000 ALTER TABLE `d_aggr_risk_cate` ENABLE KEYS */;
UNLOCK TABLES;

--
-- Table structure for table `d_aggr_risk_type`
--

DROP TABLE IF EXISTS `d_aggr_risk_type`;
/*!40101 SET @saved_cs_client     = @@character_set_client */;
/*!40101 SET character_set_client = utf8 */;
CREATE TABLE `d_aggr_risk_type` (
  `CODE` varchar(30) COLLATE utf8_bin DEFAULT NULL,
  `NAME` varchar(600) COLLATE utf8_bin DEFAULT NULL,
  `PINYIN` varchar(30) COLLATE utf8_bin DEFAULT NULL,
  `PARENT_CODE` varchar(30) COLLATE utf8_bin DEFAULT NULL
) ENGINE=InnoDB DEFAULT CHARSET=utf8 COLLATE=utf8_bin;
/*!40101 SET character_set_client = @saved_cs_client */;

--
-- Dumping data for table `d_aggr_risk_type`
--

LOCK TABLES `d_aggr_risk_type` WRITE;
/*!40000 ALTER TABLE `d_aggr_risk_type` DISABLE KEYS */;
INSERT INTO `d_aggr_risk_type` VALUES ('11','死亡含全残','SWHQC','10'),('12','死亡不含全残','SWBHQC','10'),('21','重疾','ZJ','20'),('22','癌症','AZ','20'),('23','癌症确诊','AZQZ','20'),('24','癌症住院','AZZY','20'),('25','癌症手术','AZSS','20'),('26','放化疗','FHL','20'),('27','移植','YZ','20'),('28','特定疾病','TDJB','20'),('29','长期护理','CQHL','20'),('31','一般意外','YBYW','30'),('32','交通工具意外','JTGJYW','30'),('33','航空意外','HKYW','30'),('34','综合交通工具意外','ZHJTGJYW','30'),('35','火车交通工具意外','HCJTGJYW','30'),('36','轮船交通工具意外','LCJTGJYW','30'),('37','汽车交通工具意外','QCJTGJYW','30'),('38','自驾车交通工具意外','ZJCJTGJYW','30'),('41','特种血液疾病','TZXYJB','40'),('51','至尊双利（907）','ZZSL907','50');
/*!40000 ALTER TABLE `d_aggr_risk_type` ENABLE KEYS */;
UNLOCK TABLES;

--
-- Table structure for table `d_agree`
--

DROP TABLE IF EXISTS `d_agree`;
/*!40101 SET @saved_cs_client     = @@character_set_client */;
/*!40101 SET character_set_client = utf8 */;
CREATE TABLE `d_agree` (
  `CODE` varchar(10) NOT NULL,
  `NAME` varchar(200) DEFAULT NULL,
  `ENUM_NAME` varchar(30) DEFAULT NULL,
  `PINYIN` varchar(10) DEFAULT NULL,
  `PARENT_CODE` varchar(16) DEFAULT NULL,
  PRIMARY KEY (`CODE`)
) ENGINE=InnoDB DEFAULT CHARSET=utf8mb4 COMMENT='是否同意代码表';
/*!40101 SET character_set_client = @saved_cs_client */;

--
-- Dumping data for table `d_agree`
--

LOCK TABLES `d_agree` WRITE;
/*!40000 ALTER TABLE `d_agree` DISABLE KEYS */;
INSERT INTO `d_agree` VALUES ('0','同意',NULL,'TY',NULL),('1','拒赔',NULL,'JP',NULL),('2','协议赔付',NULL,'XYPF',NULL),('3','通容赔付',NULL,'TRPF',NULL);
/*!40000 ALTER TABLE `d_agree` ENABLE KEYS */;
UNLOCK TABLES;

--
-- Table structure for table `d_agreement_status`
--

DROP TABLE IF EXISTS `d_agreement_status`;
/*!40101 SET @saved_cs_client     = @@character_set_client */;
/*!40101 SET character_set_client = utf8 */;
CREATE TABLE `d_agreement_status` (
  `CODE` varchar(10) COLLATE utf8_bin DEFAULT NULL,
  `NAME` varchar(200) COLLATE utf8_bin DEFAULT NULL,
  `PINYIN` varchar(10) COLLATE utf8_bin DEFAULT NULL,
  `PARENT_CODE` varchar(10) COLLATE utf8_bin DEFAULT NULL
) ENGINE=InnoDB DEFAULT CHARSET=utf8 COLLATE=utf8_bin;
/*!40101 SET character_set_client = @saved_cs_client */;

--
-- Dumping data for table `d_agreement_status`
--

LOCK TABLES `d_agreement_status` WRITE;
/*!40000 ALTER TABLE `d_agreement_status` DISABLE KEYS */;
INSERT INTO `d_agreement_status` VALUES ('1','未授权','WSQ',NULL),('2','授权中','SQZ',NULL),('3','已授权未起售','YSQWQS',NULL),('4','已授权在销','YSQZX',NULL),('5','已授权停售','YSQTS',NULL);
/*!40000 ALTER TABLE `d_agreement_status` ENABLE KEYS */;
UNLOCK TABLES;

--
-- Table structure for table `d_api_type`
--

DROP TABLE IF EXISTS `d_api_type`;
/*!40101 SET @saved_cs_client     = @@character_set_client */;
/*!40101 SET character_set_client = utf8 */;
CREATE TABLE `d_api_type` (
  `CODE` varchar(10) NOT NULL,
  `NAME` varchar(200) DEFAULT NULL,
  `ENUM_NAME` varchar(30) DEFAULT NULL,
  `PINYIN` varchar(10) DEFAULT NULL,
  `PARENT_CODE` varchar(10) DEFAULT NULL,
  PRIMARY KEY (`CODE`)
) ENGINE=InnoDB DEFAULT CHARSET=utf8mb4 COMMENT='API类型代码';
/*!40101 SET character_set_client = @saved_cs_client */;

--
-- Dumping data for table `d_api_type`
--

LOCK TABLES `d_api_type` WRITE;
/*!40000 ALTER TABLE `d_api_type` DISABLE KEYS */;
INSERT INTO `d_api_type` VALUES ('0','编排API','','BPAPI',''),('1','系统提供','','XTTG','');
/*!40000 ALTER TABLE `d_api_type` ENABLE KEYS */;
UNLOCK TABLES;

--
-- Table structure for table `d_app_system`
--

DROP TABLE IF EXISTS `d_app_system`;
/*!40101 SET @saved_cs_client     = @@character_set_client */;
/*!40101 SET character_set_client = utf8 */;
CREATE TABLE `d_app_system` (
  `CODE` varchar(30) COLLATE utf8_bin DEFAULT NULL,
  `NAME` varchar(600) COLLATE utf8_bin DEFAULT NULL,
  `PINYIN` varchar(30) COLLATE utf8_bin DEFAULT NULL,
  `PARENT_CODE` varchar(30) COLLATE utf8_bin DEFAULT NULL
) ENGINE=InnoDB DEFAULT CHARSET=utf8 COLLATE=utf8_bin;
/*!40101 SET character_set_client = @saved_cs_client */;

--
-- Dumping data for table `d_app_system`
--

LOCK TABLES `d_app_system` WRITE;
/*!40000 ALTER TABLE `d_app_system` DISABLE KEYS */;
INSERT INTO `d_app_system` VALUES ('PROP','出单','CD',NULL),('ECIF','客户统一管理','KHTYGL',NULL),('BCP','收付费系统','SFFXT',NULL),('CS','保全','BQ',NULL),('CLM','理赔','LP',NULL),('IIWS','创新平台','CXPT',NULL),('MBRC','会员中心','HYZX',NULL),('MKTO','营销运营','YXYY',NULL),('PA','保单管理','BDGL',NULL),('DW','数据仓库','SJCK',NULL),('WEB','官网','GW',NULL),('WECHAT','微信','WX',NULL);
/*!40000 ALTER TABLE `d_app_system` ENABLE KEYS */;
UNLOCK TABLES;

--
-- Table structure for table `d_app_type`
--

DROP TABLE IF EXISTS `d_app_type`;
/*!40101 SET @saved_cs_client     = @@character_set_client */;
/*!40101 SET character_set_client = utf8 */;
CREATE TABLE `d_app_type` (
  `CODE` varchar(10) NOT NULL,
  `NAME` varchar(200) DEFAULT NULL,
  `ENUM_NAME` varchar(30) DEFAULT NULL,
  `PINYIN` varchar(10) DEFAULT NULL,
  `PARENT_CODE` varchar(11) DEFAULT NULL,
  PRIMARY KEY (`CODE`)
) ENGINE=InnoDB DEFAULT CHARSET=utf8mb4;
/*!40101 SET character_set_client = @saved_cs_client */;

--
-- Dumping data for table `d_app_type`
--

LOCK TABLES `d_app_type` WRITE;
/*!40000 ALTER TABLE `d_app_type` DISABLE KEYS */;
INSERT INTO `d_app_type` VALUES ('1','按营销产品投保','','AYXCPTB',''),('2','按精算产品投保','','AJSCPTB','');
/*!40000 ALTER TABLE `d_app_type` ENABLE KEYS */;
UNLOCK TABLES;

--
-- Table structure for table `d_appraisal_agency`
--

DROP TABLE IF EXISTS `d_appraisal_agency`;
/*!40101 SET @saved_cs_client     = @@character_set_client */;
/*!40101 SET character_set_client = utf8 */;
CREATE TABLE `d_appraisal_agency` (
  `CODE` varchar(10) COLLATE utf8_bin DEFAULT NULL,
  `NAME` varchar(200) COLLATE utf8_bin DEFAULT NULL,
  `ENUM_NAME` varchar(30) COLLATE utf8_bin DEFAULT NULL,
  `PINYIN` varchar(10) COLLATE utf8_bin DEFAULT NULL,
  `PARENT_CODE` varchar(10) COLLATE utf8_bin DEFAULT NULL
) ENGINE=InnoDB DEFAULT CHARSET=utf8 COLLATE=utf8_bin COMMENT='伤残鉴定机构代码';
/*!40101 SET character_set_client = @saved_cs_client */;

--
-- Dumping data for table `d_appraisal_agency`
--

LOCK TABLES `d_appraisal_agency` WRITE;
/*!40000 ALTER TABLE `d_appraisal_agency` DISABLE KEYS */;
/*!40000 ALTER TABLE `d_appraisal_agency` ENABLE KEYS */;
UNLOCK TABLES;

--
-- Table structure for table `d_bank`
--

DROP TABLE IF EXISTS `d_bank`;
/*!40101 SET @saved_cs_client     = @@character_set_client */;
/*!40101 SET character_set_client = utf8 */;
CREATE TABLE `d_bank` (
  `CODE` varchar(10) COLLATE utf8_bin DEFAULT NULL,
  `NAME` varchar(200) COLLATE utf8_bin DEFAULT NULL,
  `ENUM_NAME` varchar(30) COLLATE utf8_bin DEFAULT NULL,
  `PINYIN` varchar(10) COLLATE utf8_bin DEFAULT NULL,
  `PARENT_CODE` varchar(10) COLLATE utf8_bin DEFAULT NULL
) ENGINE=InnoDB DEFAULT CHARSET=utf8 COLLATE=utf8_bin COMMENT='银行代码';
/*!40101 SET character_set_client = @saved_cs_client */;

--
-- Dumping data for table `d_bank`
--

LOCK TABLES `d_bank` WRITE;
/*!40000 ALTER TABLE `d_bank` DISABLE KEYS */;
INSERT INTO `d_bank` VALUES ('1','银联商务（收单）','','YLSWSD',''),('100','中国邮政储蓄银行（收单）','','ZGYZCXYXSD',''),('102','中国工商银行','','ZGGSYX',''),('103','中国农业银行','','ZGNYYX',''),('104','中国银行','','ZGYX',''),('105','中国建设银行','','ZGJSYX',''),('201','国家开发银行','','GJKFYX',''),('202','中国进出口银行','','ZGJCKYX',''),('203','中国农业发展银行','','ZGNYFZYX',''),('301','交通银行','','JTYX',''),('302','中信银行','','ZXYX',''),('303','中国光大银行','','ZGGDYX',''),('304','华夏银行','','HXYX',''),('305','中国民生银行','','ZGMSYX',''),('306','广东发展银行','','GDFZYX',''),('307','深圳发展银行','','SZFZYX',''),('308','招商银行','','ZSYX',''),('309','兴业银行','','XYYX',''),('310','上海浦东发展银行','','SHPDFZYX',''),('311','上海银联商务/东莞商业银行','','SHYLSW/DZS',''),('313','城市商业银行','','CSSYYX',''),('314','农村商业银行（江苏）','','NCSYYXJS',''),('315','恒丰银行','','HFYX',''),('316','浙商银行','','ZSYX',''),('317','农村合作银行','','NCHZYX',''),('318','渤海银行股份有限公司','','BHYXGFYXGS',''),('319','徽商银行股份有限公司','','HSYXGFYXGS',''),('320','镇银行有限责任公司','','ZYXYXZRGS',''),('401','城市信用社','','CSXYS',''),('402','农村信用社（含北京农村商业银行）、东莞农信','','NCXYSHBJNC',''),('403','中国邮政储蓄银行（代收付）','','ZGYZCXYXDS',''),('501','汇丰银行','','HFYX',''),('502','东亚银行','','DYYX',''),('503','南洋商业银行','','NYSYYX',''),('504','恒生银行(中国)有限公司','','HSYX(ZG)YX',''),('505','中国银行（香港）有限公司','','ZGYXXGYXGS',''),('506','集友银行有限公司','','JYYXYXGS',''),('507','创兴银行有限公司','','CXYXYXGS',''),('509','星展银行（中国）有限公司','','XZYXZGYXGS',''),('510','永亨银行（中国）有限公司','','YHYXZGYXGS',''),('512','永隆银行','','YLYX',''),('531','花旗银行（中国）有限公司','','HQYXZGYXGS',''),('532','美国银行有限公司','','MGYXYXGS',''),('533','摩根大通银行(中国)有限公司','','MGDTYX(ZG)',''),('561','三菱东京日联银行(中国）有限公司','','SLDJRLYX(Z',''),('563','日本三井住友银行股份有限公司','','RBSJZYYXGF',''),('564','瑞穗实业银行（中国）有限公司','','RSSYYXZGYX',''),('565','日本山口银行股份有限公司','','RBSKYXGFYX',''),('591','韩国外换银行股份有限公司','','HGWHYXGFYX',''),('593','友利银行(中国)有限公司','','YLYX(ZG)YX',''),('591','韩国外换银行股份有限公司','','HGWHYXGFYX',''),('593','友利银行（中国）有限公司','','YLYXZGYXGS',''),('594','韩国产业银行','','HGCYYX',''),('595','新韩银行(中国)有限公司','','XHYX(ZG)YX',''),('596','韩国中小企业银行有限公司','','HGZXQYYXYX',''),('597','韩亚银行（中国）有限公司','','HYYXZGYXGS',''),('621','华侨银行（中国）有限公司','','HQYXZGYXGS',''),('622','大华银行（中国）有限公司','','DHYXZGYXGS',''),('623','星展银行（中国）有限公司','','XZYXZGYXGS',''),('631','泰国盘谷银行(大众有限公司)','','TGPGYX(DZY',''),('641','奥地利中央合作银行股份有限公司','','ADLZYHZYXG',''),('651','比利时联合银行股份有限公司','','BLSLHYXGFY',''),('652','比利时富通银行有限公司','','BLSFTYXYXG',''),('661','荷兰银行','','HLYX',''),('662','荷兰安智银行股份有限公司','','HLAZYXGFYX',''),('671','渣打银行','','ZDYX',''),('672','英国苏格兰皇家银行公众有限公司','','YGSGLHJYXG',''),('691','法国兴业银行（中国)有限公司','','FGXYYXZG)Y',''),('694','法国东方汇理银行股份有限公司','','FGDFHLYXGF',''),('695','法国外贸银行股份有限公司','','FGWMYXGFYX',''),('711','德国德累斯登银行股份公司','','DGDLSDYXGF',''),('712','德意志银行（中国）有限公司','','DYZYXZGYXG',''),('713','德国商业银行股份有限公司','','DGSYYXGFYX',''),('714','德国西德银行股份有限公司','','DGXDYXGFYX',''),('715','德国巴伐利亚州银行','','DGBFLYZYX',''),('716','德国北德意志州银行','','DGBDYZZYX',''),('732','意大利联合圣保罗银行股份有限公司','','YDLLHSBLYX',''),('741','瑞士信贷银行股份有限公司','','RSXDYXGFYX',''),('742','瑞士银行','','RSYX',''),('751','加拿大丰业银行有限公司','','JNDFYYXYXG',''),('752','加拿大蒙特利尔银行有限公司','','JNDMTLEYXY',''),('761','澳大利亚和新西兰银行集团有限公司','','ADLYHXXLYX',''),('771','摩根士丹利国际银行（中国）有限公司','','MGSDLGJYXZ',''),('775','联合银行(中国)有限公司','','LHYX(ZG)YX',''),('776','荷兰合作银行有限公司','','HLHZYXYXGS',''),('781','厦门国际银行','','XMGJYX',''),('782','法国巴黎银行（中国）有限公司','','FGBLYXZGYX',''),('785','华商银行','','HSYX',''),('787','华一银行','','HYYX',''),('897','广东农村信用合作社（收单）','','GDNCXYHZSS',''),('898','银联商务（收单）','','YLSWSD',''),('969','(澳门地区)银行','','(AMDQ)YX',''),('989','(香港地区)银行','','(XGDQ)YX','');
/*!40000 ALTER TABLE `d_bank` ENABLE KEYS */;
UNLOCK TABLES;

--
-- Table structure for table `d_capital_type`
--

DROP TABLE IF EXISTS `d_capital_type`;
/*!40101 SET @saved_cs_client     = @@character_set_client */;
/*!40101 SET character_set_client = utf8 */;
CREATE TABLE `d_capital_type` (
  `CODE` varchar(30) COLLATE utf8_bin DEFAULT NULL,
  `NAME` varchar(600) COLLATE utf8_bin DEFAULT NULL,
  `PINYIN` varchar(30) COLLATE utf8_bin DEFAULT NULL,
  `PARENT_CODE` varchar(30) COLLATE utf8_bin DEFAULT NULL
) ENGINE=InnoDB DEFAULT CHARSET=utf8 COLLATE=utf8_bin;
/*!40101 SET character_set_client = @saved_cs_client */;

--
-- Dumping data for table `d_capital_type`
--

LOCK TABLES `d_capital_type` WRITE;
/*!40000 ALTER TABLE `d_capital_type` DISABLE KEYS */;
INSERT INTO `d_capital_type` VALUES ('4','中外合资','ZWHZ',NULL),('6','其它','QT',NULL),('2','国营','GY',NULL),('5','外资','WZ',NULL),('1','政府机关/事业单位','ZFJG/SYDW',NULL),('3','私营','SY',NULL);
/*!40000 ALTER TABLE `d_capital_type` ENABLE KEYS */;
UNLOCK TABLES;

--
-- Table structure for table `d_case_level`
--

DROP TABLE IF EXISTS `d_case_level`;
/*!40101 SET @saved_cs_client     = @@character_set_client */;
/*!40101 SET character_set_client = utf8 */;
CREATE TABLE `d_case_level` (
  `CODE` varchar(10) COLLATE utf8_bin NOT NULL DEFAULT '',
  `NAME` varchar(200) COLLATE utf8_bin DEFAULT NULL,
  `ENUM_NAME` varchar(30) COLLATE utf8_bin DEFAULT NULL,
  `PINYIN` varchar(10) COLLATE utf8_bin DEFAULT NULL,
  `PARENT_CODE` varchar(10) COLLATE utf8_bin DEFAULT NULL,
  PRIMARY KEY (`CODE`)
) ENGINE=InnoDB DEFAULT CHARSET=utf8 COLLATE=utf8_bin COMMENT='案件等级代码';
/*!40101 SET character_set_client = @saved_cs_client */;

--
-- Dumping data for table `d_case_level`
--

LOCK TABLES `d_case_level` WRITE;
/*!40000 ALTER TABLE `d_case_level` DISABLE KEYS */;
INSERT INTO `d_case_level` VALUES ('1',NULL,'','PTAJ',''),('2',NULL,'','SSAJ',''),('3',NULL,'','YNAJ',''),('4',NULL,'','JYAJ',''),('5',NULL,'','SSAJ ',''),('6',NULL,'','DRSHAJ','');
/*!40000 ALTER TABLE `d_case_level` ENABLE KEYS */;
UNLOCK TABLES;

--
-- Table structure for table `d_case_status`
--

DROP TABLE IF EXISTS `d_case_status`;
/*!40101 SET @saved_cs_client     = @@character_set_client */;
/*!40101 SET character_set_client = utf8 */;
CREATE TABLE `d_case_status` (
  `CODE` varchar(10) COLLATE utf8_bin NOT NULL,
  `NAME` varchar(200) COLLATE utf8_bin DEFAULT NULL,
  `ENUM_NAME` varchar(30) COLLATE utf8_bin DEFAULT NULL,
  `PINYIN` varchar(10) COLLATE utf8_bin DEFAULT NULL,
  `PARENT_CODE` varchar(10) COLLATE utf8_bin DEFAULT NULL
) ENGINE=InnoDB DEFAULT CHARSET=utf8 COLLATE=utf8_bin COMMENT='案件状态代码';
/*!40101 SET character_set_client = @saved_cs_client */;

--
-- Dumping data for table `d_case_status`
--

LOCK TABLES `d_case_status` WRITE;
/*!40000 ALTER TABLE `d_case_status` DISABLE KEYS */;
INSERT INTO `d_case_status` VALUES ('10','报案','','BA',''),('15','受理','','SL',''),('20','立案','','LA',''),('30','理算','','SH',''),('40','签批','','SP',''),('50','结案','','JA',''),('60','完成','','WC',''),('70','关闭','','GB','');
/*!40000 ALTER TABLE `d_case_status` ENABLE KEYS */;
UNLOCK TABLES;

--
-- Table structure for table `d_certi_type`
--

DROP TABLE IF EXISTS `d_certi_type`;
/*!40101 SET @saved_cs_client     = @@character_set_client */;
/*!40101 SET character_set_client = utf8 */;
CREATE TABLE `d_certi_type` (
  `CODE` varchar(10) COLLATE utf8_bin NOT NULL DEFAULT '',
  `NAME` varchar(200) COLLATE utf8_bin DEFAULT NULL,
  `ENUM_NAME` varchar(30) COLLATE utf8_bin DEFAULT NULL,
  `PINYIN` varchar(10) COLLATE utf8_bin DEFAULT NULL,
  `PARENT_CODE` varchar(82) COLLATE utf8_bin DEFAULT NULL,
  PRIMARY KEY (`CODE`)
) ENGINE=InnoDB DEFAULT CHARSET=utf8 COLLATE=utf8_bin COMMENT='企业资本类型表';
/*!40101 SET character_set_client = @saved_cs_client */;

--
-- Dumping data for table `d_certi_type`
--

LOCK TABLES `d_certi_type` WRITE;
/*!40000 ALTER TABLE `d_certi_type` DISABLE KEYS */;
INSERT INTO `d_certi_type` VALUES ('01','居民身份证','','JMSFZ',''),('02','户口簿','','HKB',''),('03','出生医学证明','','CSYXZM',''),('04','军官证','','JGZ',''),('05','普通护照','','PTHZ',''),('06','台湾居民来往大陆通行证','','TWJMLWDLTX',''),('07','港澳同胞回乡证（通行卡）','','GATBHXZTXK','');
/*!40000 ALTER TABLE `d_certi_type` ENABLE KEYS */;
UNLOCK TABLES;

--
-- Table structure for table `d_change_type`
--

DROP TABLE IF EXISTS `d_change_type`;
/*!40101 SET @saved_cs_client     = @@character_set_client */;
/*!40101 SET character_set_client = utf8 */;
CREATE TABLE `d_change_type` (
  `CODE` varchar(30) COLLATE utf8_bin DEFAULT NULL,
  `NAME` varchar(600) COLLATE utf8_bin DEFAULT NULL,
  `PINYIN` varchar(30) COLLATE utf8_bin DEFAULT NULL,
  `PARENT_CODE` varchar(30) COLLATE utf8_bin DEFAULT NULL
) ENGINE=InnoDB DEFAULT CHARSET=utf8 COLLATE=utf8_bin;
/*!40101 SET character_set_client = @saved_cs_client */;

--
-- Dumping data for table `d_change_type`
--

LOCK TABLES `d_change_type` WRITE;
/*!40000 ALTER TABLE `d_change_type` DISABLE KEYS */;
INSERT INTO `d_change_type` VALUES ('1','新增','XZ',NULL),('2','修改','XG',NULL);
/*!40000 ALTER TABLE `d_change_type` ENABLE KEYS */;
UNLOCK TABLES;

--
-- Table structure for table `d_charge_mode`
--

DROP TABLE IF EXISTS `d_charge_mode`;
/*!40101 SET @saved_cs_client     = @@character_set_client */;
/*!40101 SET character_set_client = utf8 */;
CREATE TABLE `d_charge_mode` (
  `CODE` varchar(10) COLLATE utf8_bin DEFAULT NULL,
  `NAME` varchar(200) COLLATE utf8_bin DEFAULT NULL,
  `ENUM_NAME` varchar(30) COLLATE utf8_bin DEFAULT NULL,
  `PINYIN` varchar(10) COLLATE utf8_bin DEFAULT NULL,
  `PARENT_CODE` varchar(10) COLLATE utf8_bin DEFAULT NULL
) ENGINE=InnoDB DEFAULT CHARSET=utf8 COLLATE=utf8_bin COMMENT='缴费频率代码';
/*!40101 SET character_set_client = @saved_cs_client */;

--
-- Dumping data for table `d_charge_mode`
--

LOCK TABLES `d_charge_mode` WRITE;
/*!40000 ALTER TABLE `d_charge_mode` DISABLE KEYS */;
INSERT INTO `d_charge_mode` VALUES ('S','趸交','','ZJ',''),('M','月交','','YJ',''),('Q','季交','','JJ',''),('H','半年交','','BNJ',''),('Y','年交','','NJ','');
/*!40000 ALTER TABLE `d_charge_mode` ENABLE KEYS */;
UNLOCK TABLES;

--
-- Table structure for table `d_charge_period_type`
--

DROP TABLE IF EXISTS `d_charge_period_type`;
/*!40101 SET @saved_cs_client     = @@character_set_client */;
/*!40101 SET character_set_client = utf8 */;
CREATE TABLE `d_charge_period_type` (
  `CODE` varchar(10) COLLATE utf8_bin DEFAULT NULL,
  `NAME` varchar(200) COLLATE utf8_bin DEFAULT NULL,
  `ENUM_NAME` varchar(30) COLLATE utf8_bin DEFAULT NULL,
  `PINYIN` varchar(10) COLLATE utf8_bin DEFAULT NULL,
  `PARENT_CODE` varchar(10) COLLATE utf8_bin DEFAULT NULL
) ENGINE=InnoDB DEFAULT CHARSET=utf8 COLLATE=utf8_bin COMMENT='缴费期间类型代码';
/*!40101 SET character_set_client = @saved_cs_client */;

--
-- Dumping data for table `d_charge_period_type`
--

LOCK TABLES `d_charge_period_type` WRITE;
/*!40000 ALTER TABLE `d_charge_period_type` DISABLE KEYS */;
INSERT INTO `d_charge_period_type` VALUES ('S','一次性交清','','YCXJQ',''),('Y','交多少年','','JDSN',''),('A','交至某年龄','','JZMNL','');
/*!40000 ALTER TABLE `d_charge_period_type` ENABLE KEYS */;
UNLOCK TABLES;

--
-- Table structure for table `d_checklist`
--

DROP TABLE IF EXISTS `d_checklist`;
/*!40101 SET @saved_cs_client     = @@character_set_client */;
/*!40101 SET character_set_client = utf8 */;
CREATE TABLE `d_checklist` (
  `CODE` varchar(10) COLLATE utf8_bin NOT NULL DEFAULT '',
  `NAME` varchar(200) COLLATE utf8_bin DEFAULT NULL,
  `ENUM_NAME` varchar(30) COLLATE utf8_bin DEFAULT NULL,
  `PINYIN` varchar(10) COLLATE utf8_bin DEFAULT NULL,
  `PARENT_CODE` varchar(86) COLLATE utf8_bin DEFAULT NULL COMMENT '所属应备资料分类（D_CHECKLIST_CLASS）',
  PRIMARY KEY (`CODE`)
) ENGINE=InnoDB DEFAULT CHARSET=utf8 COLLATE=utf8_bin COMMENT='应备资料代码表';
/*!40101 SET character_set_client = @saved_cs_client */;

--
-- Dumping data for table `d_checklist`
--

LOCK TABLES `d_checklist` WRITE;
/*!40000 ALTER TABLE `d_checklist` DISABLE KEYS */;
INSERT INTO `d_checklist` VALUES ('1','理赔申请书','','LPSQS',''),('10','意外事故证明:若是交通事故须提供交通管理部门出具的交通事故责任认定书；若是工伤事故须提供相关单位的工伤证明等。','','YWSGZM:RSJ',''),('11','死亡证明书、户口注销证明、殡葬证明','','SWZMSHKZXZ',''),('12','受益人身份证明、受益人与被保险人关系证明','','SYRSFZMSYR',''),('13','受益人（监护人）银行账户复印件','','SYRJHRYXZH',''),('14','社保或者其他保险公司已理赔保险分割单证。','','SBHZQTBXGS',''),('2','保险单/电子保单','','BXD/DZBD',''),('3','被保险人身份证明','','BBXRSFZM',''),('4','诊断证明（如住院为出院小结）:医疗机构出具，加盖印章','','ZDZMRZYWCY',''),('5','住院费用原始发票及费用明细清单（津贴型住院医疗不需此项）','','ZYFYYSFPJF',''),('6','门/急诊病历/手册','','M/JZBL/SC',''),('7','门诊发票及费用清单或处方','','MZFPJFYQDH',''),('8','病理及其他各项检查报告','','BLJQTGXJCB',''),('9','伤残鉴定书','','SCJDS','');
/*!40000 ALTER TABLE `d_checklist` ENABLE KEYS */;
UNLOCK TABLES;

--
-- Table structure for table `d_checklist_class`
--

DROP TABLE IF EXISTS `d_checklist_class`;
/*!40101 SET @saved_cs_client     = @@character_set_client */;
/*!40101 SET character_set_client = utf8 */;
CREATE TABLE `d_checklist_class` (
  `CODE` varchar(10) COLLATE utf8_bin NOT NULL,
  `NAME` varchar(200) COLLATE utf8_bin DEFAULT NULL,
  `ENUM_NAME` varchar(30) COLLATE utf8_bin DEFAULT NULL,
  `PINYIN` varchar(10) COLLATE utf8_bin DEFAULT NULL,
  `PARENT_CODE` varchar(124) COLLATE utf8_bin DEFAULT NULL,
  PRIMARY KEY (`CODE`)
) ENGINE=InnoDB DEFAULT CHARSET=utf8 COLLATE=utf8_bin;
/*!40101 SET character_set_client = @saved_cs_client */;

--
-- Dumping data for table `d_checklist_class`
--

LOCK TABLES `d_checklist_class` WRITE;
/*!40000 ALTER TABLE `d_checklist_class` DISABLE KEYS */;
INSERT INTO `d_checklist_class` VALUES ('1','系统打印类','','XTDYL',''),('2','索赔申请书','','SPSQS',''),('3','理赔事故证明类','','LPSGZML',''),('4','理赔医疗费收据类','','LPYLFSJL','');
/*!40000 ALTER TABLE `d_checklist_class` ENABLE KEYS */;
UNLOCK TABLES;

--
-- Table structure for table `d_checklist_item_status`
--

DROP TABLE IF EXISTS `d_checklist_item_status`;
/*!40101 SET @saved_cs_client     = @@character_set_client */;
/*!40101 SET character_set_client = utf8 */;
CREATE TABLE `d_checklist_item_status` (
  `CODE` varchar(10) COLLATE utf8_bin DEFAULT NULL,
  `NAME` varchar(200) COLLATE utf8_bin DEFAULT NULL,
  `ENUM_NAME` varchar(30) COLLATE utf8_bin DEFAULT NULL,
  `PINYIN` varchar(10) COLLATE utf8_bin DEFAULT NULL,
  `PARENT_CODE` varchar(10) COLLATE utf8_bin DEFAULT NULL
) ENGINE=InnoDB DEFAULT CHARSET=utf8 COLLATE=utf8_bin COMMENT='应备资料项的接受状态代码';
/*!40101 SET character_set_client = @saved_cs_client */;

--
-- Dumping data for table `d_checklist_item_status`
--

LOCK TABLES `d_checklist_item_status` WRITE;
/*!40000 ALTER TABLE `d_checklist_item_status` DISABLE KEYS */;
INSERT INTO `d_checklist_item_status` VALUES ('1','已收到','','YSD',''),('2','未收到','','WSD',''),('3','材料不完整','','CLBWZ','');
/*!40000 ALTER TABLE `d_checklist_item_status` ENABLE KEYS */;
UNLOCK TABLES;

--
-- Table structure for table `d_checklist_status`
--

DROP TABLE IF EXISTS `d_checklist_status`;
/*!40101 SET @saved_cs_client     = @@character_set_client */;
/*!40101 SET character_set_client = utf8 */;
CREATE TABLE `d_checklist_status` (
  `CODE` varchar(10) COLLATE utf8_bin DEFAULT NULL,
  `NAME` varchar(200) COLLATE utf8_bin DEFAULT NULL,
  `ENUM_NAME` varchar(30) COLLATE utf8_bin DEFAULT NULL,
  `PINYIN` varchar(10) COLLATE utf8_bin DEFAULT NULL,
  `PARENT_CODE` varchar(10) COLLATE utf8_bin DEFAULT NULL
) ENGINE=InnoDB DEFAULT CHARSET=utf8 COLLATE=utf8_bin COMMENT='应备资料审核状态代码';
/*!40101 SET character_set_client = @saved_cs_client */;

--
-- Dumping data for table `d_checklist_status`
--

LOCK TABLES `d_checklist_status` WRITE;
/*!40000 ALTER TABLE `d_checklist_status` DISABLE KEYS */;
INSERT INTO `d_checklist_status` VALUES ('1','审核通过','','SHTG',''),('2','审核不通过','','SHBTG','');
/*!40000 ALTER TABLE `d_checklist_status` ENABLE KEYS */;
UNLOCK TABLES;

--
-- Table structure for table `d_city`
--

DROP TABLE IF EXISTS `d_city`;
/*!40101 SET @saved_cs_client     = @@character_set_client */;
/*!40101 SET character_set_client = utf8 */;
CREATE TABLE `d_city` (
  `CODE` varchar(30) COLLATE utf8_bin NOT NULL,
  `NAME` varchar(600) COLLATE utf8_bin DEFAULT NULL,
  `ENUM_NAME` varchar(30) COLLATE utf8_bin DEFAULT NULL,
  `PINYIN` varchar(30) COLLATE utf8_bin DEFAULT NULL,
  `PARENT_CODE` varchar(30) COLLATE utf8_bin DEFAULT NULL,
  PRIMARY KEY (`CODE`)
) ENGINE=InnoDB DEFAULT CHARSET=utf8 COLLATE=utf8_bin;
/*!40101 SET character_set_client = @saved_cs_client */;

--
-- Dumping data for table `d_city`
--

LOCK TABLES `d_city` WRITE;
/*!40000 ALTER TABLE `d_city` DISABLE KEYS */;
INSERT INTO `d_city` VALUES ('110100','北京市',NULL,'BJS','110000'),('120100','天津市',NULL,'TJS','120000'),('130100','石家庄市',NULL,'SJZS','130000'),('130200','唐山市',NULL,'TSS','130000'),('130300','秦皇岛市',NULL,'QHDS','130000'),('130400','邯郸市',NULL,'HDS','130000'),('130500','邢台市',NULL,'XTS','130000'),('130600','保定市',NULL,'BDS','130000'),('130700','张家口市',NULL,'ZJKS','130000'),('130800','承德市',NULL,'CDS','130000'),('130900','沧州市',NULL,'CZS','130000'),('131000','廊坊市',NULL,'LFS','130000'),('131100','衡水市',NULL,'HSS','130000'),('140100','太原市',NULL,'TYS','140000'),('140200','大同市',NULL,'DTS','140000'),('140300','阳泉市',NULL,'YQS','140000'),('140400','长治市',NULL,'CZS','140000'),('140500','晋城市',NULL,'JCS','140000'),('140600','朔州市',NULL,'SZS','140000'),('140700','晋中市',NULL,'JZS','140000'),('140800','运城市',NULL,'YCS','140000'),('140900','忻州市',NULL,'XZS','140000'),('141000','临汾市',NULL,'LFS','140000'),('141100','吕梁市',NULL,'LLS','140000'),('150100','呼和浩特市',NULL,'HHHTS','150000'),('150200','包头市',NULL,'BTS','150000'),('150300','乌海市',NULL,'WHS','150000'),('150421','阿鲁科尔沁旗',NULL,'ALKEQQ','150000'),('150500','通辽市',NULL,'TLS','150000'),('150600','鄂尔多斯市',NULL,'EEDSS','150000'),('150700','呼伦贝尔市',NULL,'HLBES','150000'),('150800','巴彦淖尔市',NULL,'BYNES','150000'),('150900','乌兰察布市',NULL,'WLCBS','150000'),('152200','兴安盟',NULL,'XAM','150000'),('152500','锡林郭勒盟',NULL,'XLGLM','150000'),('152900','阿拉善盟',NULL,'ALSM','150000'),('210100','沈阳市',NULL,'SYS','210000'),('210200','大连市',NULL,'DLS','210000'),('210300','鞍山市',NULL,'ASS','210000'),('210400','抚顺市',NULL,'FSS','210000'),('210500','本溪市',NULL,'BXS','210000'),('210600','丹东市',NULL,'DDS','210000'),('210700','锦州市',NULL,'JZS','210000'),('210800','营口市',NULL,'YKS','210000'),('210900','阜新市',NULL,'FXS','210000'),('211000','辽阳市',NULL,'LYS','210000'),('211100','盘锦市',NULL,'PJS','210000'),('211200','铁岭市',NULL,'TLS','210000'),('211300','朝阳市',NULL,'CYS','210000'),('211400','葫芦岛市',NULL,'HLDS','210000'),('220100','长春市',NULL,'CCS','220000'),('220200','吉林市',NULL,'JLS','220000'),('220300','四平市',NULL,'SPS','220000'),('220400','辽源市',NULL,'LYS','220000'),('220500','通化市',NULL,'THS','220000'),('220600','白山市',NULL,'BSS','220000'),('220700','松原市',NULL,'SYS','220000'),('220800','白城市',NULL,'BCS','220000'),('222400','延边朝鲜族自治州',NULL,'YBCXZZZZ','220000'),('230100','哈尔滨市',NULL,'HEBS','230000'),('230200','齐齐哈尔市',NULL,'QQHES','230000'),('230300','鸡西市',NULL,'JXS','230000'),('230400','鹤岗市',NULL,'HGS','230000'),('230500','双鸭山市',NULL,'SYSS','230000'),('230600','大庆市',NULL,'DQS','230000'),('230700','伊春市',NULL,'YCS','230000'),('230800','佳木斯市',NULL,'JMSS','230000'),('230900','七台河市',NULL,'QTHS','230000'),('231000','牡丹江市',NULL,'MDJS','230000'),('231100','黑河市',NULL,'HHS','230000'),('231200','绥化市',NULL,'SHS','230000'),('232700','大兴安岭地区',NULL,'DXALDQ','230000'),('310100','上海市',NULL,'SHS','310000'),('320100','南京市',NULL,'NJS','320000'),('320200','无锡市',NULL,'WXS','320000'),('320300','徐州市',NULL,'XZS','320000'),('320400','常州市',NULL,'CZS','320000'),('320500','苏州市',NULL,'SZS','320000'),('320600','南通市',NULL,'NTS','320000'),('320700','连云港市',NULL,'LYGS','320000'),('320800','淮安市',NULL,'HAS','320000'),('320900','盐城市',NULL,'YCS','320000'),('321000','扬州市',NULL,'YZS','320000'),('321100','镇江市',NULL,'ZJS','320000'),('321200','泰州市',NULL,'TZS','320000'),('321300','宿迁市',NULL,'SQS','320000'),('330100','杭州市',NULL,'HZS','330000'),('330200','宁波市',NULL,'NBS','330000'),('330300','温州市',NULL,'WZS','330000'),('330400','嘉兴市',NULL,'JXS','330000'),('330500','湖州市',NULL,'HZS','330000'),('330600','绍兴市',NULL,'SXS','330000'),('330700','金华市',NULL,'JHS','330000'),('330800','衢州市',NULL,'ZZS','330000'),('330900','舟山市',NULL,'ZSS','330000'),('331000','台州市',NULL,'TZS','330000'),('331100','丽水市',NULL,'LSS','330000'),('340100','合肥市',NULL,'HFS','340000'),('340200','芜湖市',NULL,'WHS','340000'),('340300','蚌埠市',NULL,'BBS','340000'),('340400','淮南市',NULL,'HNS','340000'),('340500','马鞍山市',NULL,'MASS','340000'),('340600','淮北市',NULL,'HBS','340000'),('340700','铜陵市',NULL,'TLS','340000'),('340800','安庆市',NULL,'AQS','340000'),('341000','黄山市',NULL,'HSS','340000'),('341100','滁州市',NULL,'CZS','340000'),('341200','阜阳市',NULL,'FYS','340000'),('341300','宿州市',NULL,'SZS','340000'),('341500','六安市',NULL,'LAS','340000'),('341600','亳州市',NULL,'ZZS','340000'),('341700','池州市',NULL,'CZS','340000'),('341800','宣城市',NULL,'XCS','340000'),('350100','福州市',NULL,'FZS','350000'),('350200','厦门市',NULL,'XMS','350000'),('350300','莆田市',NULL,'PTS','350000'),('350400','三明市',NULL,'SMS','350000'),('350500','泉州市',NULL,'QZS','350000'),('350600','漳州市',NULL,'ZZS','350000'),('350700','南平市',NULL,'NPS','350000'),('350800','龙岩市',NULL,'LYS','350000'),('350900','宁德市',NULL,'NDS','350000'),('360100','南昌市',NULL,'NCS','360000'),('360200','景德镇市',NULL,'JDZS','360000'),('360300','萍乡市',NULL,'PXS','360000'),('360400','九江市',NULL,'JJS','360000'),('360500','新余市',NULL,'XYS','360000'),('360600','鹰潭市',NULL,'YTS','360000'),('360700','赣州市',NULL,'GZS','360000'),('360800','吉安市',NULL,'JAS','360000'),('360900','宜春市',NULL,'YCS','360000'),('361000','抚州市',NULL,'FZS','360000'),('361100','上饶市',NULL,'SRS','360000'),('370100','济南市',NULL,'JNS','370000'),('370200','青岛市',NULL,'QDS','370000'),('370300','淄博市',NULL,'ZBS','370000'),('370400','枣庄市',NULL,'ZZS','370000'),('370500','东营市',NULL,'DYS','370000'),('370600','烟台市',NULL,'YTS','370000'),('370700','潍坊市',NULL,'WFS','370000'),('370800','济宁市',NULL,'JNS','370000'),('370900','泰安市',NULL,'TAS','370000'),('371000','威海市',NULL,'WHS','370000'),('371100','日照市',NULL,'RZS','370000'),('371200','莱芜市',NULL,'LWS','370000'),('371300','临沂市',NULL,'LYS','370000'),('371400','德州市',NULL,'DZS','370000'),('371500','聊城市',NULL,'LCS','370000'),('371600','滨州市',NULL,'BZS','370000'),('371700','菏泽市',NULL,'HZS','370000'),('410100','郑州市',NULL,'ZZS','410000'),('410200','开封市',NULL,'KFS','410000'),('410300','洛阳市',NULL,'LYS','410000'),('410400','平顶山市',NULL,'PDSS','410000'),('410500','安阳市',NULL,'AYS','410000'),('410600','鹤壁市',NULL,'HBS','410000'),('410700','新乡市',NULL,'XXS','410000'),('410800','焦作市',NULL,'JZS','410000'),('410900','濮阳市',NULL,'ZYS','410000'),('411000','许昌市',NULL,'XCS','410000'),('411100','漯河市',NULL,'ZHS','410000'),('411200','三门峡市',NULL,'SMXS','410000'),('411300','南阳市',NULL,'NYS','410000'),('411400','商丘市',NULL,'SQS','410000'),('411500','信阳市',NULL,'XYS','410000'),('411600','周口市',NULL,'ZKS','410000'),('411700','驻马店市',NULL,'ZMDS','410000'),('419001','济源市',NULL,'JYS','410000'),('420100','武汉市',NULL,'WHS','420000'),('420200','黄石市',NULL,'HSS','420000'),('420300','十堰市',NULL,'SYS','420000'),('420500','宜昌市',NULL,'YCS','420000'),('420600','襄阳市',NULL,'XYS','420000'),('420700','鄂州市',NULL,'EZS','420000'),('420800','荆门市',NULL,'JMS','420000'),('420900','孝感市',NULL,'XGS','420000'),('421000','荆州市',NULL,'JZS','420000'),('421100','黄冈市',NULL,'HGS','420000'),('421200','咸宁市',NULL,'XNS','420000'),('421300','随州市',NULL,'SZS','420000'),('422800','恩施土家族苗族自治州',NULL,'ESTJZMZZZZ','420000'),('429004','仙桃市',NULL,'XTS','420000'),('430100','长沙市',NULL,'CSS','430000'),('430200','株洲市',NULL,'ZZS','430000'),('430300','湘潭市',NULL,'XTS','430000'),('430400','衡阳市',NULL,'HYS','430000'),('430500','邵阳市',NULL,'SYS','430000'),('430600','岳阳市',NULL,'YYS','430000'),('430700','常德市',NULL,'CDS','430000'),('430800','张家界市',NULL,'ZJJS','430000'),('430900','益阳市',NULL,'YYS','430000'),('431000','郴州市',NULL,'CZS','430000'),('431100','永州市',NULL,'YZS','430000'),('431200','怀化市',NULL,'HHS','430000'),('431300','娄底市',NULL,'LDS','430000'),('433100','湘西土家族苗族自治州',NULL,'XXTJZMZZZZ','430000'),('440100','广州市',NULL,'GZS','440000'),('440200','韶关市',NULL,'SGS','440000'),('440300','深圳市',NULL,'SZS','440000'),('440400','珠海市',NULL,'ZHS','440000'),('440500','汕头市',NULL,'STS','440000'),('440600','佛山市',NULL,'FSS','440000'),('440700','江门市',NULL,'JMS','440000'),('440800','湛江市',NULL,'ZJS','440000'),('440900','茂名市',NULL,'MMS','440000'),('441200','肇庆市',NULL,'ZQS','440000'),('441300','惠州市',NULL,'HZS','440000'),('441400','梅州市',NULL,'MZS','440000'),('441500','汕尾市',NULL,'SWS','440000'),('441600','河源市',NULL,'HYS','440000'),('441700','阳江市',NULL,'YJS','440000'),('441800','清远市',NULL,'QYS','440000'),('441900','东莞市',NULL,'DZS','440000'),('442000','中山市',NULL,'ZSS','440000'),('445100','潮州市',NULL,'CZS','440000'),('445200','揭阳市',NULL,'JYS','440000'),('445300','云浮市',NULL,'YFS','440000'),('450100','南宁市',NULL,'NNS','450000'),('450200','柳州市',NULL,'LZS','450000'),('450300','桂林市',NULL,'GLS','450000'),('450400','梧州市',NULL,'WZS','450000'),('450500','北海市',NULL,'BHS','450000'),('450600','防城港市',NULL,'FCGS','450000'),('450700','钦州市',NULL,'QZS','450000'),('450800','贵港市',NULL,'GGS','450000'),('450900','玉林市',NULL,'YLS','450000'),('451000','百色市',NULL,'BSS','450000'),('451100','贺州市',NULL,'HZS','450000'),('451200','河池市',NULL,'HCS','450000'),('451300','来宾市',NULL,'LBS','450000'),('451400','崇左市',NULL,'CZS','450000'),('460100','海口市',NULL,'HKS','460000'),('460200','三亚市',NULL,'SYS','460000'),('460300','三沙市',NULL,'SSS','460000'),('460400','儋州市',NULL,'ZZS','460000'),('500100','重庆市',NULL,'ZQS','500000'),('510100','成都市',NULL,'CDS','510000'),('510300','自贡市',NULL,'ZGS','510000'),('510400','攀枝花市',NULL,'PZHS','510000'),('510500','泸州市',NULL,'ZZS','510000'),('510600','德阳市',NULL,'DYS','510000'),('510700','绵阳市',NULL,'MYS','510000'),('510800','广元市',NULL,'GYS','510000'),('510900','遂宁市',NULL,'SNS','510000'),('511000','内江市',NULL,'NJS','510000'),('511100','乐山市',NULL,'LSS','510000'),('511300','南充市',NULL,'NCS','510000'),('511400','眉山市',NULL,'MSS','510000'),('511500','宜宾市',NULL,'YBS','510000'),('511600','广安市',NULL,'GAS','510000'),('511700','达州市',NULL,'DZS','510000'),('511800','雅安市',NULL,'YAS','510000'),('511900','巴中市',NULL,'BZS','510000'),('512000','资阳市',NULL,'ZYS','510000'),('513200','阿坝藏族羌族自治州',NULL,'ABCZQZZZZ','510000'),('513300','甘孜藏族自治州',NULL,'GZCZZZZ','510000'),('513400','凉山彝族自治州',NULL,'LSYZZZZ','510000'),('520100','贵阳市',NULL,'GYS','520000'),('520200','六盘水市',NULL,'LPSS','520000'),('520300','遵义市',NULL,'ZYS','520000'),('520400','安顺市',NULL,'ASS','520000'),('520500','毕节市',NULL,'BJS','520000'),('520600','铜仁市',NULL,'TRS','520000'),('522600','黔东南苗族侗族自治州',NULL,'QDNMZDZZZZ','520000'),('522700','黔南布依族苗族自治州',NULL,'QNBYZMZZZZ','520000'),('530100','昆明市',NULL,'KMS','530000'),('530300','曲靖市',NULL,'QJS','530000'),('530400','玉溪市',NULL,'YXS','530000'),('530500','保山市',NULL,'BSS','530000'),('530600','昭通市',NULL,'ZTS','530000'),('530700','丽江市',NULL,'LJS','530000'),('530800','普洱市',NULL,'PES','530000'),('530900','临沧市',NULL,'LCS','530000'),('532300','楚雄彝族自治州',NULL,'CXYZZZZ','530000'),('532500','红河哈尼族彝族自治州',NULL,'HHHNZYZZZZ','530000'),('532600','文山壮族苗族自治州',NULL,'WSZZMZZZZ','530000'),('532800','西双版纳傣族自治州',NULL,'XSBNDZZZZ','530000'),('532900','大理白族自治州',NULL,'DLBZZZZ','530000'),('533100','德宏傣族景颇族自治州',NULL,'DHDZJPZZZZ','530000'),('533300','怒江傈僳族自治州',NULL,'NJLSZZZZ','530000'),('533400','迪庆藏族自治州',NULL,'DQCZZZZ','530000'),('540100','拉萨市',NULL,'LSS','540000'),('540200','日喀则市',NULL,'RKZS','540000'),('540300','昌都市',NULL,'CDS','540000'),('540400','林芝地区',NULL,'LZDQ','540000'),('542200','山南地区',NULL,'SNDQ','540000'),('542400','那曲地区',NULL,'NQDQ','540000'),('542500','阿里地区',NULL,'ALDQ','540000'),('610100','西安市',NULL,'XAS','610000'),('610200','铜川市',NULL,'TCS','610000'),('610300','宝鸡市',NULL,'BJS','610000'),('610400','咸阳市',NULL,'XYS','610000'),('610500','渭南市',NULL,'WNS','610000'),('610600','延安市',NULL,'YAS','610000'),('610700','汉中市',NULL,'HZS','610000'),('610800','榆林市',NULL,'YLS','610000'),('610900','安康市',NULL,'AKS','610000'),('611000','商洛市',NULL,'SLS','610000'),('620100','兰州市',NULL,'LZS','620000'),('620200','嘉峪关市',NULL,'JYGS','620000'),('620300','金昌市',NULL,'JCS','620000'),('620400','白银市',NULL,'BYS','620000'),('620500','天水市',NULL,'TSS','620000'),('620600','武威市',NULL,'WWS','620000'),('620700','张掖市',NULL,'ZYS','620000'),('620800','平凉市',NULL,'PLS','620000'),('620900','酒泉市',NULL,'JQS','620000'),('621000','庆阳市',NULL,'QYS','620000'),('621100','定西市',NULL,'DXS','620000'),('621200','陇南市',NULL,'LNS','620000'),('622900','临夏回族自治州',NULL,'LXHZZZZ','620000'),('623000','甘南藏族自治州',NULL,'GNCZZZZ','620000'),('630100','西宁市',NULL,'XNS','630000'),('630200','海东市',NULL,'HDS','630000'),('632200','海北藏族自治州',NULL,'HBCZZZZ','630000'),('632300','黄南藏族自治州',NULL,'HNCZZZZ','630000'),('632500','海南藏族自治州',NULL,'HNCZZZZ','630000'),('632600','果洛藏族自治州',NULL,'GLCZZZZ','630000'),('632700','玉树藏族自治州',NULL,'YSCZZZZ','630000'),('632800','海西蒙古族藏族自治州',NULL,'HXMGZCZZZZ','630000'),('640100','银川市',NULL,'YCS','640000'),('640200','石嘴山市',NULL,'SZSS','640000'),('640300','吴忠市',NULL,'WZS','640000'),('640400','固原市',NULL,'GYS','640000'),('640500','中卫市',NULL,'ZWS','640000'),('650100','乌鲁木齐市',NULL,'WLMQS','650000'),('650200','克拉玛依市',NULL,'KLMYS','650000'),('650400','吐鲁番市',NULL,'TLFS','650000'),('652200','哈密地区',NULL,'HMDQ','650000'),('652300','昌吉回族自治州',NULL,'CJHZZZZ','650000'),('652700','博尔塔拉蒙古自治州',NULL,'BETLMGZZZ','650000'),('652800','巴音郭楞蒙古自治州',NULL,'BYGLMGZZZ','650000'),('652900','阿克苏地区',NULL,'AKSDQ','650000'),('653100','喀什地区',NULL,'KSDQ','650000'),('653200','和田地区',NULL,'HTDQ','650000'),('654000','伊犁哈萨克自治州',NULL,'YLHSKZZZ','650000'),('654200','塔城地区',NULL,'TCDQ','650000'),('654300','阿勒泰地区',NULL,'ALTDQ','650000'),('711000','台湾省',NULL,'TWS','710000'),('811000','香港特别行政区',NULL,'XGTBXZQ','810000'),('821000','澳门特别行政区',NULL,'AMTBXZQ','820000'),('999999','境外',NULL,'JW','999999');
/*!40000 ALTER TABLE `d_city` ENABLE KEYS */;
UNLOCK TABLES;

--
-- Table structure for table `d_claim_adjust_type`
--

DROP TABLE IF EXISTS `d_claim_adjust_type`;
/*!40101 SET @saved_cs_client     = @@character_set_client */;
/*!40101 SET character_set_client = utf8 */;
CREATE TABLE `d_claim_adjust_type` (
  `CODE` varchar(10) COLLATE utf8_bin NOT NULL DEFAULT '',
  `NAME` varchar(200) COLLATE utf8_bin DEFAULT NULL,
  `ENUM_NAME` varchar(30) COLLATE utf8_bin DEFAULT NULL,
  `PINYIN` varchar(10) COLLATE utf8_bin DEFAULT NULL,
  `PARENT_CODE` varchar(10) COLLATE utf8_bin DEFAULT NULL,
  PRIMARY KEY (`CODE`)
) ENGINE=InnoDB DEFAULT CHARSET=utf8 COLLATE=utf8_bin COMMENT='调整类型代码';
/*!40101 SET character_set_client = @saved_cs_client */;

--
-- Dumping data for table `d_claim_adjust_type`
--

LOCK TABLES `d_claim_adjust_type` WRITE;
/*!40000 ALTER TABLE `d_claim_adjust_type` DISABLE KEYS */;
INSERT INTO `d_claim_adjust_type` VALUES ('01','退还续期保费','','THXQBF',''),('02','退还剩余保费','','THSYBF',''),('03','退还现金价值','','THXJJZ',''),('04','累计年度红利','','LJNDHL',''),('05','终了红利','','ZLHL',''),('06','附加险退保','','FJXTB',''),('07','扣除自垫本金','','KCZDBJ',''),('08','扣除自垫利息','','KCZDLX',''),('09','扣除保单质押贷款本金','','KCBDZYDKBJ',''),('10','扣除保单质押贷款利息','','KCBDZYDKLX',''),('11','扣除理赔事故发生后超额给付年金','','KCLPSGFSHC',''),('12','延迟报案导致查勘费扣除','','YCBADZCKFK',''),('13','理赔责任金','','LPZRJ',''),('99','其他','','QT','');
/*!40000 ALTER TABLE `d_claim_adjust_type` ENABLE KEYS */;
UNLOCK TABLES;

--
-- Table structure for table `d_claim_biz_obj`
--

DROP TABLE IF EXISTS `d_claim_biz_obj`;
/*!40101 SET @saved_cs_client     = @@character_set_client */;
/*!40101 SET character_set_client = utf8 */;
CREATE TABLE `d_claim_biz_obj` (
  `CODE` varchar(10) COLLATE utf8_bin DEFAULT NULL,
  `NAME` varchar(200) COLLATE utf8_bin DEFAULT NULL,
  `ENUM_NAME` varchar(30) COLLATE utf8_bin DEFAULT NULL,
  `PINYIN` varchar(10) COLLATE utf8_bin DEFAULT NULL,
  `PARENT_CODE` varchar(10) COLLATE utf8_bin DEFAULT NULL
) ENGINE=InnoDB DEFAULT CHARSET=utf8 COLLATE=utf8_bin COMMENT='理赔业务对象代码表';
/*!40101 SET character_set_client = @saved_cs_client */;

--
-- Dumping data for table `d_claim_biz_obj`
--

LOCK TABLES `d_claim_biz_obj` WRITE;
/*!40000 ALTER TABLE `d_claim_biz_obj` DISABLE KEYS */;
/*!40000 ALTER TABLE `d_claim_biz_obj` ENABLE KEYS */;
UNLOCK TABLES;

--
-- Table structure for table `d_claim_field`
--

DROP TABLE IF EXISTS `d_claim_field`;
/*!40101 SET @saved_cs_client     = @@character_set_client */;
/*!40101 SET character_set_client = utf8 */;
CREATE TABLE `d_claim_field` (
  `CODE` varchar(10) COLLATE utf8_bin DEFAULT NULL,
  `NAME` varchar(200) COLLATE utf8_bin DEFAULT NULL,
  `ENUM_NAME` varchar(30) COLLATE utf8_bin DEFAULT NULL,
  `PINYIN` varchar(10) COLLATE utf8_bin DEFAULT NULL,
  `PARENT_CODE` varchar(10) COLLATE utf8_bin DEFAULT NULL
) ENGINE=InnoDB DEFAULT CHARSET=utf8 COLLATE=utf8_bin COMMENT='理赔输入字段代码表';
/*!40101 SET character_set_client = @saved_cs_client */;

--
-- Dumping data for table `d_claim_field`
--

LOCK TABLES `d_claim_field` WRITE;
/*!40000 ALTER TABLE `d_claim_field` DISABLE KEYS */;
/*!40000 ALTER TABLE `d_claim_field` ENABLE KEYS */;
UNLOCK TABLES;

--
-- Table structure for table `d_claim_liab_decision`
--

DROP TABLE IF EXISTS `d_claim_liab_decision`;
/*!40101 SET @saved_cs_client     = @@character_set_client */;
/*!40101 SET character_set_client = utf8 */;
CREATE TABLE `d_claim_liab_decision` (
  `CODE` varchar(10) COLLATE utf8_bin DEFAULT NULL,
  `NAME` varchar(200) COLLATE utf8_bin DEFAULT NULL,
  `ENUM_NAME` varchar(30) COLLATE utf8_bin DEFAULT NULL,
  `PINYIN` varchar(10) COLLATE utf8_bin DEFAULT NULL,
  `PARENT_CODE` varchar(10) COLLATE utf8_bin DEFAULT NULL
) ENGINE=InnoDB DEFAULT CHARSET=utf8 COLLATE=utf8_bin COMMENT='理赔保项给付结论代码';
/*!40101 SET character_set_client = @saved_cs_client */;

--
-- Dumping data for table `d_claim_liab_decision`
--

LOCK TABLES `d_claim_liab_decision` WRITE;
/*!40000 ALTER TABLE `d_claim_liab_decision` DISABLE KEYS */;
INSERT INTO `d_claim_liab_decision` VALUES ('1','全部给付','','QBGF',''),('2','部分给付','','BFGF',''),('3','通融给付','','TRGF',''),('4','协议给付','','XYGF','');
/*!40000 ALTER TABLE `d_claim_liab_decision` ENABLE KEYS */;
UNLOCK TABLES;

--
-- Table structure for table `d_claim_nature`
--

DROP TABLE IF EXISTS `d_claim_nature`;
/*!40101 SET @saved_cs_client     = @@character_set_client */;
/*!40101 SET character_set_client = utf8 */;
CREATE TABLE `d_claim_nature` (
  `CODE` varchar(10) COLLATE utf8_bin DEFAULT NULL,
  `NAME` varchar(200) COLLATE utf8_bin DEFAULT NULL,
  `ENUM_NAME` varchar(30) COLLATE utf8_bin DEFAULT NULL,
  `PINYIN` varchar(10) COLLATE utf8_bin DEFAULT NULL,
  `PARENT_CODE` varchar(10) COLLATE utf8_bin DEFAULT NULL
) ENGINE=InnoDB DEFAULT CHARSET=utf8 COLLATE=utf8_bin COMMENT='理赔出险原因代码表';
/*!40101 SET character_set_client = @saved_cs_client */;

--
-- Dumping data for table `d_claim_nature`
--

LOCK TABLES `d_claim_nature` WRITE;
/*!40000 ALTER TABLE `d_claim_nature` DISABLE KEYS */;
INSERT INTO `d_claim_nature` VALUES ('1','疾病','NATURE_DISEASE','JB',''),('2','意外','NATURE_ACCIDENT','YW',''),('3','工伤','NATURE_INDUSTRIAL_INJURY','GS','');
/*!40000 ALTER TABLE `d_claim_nature` ENABLE KEYS */;
UNLOCK TABLES;

--
-- Table structure for table `d_claim_sub_type`
--

DROP TABLE IF EXISTS `d_claim_sub_type`;
/*!40101 SET @saved_cs_client     = @@character_set_client */;
/*!40101 SET character_set_client = utf8 */;
CREATE TABLE `d_claim_sub_type` (
  `CODE` varchar(10) NOT NULL,
  `NAME` varchar(200) DEFAULT NULL,
  `ENUM_NAME` varchar(30) DEFAULT NULL,
  `PINYIN` varchar(10) DEFAULT NULL,
  `PARENT_CODE` varchar(10) DEFAULT NULL,
  PRIMARY KEY (`CODE`)
) ENGINE=InnoDB DEFAULT CHARSET=utf8mb4 COMMENT='理赔赔付子类型代码表';
/*!40101 SET character_set_client = @saved_cs_client */;

--
-- Dumping data for table `d_claim_sub_type`
--

LOCK TABLES `d_claim_sub_type` WRITE;
/*!40000 ALTER TABLE `d_claim_sub_type` DISABLE KEYS */;
INSERT INTO `d_claim_sub_type` VALUES ('01','医疗-门/急诊','','YL-M/JZ','04'),('02','医疗-住院','','YL-ZY','04');
/*!40000 ALTER TABLE `d_claim_sub_type` ENABLE KEYS */;
UNLOCK TABLES;

--
-- Table structure for table `d_claim_type`
--

DROP TABLE IF EXISTS `d_claim_type`;
/*!40101 SET @saved_cs_client     = @@character_set_client */;
/*!40101 SET character_set_client = utf8 */;
CREATE TABLE `d_claim_type` (
  `CODE` varchar(10) COLLATE utf8_bin DEFAULT NULL,
  `NAME` varchar(200) COLLATE utf8_bin DEFAULT NULL,
  `ENUM_NAME` varchar(30) COLLATE utf8_bin DEFAULT NULL,
  `PINYIN` varchar(10) COLLATE utf8_bin DEFAULT NULL,
  `PARENT_CODE` varchar(10) COLLATE utf8_bin DEFAULT NULL
) ENGINE=InnoDB DEFAULT CHARSET=utf8 COLLATE=utf8_bin COMMENT='理赔赔付类型代码表';
/*!40101 SET character_set_client = @saved_cs_client */;

--
-- Dumping data for table `d_claim_type`
--

LOCK TABLES `d_claim_type` WRITE;
/*!40000 ALTER TABLE `d_claim_type` DISABLE KEYS */;
INSERT INTO `d_claim_type` VALUES ('01','身故','TYPE_DEATH','SG',''),('02','伤残','TYPE_DEFORMITY','SC',''),('03','重疾','TYPE_CRITICAL_DISEASE','ZJ',''),('04','医疗','TYPE_MEDICAL','YL','');
/*!40000 ALTER TABLE `d_claim_type` ENABLE KEYS */;
UNLOCK TABLES;

--
-- Table structure for table `d_cms_send_type`
--

DROP TABLE IF EXISTS `d_cms_send_type`;
/*!40101 SET @saved_cs_client     = @@character_set_client */;
/*!40101 SET character_set_client = utf8 */;
CREATE TABLE `d_cms_send_type` (
  `CODE` varchar(10) NOT NULL,
  `NAME` varchar(200) DEFAULT NULL,
  `ENUM_NAME` varchar(30) DEFAULT NULL,
  `PINYIN` varchar(10) DEFAULT NULL,
  `PARENT_CODE` varchar(10) DEFAULT NULL,
  PRIMARY KEY (`CODE`)
) ENGINE=InnoDB DEFAULT CHARSET=utf8mb4 COMMENT='内容发送类型代码表';
/*!40101 SET character_set_client = @saved_cs_client */;

--
-- Dumping data for table `d_cms_send_type`
--

LOCK TABLES `d_cms_send_type` WRITE;
/*!40000 ALTER TABLE `d_cms_send_type` DISABLE KEYS */;
INSERT INTO `d_cms_send_type` VALUES ('0','即时','','JS',''),('1','定时','','DS','');
/*!40000 ALTER TABLE `d_cms_send_type` ENABLE KEYS */;
UNLOCK TABLES;

--
-- Table structure for table `d_cms_type`
--

DROP TABLE IF EXISTS `d_cms_type`;
/*!40101 SET @saved_cs_client     = @@character_set_client */;
/*!40101 SET character_set_client = utf8 */;
CREATE TABLE `d_cms_type` (
  `CODE` varchar(10) NOT NULL,
  `NAME` varchar(200) DEFAULT NULL,
  `ENUM_NAME` varchar(30) DEFAULT NULL,
  `PINYIN` varchar(10) DEFAULT NULL,
  `PARENT_CODE` varchar(10) DEFAULT NULL,
  PRIMARY KEY (`CODE`)
) ENGINE=InnoDB DEFAULT CHARSET=utf8mb4 COMMENT='内容类型代码表';
/*!40101 SET character_set_client = @saved_cs_client */;

--
-- Dumping data for table `d_cms_type`
--

LOCK TABLES `d_cms_type` WRITE;
/*!40000 ALTER TABLE `d_cms_type` DISABLE KEYS */;
INSERT INTO `d_cms_type` VALUES ('01','短信','TYPE_SMS','DX',''),('02','邮件','TYPE_EMAIL','YJ',''),('03','打印','TYPE_PRINT','DY',''),('04','微信','TYPE_WECHAT','WX',''),('05','QQ','TYPE_QQ','QQ','');
/*!40000 ALTER TABLE `d_cms_type` ENABLE KEYS */;
UNLOCK TABLES;

--
-- Table structure for table `d_common_status`
--

DROP TABLE IF EXISTS `d_common_status`;
/*!40101 SET @saved_cs_client     = @@character_set_client */;
/*!40101 SET character_set_client = utf8 */;
CREATE TABLE `d_common_status` (
  `CODE` varchar(10) COLLATE utf8_bin NOT NULL DEFAULT '',
  `NAME` varchar(200) COLLATE utf8_bin DEFAULT NULL,
  `ENUM_NAME` varchar(30) COLLATE utf8_bin DEFAULT NULL,
  `PINYIN` varchar(30) COLLATE utf8_bin DEFAULT NULL,
  `PARENT_CODE` varchar(10) COLLATE utf8_bin DEFAULT NULL,
  PRIMARY KEY (`CODE`)
) ENGINE=InnoDB DEFAULT CHARSET=utf8 COLLATE=utf8_bin COMMENT='通用状态代码表';
/*!40101 SET character_set_client = @saved_cs_client */;

--
-- Dumping data for table `d_common_status`
--

LOCK TABLES `d_common_status` WRITE;
/*!40000 ALTER TABLE `d_common_status` DISABLE KEYS */;
INSERT INTO `d_common_status` VALUES ('01','待处理','','DCL',''),('02','处理中','','CLZ',''),('03','处理完成','','CLWC',''),('04','处理成功','','CLCG',''),('05','处理失败','','CLSB',''),('06','有效/通过','','YX/TG',''),('07','无效/不通过','','WX/BTG',''),('08','部分成功','','BFCG','');
/*!40000 ALTER TABLE `d_common_status` ENABLE KEYS */;
UNLOCK TABLES;

--
-- Table structure for table `d_cost_item`
--

DROP TABLE IF EXISTS `d_cost_item`;
/*!40101 SET @saved_cs_client     = @@character_set_client */;
/*!40101 SET character_set_client = utf8 */;
CREATE TABLE `d_cost_item` (
  `CODE` varchar(10) COLLATE utf8_bin DEFAULT NULL,
  `NAME` varchar(200) COLLATE utf8_bin DEFAULT NULL,
  `PINYIN` varchar(10) COLLATE utf8_bin DEFAULT NULL,
  `PARENT_CODE` varchar(10) COLLATE utf8_bin DEFAULT NULL
) ENGINE=InnoDB DEFAULT CHARSET=utf8 COLLATE=utf8_bin;
/*!40101 SET character_set_client = @saved_cs_client */;

--
-- Dumping data for table `d_cost_item`
--

LOCK TABLES `d_cost_item` WRITE;
/*!40000 ALTER TABLE `d_cost_item` DISABLE KEYS */;
/*!40000 ALTER TABLE `d_cost_item` ENABLE KEYS */;
UNLOCK TABLES;

--
-- Table structure for table `d_cost_type`
--

DROP TABLE IF EXISTS `d_cost_type`;
/*!40101 SET @saved_cs_client     = @@character_set_client */;
/*!40101 SET character_set_client = utf8 */;
CREATE TABLE `d_cost_type` (
  `CODE` varchar(10) COLLATE utf8_bin DEFAULT NULL,
  `NAME` varchar(200) COLLATE utf8_bin DEFAULT NULL,
  `PINYIN` varchar(10) COLLATE utf8_bin DEFAULT NULL,
  `PARENT_CODE` varchar(10) COLLATE utf8_bin DEFAULT NULL
) ENGINE=InnoDB DEFAULT CHARSET=utf8 COLLATE=utf8_bin;
/*!40101 SET character_set_client = @saved_cs_client */;

--
-- Dumping data for table `d_cost_type`
--

LOCK TABLES `d_cost_type` WRITE;
/*!40000 ALTER TABLE `d_cost_type` DISABLE KEYS */;
/*!40000 ALTER TABLE `d_cost_type` ENABLE KEYS */;
UNLOCK TABLES;

--
-- Table structure for table `d_country`
--

DROP TABLE IF EXISTS `d_country`;
/*!40101 SET @saved_cs_client     = @@character_set_client */;
/*!40101 SET character_set_client = utf8 */;
CREATE TABLE `d_country` (
  `CODE` varchar(10) COLLATE utf8_bin NOT NULL,
  `NAME` varchar(600) COLLATE utf8_bin DEFAULT NULL,
  `ENUM_NAME` varchar(30) COLLATE utf8_bin DEFAULT NULL,
  `PINYIN` varchar(30) COLLATE utf8_bin DEFAULT NULL,
  `PARENT_CODE` varchar(10) COLLATE utf8_bin DEFAULT NULL,
  PRIMARY KEY (`CODE`)
) ENGINE=InnoDB DEFAULT CHARSET=utf8 COLLATE=utf8_bin;
/*!40101 SET character_set_client = @saved_cs_client */;

--
-- Dumping data for table `d_country`
--

LOCK TABLES `d_country` WRITE;
/*!40000 ALTER TABLE `d_country` DISABLE KEYS */;
INSERT INTO `d_country` VALUES ('004','阿富汗',NULL,'AFH',NULL),('008','阿尔巴尼亚',NULL,'AEBNY',NULL),('010','南极洲',NULL,'NJZ',NULL),('012','阿尔及利亚',NULL,'AEJLY',NULL),('016','美属萨摩亚',NULL,'MSSMY',NULL),('020','安道尔',NULL,'ADE',NULL),('024','安哥拉',NULL,'AGL',NULL),('028','安提瓜和巴布达',NULL,'ATGHBBD',NULL),('031','阿塞拜疆',NULL,'ASBJ',NULL),('032','阿根廷',NULL,'AGT',NULL),('036','澳大利亚',NULL,'ADLY',NULL),('040','奥地利',NULL,'ADL',NULL),('044','巴哈马',NULL,'BHM',NULL),('048','巴林',NULL,'BL',NULL),('050','孟加拉国',NULL,'MJLG',NULL),('051','亚美尼亚',NULL,'YMNY',NULL),('052','巴巴多斯',NULL,'BBDS',NULL),('056','比利时',NULL,'BLS',NULL),('060','百慕大',NULL,'BMD',NULL),('064','不丹',NULL,'BD',NULL),('068','玻利维亚',NULL,'BLWY',NULL),('070','波黑',NULL,'BH',NULL),('072','博茨瓦纳',NULL,'BCWN',NULL),('074','布维岛',NULL,'BWD',NULL),('076','巴西',NULL,'BX',NULL),('084','伯利兹',NULL,'BLZ',NULL),('086','英属印度洋领土',NULL,'YSYDYLT',NULL),('090','所罗门群岛',NULL,'SLMQD',NULL),('092','英属维尔京群岛',NULL,'YSWEJQD',NULL),('096','文莱',NULL,'WL',NULL),('100','保加利亚',NULL,'BJLY',NULL),('104','缅甸',NULL,'MD',NULL),('108','布隆迪',NULL,'BLD',NULL),('112','白俄罗斯',NULL,'BELS',NULL),('116','柬埔寨',NULL,'JPZ',NULL),('120','喀麦隆',NULL,'KML',NULL),('124','加拿大',NULL,'JND',NULL),('132','佛得角',NULL,'FDJ',NULL),('136','开曼群岛',NULL,'KMQD',NULL),('140','中非',NULL,'ZF',NULL),('144','斯里兰卡',NULL,'SLLK',NULL),('148','乍得',NULL,'ZD',NULL),('152','智利',NULL,'ZL',NULL),('156','中国',NULL,'ZG',NULL),('158','台湾',NULL,'TW',NULL),('162','圣诞岛',NULL,'SDD',NULL),('166','科科斯(基林)群岛',NULL,'KKS(JL)QD',NULL),('170','哥伦比亚',NULL,'GLBY',NULL),('174','科摩罗',NULL,'KML',NULL),('175','马约特',NULL,'MYT',NULL),('178','刚果（布）',NULL,'GGB',NULL),('180','刚果（金）',NULL,'GGJ',NULL),('184','库克群岛',NULL,'KKQD',NULL),('188','哥斯达黎加',NULL,'GSDLJ',NULL),('191','克罗地亚',NULL,'KLDY',NULL),('192','古巴',NULL,'GB',NULL),('196','塞浦路斯',NULL,'SPLS',NULL),('203','捷克',NULL,'JK',NULL),('204','贝宁',NULL,'BN',NULL),('208','丹麦',NULL,'DM',NULL),('212','多米尼克',NULL,'DMNK',NULL),('214','多米尼加共和国',NULL,'DMNJGHG',NULL),('218','厄瓜多尔',NULL,'EGDE',NULL),('222','萨尔瓦多',NULL,'SEWD',NULL),('226','赤道几内亚',NULL,'CDJNY',NULL),('231','埃塞俄比亚',NULL,'ASEBY',NULL),('232','厄立特里亚',NULL,'ELTLY',NULL),('233','爱沙尼亚',NULL,'ASNY',NULL),('234','法罗群岛',NULL,'FLQD',NULL),('242','斐济',NULL,'ZJ',NULL),('246','芬兰',NULL,'FL',NULL),('250','法国',NULL,'FG',NULL),('254','法属圭亚那',NULL,'FSGYN',NULL),('258','法属波利尼西亚',NULL,'FSBLNXY',NULL),('260','法属南部领土',NULL,'FSNBLT',NULL),('262','吉布提',NULL,'JBT',NULL),('266','加蓬',NULL,'JP',NULL),('268','格鲁吉亚',NULL,'GLJY',NULL),('270','冈比亚Gambia',NULL,'GBYGAMBIA',NULL),('276','德国',NULL,'DG',NULL),('288','加纳',NULL,'JN',NULL),('292','直布罗陀',NULL,'ZBLT',NULL),('296','基里巴斯',NULL,'JLBS',NULL),('300','希腊',NULL,'XL',NULL),('304','格陵兰',NULL,'GLL',NULL),('308','格林纳达',NULL,'GLND',NULL),('312','瓜德罗普',NULL,'GDLP',NULL),('316','关岛',NULL,'GD',NULL),('320','危地马拉',NULL,'WDML',NULL),('324','几内亚',NULL,'JNY',NULL),('328','圭亚那',NULL,'GYN',NULL),('332','海地',NULL,'HD',NULL),('334','赫德岛和麦克唐纳岛',NULL,'HDDHMKTND',NULL),('336','梵蒂冈',NULL,'ZDG',NULL),('340','洪都拉斯',NULL,'HDLS',NULL),('344','香港',NULL,'XG',NULL),('348','匈牙利',NULL,'XYL',NULL),('352','冰岛',NULL,'BD',NULL),('356','印度',NULL,'YD',NULL),('360','印度尼西亚',NULL,'YDNXY',NULL),('364','伊朗',NULL,'YL',NULL),('368','伊拉克',NULL,'YLK',NULL),('372','爱尔兰',NULL,'AEL',NULL),('374','巴勒斯坦',NULL,'BLST',NULL),('376','以色列',NULL,'YSL',NULL),('380','意大利',NULL,'YDL',NULL),('384','科特迪瓦',NULL,'KTDW',NULL),('388','牙买加',NULL,'YMJ',NULL),('392','日本',NULL,'RB',NULL),('398','哈萨克斯坦',NULL,'HSKST',NULL),('400','约旦',NULL,'YD',NULL),('404','肯尼亚',NULL,'KNY',NULL),('408','朝鲜',NULL,'CX',NULL),('410','韩国',NULL,'HG',NULL),('414','科威特',NULL,'KWT',NULL),('417','吉尔吉斯斯坦',NULL,'JEJSST',NULL),('418','老挝',NULL,'LW',NULL),('422','黎巴嫩',NULL,'LBN',NULL),('426','莱索托',NULL,'LST',NULL),('428','拉脱维亚',NULL,'LTWY',NULL),('430','利比里亚',NULL,'LBLY',NULL),('434','利比亚',NULL,'LBY',NULL),('438','列支敦士登',NULL,'LZDSD',NULL),('440','立陶宛',NULL,'LTW',NULL),('442','卢森堡',NULL,'LSB',NULL),('446','澳门',NULL,'AM',NULL),('450','马达加斯加',NULL,'MDJSJ',NULL),('454','马拉维',NULL,'MLW',NULL),('458','马来西亚',NULL,'MLXY',NULL),('462','马尔代夫',NULL,'MEDF',NULL),('466','马里',NULL,'ML',NULL),('470','马耳他',NULL,'MET',NULL),('474','马提尼克',NULL,'MTNK',NULL),('478','毛里塔尼亚',NULL,'MLTNY',NULL),('480','毛里求斯',NULL,'MLQS',NULL),('484','墨西哥',NULL,'MXG',NULL),('492','摩纳哥',NULL,'MNG',NULL),('496','蒙古',NULL,'MG',NULL),('498','摩尔多瓦',NULL,'MEDW',NULL),('500','蒙特塞拉特',NULL,'MTSLT',NULL),('504','摩洛哥',NULL,'MLG',NULL),('508','莫桑比克',NULL,'MSBK',NULL),('512','阿曼',NULL,'AM',NULL),('516','纳米比亚',NULL,'NMBY',NULL),('520','瑙鲁',NULL,'ZL',NULL),('524','尼泊尔',NULL,'NBE',NULL),('528','荷兰',NULL,'HL',NULL),('530','荷属安的列斯',NULL,'HSADLS',NULL),('533','阿鲁巴',NULL,'ALB',NULL),('540','新喀里多尼亚',NULL,'XKLDNY',NULL),('548','瓦努阿图',NULL,'WNAT',NULL),('554','新西兰',NULL,'XXL',NULL),('558','尼加拉瓜',NULL,'NJLG',NULL),('562','尼日尔',NULL,'NRE',NULL),('566','尼日利亚',NULL,'NRLY',NULL),('570','纽埃',NULL,'NA',NULL),('574','诺福克岛',NULL,'NFKD',NULL),('578','挪威',NULL,'NW',NULL),('580','北马里亚纳',NULL,'BMLYN',NULL),('581','美国本土外小岛屿',NULL,'MGBTWXDY',NULL),('583','密克罗尼西亚联邦',NULL,'MKLNXYLB',NULL),('584','马绍尔群岛',NULL,'MSEQD',NULL),('585','帕劳',NULL,'PL',NULL),('586','巴基斯坦',NULL,'BJST',NULL),('591','巴拿马',NULL,'BNM',NULL),('598','巴布亚新几内亚',NULL,'BBYXJNY',NULL),('600','巴拉圭',NULL,'BLG',NULL),('604','秘鲁',NULL,'ML',NULL),('608','菲律宾',NULL,'FLB',NULL),('612','皮特凯恩群岛',NULL,'PTKEQD',NULL),('616','波兰',NULL,'BL',NULL),('620','葡萄牙',NULL,'PTY',NULL),('624','几内亚比绍',NULL,'JNYBS',NULL),('626','东帝汶',NULL,'DDZ',NULL),('630','波多黎各',NULL,'BDLG',NULL),('634','卡塔尔',NULL,'KTE',NULL),('638','留尼汪',NULL,'LNW',NULL),('642','罗马尼亚',NULL,'LMNY',NULL),('643','俄罗斯联邦',NULL,'ELSLB',NULL),('646','卢旺达',NULL,'LWD',NULL),('654','圣赫勒拿',NULL,'SHLN',NULL),('659','圣基茨和尼维斯',NULL,'SJCHNWS',NULL),('660','安圭拉',NULL,'AGL',NULL),('662','圣卢西亚',NULL,'SLXY',NULL),('666','圣皮埃尔和密克隆',NULL,'SPAEHMKL',NULL),('670','圣文森特和格林纳丁斯',NULL,'SWSTHGLNDS',NULL),('674','圣马力诺',NULL,'SMLN',NULL),('678','圣多美和普林西比',NULL,'SDMHPLXB',NULL),('682','沙特阿拉伯',NULL,'STALB',NULL),('686','塞内加尔',NULL,'SNJE',NULL),('690','塞舌尔',NULL,'SSE',NULL),('694','塞拉利昂',NULL,'SLLA',NULL),('702','新加坡',NULL,'XJP',NULL),('703','斯洛伐克',NULL,'SLFK',NULL),('704','越南',NULL,'YN',NULL),('705','斯洛文尼亚',NULL,'SLWNY',NULL),('706','索马里',NULL,'SML',NULL),('710','南非',NULL,'NF',NULL),('716','津巴布韦',NULL,'JBBW',NULL),('724','西班牙',NULL,'XBY',NULL),('732','西撒哈拉',NULL,'XSHL',NULL),('736','苏丹',NULL,'SD',NULL),('740','苏里南',NULL,'SLN',NULL),('744','斯瓦尔巴群岛',NULL,'SWEBQD',NULL),('748','斯威士兰',NULL,'SWSL',NULL),('752','瑞典',NULL,'RD',NULL),('756','瑞士',NULL,'RS',NULL),('760','叙利亚',NULL,'XLY',NULL),('762','塔吉克斯坦',NULL,'TJKST',NULL),('764','泰国',NULL,'TG',NULL),('768','多哥',NULL,'DG',NULL),('772','托克劳',NULL,'TKL',NULL),('776','汤加',NULL,'TJ',NULL),('780','特立尼达和多巴哥',NULL,'TLNDHDBG',NULL),('784','阿联酋',NULL,'ALQ',NULL),('788','突尼斯',NULL,'TNS',NULL),('792','土耳其',NULL,'TEQ',NULL),('795','土库曼斯坦',NULL,'TKMST',NULL),('796','特克斯科斯群岛',NULL,'TKSKSQD',NULL),('798','图瓦卢',NULL,'TWL',NULL),('800','乌干达',NULL,'WGD',NULL),('804','乌克兰',NULL,'WKL',NULL),('807','前南马其顿',NULL,'QNMQD',NULL),('818','埃及',NULL,'AJ',NULL),('826','英国',NULL,'YG',NULL),('834','坦桑尼亚',NULL,'TSNY',NULL),('840','美国',NULL,'MG',NULL),('850','美属维尔京群岛',NULL,'MSWEJQD',NULL),('854','布基纳法索',NULL,'BJNFS',NULL),('858','乌拉圭',NULL,'WLG',NULL),('860','乌兹别克斯坦',NULL,'WZBKST',NULL),('862','委内瑞拉',NULL,'WNRL',NULL),('876','瓦利斯和富图纳',NULL,'WLSHFTN',NULL),('882','萨摩亚',NULL,'SMY',NULL),('887','也门',NULL,'YM',NULL),('891','南斯拉夫',NULL,'NSLF',NULL),('894','赞比亚',NULL,'ZBY',NULL);
/*!40000 ALTER TABLE `d_country` ENABLE KEYS */;
UNLOCK TABLES;

--
-- Table structure for table `d_coverage_period_type`
--

DROP TABLE IF EXISTS `d_coverage_period_type`;
/*!40101 SET @saved_cs_client     = @@character_set_client */;
/*!40101 SET character_set_client = utf8 */;
CREATE TABLE `d_coverage_period_type` (
  `CODE` varchar(10) COLLATE utf8_bin DEFAULT NULL,
  `NAME` varchar(200) COLLATE utf8_bin DEFAULT NULL,
  `ENUM_NAME` varchar(30) COLLATE utf8_bin DEFAULT NULL,
  `PINYIN` varchar(10) COLLATE utf8_bin DEFAULT NULL,
  `PARENT_CODE` varchar(10) COLLATE utf8_bin DEFAULT NULL
) ENGINE=InnoDB DEFAULT CHARSET=utf8 COLLATE=utf8_bin COMMENT='保险期间类型代码';
/*!40101 SET character_set_client = @saved_cs_client */;

--
-- Dumping data for table `d_coverage_period_type`
--

LOCK TABLES `d_coverage_period_type` WRITE;
/*!40000 ALTER TABLE `d_coverage_period_type` DISABLE KEYS */;
INSERT INTO `d_coverage_period_type` VALUES ('D','按天保','','ATB',''),('Y','按年保','','ANB',''),('A','保至某年龄','','BZMNL',''),('W','保终身','','BZS','');
/*!40000 ALTER TABLE `d_coverage_period_type` ENABLE KEYS */;
UNLOCK TABLES;

--
-- Table structure for table `d_critical_disease`
--

DROP TABLE IF EXISTS `d_critical_disease`;
/*!40101 SET @saved_cs_client     = @@character_set_client */;
/*!40101 SET character_set_client = utf8 */;
CREATE TABLE `d_critical_disease` (
  `CODE` varchar(10) COLLATE utf8_bin NOT NULL DEFAULT '',
  `NAME` varchar(200) COLLATE utf8_bin DEFAULT NULL,
  `ENUM_NAME` varchar(30) COLLATE utf8_bin DEFAULT NULL,
  `PINYIN` varchar(10) COLLATE utf8_bin DEFAULT NULL,
  `PARENT_CODE` varchar(10) COLLATE utf8_bin DEFAULT NULL,
  PRIMARY KEY (`CODE`)
) ENGINE=InnoDB DEFAULT CHARSET=utf8 COLLATE=utf8_bin COMMENT='重大疾病代码';
/*!40101 SET character_set_client = @saved_cs_client */;

--
-- Dumping data for table `d_critical_disease`
--

LOCK TABLES `d_critical_disease` WRITE;
/*!40000 ALTER TABLE `d_critical_disease` DISABLE KEYS */;
INSERT INTO `d_critical_disease` VALUES ('001','恶性肿瘤','','EXZL',''),('002','急性心肌梗塞','','JXXJGS',''),('003','脑中风后遗症','','NZFHYZ',''),('004','重大器官移植术或造血干细胞移植术','','ZDQGYZSHZX',''),('005','冠状动脉搭桥术（或称冠状动脉旁路移植术）','','GZDMDQSHCG',''),('006','终末期肾病（或称慢性肾功能衰竭尿毒症期）','','ZMQSBHCMXS',''),('007','多个肢体缺失','','DGZTQS',''),('008','急性或亚急性重症肝炎','','JXHYJXZZGY',''),('009','良性脑肿瘤','','LXNZL',''),('010','慢性肝功能衰竭失代偿期','','MXGGNSJSDC',''),('011','脑炎后遗症或脑膜炎后遗症','','NYHYZHNMYH',''),('012','深度昏迷','','SDHM',''),('013','双耳失聪','','SESC',''),('014','双目失明','','SMSM',''),('015','瘫痪','','TH',''),('016','心脏瓣膜手术','','XZBMSS',''),('017','严重阿尔茨海默病','','YZAECHMB',''),('018','严重脑损伤','','YZNSS',''),('019','严重帕金森病','','YZPJSB',''),('020','严重Ⅲ度烧伤','','YZDSS',''),('021','严重原发性肺动脉高压','','YZYFXFDMGY',''),('022','严重运动神经元病','','YZYDSJYB',''),('023','语言能力丧失','','YYNLSS',''),('024','重型再生障碍性贫血','','ZXZSZAXPX',''),('025','主动脉手术','','ZDMSS',''),('999','其它重大疾病','','QTZDJB','');
/*!40000 ALTER TABLE `d_critical_disease` ENABLE KEYS */;
UNLOCK TABLES;

--
-- Table structure for table `d_cs_apply_status`
--

DROP TABLE IF EXISTS `d_cs_apply_status`;
/*!40101 SET @saved_cs_client     = @@character_set_client */;
/*!40101 SET character_set_client = utf8 */;
CREATE TABLE `d_cs_apply_status` (
  `CODE` varchar(10) COLLATE utf8_bin DEFAULT NULL,
  `NAME` varchar(200) COLLATE utf8_bin DEFAULT NULL,
  `ENUM_NAME` varchar(30) COLLATE utf8_bin DEFAULT NULL,
  `PINYIN` varchar(10) COLLATE utf8_bin DEFAULT NULL,
  `PARENT_CODE` varchar(100) COLLATE utf8_bin DEFAULT NULL
) ENGINE=InnoDB DEFAULT CHARSET=utf8 COLLATE=utf8_bin;
/*!40101 SET character_set_client = @saved_cs_client */;

--
-- Dumping data for table `d_cs_apply_status`
--

LOCK TABLES `d_cs_apply_status` WRITE;
/*!40000 ALTER TABLE `d_cs_apply_status` DISABLE KEYS */;
INSERT INTO `d_cs_apply_status` VALUES ('1','申请中','STATUS_DOING','SQZ',''),('2','申请完成','STATUS_DONE','SQWC',''),('0','申请拒绝','STATUS_REJECTED','SQJJ','');
/*!40000 ALTER TABLE `d_cs_apply_status` ENABLE KEYS */;
UNLOCK TABLES;

--
-- Table structure for table `d_cs_apply_way`
--

DROP TABLE IF EXISTS `d_cs_apply_way`;
/*!40101 SET @saved_cs_client     = @@character_set_client */;
/*!40101 SET character_set_client = utf8 */;
CREATE TABLE `d_cs_apply_way` (
  `CODE` varchar(10) COLLATE utf8_bin DEFAULT NULL,
  `NAME` varchar(200) COLLATE utf8_bin DEFAULT NULL,
  `ENUM_NAME` varchar(30) COLLATE utf8_bin DEFAULT NULL,
  `PINYIN` varchar(10) COLLATE utf8_bin DEFAULT NULL,
  `PARENT_CODE` varchar(102) COLLATE utf8_bin DEFAULT NULL
) ENGINE=InnoDB DEFAULT CHARSET=utf8 COLLATE=utf8_bin;
/*!40101 SET character_set_client = @saved_cs_client */;

--
-- Dumping data for table `d_cs_apply_way`
--

LOCK TABLES `d_cs_apply_way` WRITE;
/*!40000 ALTER TABLE `d_cs_apply_way` DISABLE KEYS */;
INSERT INTO `d_cs_apply_way` VALUES ('1','官网申请','WAY_WEBSITE','GWSQ',''),('2','微信申请','WAY_WECHAT','WXSQ',''),('3','APP申请','WAY_APP','APPSQ',''),('4','电话申请','WAY_TEL','DHSQ',''),('5','柜台申请','WAY_COUNTER','GTSQ','');
/*!40000 ALTER TABLE `d_cs_apply_way` ENABLE KEYS */;
UNLOCK TABLES;

--
-- Table structure for table `d_cs_change_status`
--

DROP TABLE IF EXISTS `d_cs_change_status`;
/*!40101 SET @saved_cs_client     = @@character_set_client */;
/*!40101 SET character_set_client = utf8 */;
CREATE TABLE `d_cs_change_status` (
  `CODE` varchar(10) COLLATE utf8_bin DEFAULT NULL,
  `NAME` varchar(200) COLLATE utf8_bin DEFAULT NULL,
  `ENUM_NAME` varchar(30) COLLATE utf8_bin DEFAULT NULL,
  `PINYIN` varchar(10) COLLATE utf8_bin DEFAULT NULL,
  `PARENT_CODE` varchar(101) COLLATE utf8_bin DEFAULT NULL
) ENGINE=InnoDB DEFAULT CHARSET=utf8 COLLATE=utf8_bin;
/*!40101 SET character_set_client = @saved_cs_client */;

--
-- Dumping data for table `d_cs_change_status`
--

LOCK TABLES `d_cs_change_status` WRITE;
/*!40000 ALTER TABLE `d_cs_change_status` DISABLE KEYS */;
INSERT INTO `d_cs_change_status` VALUES ('01','确认生效','STATUS_EFFECTED','QRSX',''),('02','录入完成','STATUS_ENTRY_DONE','LRWC',''),('03','申请确认','STATUS_APPLY_DONE','SQQR',''),('04','等待录入','STATUS_TO_ENTRY','DDLR',''),('05','逾期终止','STATUS_OVERDUE_END','YQZZ',''),('06','复核修改','STATUS_REVIEW_REVISE','FHXG',''),('07','确认未生效','STATUS_TO_EFFECT','QRWSX',''),('08','保全撤销','STATUS_CANCELLED','BQCX',''),('09','核保终止','STATUS_UW_END','HBZZ',''),('10','复核终止','STATUS_REVIEW_END','FHZZ',''),('11','复核通过','STATUS_REVIEW_PASS','FHTG',''),('12','保全回退','STATUS_UNDO','BQHT','');
/*!40000 ALTER TABLE `d_cs_change_status` ENABLE KEYS */;
UNLOCK TABLES;

--
-- Table structure for table `d_cs_data_flag`
--

DROP TABLE IF EXISTS `d_cs_data_flag`;
/*!40101 SET @saved_cs_client     = @@character_set_client */;
/*!40101 SET character_set_client = utf8 */;
CREATE TABLE `d_cs_data_flag` (
  `CODE` varchar(10) COLLATE utf8_bin DEFAULT NULL,
  `NAME` varchar(200) COLLATE utf8_bin DEFAULT NULL,
  `ENUM_NAME` varchar(30) COLLATE utf8_bin DEFAULT NULL,
  `PINYIN` varchar(10) COLLATE utf8_bin DEFAULT NULL,
  `PARENT_CODE` varchar(144) COLLATE utf8_bin DEFAULT NULL
) ENGINE=InnoDB DEFAULT CHARSET=utf8 COLLATE=utf8_bin;
/*!40101 SET character_set_client = @saved_cs_client */;

--
-- Dumping data for table `d_cs_data_flag`
--

LOCK TABLES `d_cs_data_flag` WRITE;
/*!40000 ALTER TABLE `d_cs_data_flag` DISABLE KEYS */;
INSERT INTO `d_cs_data_flag` VALUES ('1','保单管理数据','FLAG_PA','BDGLSJ',''),('2','保全变更数据','FLAG_CS_CHG','BQBGSJ',''),('3','保全核保数据','FLAG_CS_UW','BQHBSJ','');
/*!40000 ALTER TABLE `d_cs_data_flag` ENABLE KEYS */;
UNLOCK TABLES;

--
-- Table structure for table `d_cs_service_type`
--

DROP TABLE IF EXISTS `d_cs_service_type`;
/*!40101 SET @saved_cs_client     = @@character_set_client */;
/*!40101 SET character_set_client = utf8 */;
CREATE TABLE `d_cs_service_type` (
  `CODE` varchar(10) COLLATE utf8_bin DEFAULT NULL,
  `NAME` varchar(200) COLLATE utf8_bin DEFAULT NULL,
  `ENUM_NAME` varchar(30) COLLATE utf8_bin DEFAULT NULL,
  `PINYIN` varchar(10) COLLATE utf8_bin DEFAULT NULL,
  `PARENT_CODE` varchar(103) COLLATE utf8_bin DEFAULT NULL
) ENGINE=InnoDB DEFAULT CHARSET=utf8 COLLATE=utf8_bin;
/*!40101 SET character_set_client = @saved_cs_client */;

--
-- Dumping data for table `d_cs_service_type`
--

LOCK TABLES `d_cs_service_type` WRITE;
/*!40000 ALTER TABLE `d_cs_service_type` DISABLE KEYS */;
INSERT INTO `d_cs_service_type` VALUES ('1','自动保全','TYPE_AUTO','ZDBQ',''),('2','录入保全','TYPE_APPLY','LRBQ',''),('3','系统数据变更','TYPE_SYSTEM','XTSJBG','');
/*!40000 ALTER TABLE `d_cs_service_type` ENABLE KEYS */;
UNLOCK TABLES;

--
-- Table structure for table `d_cure_type`
--

DROP TABLE IF EXISTS `d_cure_type`;
/*!40101 SET @saved_cs_client     = @@character_set_client */;
/*!40101 SET character_set_client = utf8 */;
CREATE TABLE `d_cure_type` (
  `CODE` varchar(10) COLLATE utf8_bin NOT NULL DEFAULT '',
  `NAME` varchar(200) COLLATE utf8_bin DEFAULT NULL,
  `ENUM_NAME` varchar(30) COLLATE utf8_bin DEFAULT NULL,
  `PINYIN` varchar(10) COLLATE utf8_bin DEFAULT NULL,
  `PARENT_CODE` varchar(89) COLLATE utf8_bin DEFAULT NULL,
  PRIMARY KEY (`CODE`)
) ENGINE=InnoDB DEFAULT CHARSET=utf8 COLLATE=utf8_bin COMMENT='就医方式代码';
/*!40101 SET character_set_client = @saved_cs_client */;

--
-- Dumping data for table `d_cure_type`
--

LOCK TABLES `d_cure_type` WRITE;
/*!40000 ALTER TABLE `d_cure_type` DISABLE KEYS */;
INSERT INTO `d_cure_type` VALUES ('01','门诊','','MZ',''),('02','住院','','ZY',''),('03','急诊','','JZ','');
/*!40000 ALTER TABLE `d_cure_type` ENABLE KEYS */;
UNLOCK TABLES;

--
-- Table structure for table `d_cust_rela`
--

DROP TABLE IF EXISTS `d_cust_rela`;
/*!40101 SET @saved_cs_client     = @@character_set_client */;
/*!40101 SET character_set_client = utf8 */;
CREATE TABLE `d_cust_rela` (
  `CODE` varchar(10) COLLATE utf8_bin NOT NULL DEFAULT '',
  `NAME` varchar(200) COLLATE utf8_bin DEFAULT NULL,
  `ENUM_NAME` varchar(30) COLLATE utf8_bin DEFAULT NULL,
  `PINYIN` varchar(10) COLLATE utf8_bin DEFAULT NULL,
  `PARENT_CODE` varchar(10) COLLATE utf8_bin DEFAULT NULL,
  PRIMARY KEY (`CODE`)
) ENGINE=InnoDB DEFAULT CHARSET=utf8 COLLATE=utf8_bin COMMENT='人员关系代码';
/*!40101 SET character_set_client = @saved_cs_client */;

--
-- Dumping data for table `d_cust_rela`
--

LOCK TABLES `d_cust_rela` WRITE;
/*!40000 ALTER TABLE `d_cust_rela` DISABLE KEYS */;
INSERT INTO `d_cust_rela` VALUES ('00','本人','','BR',''),('01','父子','','FZ',''),('02','父女','','FN',''),('03','母子','','MZ',''),('04','母女','','MN',''),('05','祖孙','','ZS',''),('07','夫妻','','FQ',''),('08','兄弟','','XD',''),('09','兄妹','','XM',''),('10','姐弟','','JD',''),('11','姐妹','','JM',''),('12','叔侄','','SZ',''),('13','姑侄','','GZ',''),('18','朋友','','PY',''),('19','同事','','TS',''),('20','师生','','SS',''),('21','劳动关系','','LDGX',''),('22','法定','','FD',''),('25','婆媳','','PX',''),('26','公公与儿媳关系','','GGYEXGX',''),('27','翁婿','','WX',''),('28','岳母与女婿关系','','YMYNXGX',''),('29','代理人','','DLR',''),('30','亲戚','','QQ',''),('31','他人介绍','','TRJS',''),('32','陌生拜访','','MSBF',''),('33','自动投保','','ZDTB',''),('34','家属','','JS',''),('99','其他','','QT','');
/*!40000 ALTER TABLE `d_cust_rela` ENABLE KEYS */;
UNLOCK TABLES;

--
-- Table structure for table `d_cust_role`
--

DROP TABLE IF EXISTS `d_cust_role`;
/*!40101 SET @saved_cs_client     = @@character_set_client */;
/*!40101 SET character_set_client = utf8 */;
CREATE TABLE `d_cust_role` (
  `CODE` varchar(30) COLLATE utf8_bin DEFAULT NULL,
  `NAME` varchar(600) COLLATE utf8_bin DEFAULT NULL,
  `PINYIN` varchar(30) COLLATE utf8_bin DEFAULT NULL,
  `PARENT_CODE` varchar(30) COLLATE utf8_bin DEFAULT NULL
) ENGINE=InnoDB DEFAULT CHARSET=utf8 COLLATE=utf8_bin;
/*!40101 SET character_set_client = @saved_cs_client */;

--
-- Dumping data for table `d_cust_role`
--

LOCK TABLES `d_cust_role` WRITE;
/*!40000 ALTER TABLE `d_cust_role` DISABLE KEYS */;
INSERT INTO `d_cust_role` VALUES ('1','投保人','TBR',NULL),('2','被保人','BBR',NULL),('3','受益人','SYR',NULL),('4','代理人','DLR',NULL),('5','内部员工','NBYG',NULL),('6','中介','ZJ',NULL);
/*!40000 ALTER TABLE `d_cust_role` ENABLE KEYS */;
UNLOCK TABLES;

--
-- Table structure for table `d_deformity_grade`
--

DROP TABLE IF EXISTS `d_deformity_grade`;
/*!40101 SET @saved_cs_client     = @@character_set_client */;
/*!40101 SET character_set_client = utf8 */;
CREATE TABLE `d_deformity_grade` (
  `CODE` varchar(10) COLLATE utf8_bin DEFAULT NULL,
  `NAME` varchar(200) COLLATE utf8_bin DEFAULT NULL,
  `ENUM_NAME` varchar(30) COLLATE utf8_bin DEFAULT NULL,
  `PINYIN` varchar(10) COLLATE utf8_bin DEFAULT NULL,
  `PARENT_CODE` varchar(10) COLLATE utf8_bin DEFAULT NULL
) ENGINE=InnoDB DEFAULT CHARSET=utf8 COLLATE=utf8_bin COMMENT='伤残等级代码';
/*!40101 SET character_set_client = @saved_cs_client */;

--
-- Dumping data for table `d_deformity_grade`
--

LOCK TABLES `d_deformity_grade` WRITE;
/*!40000 ALTER TABLE `d_deformity_grade` DISABLE KEYS */;
INSERT INTO `d_deformity_grade` VALUES ('1','一级','','YJ',''),('2','二级','','EJ',''),('3','三级','','SJ',''),('4','四级','','SJ',''),('5','五级','','WJ',''),('6','六级','','LJ',''),('7','七级','','QJ',''),('8','八级','','BJ',''),('9','九级','','JJ',''),('10','十级','','SJ','');
/*!40000 ALTER TABLE `d_deformity_grade` ENABLE KEYS */;
UNLOCK TABLES;

--
-- Table structure for table `d_deformity_item`
--

DROP TABLE IF EXISTS `d_deformity_item`;
/*!40101 SET @saved_cs_client     = @@character_set_client */;
/*!40101 SET character_set_client = utf8 */;
CREATE TABLE `d_deformity_item` (
  `CODE` varchar(10) COLLATE utf8_bin DEFAULT NULL,
  `NAME` varchar(200) COLLATE utf8_bin DEFAULT NULL,
  `ENUM_NAME` varchar(30) COLLATE utf8_bin DEFAULT NULL,
  `PINYIN` varchar(10) COLLATE utf8_bin DEFAULT NULL,
  `PARENT_CODE` varchar(10) COLLATE utf8_bin DEFAULT NULL
) ENGINE=InnoDB DEFAULT CHARSET=utf8 COLLATE=utf8_bin COMMENT='伤残代码';
/*!40101 SET character_set_client = @saved_cs_client */;

--
-- Dumping data for table `d_deformity_item`
--

LOCK TABLES `d_deformity_item` WRITE;
/*!40000 ALTER TABLE `d_deformity_item` DISABLE KEYS */;
INSERT INTO `d_deformity_item` VALUES ('s130.188','颅脑损伤导致植物状态','','LNSSDZZWZT',''),('s110.488','颅脑损伤导致极度智力缺损（智商小于等于20），日常生活完全不能自理，处于完全护理依赖状态','','LNSSDZJDZL',''),('b117.4','颅脑损伤导致极度智力缺损（智商小于等于20），日常生活完全不能自理，处于完全护理依赖状态','','LNSSDZJDZL',''),('b198.4','颅脑损伤导致极度智力缺损（智商小于等于20），日常生活完全不能自理，处于完全护理依赖状态','','LNSSDZJDZL',''),('s110.388','颅脑损伤导致重度智力缺损（智商小于等于34），日常生活需随时有人帮助才能完成，处于完全护理依赖状态','','LNSSDZZDZL',''),('b117.3','颅脑损伤导致重度智力缺损（智商小于等于34），日常生活需随时有人帮助才能完成，处于完全护理依赖状态','','LNSSDZZDZL',''),('b198.3Z','颅脑损伤导致重度智力缺损（智商小于等于34），日常生活需随时有人帮助才能完成，处于完全护理依赖状态','','LNSSDZZDZL',''),('s110.388','颅脑损伤导致重度智力缺损（智商小于等于34），不能完全独立生活，需经常有人监护，处于大部分护理依赖状态','','LNSSDZZDZL',''),('b117.3','颅脑损伤导致重度智力缺损（智商小于等于34），不能完全独立生活，需经常有人监护，处于大部分护理依赖状态','','LNSSDZZDZL',''),('b198.3','颅脑损伤导致重度智力缺损（智商小于等于34），不能完全独立生活，需经常有人监护，处于大部分护理依赖状态','','LNSSDZZDZL',''),('s110.288','颅脑损伤导致中度智力缺损（智商小于等于49），日常生活能力严重受限，间或需要帮助，处于大部分护理依赖状态','','LNSSDZZDZL',''),('b117.2','颅脑损伤导致中度智力缺损（智商小于等于49），日常生活能力严重受限，间或需要帮助，处于大部分护理依赖状态','','LNSSDZZDZL',''),('b198.2','颅脑损伤导致中度智力缺损（智商小于等于49），日常生活能力严重受限，间或需要帮助，处于大部分护理依赖状态','','LNSSDZZDZL',''),('b110.4','颅脑损伤导致植物人状态','','LNSSDZZWRZ',''),('s220.413','双侧眼球缺失','','SCYQQS',''),('s220.411/2','一侧眼球缺失，且另一侧眼盲目5级','','YCYQQSQLYC',''),('b210.4Z2/1','一侧眼球缺失，且另一侧眼盲目5级','','YCYQQSQLYC',''),('s220.411/2','一侧眼球缺失，且另一侧眼盲目4级','','YCYQQSQLYC',''),('b210.42/1','一侧眼球缺失，且另一侧眼盲目4级','','YCYQQSQLYC',''),('s220.411/2','一侧眼球缺失，且另一侧眼盲目3级','','YCYQQSQLYC',''),('b210.32/1','一侧眼球缺失，且另一侧眼盲目3级','','YCYQQSQLYC',''),('s220.411/2','一侧眼球缺失，且另一侧眼低视力2级','','YCYQQSQLYC',''),('b210.22/1','一侧眼球缺失，且另一侧眼低视力2级','','YCYQQSQLYC',''),('s220.411/2','一侧眼球缺失，且另一侧眼低视力1级','','YCYQQSQLYC',''),('b210.1X2/1','一侧眼球缺失，且另一侧眼低视力1级','','YCYQQSQLYC',''),('s220.411/2','一侧眼球缺失','','YCYQQS',''),('b210.4Z3','双眼盲目5级','','SYMM5J',''),('b2101.4Z3','双眼视野缺损，直径小于5°','','SYSYQSZJXY',''),('b210.43','双眼盲目大于等于4级','','SYMMDYDY4J',''),('b2101.43','双眼视野缺损，直径小于10°','','SYSYQSZJXY',''),('b210.33','双眼盲目大于等于3级','','SYMMDYDY3J',''),('b2101.33','双眼视野缺损，直径小于20°','','SYSYQSZJXY',''),('b210.23','双眼低视力大于等于2级','','SYDSLDYDY2',''),('b210.1X3','双眼低视力大于等于1级','','SYDSLDYDY1',''),('b2101.23','双眼视野缺损，直径小于60°','','SYSYQSZJXY',''),('b210.4Z1/2','一眼盲目5级','','YYMM5J',''),('b210.41/2','一眼盲目大于等于4级','','YYMMDYDY4J',''),('b2101.41/2','一眼视野缺损，直径小于10°','','YYSYQSZJXY',''),('b210.31/2','一眼盲目大于等于3级','','YYMMDYDY3J',''),('b2101.31/2','一眼视野缺损，直径小于20°','','YYSYQSZJXY',''),('b210.1X1/2','一眼低视力大于等于1级','','YYDSLDYDY1',''),('b2101.21/2','一眼视野缺损，直径小于60°','','YYSYQSZJXY',''),('30001','极重度智能损伤','','JZDZNSS',''),('30002','四肢瘫肌力≤3级或三肢瘫肌力≤2级','','SZTJL3JHSZ',''),('30003','颈4以上截瘫，肌力≤2级','','J4YSJTJL2J',''),('30004','重度运动障碍（非肢体瘫）','','ZDYDZAFZTT',''),('30005','面部重度毁容，同时伴有表B.2中二级伤残之一者','','MBZDHRTSBY',''),('30006','全身重度瘢痕形成，占体表面积≥90%，伴有脊柱及四肢大关节活动功能基本丧失','','QSZDZHXCZT',''),('30007','双肘关节以上缺失或功能完全丧失','','SZGJYSQSHG',''),('30008','双下肢高位缺失及一上肢高位缺失','','SXZGWQSJYS',''),('30009','双下肢及一上肢严重瘢痕畸形，活动功能丧失','','SXZJYSZYZZ',''),('30010','双眼无光感或仅有光感但光定位不准者','','SYWGGHJYGG',''),('30011','肺功能重度损伤和呼吸困难Ⅳ级，需终生依赖机械通气','','FGNZDSSHHX',''),('30012','双肺或心肺联合移植术','','SFHXFLHYZS',''),('30013','小肠切除≥90%','','XCQC90%',''),('30014','肝切除后原位肝移植','','GQCHYWGYZ',''),('30015','胆道损伤原位肝移植','','DDSSYWGYZ',''),('30016','全胰切除','','QYQC',''),('30017','双侧肾切除或孤肾切除术后，用透析维持或同种肾移植术后肾功能不全尿毒症期','','SCSQCHGSQC',''),('30018','尘肺Ⅲ期伴肺功能重度损伤及／或重度低氧血症[Po2＜5.3kPa（40mmHg）]','','CFQBFGNZDS',''),('30019','其他职业性肺部疾患，伴肺功能重度损伤及／或重度低氧血症〔PO2＜5.3kPa（40mmHg）]','','QTZYXFBJHB',''),('30020','放射性肺炎后，两叶以上肺纤维化伴重度低氧血症［Po2＜5.3kPa（40mmHg）]','','FSXFYHLYYS',''),('30021','职业性肺癌伴肺功能重度损伤','','ZYXFABFGNZ',''),('30022','职业性肝血管肉瘤，重度肝功能损害','','ZYXGXGRLZD',''),('30023','肝硬化伴食道静脉破裂出血，肝功能重度损害','','GYHBSDJMPL',''),('30024','肾功能不全尿毒症期，内生肌酐清除率持续＜10mL/min，或血浆肌酐水平持续＞707μmol/L（8mg/dL）','','SGNBQNDZQN',''),('30025','重度智能损伤','','ZDZNSS',''),('30026','三肢瘫肌力3级','','SZTJL3J',''),('30027','偏瘫肌力≤2级','','PTJL2J',''),('30028','截瘫肌力≤2级','','JTJL2J',''),('30029','双手全肌瘫肌力≤3级','','SSQJTJL3J',''),('30030','完全感觉性或混合性失语','','WQGJXHHHXS',''),('30031','全身重度瘢痕形成，占体表面积≥80%，伴有四肢大关节中3个以上活动功能受限','','QSZDZHXCZT',''),('30032','全面部瘢痕痕或植皮伴有重度毁容','','QMBZHHHZPB',''),('30033','双侧前臂缺失或双手功能完全丧失','','SCQBQSHSSG',''),('30034','双下肢高位缺失','','SXZGWQS',''),('30035','双下肢瘢痕畸形，功能完全丧失','','SXZZHJXGNW',''),('30036','双膝双踝僵直于非功能位','','SXSZJZYFGN',''),('30037','双膝以上缺失','','SXYSQS',''),('30038','双膝、踝关节功能完全丧失','','SXZGJGNWQS',''),('30039','同侧上、下肢瘢痕痕畸形，功能完全丧失','','TCSXZZHHJX',''),('30040','四肢大关节（肩、髋、膝、肘）中四个以上关节功能完全丧失者','','SZDGJJZXZZ',''),('30041','一眼有或无光感，另眼矫正视力≤0.02，或视野≤8%（或半径≤5°）','','YYYHWGGLYJ',''),('30042','无吞咽功能，完全依赖胃管进食','','WTYGNWQYLW',''),('30043','双侧上领骨完全缺损','','SCSLGWQQS',''),('30044','双侧下领骨完全缺损','','SCXLGWQQS',''),('30045','一侧上颌骨及对侧下领骨完全缺损，并伴有颜面软组织缺损＞30cm＜SUP＞2','','YCSZGJDCXL',''),('30046','一侧全肺切除并胸廓成形术，呼吸困难Ⅲ级','','YCQFQCBXKC',''),('30047','心功能不全三级','','XGNBQSJ',''),('30048','食管闭锁或损伤后无法行食管重建术，依赖胃造痰或空肠造瘘进食','','SGBSHSSHWF',''),('30049','小肠切除3/4，合并短肠综合症','','XCQC3/4HBD',''),('30050','肝切除3/4，并肝功能重度损害','','GQC3/4BGGN',''),('30051','肝外伤后发生门脉高压三联症或发生Budd-chiari综合征','','GWSHFSMMGY',''),('30052','胆道损伤致肝功能重度损害','','DDSSZGGNZD',''),('30053','胰次全切除，胰腺移植术后','','YCQQCYXYZS',''),('30054','孤肾部分切除后，肾功能不全失代偿期','','GSBFQCHSGN',''),('30055','肺功能重度损伤及／或重度低氧血症','','FGNZDSSJHZ',''),('30056','尘肺Ⅲ期伴肺功能中度损伤及／或中度低氧血症','','CFQBFGNZDS',''),('30057','尘肺II期伴肺功能重度损伤及／或重度低氧血症[Po2＜5.3kPa（40mmHg）]','','CFIIQBFGNZ',''),('30058','尘肺Ⅲ期伴活动性肺结核','','CFQBHDXFJH',''),('30059','职业性肺癌或胸膜间皮瘤','','ZYXFAHXMJP',''),('30060','职业性急性白血病','','ZYXJXBXB',''),('30061','急性重型再生障碍性贫血','','JXZXZSZAXP',''),('30062','慢性重度中毒性肝病','','MXZDZDXGB',''),('30063','肝血管肉瘤','','GXGRL',''),('30064','肾功能不全尿毒症期，内生肌酐清除率＜25mL/min或血浆肌酐水平持续＞450μmol/L（5mg/dL）','','SGNBQNDZQN',''),('30065','职业性膀胱癌','','ZYXBZA',''),('30066','放射性肿瘤','','FSXZL',''),('30067','精神病性症状表现为危险或冲动行为者','','JSBXZZBXWW',''),('30068','精神病性症状致使缺乏生活自理能力者','','JSBXZZZSQF',''),('30069','重度癫痫','','ZDZZ',''),('30070','偏瘫肌力3级','','PTJL3J',''),('30071','截瘫肌力3级','','JTJL3J',''),('30072','双足全肌瘫肌力≤2级','','SZQJTJL2J',''),('30073','中度运动障碍（非肢体瘫）','','ZDYDZAFZTT',''),('30074','完全性失用、失写、失读、失认等具有两项及两项以上者','','WQXSYSXSDS',''),('30075','全身重度瘢痕形成，占体表面积≥70%，伴有四肢大关节中2个以上活动功能受限','','QSZDZHXCZT',''),('30076','面部瘢痕或植皮≥2/3并有中度毁容','','MBZHHZP2/3',''),('30077','一手缺失，另一手拇指缺失','','YSQSLYSMZQ',''),('30078','双手拇、食指缺失或功能完全丧失','','SSMSZQSHGN',''),('30079','一侧肘上缺失','','YCZSQS',''),('30080','一手功能完全丧失，另一手拇指对掌功能丧失','','YSGNWQSSLY',''),('30081','双髋、双膝关节中，有一个关节缺失或无功能及另一关节伸屈活动达不到0°～90°者','','SZSXGJZYYG',''),('30082','一侧髋、膝关节畸形，功能完全丧失','','YCZXGJJXGN',''),('30083','非同侧腕上、踝上缺失','','FTCWSZSQS',''),('30084','非同侧上、下肢瘢痕畸形，功能完全丧失','','FTCSXZZHJX',''),('30085','一眼有或无光感，另眼矫正视力≤0.05或视野≤16%（半径≤10°）','','YYYHWGGLYJ',''),('30086','双眼矫正视力＜0.05或视野≤16%（半径≤10°）','','SYJZSL0.05',''),('30087','一侧眼球摘除或眶内容剜出，另眼矫正视力＜0.1或视野≤24％（或半径≤15°）','','YCYQZCHKNR',''),('30088','呼吸完全依赖气管套管或造口','','HXWQYLQGTG',''),('30089','静止状态下或仅轻微活动即有呼吸困难（喉源性）','','JZZTXHJQWH',''),('30090','同侧上、下颌骨完全缺损','','TCSXZGWQQS',''),('30091','一侧上颌骨完全缺损，伴颜面部软组织缺损＞30cm2','','YCSZGWQQSB',''),('30092','一侧下颌骨完全缺损，伴颜面部软组织缺损＞30cm2','','YCXZGWQQSB',''),('30093','舌缺损＞全舌的2/3','','SQSQSD2/3',''),('30094','一侧全肺切除并胸廓成形术','','YCQFQCBXKC',''),('30095','一侧胸廓成形术，肋骨切除6根以上','','YCXKCXSLGQ',''),('30096','一侧全肺切除并隆凸切除成形术','','YCQFQCBLTQ',''),('30097','一侧全肺切除并血管代用品重建大血管术','','YCQFQCBXGD',''),('30098','Ⅲ度房室传导阻滞','','DFSCDZZ',''),('30099','肝切除2/3，并肝功能中度损害','','GQC2/3BGGN',''),('30100','胰次全切除，胰岛素依赖','','YCQQCYDSYL',''),('30101','一侧肾切除，对侧肾功能不全失代偿期','','YCSQCDCSGN',''),('30102','双侧输尿管狭窄，肾功能不全失代偿期','','SCSNGXZSGN',''),('30103','永久性输尿管腹壁造瘘','','YJXSNGFBZZ',''),('30104','膀胱全切除','','BZQQC',''),('30105','尘肺Ⅲ期','','CFQ',''),('30106','尘肺II期伴肺功能中度损伤及（或）中度低氧血症','','CFIIQBFGNZ',''),('30107','尘肺II期合并活动性肺结核','','CFIIQHBHDX',''),('30108','放射性肺炎后两叶肺纤维化，伴肺功能中度损伤及（或）中度低氧血症','','FSXFYHLYFX',''),('30109','粒细胞缺乏症','','LXBQFZ',''),('30110','再生障碍性贫血','','ZSZAXPX',''),('30111','职业性慢性白血病','','ZYXMXBXB',''),('30112','中毒性血液病，骨髓增生异常综合征','','ZDXXYBGSZS',''),('30113','中毒性血液病，严重出血或血小板含量≤2×1010/L','','ZDXXYBYZCX',''),('30114','砷性皮肤癌','','SXPFA',''),('30115','放射性皮肤癌','','FSXPFA',''),('30116','中度智能损伤','','ZDZNSS',''),('30117','精神病性症状致使缺乏社交能力者','','JSBXZZZSQF',''),('30118','单肢瘫肌力≤2级','','DZTJL2J',''),('30119','双手部分肌瘫肌力≤2级','','SSBFJTJL2J',''),('30120','一手全肌瘫肌力≤2级','','YSQJTJL2J',''),('30121','脑脊液漏伴有颅底骨缺损不能修复或反复手术失败','','NJYLBYLDGQ',''),('30122','面部中度毁容','','MBZDHR',''),('30123','全身瘢痕面积≥60%，四肢大关节中1个关节活动功能受限','','QSZHMJ60%S',''),('30124','面部瘢痕或植皮≥1/2并有轻度毁容','','MBZHHZP1/2',''),('30125','双拇指完全缺失或无功能','','SMZWQQSHWG',''),('30126','一侧手功能完全丧失，另一手部分功能丧失','','YCSGNWQSSL',''),('30127','一侧膝以下缺失，另一侧前足缺失','','YCXYXQSLYC',''),('30128','一侧膝以上缺失','','YCXYSQS',''),('30129','一侧踝以下缺失，另一足畸形行走困难','','YCZYXQSLYZ',''),('30130','双膝以下缺失或无功能','','SXYXQSHWGN',''),('30131','一眼有或无光感，另眼矫正视力＜0.2或视野≤32%（或半径≤20°）','','YYYHWGGLYJ',''),('30132','一眼矫正视力＜0.05，另眼矫正视力≤0.1','','YYJZSL0.05',''),('30133','双眼矫正视力＜0.1或视野≤32%（或半径≤20°）','','SYJZSL0.1H',''),('30134','双耳听力损失≥91dB','','SETLSS91DB',''),('30135','牙关紧闭或因食管狭窄只能进流食','','YGJBHYSGXZ',''),('30136','一侧上颌骨缺损1/2，伴颜面部软组织缺损＞20cm2','','YCSZGQS1/2',''),('30137','下领骨缺损长6cm以上的区段，伴口腔、颜面软组织缺损＞20cm2','','XLGQSC6CMY',''),('30138','双侧颞下颌关节骨性强直，完全不能张口','','SCZXZGJGXQ',''),('30139','面颊部洞穿性缺损＞20cm2','','MJBDCXQS20',''),('30140','双侧完全性面瘫','','SCWQXMT',''),('30141','一侧全肺切除术','','YCQFQCS',''),('30142','双侧肺叶切除术','','SCFYQCS',''),('30143','肺叶切除后并胸廓成形术后','','FYQCHBXKCX',''),('30144','肺叶切除并隆凸切除成形术后','','FYQCBLTQCC',''),('30145','一侧肺移植术','','YCFYZS',''),('30146','心瓣膜置换术后','','XBMZHSH',''),('30147','心功能不全二级','','XGNBQEJ',''),('30148','食管重建术后吻合口狭窄，仅能进流食者','','SGZJSHWHKX',''),('30149','全胃切除','','QWQC',''),('30150','胰头、十二指肠切除','','YTSEZCQC',''),('30151','小肠切除3/4','','XCQC3/4',''),('30152','小肠切除2/3，包括回盲部切除','','XCQC2/3BKH',''),('30153','全结肠、直肠、肛门切除，回肠造瘘','','QJCZCGMQCH',''),('30154','外伤后肛门排便重度障碍或失禁','','WSHGMPBZDZ',''),('30155','肝切除2/3','','GQC2/3',''),('30156','肝切除1/2，肝功能轻度损害','','GQC1/2GGNQ',''),('30157','胆道损伤致肝功能中度损害','','DDSSZGGNZD',''),('30158','甲状腺功能重度损害','','JZXGNZDSH',''),('30159','肾修补术后，肾功能不全失代偿期','','SXBSHSGNBQ',''),('30160','输尿管修补术后，肾功能不全失代偿期','','SNGXBSHSGN',''),('30161','永久性膀胱造瘘','','YJXBZZZ',''),('30162','重度排尿障碍','','ZDPNZA',''),('30163','神经原性膀胱，残余尿≥50mL','','SJYXBZCYN5',''),('30164','尿道狭窄，需定期行扩张术','','NDXZXDQXKZ',''),('30165','双侧肾上腺缺损','','SCSSXQS',''),('30166','未育妇女双侧卵巢切除','','WYFNSCLCQC',''),('30167','尘肺II期','','CFIIQ',''),('30168','尘肺I期伴肺功能中度损伤或中度低氧血症','','CFIQBFGNZD',''),('30169','尘肺Ⅰ期伴活动性肺结核','','CFQBHDXFJH',''),('30170','病态窦房结综合征（需安装起搏器者）','','BTZFJZHZXA',''),('30171','肾上腺皮质功能明显减退','','SSXPZGNMXJ',''),('30172','免疫功能明显减退','','MYGNMXJT',''),('30173','癫痫中度','','ZZZD',''),('30174','四肢瘫肌力4级','','SZTJL4J',''),('30175','单肢瘫肌力3级','','DZTJL3J',''),('30176','双手部分肌瘫肌力3级','','SSBFJTJL3J',''),('30177','一手全肌瘫肌力3级','','YSQJTJL3J',''),('30178','双足全肌瘫肌力3级','','SZQJTJL3J',''),('30179','完全运动性失语','','WQYDXSY',''),('30180','完全性失用、失写、失读、失认等具有一项者','','WQXSYSXSDS',''),('30181','不完全性失用、失写、失读、失认等具有多项者','','BWQXSYSXSD',''),('30182','全身瘢痕占体表面积≥50%，并有关节活动功能受限','','QSZHZTBMJ5',''),('30183','面部瘢痕或植皮≥1/3并有毁容标准之一项','','MBZHHZP1/3',''),('30184','脊柱骨折后遗30°以上侧弯或后凸畸形，伴严重根性神经痛（以电生理检查为依据）','','JZGZHY30YS',''),('30185','一侧前臂缺失','','YCQBQS',''),('30186','一手功能完全丧失','','YSGNWQSS',''),('30187','肩、肘、腕关节之一功能完全丧失','','JZWGJZYGNW',''),('30188','一手拇指缺失，另一手除拇指外三指缺失','','YSMZQSLYSC',''),('30189','一手拇指无功能，另一手除拇指外三指功能丧失','','YSMZWGNLYS',''),('30190','双前足缺失或双前足瘢痕畸形，功能完全丧失','','SQZQSHSQZZ',''),('30191','双跟骨足底软组织缺损瘢痕形成，反复破溃','','SGGZDRZZQS',''),('30192','一髋（或一膝）功能完全丧失','','YZHYXGNWQS',''),('30193','一侧膝以下缺失','','YCXYXQS',''),('30194','第Ⅲ对脑神经麻痹','','DDNSJMB',''),('30195','双眼外伤性青光眼术后，需用药物维持眼压者','','SYWSXQGYSH',''),('30196','一眼有或无光感；另眼矫正视力≤0.3或视野≤40%（或半径≤25°）','','YYYHWGGLYJ',''),('30197','一眼矫正视力＜0.05，另眼矫正视力≤0.2～0.25','','YYJZSL0.05',''),('30198','一眼矫正视力＜0.1，另眼矫正视力等于0.1','','YYJZSL0.1L',''),('30199','双眼视野≤40%（或半径≤25°）','','SYSY40%HBJ',''),('30200','一侧眼球摘除者','','YCYQZCZ',''),('30201','双耳听力损失≥81dB','','SETLSS81DB',''),('30202','一般活动及轻工作时有呼吸困难','','YBHDJQGZSY',''),('30203','吞咽困难，仅能进半流食','','TYKNJNJBLS',''),('30204','双侧喉返神经损伤，喉保护功能丧失致饮食呛咳、误吸','','SCHFSJSSHB',''),('30205','一侧上颌骨缺损＞1/4，但＜1/2，伴软组织缺损＞10cm2，但＜20cm2','','YCSZGQS1/4',''),('30206','下颌骨缺损长4cm以上的区段，伴口腔、颜面软组织缺损＞10cm2','','XZGQSC4CMY',''),('30207','舌缺损＞1/3，但＜2/3','','SQS1/3D2/3',''),('30208','一侧完全面瘫，另一侧不完全面瘫','','YCWQMTLYCB',''),('30209','双肺叶切除术','','SFYQCS',''),('30210','肺叶切除术并血管代用品重建大血管术','','FYQCSBXGDY',''),('30211','隆凸切除成形术','','LTQCCXS',''),('30212','食管重建术后吻合口狭窄，仅能进半流食者','','SGZJSHWHKX',''),('30213','食管气管（或支气管）瘘','','SGQGHZQGZ',''),('30214','食管胸膜瘘','','SGXMZ',''),('30215','胃切除3/4','','WQC3/4',''),('30216','十二指肠憩室化','','SEZCZSH',''),('30217','小肠切除2/3，包括回肠大部','','XCQC2/3BKH',''),('30218','直肠、肛门切除，结肠部分切除，结肠造瘘','','ZCGMQCJCBF',''),('30219','肝切除1/2','','GQC1/2',''),('30220','胰切除2/3','','YQC2/3',''),('30221','甲状腺功能重度损害','','JZXGNZDSH',''),('30222','一侧肾切除，对侧肾功能不全代偿期','','YCSQCDCSGN',''),('30223','一侧输尿管狭窄，肾功能不全代偿期','','YCSNGXZSGN',''),('30224','尿道瘘不能修复者','','NDZBNXFZ',''),('30225','两侧睾丸、副睾丸缺损','','LCZWFZWQS',''),('30226','生殖功能重度损伤','','SZGNZDSS',''),('30227','双侧输精管缺损，不能修复','','SCSJGQSBNX',''),('30228','阴茎全缺损','','YJQQS',''),('30229','未育妇女子宫切除或部分切除','','WYFNZGQCHB',''),('30230','已育妇女双侧卵巢切除','','YYFNSCLCQC',''),('30231','未育妇女双侧输卵管切除','','WYFNSCSLGQ',''),('30232','阴道闭锁','','YDBS',''),('30233','会阴部瘢痕孪缩伴有阴道或尿道或肛门狭窄','','HYBZHLSBYY',''),('30234','未育妇女双侧乳腺切除','','WYFNSCRXQC',''),('30235','肺功能中度损伤','','FGNZDSS',''),('30236','中度低氧血症','','ZDDYXZ',''),('30237','莫氏Ⅱ型Ⅱ度房室传导阻滞','','MSXDFSCDZZ',''),('30238','病态窦房结综合征（不需安起博器者）','','BTZFJZHZBX',''),('30239','中毒性血液病，血小板减少（≤4×1010/L）并有出血倾向','','ZDXXYBXXBJ',''),('30240','中毒性血液病，白细胞含量持续＜3×109/L（＜3000/mm3）或粒细胞含量＜1.5×109/L（1500/mm3）','','ZDXXYBBXBH',''),('30241','慢性中度中毒性肝病','','MXZDZDXGB',''),('30242','肾功能不全失代偿期，内生肌酐清除率持续＜50mL/min或血浆肌酐水平持续＞177μmol/L（＞2mg/dL）','','SGNBQSDCQN',''),('30243','放射性损伤致睾丸萎缩','','FSXSSZZWWS',''),('30244','慢性重度磷中毒','','MXZDLZD',''),('30245','重度手臂振动病','','ZDSBZDB',''),('30246','轻度智能损伤','','QDZNSS',''),('30247','精神病性症状影响职业劳动能力者','','JSBXZZYXZY',''),('30248','三肢瘫肌力4级','','SZTJL4J',''),('30249','截瘫双下肢肌力4级伴轻度排尿障碍','','JTSXZJL4JB',''),('30250','双手全肌瘫肌力4级','','SSQJTJL4J',''),('30251','双足部分肌瘫肌力≤2级','','SZBFJTJL2J',''),('30252','单足全肌瘫肌力≤2级','','DZQJTJL2J',''),('30253','轻度运动障碍（非肢体瘫）','','QDYDZAFZTT',''),('30254','不完全性失语','','BWQXSY',''),('30255','面部重度异物色素沉着或脱失','','MBZDYWSSCZ',''),('30256','面部瘢痕或植皮≥1／3','','MBZHHZP13',''),('30257','全身瘢痕面积≥40％','','QSZHMJ40',''),('30258','撕脱伤后头皮缺失1／5以上','','STSHTPQS15',''),('30259','脊柱骨折后遗小于30。畸形伴根性神经痛（神经电生理检查不正常）','','JZGZHYXY30',''),('30260','单纯一拇指完全缺失，或连同另一手非拇指二指缺失','','DCYMZWQQSH',''),('30261','一拇指功能完全丧失，另一手除拇指外有二指功能完全丧失','','YMZGNWQSSL',''),('30262','一手三指（含拇指）缺失','','YSSZHMZQS',''),('30263','除拇指外其余四指缺失或功能完全丧失','','CMZWQYSZQS',''),('30264','一侧踝以下缺失','','YCZYXQS',''),('30265','一侧踝关节畸形，功能完全丧失','','YCZGJJXGNW',''),('30266','下肢骨折成角畸形＞15°，并有肢体短缩4cm以上','','XZGZCJJX15',''),('30267','一前足缺失，另一足仅残留拇趾','','YQZQSLYZJC',''),('30268','一前足缺失，另一足除拇趾外。2～5趾畸形，功能丧失','','YQZQSLYZCM',''),('30269','一足功能丧失，另一足部分功能丧失','','YZGNSSLYZB',''),('30270','一髋或一膝关节伸屈活动达不到0°～90°者','','YZHYXGJSQH',''),('30271','单侧跟骨足底软组织缺损瘢痕形成，反复破溃','','DCGGZDRZZQ',''),('30272','一眼有或无光感，另一眼矫正视力≥0.4','','YYYHWGGLYY',''),('30273','一眼矫正视力≤0.05，另一眼矫正视力≥0.3','','YYJZSL0.05',''),('30274','一眼矫正视力≤0.1，另一眼矫正视力≥0.2','','YYJZSL0.1L',''),('30275','双眼矫正视力≤0.2或视野≤48％（或半径≤30°）','','SYJZSL0.2H',''),('30276','第Ⅳ或第Ⅵ对脑神经麻痹，或眼外肌损伤致复视的','','DHDDNSJMBH',''),('30277','双耳听力损失≥71dB','','SETLSS71DB',''),('30278','双侧前庭功能丧失，睁眼行走困难，不能并足站立','','SCQTGNSSZY',''),('30279','单侧或双侧颞下颌关节强直，张口困难Ⅲ°','','DCHSCZXZGJ',''),('30280','一侧上颌骨缺损1／4，伴口腔、颜面软组织缺损＞10cm2','','YCSZGQS14B',''),('30281','面部软组织缺损＞20cm2，伴发涎瘘','','MBRZZQS20C',''),('30282','舌缺损＞1／3，但＜1／2','','SQS13D12',''),('30283','双侧颧骨并颧弓骨折，伴有开口困难Ⅱ。以上及颜面部畸形经手术复位者','','SCQGBQGGZB',''),('30284','双侧下颌骨髁状突颈部骨折，伴有开口困难Ⅱ。以上及咬合关系改变，经手术治疗者','','SCXZGZZTJB',''),('30285','一侧完全性面瘫','','YCWQXMT',''),('30286','肺叶切除并肺段或楔形切除术','','FYQCBFDHXX',''),('30287','肺叶切除并支气管成形术后','','FYQCBZQGCX',''),('30288','支气管（或气管）胸膜瘘','','ZQGHQGXMZ',''),('30289','冠状动脉旁路移植术','','GZDMPLYZS',''),('30290','血管代用品重建大血管','','XGDYPZJDXG',''),('30291','胃切除2／3','','WQC23',''),('30292','小肠切除1／2，包括回盲部','','XCQC12BKHM',''),('30293','肛门外伤后排便轻度障碍或失禁','','GMWSHPBQDZ',''),('30294','肝切除1／3','','GQC13',''),('30295','胆道损伤致肝功能轻度损伤','','DDSSZGGNQD',''),('30296','腹壁缺损面积≥腹壁的1／4','','FBQSMJFBD1',''),('30297','胰切除1／2','','YQC12',''),('30298','青年脾切除','','QNPQC',''),('30299','甲状腺功能中度损害','','JZXGNZDSH',''),('30300','甲状旁腺功能中度损害','','JZPXGNZDSH',''),('30301','肾损伤性高血压','','SSSXGXY',''),('30302','膀胱部分切除合并轻度排尿障碍','','BZBFQCHBQD',''),('30303','两侧睾丸创伤后萎缩，血睾酮低于正常值','','LCZWCSHWSX',''),('30304','生殖功能轻度损伤','','SZGNQDSS',''),('30305','阴茎部分缺损','','YJBFQS',''),('30306','已育妇女双侧乳腺切除','','YYFNSCRXQC',''),('30307','女性双侧乳房完全缺损或严重瘢痕畸形','','NXSCRFWQQS',''),('30308','尘肺I期伴肺功能轻度损伤及（或）轻度低氧血症','','CFIQBFGNQD',''),('30309','放射性肺炎后肺纤维化（＜两叶），伴肺功能轻度损伤及（或）轻度低氧血症','','FSXFYHFXWH',''),('30310','其他职业性肺部疾患，伴肺功能轻度损伤','','QTZYXFBJHB',''),('30311','白血病完全缓解','','BXBWQHJ',''),('30312','中毒性肾病，持续性低分子蛋白尿伴白蛋白尿','','ZDXSBCXXDF',''),('30313','中毒性肾病，肾小管浓缩功能减退','','ZDXSBSXGNS',''),('30314','肾上腺皮质功能轻度减退','','SSXPZGNQDJ',''),('30315','放射性损伤致甲状腺功能低下','','FSXSSZJZXG',''),('30316','减压性骨坏死Ⅲ期','','JYXGHSQ',''),('30317','中度手臂振动病','','ZDSBZDB',''),('30318','工业性氟病Ⅲ期','','GYXFBQ',''),('30319','偏瘫肌力4级','','PTJL4J',''),('30320','截瘫肌力4级','','JTJL4J',''),('30321','单手部分肌瘫肌力3级','','DSBFJTJL3J',''),('30322','双足部分肌瘫肌力3级','','SZBFJTJL3J',''),('30323','单足全肌瘫肌力3级','','DZQJTJL3J',''),('30324','中毒性周围神经病重度感觉障碍','','ZDXZWSJBZD',''),('30325','不完全性失用、失写、失读和失认等具有一项者','','BWQXSYSXSD',''),('30326','符合重度毁容标准之二项者','','FHZDHRBZZE',''),('30327','烧伤后颅骨全层缺损≥30cm2，或在硬脑膜上植皮面积≥10cm2','','SSHLGQCQS3',''),('30328','颈部瘢痕孪缩，影响颈部活动','','JBZHLSYXJB',''),('30329','全身瘢痕面积≥30％','','QSZHMJ30',''),('30330','面部瘢痕、异物或植皮伴色素改变占面部的10％以上','','MBZHYWHZPB',''),('30331','女性两侧乳房部分缺损','','NXLCRFBFQS',''),('30332','骨盆骨折后遗产道狭窄（未育者）','','GPGZHYCDXZ',''),('30333','骨盆骨折严重移位，症状明显者','','GPGZYZYWZZ',''),('30334','一拇指指间关节离断','','YMZZJGJLD',''),('30335','一拇指指间关节畸形，功能完全丧失','','YMZZJGJJXG',''),('30336','一手除拇指外，其他2～3指（含食指）近侧指间关节离断','','YSCMZWQT23',''),('30337','一手除拇指外，其他2～3指（含食指）近侧指间关节功能丧失','','YSCMZWQT23',''),('30338','肩、肘、腕关节之一损伤后活动度未达功能位者','','JZWGJZYSSH',''),('30339','一足1～5趾缺失','','YZ15ZQS',''),('30340','一足除拇趾外，其他四趾瘢痕畸形，功能完全丧失','','YZCMZWQTSZ',''),('30341','一前足缺失','','YQZQS',''),('30342','四肢大关节人工关节术后，基本能生活自理','','SZDGJRGGJS',''),('30343','四肢大关节创伤性关节炎，长期反复积液','','SZDGJCSXGJ',''),('30344','下肢伤后短缩＞2cm，但＜3cm者','','XZSHDS2CMD',''),('30345','膝关节韧带损伤术后关节不稳定，伸屈功能正常者','','XGJRDSSSHG',''),('30346','一眼有或无光感，另眼矫正视力≥0.8','','YYYHWGGLYJ',''),('30347','一眼有或无光感，另一眼各种客观检查正常','','YYYHWGGLYY',''),('30348','一眼矫正视力≤0.05，另眼矫正视力≥0.6','','YYJZSL0.05',''),('30349','一眼矫正视力≤0.1，另跟矫正视力≥0.4','','YYJZSL0.1L',''),('30350','双眼矫正视力≤0.3或视野≤64％（或半径≤40°）','','SYJZSL0.3H',''),('30351','单眼外伤性青光跟术后，需用药物维持眼压者','','DYWSXQGGSH',''),('30352','双耳听力损失≥56dB','','SETLSS56DB',''),('30353','咽成形术后，咽下运动不正常','','YCXSHYXYDB',''),('30354','牙槽骨损伤长度≥8cm，牙齿脱落10个及以上','','YCGSSCD8CM',''),('30355','一侧颧骨并颧弓骨折','','YCQGBQGGZ',''),('30356','一侧下颌骨髁状突颈部骨折','','YCXZGZZTJB',''),('30357','双侧颧骨并颧弓骨折，无功能障碍者','','SCQGBQGGZW',''),('30358','单侧颧骨并颧弓骨折，伴有开口困难Ⅱ。以上及颜面部畸形经手术复位者','','DCQGBQGGZB',''),('30359','双侧不完全性面瘫','','SCBWQXMT',''),('30360','肺叶切除术','','FYQCS',''),('30361','限局性脓胸行部分胸廓成形术','','XJXNXXBFXK',''),('30362','气管部分切除术','','QGBFQCS',''),('30363','肺功能轻度损伤','','FGNQDSS',''),('30364','食管重建术后伴返流性食管炎','','SGZJSHBFLX',''),('30365','食管外伤或成形术后咽下运动不正常','','SGWSHCXSHY',''),('30366','胃切除1／2','','WQC12',''),('30367','小肠切除1／2','','XCQC12',''),('30368','结肠大部分切除','','JCDBFQC',''),('30369','肝切除1／4','','GQC14',''),('30370','胆道损伤，胆肠吻合术后','','DDSSDCWHSH',''),('30371','成人脾切除','','CRPQC',''),('30372','胰切除1／3','','YQC13',''),('30373','一侧肾切除','','YCSQC',''),('30374','膀胱部分切除','','BZBFQC',''),('30375','轻度排尿障碍','','QDPNZA',''),('30376','已育妇女子宫切除或部分切除','','YYFNZGQCHB',''),('30377','未育妇女单侧卵巢切除','','WYFNDCLCQC',''),('30378','已育妇女双侧输卵管切除','','YYFNSCSLGQ',''),('30379','阴道狭窄','','YDXZ',''),('30380','未育妇女单侧乳腺切除','','WYFNDCRXQC',''),('30381','尘肺I期，肺功能正常','','CFIQFGNZC',''),('30382','放射性肺炎后肺纤维化（＜两叶），肺功能正常','','FSXFYHFXWH',''),('30383','轻度低氧血症','','QDDYXZ',''),('30384','心功能不全一级','','XGNBQYJ',''),('30385','再生障碍性贫血完全缓解','','ZSZAXPXWQH',''),('30386','白细胞减少症，[含量持续＜4×109／L（4000／mm3）]','','BXBJSZ[HLC',''),('30387','中性粒细胞减少症，[含量持续＜2×109／L（2000／mm3）]','','ZXLXBJSZ[H',''),('30388','慢性轻度中毒性肝病','','MXQDZDXGB',''),('30389','肾功能不全代偿期，内生肌酐清除率＜70mL／min','','SGNBQDCQNS',''),('30390','三度牙酸蚀病','','SDYSSB',''),('30391','人格改变','','RGGB',''),('30392','单肢体瘫肌力4级','','DZTTJL4J',''),('30393','单手全肌瘫肌力4级','','DSQJTJL4J',''),('30394','双手部分肌瘫肌力4级','','SSBFJTJL4J',''),('30395','双足部分肌瘫肌力4级','','SZBFJTJL4J',''),('30396','单足部分肌瘫肌力≤3级','','DZBFJTJL3J',''),('30397','脑叶切除术后无功能障碍','','NYQCSHWGNZ',''),('30398','符合重度毁容标准之一项者','','FHZDHRBZZY',''),('30399','面部烧伤植皮≥1／5','','MBSSZP15',''),('30400','面部轻度异物沉着或色素脱失','','MBQDYWCZHS',''),('30401','双侧耳廓部分或一侧耳廓大部分缺损','','SCEKBFHYCE',''),('30402','全身瘢痕面积≥20％','','QSZHMJ20',''),('30403','女性一侧乳房缺损或严重瘢痕畸形','','NXYCRFQSHY',''),('30404','一侧或双侧眼睑明显缺损','','YCHSCYZMXQ',''),('30405','脊椎压缩骨折，椎体前缘总体高度减少1／2以上者','','JZYSGZZTQY',''),('30406','一手除拇、食指外，有两指近侧指间关节离断','','YSCMSZWYLZ',''),('30407','一手除拇、食指外，有两指近侧指间关节无功能','','YSCMSZWYLZ',''),('30408','一足拇趾缺失，另一足非拇趾一趾缺失','','YZMZQSLYZF',''),('30409','一足拇趾畸形，功能完全丧失，另一足非拇趾一趾畸形','','YZMZJXGNWQ',''),('30410','一足除拇趾外，其他三趾缺失','','YZCMZWQTSZ',''),('30411','因开放骨折感染形成慢性骨髓炎，反复发作者','','YKFGZGRXCM',''),('30412','四肢大关节创伤性关节炎，无积液','','SZDGJCSXGJ',''),('30413','急性放射皮肤损伤Ⅳ度及慢性放射性皮肤损伤手术治疗后影响肢体功能','','JXFSPFSSDJ',''),('30414','放射性皮肤溃疡经久不愈者','','FSXPFKYJJB',''),('30415','一眼矫正视力≤0.2，另眼矫正视力≥0.5','','YYJZSL0.2L',''),('30416','双眼矫正视力等于0.4','','SYJZSLDY0.',''),('30417','双眼视野≤80％（或半径≤50°）','','SYSY80HBJ5',''),('30418','一侧或双侧睑外翻或睑闭合不全者','','YCHSCZWFHZ',''),('30419','上睑下垂盖及瞳孔1／3者','','SZXCGJTK13',''),('30420','睑球粘连影响眼球转动者','','ZQZLYXYQZD',''),('30421','外伤性青光眼行抗青光眼手术后眼压控制正常者','','WSXQGYXKQG',''),('30422','双耳听力损失≥41dB或一耳≥91dB','','SETLSS41DB',''),('30423','体力劳动时有呼吸困难','','TLLDSYHXKN',''),('30424','发声及言语困难','','FSJYYKN',''),('30425','牙槽骨损伤长度≥6cm，牙齿脱落8个及以上','','YCGSSCD6CM',''),('30426','舌缺损＜舌的1／3','','SQSSD13',''),('30427','双侧鼻腔或鼻咽部闭锁','','SCBQHBYBBS',''),('30428','双侧颞下颌关节强直，张口困难Ⅱ°','','SCZXZGJQZZ',''),('30429','上、下颌骨骨折，经牵引、固定治疗后有功能障碍者','','SXZGGZJQYG',''),('30430','双侧颧骨并颧弓骨折，无开口困难，颜面部凹陷畸形不明显，不需手术复位','','SCQGBQGGZW',''),('30431','肺段切除术','','FDQCS',''),('30432','支气管成形术','','ZQGCXS',''),('30433','双侧多根多处肋骨骨折致胸廓畸形','','SCDGDCLGGZ',''),('30434','膈肌破裂修补术后，伴膈神经麻痹','','ZJPLXBSHBZ',''),('30435','心脏、大血管修补术','','XZDXGXBS',''),('30436','心脏异物滞留或异物摘除术','','XZYWZLHYWZ',''),('30437','食管重建术后，进食正常者','','SGZJSHJSZC',''),('30438','胃部分切除','','WBFQC',''),('30439','十二指肠带蒂肠片修补术','','SEZCDDCPXB',''),('30440','小肠部分切除','','XCBFQC',''),('30441','结肠部分切除','','JCBFQC',''),('30442','肝部分切除','','GBFQC',''),('30443','胆道修补术','','DDXBS',''),('30444','腹壁缺损面积＜腹壁的1／4','','FBQSMJFBD1',''),('30445','脾部分切除','','PBFQC',''),('30446','胰部分切除','','YBFQC',''),('30447','甲状腺功能轻度损害','','JZXGNQDSH',''),('30448','甲状旁腺功能轻度损害','','JZPXGNQDSH',''),('30449','输尿管修补术','','SNGXBS',''),('30450','尿道修补术','','NDXBS',''),('30451','一侧睾丸、副睾丸切除','','YCZWFZWQC',''),('30452','一侧输精管缺损，不能修复','','YCSJGQSBNX',''),('30453','性功能障碍','','XGNZA',''),('30454','一侧肾上腺缺损','','YCSSXQS',''),('30455','已育妇女单侧卵巢切除','','YYFNDCLCQC',''),('30456','已育妇女单侧输卵管切除','','YYFNDCSLGQ',''),('30457','已育妇女单侧乳腺切除','','YYFNDCRXQC',''),('30458','其他职业性肺疾患，肺功能正常','','QTZYXFJHFG',''),('30459','中毒性肾病，持续低分子蛋白尿','','ZDXSBCXDFZ',''),('30460','慢性中度磷中毒','','MXZDLZD',''),('30461','工业性氟病Ⅱ期','','GYXFBQ',''),('30462','减压性骨坏死Ⅱ期','','JYXGHSQ',''),('30463','轻度手臂振动病','','QDSBZDB',''),('30464','二度牙酸蚀','','EDYSS',''),('30465','癫痫轻度','','ZZQD',''),('30466','中毒性周围神经病轻度感觉障碍','','ZDXZWSJBQD',''),('30467','脑挫裂伤无功能障碍','','NCLSWGNZA',''),('30468','开颅手术后无功能障碍者','','KLSSHWGNZA',''),('30469','颅内异物无功能障碍','','LNYWWGNZA',''),('30470','颈部外伤致颈总、颈内动脉狭窄，支架置人或血管搭桥手术后无功能障碍','','JBWSZJZJND',''),('30471','符合中度毁容标准之二项或轻度毁容者','','FHZDHRBZZE',''),('30472','发际边缘瘢痕性秃发或其他部位秃发，需戴假发者','','FJBYZHXTFH',''),('30473','颈部瘢痕畸形，不影响活动','','JBZHJXBYXH',''),('30474','全身瘢痕占体表面积≥5％','','QSZHZTBMJ5',''),('30475','面部有≥8cm2或三处以上≥1cm2的瘢痕','','MBY8CM2HSC',''),('30476','两个以上横突骨折后遗腰痛','','LGYSHTGZHY',''),('30477','三个节段脊柱内固定术','','SGJDJZNGDS',''),('30478','脊椎压缩前缘高度＜1／2者','','JZYSQYGD12',''),('30479','椎间盘切除术后无功能障碍','','ZJPQCSHWGN',''),('30480','一拇指末节部分1／2缺失','','YMZMJBF12Q',''),('30481','一手食指2～3节缺失','','YSSZ23JQS',''),('30482','一拇指指间关节功能丧失','','YMZZJGJGNS',''),('30483','一足拇趾末节缺失','','YZMZMJQS',''),('30484','除拇趾外其他二趾缺失或瘢痕畸形，功能不全','','CMZWQTEZQS',''),('30485','跖骨或跗骨骨折影响足弓者','','ZGHZGGZYXZ',''),('30486','患肢外伤后一年仍持续存在下肢中度以上凹陷性水肿者','','HZWSHYNRCX',''),('30487','骨折内固定术后，无功能障碍者','','GZNGDSHWGN',''),('30488','外伤后膝关节半月板切除、髌骨切除、膝关节交叉韧带修补术后无功能障碍','','WSHXGJBYBQ',''),('30489','第V对脑神经眼支麻痹','','DVDNSJYZMB',''),('30490','眶壁骨折致眼球内陷、两眼球突出度相差＞2mm或错位变形影响外观者','','KBGZZYQNXL',''),('30491','一眼矫正视力≤0.3，另眼矫正视力＞0.6','','YYJZSL0.3L',''),('30492','双眼矫正视力等于0.5','','SYJZSLDY0.',''),('30493','泪器损伤，手术无法改进溢泪者','','LQSSSSWFGJ',''),('30494','双耳听力损失≥31dB或一耳损失≥71dB','','SETLSS31DB',''),('30495','发声及言语不畅','','FSJYYBC',''),('30496','铬鼻病有医疗依赖','','GBBYYLYL',''),('30497','牙槽骨损伤长度＞4cm，牙脱落4个及以上','','YCGSSCD4CM',''),('30498','上、下颌骨骨折，经牵引、固定治疗后无功能障碍者','','SXZGGZJQYG',''),('30499','肺修补术','','FXBS',''),('30500','肺内异物滞留或异物摘除术','','FNYWZLHYWZ',''),('30501','膈肌修补术','','ZJXBS',''),('30502','限局性脓胸行胸膜剥脱术','','XJXNXXXMBT',''),('30503','食管修补术','','SGXBS',''),('30504','胃修补术后','','WXBSH',''),('30505','十二指肠修补术','','SEZCXBS',''),('30506','小肠修补术后','','XCXBSH',''),('30507','结肠修补术后','','JCXBSH',''),('30508','肝修补术后','','GXBSH',''),('30509','胆囊切除','','DNQC',''),('30510','开腹探查术后','','KFTCSH',''),('30511','脾修补术后','','PXBSH',''),('30512','胰修补术后','','YXBSH',''),('30513','肾修补术后','','SXBSH',''),('30514','膀胱修补术后','','BZXBSH',''),('30515','子宫修补术后','','ZGXBSH',''),('30516','一侧卵巢部分切除','','YCLCBFQC',''),('30517','阴道修补或成形术后','','YDXBHCXSH',''),('30518','乳腺成形术后','','RXCXSH',''),('30519','符合中度毁容标准之一项者','','FHZDHRBZZY',''),('30520','面部有瘢痕，植皮，异物色素沉着或脱失＞2cm2','','MBYZHZPYWS',''),('30521','全身瘢痕面积＜5％，但≥1％','','QSZHMJ5D1',''),('30522','外伤后受伤节段脊柱骨性关节炎伴腰痛，年龄在50岁以下者','','WSHSSJDJZG',''),('30523','椎间盘突出症未做手术者','','ZJPTCZWZSS',''),('30524','一手指除拇指外，任何一指远侧指间关节离断或功能丧失','','YSZCMZWRHY',''),('30525','指端植皮术后（增生性瘢痕1cm2以上）','','ZDZPSHZSXZ',''),('30526','手背植皮面积＞50cm2，并有明显瘢痕','','SBZPMJ50CM',''),('30527','手掌、足掌植皮面积＞30％者','','SZZZZPMJ30',''),('30528','除拇指外，余3～4指末节缺失','','CMZWY34ZMJ',''),('30529','除拇趾外，任何一趾末节缺失','','CMZWRHYZMJ',''),('30530','足背植皮面积＞100cm2','','ZBZPMJ100C',''),('30531','膝关节半月板损伤、膝关节交叉韧带损伤未做手术者','','XGJBYBSSXG',''),('30532','身体各部位骨折愈合后无功能障碍','','STGBWGZYHH',''),('30533','一手或两手慢性放射性皮肤损伤Ⅱ度及Ⅱ度以上者','','YSHLSMXFSX',''),('30534','一眼矫正视力≤0.5，另一跟矫正视力≥0.8','','YYJZSL0.5L',''),('30535','双眼矫正视力≤0.8','','SYJZSL0.8',''),('30536','一侧或双侧睑外翻或睑闭合不全行成形手术后矫正者','','YCHSCZWFHZ',''),('30537','上睑下垂盖及瞳孔1／3行成形手术后矫正者','','SZXCGJTK13',''),('30538','睑球粘连影响眼球转动行成形手术后矫正者','','ZQZLYXYQZD',''),('30539','职业性及外伤性白内障术后人工晶状体跟，矫正视力正常者','','ZYXJWSXBNZ',''),('30540','职业性及外伤性白内障，矫正视力正常者','','ZYXJWSXBNZ',''),('30541','晶状体部分脱位','','JZTBFTW',''),('30542','眶内异物未取出者','','KNYWWQCZ',''),('30543','眼球内异物未取出者','','YQNYWWQCZ',''),('30544','外伤性瞳孔放大','','WSXTKFD',''),('30545','角巩膜穿通伤治愈者','','JGMCTSZYZ',''),('30546','双耳听力损失≥26dB，或一耳≥56dB','','SETLSS26DB',''),('30547','双侧前庭功能丧失，闭眼不能并足站立','','SCQTGNSSBY',''),('30548','铬鼻病（无症状者）','','GBBWZZZ',''),('30549','嗅觉丧失','','XJSS',''),('30550','牙齿除智齿以外，切牙脱落1个以上或其他牙脱落2个以上','','YCCZCYWQYT',''),('30551','一侧颞下颌关节强直，张口困难I度','','YCZXZGJQZZ',''),('30552','鼻窦或面颊部有异物未取出','','BZHMJBYYWW',''),('30553','单侧鼻腔或鼻孔闭锁','','DCBQHBKBS',''),('30554','鼻中隔穿孔','','BZGCK',''),('30555','一侧不完全性面瘫','','YCBWQXMT',''),('30556','血、气胸行单纯闭式引流术后，胸膜粘连增厚','','XQXXDCBSYL',''),('30557','开胸探查术后','','KXTCSH',''),('30558','肝外伤保守治疗后','','GWSBSZLH',''),('30559','胰损伤保守治疗后','','YSSBSZLH',''),('30560','脾损伤保守治疗后','','PSSBSZLH',''),('30561','肾损伤保守治疗后','','SSSBSZLH',''),('30562','膀胱外伤保守治疗后','','BZWSBSZLH',''),('30563','卵巢修补术后','','LCXBSH',''),('30564','输卵管修补术后','','SLGXBSH',''),('30565','乳腺修补术后','','RXXBSH',''),('30566','免疫功能轻度减退','','MYGNQDJT',''),('30567','慢性轻度磷中毒','','MXQDLZD',''),('30568','工业性氟病I期','','GYXFBIQ',''),('30569','煤矿井下工人滑囊炎','','MKJXGRHNY',''),('30570','减压性骨坏死I期','','JYXGHSIQ',''),('30571','一度牙酸蚀病','','YDYSSB',''),('30572','职业性皮肤病久治不愈','','ZYXPFBJZBY',''),('20001','植物状态','','ZWZT',''),('20002','极度智力缺损(智商20以下)或精神障碍，日常生活完全不能自理','','JDZLQS(ZS2',''),('20003','四肢瘫(三肢以上肌力3级以下)','','SZT(SZYSJL',''),('20004','截瘫(肌力2级以下)伴大便和小便失禁','','JT(JL2JYX)',''),('20005','双侧眼球缺失','','SCYQQS',''),('20006','一侧眼球缺失，另一侧眼严重畸形伴盲目5级','','YCYQQSLYCY',''),('20007','脊柱胸段损伤致严重畸形愈合，呼吸功能严重障碍','','JZXDSSZYZJ',''),('20008','颈部损伤致呼吸和吞咽功能严重障碍','','JBSSZHXHTY',''),('20009','肺叶切除或双侧胸膜广泛严重粘连或胸廓严重畸形，呼吸功能严重障碍','','FYQCHSCXMG',''),('20010','心功不全，心功Ⅳ级；或心功能不全，心功能Ⅲ级伴明显器质性心律失常','','XGBQXGJHXG',''),('20011','胃、肠、消化腺等部分切除，消化吸收功能严重障碍，日常生活完全不能自理','','WCXHXDBFQC',''),('20012','双侧肾切除或完全丧失功能，日常生活完全不能自理','','SCSQCHWQSS',''),('20013','三肢以上缺失(上肢在腕关节以上，下肢在踝关节以上','','SZYSQS(SZZ',''),('20014','二肢缺失(上肢在肘关节以上，下肢在膝关节以上)，另一肢丧失功能50%以上','','EZQS(SZZZG',''),('20015','二肢缺失(上肢在腕关节以上，下肢在踝关节以上)，第三肢完全丧失功能','','EZQS(SZZWG',''),('20016','一肢缺失(上肢在肘关节以上，下肢在踝关节以上)，第二肢完全丧失功能，第三肢丧失功能50%以上','','YZQS(SZZZG',''),('20017','一肢缺失(上肢在腕关节以上，下肢在踝关节以上)，另二肢完全丧失功能','','YZQS(SZZWG',''),('20018','三肢完全丧失功能','','SZWQSSGN',''),('20019','皮肤损伤致瘢痕形成达体表面积76%以上','','PFSSZZHXCD',''),('20020','重度智力缺损(智商34以下)或精神障碍，日常生活需随时有人帮助才能完成','','ZDZLQS(ZS3',''),('20021','完全性失语','','WQXSY',''),('20022','双眼盲目5级','','SYMM5J',''),('20023','四肢瘫(二肢以上肌力2级以下)','','SZT(EZYSJL',''),('20024','偏瘫或截瘫(肌力2级以下)','','PTHJT(JL2J',''),('20025','一侧眼球缺失，另一眼盲目4级；或一侧眼球缺失，另一侧眼严重畸形伴盲目3级以上','','YCYQQSLYYM',''),('20026','双侧眼睑重度下垂(或严重畸形)伴双眼盲目4级以上；或一侧眼睑重度下垂(或严重畸形)，该眼盲目4级以上，另一眼盲目5级','','SCYZZDXC(H',''),('20027','双眼盲目5级','','SYMM5J',''),('20028','双耳极度听觉障碍伴双侧耳廓缺失(或严重畸形)；或双耳极度听觉障碍伴一侧耳廓缺失，另一侧耳廓严重畸形','','SEJDTJZABS',''),('20029','全面部瘢痕形成','','QMBZHXC',''),('20030','脊柱胸段损伤致严重畸形愈合，呼吸功能障碍','','JZXDSSZYZJ',''),('20031','颈部损伤致呼吸和吞咽功能障碍','','JBSSZHXHTY',''),('20032','肺叶切除或胸膜广泛严重粘连或胸廓畸形，呼吸功能障碍','','FYQCHXMGFY',''),('20033','心功能不全，心功能Ⅲ级；或心功能不全，心功能Ⅱ级伴明显器质性心律失常','','XGNBQXGNJH',''),('20034','腹部损伤致一侧肾切除或完全丧失功能，另一侧肾功能重度障碍','','FBSSZYCSQC',''),('20035','二肢缺失(上肢在肘关节以上，下肢在膝关节以上)','','EZQS(SZZZG',''),('20036','一肢缺失(上肢在肘关节以上，下肢在膝关节以上)，另一肢完全丧失功能','','YZQS(SZZZG',''),('20037','二肢以上完全丧失功能','','EZYSWQSSGN',''),('20038','皮肤损伤致瘢痕形成达体表面积68%以上','','PFSSZZHXCD',''),('20039','重度智力缺损或精神障碍，不能完全独立生活，需经常有人监护','','ZDZLQSHJSZ',''),('20041','双侧严重面瘫，难以恢复','','SCYZMTNYHF',''),('20042','严重不自主运动或共济失调','','YZBZZYDHGJ',''),('20043','四肢瘫(二肢以上肌力3级以下)','','SZT(EZYSJL',''),('20044','偏瘫或截瘫(肌力3级以下)','','PTHJT(JL3J',''),('20045','大便或小便失禁，难以恢复','','DBHXBSJNYH',''),('20046','一侧眼球缺失，另一眼盲目3级；或一侧眼球缺失，另一侧眼严重畸形伴低视力2级','','YCYQQSLYYM',''),('20047','双侧眼睑重度下垂(或严重畸形)伴双眼盲目3级以上；或一侧眼睑重度下垂(或严重畸形)，该眼盲目3级以上，另一眼盲目4级以上','','SCYZZDXC(H',''),('20048','双眼盲目4级以上','','SYMM4JYS',''),('20049','双眼视野接近完全缺损(直径小于5°)','','SYSYJJWQQS',''),('20050','上颌骨、下颌骨缺损，牙齿脱落24枚以上','','SZGXZGQSYC',''),('20051','双耳极度听觉障碍伴一侧耳廓缺失(或严重畸形)','','SEJDTJZABY',''),('20052','一耳极度听觉障碍，另一耳重度听觉障碍，伴一侧耳廓缺失(或严重畸形)，另一侧耳廓缺失(或畸形)50%以上','','YEJDTJZALY',''),('20053','双耳重度听觉障碍伴双侧耳廓缺失(或严重畸形)；或双耳重度听觉障碍伴一侧耳廓缺失，另一侧耳廓严重畸形','','SEZDTJZABS',''),('20054','面部瘢痕形成80%以上','','MBZHXC80%Y',''),('20055','脊柱胸段损伤致严重畸形愈合，严重影响呼吸功能','','JZXDSSZYZJ',''),('20056','瘢痕形成，颈部活动度完全丧失','','ZHXCJBHDDW',''),('20057','严重影响呼吸和吞咽功能','','YZYXHXHTYG',''),('20058','肺叶切除或胸膜广泛粘连或胸廓畸形，严重影响呼吸功能','','FYQCHXMGFZ',''),('20059','心功能不全，心功能Ⅱ级伴器质性心律失常；或心功能Ⅰ级伴明显器质性心律失常','','XGNBQXGNJB',''),('20060','胃、肠、消化腺等部分切除，消化吸收功能障碍','','WCXHXDBFQC',''),('20061','一侧肾切除或完全丧失功能，另一侧肾功能中度障碍；或双侧肾功能重度障碍','','YCSQCHWQSS',''),('20062','女性双侧卵巢缺失或完全萎缩','','NXSCLCQSHW',''),('20063','大便和小便失禁，难以恢复','','DBHXBSJNYH',''),('20064','会阴部损伤致双侧睾丸缺失或完全萎缩','','HYBSSZSCZW',''),('20065','二肢缺失(上肢在腕关节以上，下肢在踝关节以上)','','EZQS(SZZWG',''),('20066','一肢缺失(上肢在肘关节以上，下肢在膝关节以上)，另一肢丧失功能50%以上','','YZQS(SZZZG',''),('20067','一肢缺失(上肢在腕关节以上，下肢在踝关节以上)，另一肢完全丧失功能','','YZQS(SZZWG',''),('20068','一肢完全丧失功能，另一丧失功能50%以上','','YZWQSSGNLY',''),('20069','皮肤损伤致瘢痕形成达体表面积60%以上','','PFSSZZHXCD',''),('20070','中度智力缺损(智商49以下)或精神障碍，日常生活能力严重受限，间或需要帮助','','ZDZLQS(ZS4',''),('20071','严重运动性失语或严重感觉性失语','','YZYDXSYHYZ',''),('20072','四肢瘫(二肢以上肌力4级以下)','','SZT(EZYSJL',''),('20073','偏瘫或截瘫(肌力4级以下)','','PTHJT(JL4J',''),('20074','阴茎勃起功能完全丧失','','YJBQGNWQSS',''),('20075','一侧眼球缺失，另一眼低视力2级；或一侧眼球缺失，另一侧眼严重畸形伴低视力1级','','YCYQQSLYYD',''),('20076','双侧眼睑重度下垂(或严重畸形)伴双眼低视力2级以上；或一侧眼睑重度下垂(或严重畸形)，该眼低视力2级以上，另一眼低盲目3级以上','','SCYZZDXC(H',''),('20077','双眼盲目3级以上','','SYMM3JYS',''),('20078','双眼视野极度缺损(直径小于10°)','','SYSYJDQS(Z',''),('20079','双耳极度听觉障碍','','SEJDTJZA',''),('20080','一耳极度听觉障碍，另一耳重度听觉障碍伴一侧耳廓缺失(或畸形)50%以上','','YEJDTJZALY',''),('20081','双耳重度听觉障碍伴一侧耳廓缺失(或严重畸形)','','SEZDTJZABY',''),('20082','双耳中等重度听觉障碍伴双侧耳廓缺失(或严重畸形)；或双耳中等重度听觉障碍伴一侧耳廓缺失，另一侧耳廓严重畸形','','SEZDZDTJZA',''),('20083','面部瘢痕形成60%以上','','MBZHXC60%Y',''),('20084','脊柱胸段损伤致严重畸形愈合，影响呼吸功能','','JZXDSSZYZJ',''),('20085','瘢痕形成，颈部活动度丧失75%以上','','ZHXCJBHDDS',''),('20086','影响呼吸和吞咽功能','','YXHXHTYGN',''),('20087','肺叶切除或胸膜粘连或胸廓畸形，影响呼吸功能','','FYQCHXMZLH',''),('20088','明显器质性心律失常','','MXQZXXLSC',''),('20089','腹部损伤致一侧肾功能重度障碍，另一侧肾功能中度障碍','','FBSSZYCSGN',''),('20090','会阴部损伤致阴茎体完全缺失或严重畸形','','HYBSSZYJTW',''),('20091','外阴、阴道损伤致阴道闭锁','','WYYDSSZYDB',''),('20092','肢体损伤致双手完全缺失或丧失功能','','ZTSSZSSWQQ',''),('20093','皮肤损伤致瘢痕形成达体表面积52%以上','','PFSSZZHXCD',''),('20094','中度智力缺损或精神障碍，日常生活能力明显受限，需要指导','','ZDZLQSHJSZ',''),('20096','严重失用或失认症','','YZSYHSRZ',''),('20097','单侧严重面瘫，难以恢复','','DCYZMTNYHF',''),('20098','偏瘫或截瘫(一肢以上肌力2级以下)','','PTHJT(YZYS',''),('20099','单瘫(肌力2级以下)','','DT(JL2JYX)',''),('20100','大便或小便失禁，难以恢复','','DBHXBSJNYH',''),('20101','一侧眼球缺失伴另一眼低视力1级；一侧眼球缺失伴一侧眼严重畸形且视力接近正常','','YCYQQSBLYY',''),('20102','双侧眼睑重度下垂(或严重畸形)伴双眼低视力1级；或一侧眼睑重度下垂(或严重畸形)，该眼低视力1级以上，另一眼低视力2级以上','','SCYZZDXC(H',''),('20103','双眼低视力2级以上','','SYDSL2JYS',''),('20104','双眼视野重度缺损(直径小于20°)','','SYSYZDQS(Z',''),('20105','舌肌完全麻痹或舌体缺失(或严重畸形)50%以上','','SJWQMBHSTQ',''),('20106','上颌骨、下颌骨缺损，牙齿脱落20枚以上','','SZGXZGQSYC',''),('20107','一耳极度听觉障碍，另一耳重度听觉障碍','','YEJDTJZALY',''),('20108','双耳重度听觉障碍伴一侧耳廓缺失(或畸形)50%以上','','SEZDTJZABY',''),('20109','双耳中等重度听觉障碍伴一侧耳廓缺失(或严重畸形)','','SEZDZDTJZA',''),('20110','双侧耳廓缺失(或严重畸形)','','SCEKQS(HYZ',''),('20111','外鼻部完全缺损(或严重畸形)','','WBBWQQS(HY',''),('20112','面部瘢痕形成40%以上','','MBZHXC40%Y',''),('20113','脊柱胸段损伤致畸形愈合，影响呼吸功能','','JZXDSSZJXY',''),('20114','瘢痕形成，颈部活动度丧失50%以上','','ZHXCJBHDDS',''),('20115','影响呼吸功能','','YXHXGN',''),('20116','肺叶切除或胸膜粘连或胸廓畸形，轻度影响呼吸功能','','FYQCHXMZLH',''),('20117','器质性心律失常','','QZXXLSC',''),('20118','胃、肠、消化腺等部分切除，严重影响消化吸收功能','','WCXHXDBFQC',''),('20119','一侧肾切除或完全丧失功能，另一侧肾功能轻度障碍','','YCSQCHWQSS',''),('20120','双侧输尿管缺失或闭锁','','SCSNGQSHBS',''),('20121','膀胱切除','','BZQC',''),('20122','尿道闭锁','','NDBS',''),('20123','大便或小便失禁，难以恢复','','DBHXBSJNYH',''),('20124','会阴部损伤致阴茎体大部分缺失(或畸形)','','HYBSSZYJTD',''),('20125','外阴、阴道损伤致阴道严重狭窄，功能严重障碍','','WYYDSSZYDY',''),('20126','双手缺失(或丧失功能)90%以上','','SSQS(HSSGN',''),('20127','一肢缺失(上肢在肘关节以上，下肢在膝关节以上)','','YZQS(SZZZG',''),('20128','一肢缺失(上肢在腕关节以上，下肢在踝关节以上)，另一肢丧失功能50%以上','','YZQS(SZZWG',''),('20129','一肢完全丧失功能','','YZWQSSGN',''),('20130','皮肤损伤致瘢痕形成达体表面积44%以上','','PFSSZZHXCD',''),('20131','中度智力缺损或精神障碍，日常生活能力部分受限，但能部分代偿，部份日常生活需要帮助','','ZDZLQSHJSZ',''),('20132','严重失读伴失写症；或中度运动性失语或中度感觉性失语','','YZSDBSXZHZ',''),('20133','偏瘫或截瘫(一肢肌力3级以下)','','PTHJT(YZJL',''),('20134','单瘫(肌力3级以下)','','DT(JL3JYX)',''),('20135','阴茎勃起功能严重障碍','','YJBQGNYZZA',''),('20136','一侧眼球缺失伴另一眼视力接近正常；或一侧眼球缺失伴另一侧眼严重畸形','','YCYQQSBLYY',''),('20137','双侧眼睑重度下垂(或严重畸形)伴双眼视力接近正常；或一侧眼睑重度下垂(或严重畸形)，该眼视力接近正常，另一眼低视力1级以上','','SCYZZDXC(H',''),('20138','双眼低视力1级','','SYDSL1J',''),('20139','双眼视野中度缺损(直径小于60°)','','SYSYZDQS(Z',''),('20140','颞下颌关节强直，牙关紧闭','','ZXZGJQZYGJ',''),('20141','一耳极度听觉障碍，另一耳中等重度听觉障碍；或双耳重度听觉障碍','','YEJDTJZALY',''),('20142','一侧耳廓缺失(或严重畸形)，另一侧耳廓缺失(或畸形)50%以上','','YCEKQS(HYZ',''),('20143','面部瘢痕形成面积20%以上','','MBZHXCMJ20',''),('20144','面部大量细小瘢痕(或色素明显改变)75%以上','','MBDLXXZH(H',''),('20145','脊柱损伤致颈椎或腰椎严重畸形愈合，颈部或腰部活动度完全丧失','','JZSSZJZHYZ',''),('20146','颈部损伤致瘢痕形成，颈部活动度丧失25%以上','','JBSSZZHXCJ',''),('20147','腹部损伤致一侧肾功能重度障碍，另一侧肾功能轻度障碍','','FBSSZYCSGN',''),('20148','双侧输卵管缺失或闭锁','','SCSLGQSHBS',''),('20149','子宫全切','','ZGQQ',''),('20150','会阴部损伤致双侧输精管缺失或闭锁','','HYBSSZSCSJ',''),('20151','外阴、阴道损伤致阴道狭窄，功能障碍','','WYYDSSZYDX',''),('20152','双手缺失(或丧失功能)70%以上','','SSQS(HSSGN',''),('20153','双足跗跖关节以上缺失','','SZZZGJYSQS',''),('20154','一肢缺失(上肢在腕关节以上，下肢在踝关节以上)','','YZQS(SZZWG',''),('20155','皮肤损伤致瘢痕形成达体表面积36%以上','','PFSSZZHXCD',''),('20156','轻度智力缺损(智商70以下)或精神障碍，日常生活有关的活动能力严重受限','','QDZLQS(ZS7',''),('20158','中度失用或中度失认症','','ZDSYHZDSRZ',''),('20159','严重构音障碍','','YZGYZA',''),('20160','偏瘫或截瘫(一肢肌力4级)','','PTHJT(YZJL',''),('20161','单瘫(肌力4级)','','DT(JL4J)',''),('20162','半身或偏身型完全性感觉缺失','','BSHPSXWQXG',''),('20163','一侧眼球缺失','','YCYQQS',''),('20164','双侧眼睑重度下垂(或严重畸形)','','SCYZZDXC(H',''),('20165','口腔或颞下颌关节损伤，重度张口受限','','KQHZXZGJSS',''),('20166','上颌骨、下颌骨缺损，牙齿脱落16枚以上','','SZGXZGQSYC',''),('20167','一耳极度听觉障碍，另一耳中度听觉障碍；或一耳重度听觉障碍，另一耳中等重度听觉障碍','','YEJDTJZALY',''),('20168','一侧耳廓缺失(或严重畸形)，另一侧耳廓缺失(或畸形)10%以上','','YCEKQS(HYZ',''),('20169','外鼻部大部份缺损(或畸形)','','WBBDBFQS(H',''),('20170','面部瘢痕形成，面积24平方厘米以上','','MBZHXCMJ24',''),('20171','面部大量细小瘢痕(或色素明显改变)50%以上','','MBDLXXZH(H',''),('20172','头皮无毛发75%以上','','TPWMF75%YS',''),('20173','脊柱损伤致颈椎或腰椎畸形愈合，颈部或腰部活动度丧失75%以上','','JZSSZJZHYZ',''),('20174','颈部损伤致颈前三角区瘢痕形成75%以上','','JBSSZJQSJQ',''),('20175','女性双侧乳房缺失(或严重畸形)','','NXSCRFQS(H',''),('20176','心功能不全，心功能Ⅱ级','','XGNBQXGNJ',''),('20177','腹部损伤致双侧肾功能中度障碍','','FBSSZSCSGN',''),('20178','骨盆倾斜，双下肢长度相差8cm以上','','GPQXSXZCDX',''),('20179','女性骨盆严重畸形，产道破坏','','NXGPYZJXCD',''),('20180','一侧输尿管缺失或闭锁，另一侧输尿管严重狭窄','','YCSNGQSHBS',''),('20181','阴茎体部份缺失(或畸形)','','YJTBFQS(HJ',''),('20182','阴茎包皮损伤，瘢痕形成，功能障碍','','YJBPSSZHXC',''),('20183','双手缺失(或丧失功能)50%以上','','SSQS(HSSGN',''),('20184','双手感觉完全缺失','','SSGJWQQS',''),('20185','双足足弓结构完全破坏','','SZZGJGWQPH',''),('20186','一足跗跖关节以上缺失','','YZZZGJYSQS',''),('20187','双下肢长度相差8cm以上','','SXZCDXC8CM',''),('20188','一肢丧失功能75%以上','','YZSSGN75%Y',''),('20189','皮肤损伤致瘢痕形成达体表面积28%以上','','PFSSZZHXCD',''),('20190','轻度智力缺损或精神障碍，日常生活有关的活动能力部分受限','','QDZLQSHJSZ',''),('20191','中度失读伴失写症','','ZDSDBSXZ',''),('20192','半身或偏身型深感觉缺失','','BSHPSXSGJQ',''),('20193','阴茎勃起功能障碍','','YJBQGNZA',''),('20194','一眼盲目4级以上','','YYMM4JYS',''),('20195','一眼视野接近完全缺损(直径小于5°)','','YYSYJJWQQS',''),('20196','上颌骨、下颌骨缺损，牙齿脱落12枚以上','','SZGXZGQSYC',''),('20197','一耳极度听觉障碍；或一耳重度听觉障碍，另一耳中度听觉障碍；或双耳中等重度听觉障碍','','YEJDTJZAHY',''),('20198','一侧耳廓缺失(或严重畸形)','','YCEKQS(HYZ',''),('20199','鼻尖及一侧鼻翼缺损(或畸形)','','BJJYCBYQS(',''),('20200','面部瘢痕形成面积18平方厘米以上','','MBZHXCMJ18',''),('20201','面部大量细小瘢痕(或色素明显改变)25%以上','','MBDLXXZH(H',''),('20202','头皮无毛发50%以上','','TPWMF50%YS',''),('20203','颌面部骨或软组织缺损32立方厘米以上','','ZMBGHRZZQS',''),('20204','颈椎或腰椎畸形愈合，颈部或腰部活动度丧失50%以上','','JZHYZJXYHJ',''),('20205','胸椎或腰椎二椎体以上压缩性骨折','','XZHYZEZTYS',''),('20206','颈部损伤致前三角区瘢痕形成50%以上','','JBSSZQSJQZ',''),('20207','女性一侧乳房缺失(或严重畸形)，另一侧乳房部分缺失(或畸形)','','NXYCRFQS(H',''),('20208','12肋以上骨折','','12LYSGZ',''),('20209','胃、肠、消化腺等部分切除，影响消化吸收功能','','WCXHXDBFQC',''),('20210','脾切除','','PQC',''),('20211','一侧肾切除或肾功能重度障碍','','YCSQCHSGNZ',''),('20212','骨盆倾斜，双下肢长度相差6cm以上','','GPQXSXZCDX',''),('20213','双侧输尿管严重狭窄，或一侧输尿管缺失(或闭锁)，另一侧输尿管狭窄','','SCSNGYZXZH',''),('20214','尿道严重狭窄','','NDYZXZ',''),('20215','阴茎龟头缺失(或畸形)','','YJGTQS(HJX',''),('20216','阴茎包皮损伤，瘢痕形成，严重影响功能','','YJBPSSZHXC',''),('20217','外阴、阴道损伤致阴道狭窄，严重影响功能','','WYYDSSZYDX',''),('20218','双手缺失(或丧失功能)30%以上','','SSQS(HSSGN',''),('20219','双手感觉缺失75%以上','','SSGJQS75%Y',''),('20220','一足弓结构完全破坏，另一足弓结构破坏1/3以上','','YZGJGWQPHL',''),('20221','双足十趾完全缺失或丧失功能','','SZSZWQQSHS',''),('20222','双下肢长度相差6cm以上','','SXZCDXC6CM',''),('20223','一肢丧失功能50%以上','','YZSSGN50%Y',''),('20224','皮肤损伤致瘢痕形成达体表面积20%以上','','PFSSZZHXCD',''),('20225','轻度智力缺损或精神障碍，日常活动能力部分受限','','QDZLQSHJSZ',''),('20227','严重失读或严重失写症','','YZSDHYZSXZ',''),('20228','双侧轻度面瘫，难以恢复','','SCQDMTNYHF',''),('20229','半身或偏身型浅感觉缺失','','BSHPSXQGJQ',''),('20230','严重影响阴茎勃起功能','','YZYXYJBQGN',''),('20231','一眼盲目3级以上','','YYMM3JYS',''),('20232','双侧眼睑下垂(或畸形)；或一侧眼睑重度下垂(或严重畸形)','','SCYZXC(HJX',''),('20233','一眼视野极度缺损(直径小于10°)','','YYSYJDQS(Z',''),('20234','上颌骨、下颌骨缺损中，牙齿脱落8枚以上','','SZGXZGQSZY',''),('20235','口腔损伤，牙齿脱落16枚以上','','KQSSYCTL16',''),('20236','口腔或颞下颌关节损伤，中度张口受限','','KQHZXZGJSS',''),('20237','舌尖缺失(或畸形)','','SJQS(HJX)',''),('20238','一耳重度听觉障碍；或一耳中等重度听觉障碍，另一耳中度听觉障碍','','YEZDTJZAHY',''),('20239','一侧耳廊缺失(或畸形)50%以上','','YCELQS(HJX',''),('20240','一侧鼻翼缺损(或畸形)','','YCBYQS(HJX',''),('20241','面部瘢痕形成面积12平方厘米以上，或面部线条状瘢痕20cm以上','','MBZHXCMJ12',''),('20242','面部细小瘫痕(或色素明显改变)面积30平方厘米以上','','MBXXTH(HSS',''),('20243','头皮无毛发25%以上','','TPWMF25%YS',''),('20244','颌面部骨及软组织缺损16立方厘米以上','','ZMBGJRZZQS',''),('20245','颈椎或腰椎畸形愈合，颈部或腰部活动度丧失25％以上','','JZHYZJXYHJ',''),('20246','胸椎或腰椎一椎体粉碎性骨折','','XZHYZYZTFS',''),('20247','严重声音嘶哑','','YZSYSY',''),('20248','颈前三角区瘢痕形成25%以上','','JQSJQZHXC2',''),('20249','女性一侧乳房缺失(或严重畸形)','','NXYCRFQS(H',''),('20250','8肋以上骨折或4肋以上缺失','','8LYSGZH4LY',''),('20251','肺叶切除','','FYQC',''),('20252','心功能不全，心功能Ⅰ级','','XGNBQXGNJ',''),('20253','胃、肠、消化腺等部分切除','','WCXHXDBFQC',''),('20254','胆囊切除','','DNQC',''),('20255','脾部份切除','','PBFQC',''),('20256','一侧肾部分切除或肾功能中度障碍','','YCSBFQCHSG',''),('20257','骨盆倾斜，双下肢长度相差4cm以上','','GPQXSXZCDX',''),('20258','骨盆严重畸形愈合','','GPYZJXYH',''),('20259','尿道狭窄','','NDXZ',''),('20260','膀胱部分切除','','BZBFQC',''),('20261','一侧输尿管缺失或闭锁','','YCSNGQSHBS',''),('20262','子宫部份切除','','ZGBFQC',''),('20263','直肠、肛门损伤，遗留永久性乙状结肠造口','','ZCGMSSYLYJ',''),('20264','阴茎龟头缺失(或畸形)50%以上','','YJGTQS(HJX',''),('20265','阴囊损伤，瘢痕形成75%以上','','YNSSZHXC75',''),('20266','双手缺失(或丧失功能)10%以上','','SSQS(HSSGN',''),('20267','双手感觉缺失50%以上','','SSGJQS50%Y',''),('20268','双上肢前臂旋转功能完全丧失','','SSZQBXZGNW',''),('20269','双足十趾缺失(或丧失功能)50%以上','','SZSZQS(HSS',''),('20270','一足足弓构破坏','','YZZGGPH',''),('20271','双上肢长度相差10cm以上','','SSZCDXC10C',''),('20272','双下肢长度相差4cm以上','','SXZCDXC4CM',''),('20273','四肢长骨一骺板以上粉碎性骨折','','SZCGYZBYSF',''),('20274','一肢丧失功能25%以上','','YZSSGN25%Y',''),('20275','皮肤损伤致瘢痕形成达体表面积12%以上','','PFSSZZHXCD',''),('20276','神经功能障碍，日常活动能力轻度受限','','SJGNZARCHD',''),('20277','外伤性癫痫，药物能够控制，但遗留脑电图中度以上改变','','WSXZZYWNGK',''),('20278','轻度失语或构音障碍','','QDSYHGYZA',''),('20279','单侧轻度面瘫，难以恢复','','DCQDMTNYHF',''),('20280','轻度不自主运动或共济失调','','QDBZZYDHGJ',''),('20281','斜视、复视、视错觉、眼球震颤等视觉障碍','','XSFSSCJYQZ',''),('20282','半身或偏身型浅感觉分离性缺失','','BSHPSXQGJF',''),('20283','一肢体完全性感觉缺失','','YZTWQXGJQS',''),('20284','节段性完全性感觉缺失','','JDXWQXGJQS',''),('20285','影响阴茎勃起功能','','YXYJBQGN',''),('20286','一眼低视力1级','','YYDSL1J',''),('20287','一侧眼睑下垂或畸形','','YCYZXCHJX',''),('20288','一眼视野中度缺损(直径小于60°)','','YYSYZDQS(Z',''),('20289','泪小管损伤，遗留溢泪症状','','LXGSSYLYLZ',''),('20290','眼内异物存留','','YNYWCL',''),('20291','外伤性白内障','','WSXBNZ',''),('20292','外伤性脑脊液鼻漏或耳漏','','WSXNJYBLHE',''),('20293','上颌骨、下颌骨缺损，牙齿脱落4枚以上','','SZGXZGQSYC',''),('20294','口腔损伤，牙齿脱落8枚以上','','KQSSYCTL8M',''),('20295','口腔或颞下颌关节损伤，轻度张口受限','','KQHZXZGJSS',''),('20296','舌尖部分缺失(或畸形)','','SJBFQS(HJX',''),('20297','一耳中等重度听觉障碍；或双耳中度听觉障碍','','YEZDZDTJZA',''),('20298','一侧耳廓缺失(或畸形)10%以上','','YCEKQS(HJX',''),('20299','鼻尖缺失(或畸形)','','BJQS(HJX)',''),('20300','面部瘢痕形成，面积6平方厘米以上；或面部线条状瘢痕10cm以上','','MBZHXCMJ6P',''),('20301','面部细小疲痕(或色素明显改变)面积15平方厘米以上','','MBXXPH(HSS',''),('20302','头皮无毛发40平方厘米以上','','TPWMF40PFL',''),('20303','颅骨缺损4平方厘米以上，遗留神经系统轻度症状和体征；或颅骨缺损6平方厘米以上，无神经系统症状和体征','','LGQS4PFLMY',''),('20304','颌面部骨及软组织缺损8立方厘米以上','','ZMBGJRZZQS',''),('20305','颈椎或腰椎畸形愈台，颈部或腰部活动度丧失10%以上','','JZHYZJXYTJ',''),('20306','胸椎畸形愈合，轻度影响呼吸功能','','XZJXYHQDYX',''),('20307','胸椎或腰椎一椎体三分之一以上压缩性骨折','','XZHYZYZTSF',''),('20308','瘢痕形成，颈部活动度丧失10%以上','','ZHXCJBHDDS',''),('20309','轻度影响呼吸和吞咽功能','','QDYXHXHTYG',''),('20310','颈前三角区瘢痕面积20平方厘米以上','','JQSJQZHMJ2',''),('20311','女性一侧乳房部分缺失(或畸形)','','NXYCRFBFQS',''),('20312','4肋以上骨折；或2肋以上缺失','','4LYSGZH2LY',''),('20313','肺破裂修补','','FPLXB',''),('20314','胸膜粘连或胸廓畸形','','XMZLHXKJX',''),('20315','胃、肠、消化腺等破裂修补','','WCXHXDPLXB',''),('20316','胆囊破裂修补','','DNPLXB',''),('20317','肠系膜损伤修补','','CXMSSXB',''),('20318','脾破裂修补','','PPLXB',''),('20319','肾破裂修补或肾功能轻度障碍','','SPLXBHSGNQ',''),('20320','膈肌破裂修补','','ZJPLXB',''),('20321','骨盆倾斜，双下肢长度相差2cm以上','','GPQXSXZCDX',''),('20322','骨盆畸形愈合','','GPJXYH',''),('20323','一侧卵巢缺失或完全萎缩','','YCLCQSHWQW',''),('20324','一侧输卵管缺失或闭锁','','YCSLGQSHBS',''),('20325','子宫破裂修补','','ZGPLXB',''),('20326','一侧输尿管严重狭窄','','YCSNGYZXZ',''),('20327','膀胱破裂修补','','BZPLXB',''),('20328','尿道轻度狭窄','','NDQDXZ',''),('20329','直肠、肛门损伤，瘢痕形成，排便功能障碍','','ZCGMSSZHXC',''),('20330','阴茎龟头缺失(或畸形)25%以上','','YJGTQS(HJX',''),('20331','阴茎包皮损伤，瘢痕形成，影响功能','','YJBPSSZHXC',''),('20332','一侧输精管缺失(或闭锁)','','YCSJGQS(HB',''),('20333','一侧睾丸缺失或完全萎缩','','YCZWQSHWQW',''),('20334','阴囊损伤，瘢痕形成50%以上','','YNSSZHXC50',''),('20335','外阴、阴道损伤致阴道狭窄，影响功能','','WYYDSSZYDX',''),('20336','双手缺失(或丧失功能)5%以上','','SSQS(HSSGN',''),('20337','双手感觉缺失25%以上','','SSGJQS25%Y',''),('20338','双上肢前臂旋转功能丧失50以上','','SSZQBXZGNS',''),('20339','一足足弓结构破坏1/3以上','','YZZGJGPH1/',''),('20340','双足十趾缺失(或丧失功能)20%以上','','SZSZQS(HSS',''),('20341','双上肢长度相差4cm以上','','SSZCDXC4CM',''),('20342','双下肢长度相差2cm以上','','SXZCDXC2CM',''),('20343','四肢长骨一骺板以上线性骨折','','SZCGYZBYSX',''),('20344','一肢丧失功能10%以上','','YZSSGN10%Y',''),('20345','皮肤损伤致瘫痕形成达体表面积4%以上','','PFSSZTHXCD','');
/*!40000 ALTER TABLE `d_deformity_item` ENABLE KEYS */;
UNLOCK TABLES;

--
-- Table structure for table `d_deformity_std`
--

DROP TABLE IF EXISTS `d_deformity_std`;
/*!40101 SET @saved_cs_client     = @@character_set_client */;
/*!40101 SET character_set_client = utf8 */;
CREATE TABLE `d_deformity_std` (
  `CODE` varchar(10) COLLATE utf8_bin DEFAULT NULL,
  `NAME` varchar(200) COLLATE utf8_bin DEFAULT NULL,
  `ENUM_NAME` varchar(30) COLLATE utf8_bin DEFAULT NULL,
  `PINYIN` varchar(10) COLLATE utf8_bin DEFAULT NULL,
  `PARENT_CODE` varchar(10) COLLATE utf8_bin DEFAULT NULL
) ENGINE=InnoDB DEFAULT CHARSET=utf8 COLLATE=utf8_bin COMMENT='伤残标准代码';
/*!40101 SET character_set_client = @saved_cs_client */;

--
-- Dumping data for table `d_deformity_std`
--

LOCK TABLES `d_deformity_std` WRITE;
/*!40000 ALTER TABLE `d_deformity_std` DISABLE KEYS */;
INSERT INTO `d_deformity_std` VALUES ('1','行业伤残评定标准','','XYSCPDBZ',''),('2','道路交通事故致残评定标准','','DLJTSGZCPD',''),('3','工伤致残评定标准','','GSZCPDBZ',''),('4','旧伤残评定标准','','JSCPDBZ','');
/*!40000 ALTER TABLE `d_deformity_std` ENABLE KEYS */;
UNLOCK TABLES;

--
-- Table structure for table `d_deformity_type`
--

DROP TABLE IF EXISTS `d_deformity_type`;
/*!40101 SET @saved_cs_client     = @@character_set_client */;
/*!40101 SET character_set_client = utf8 */;
CREATE TABLE `d_deformity_type` (
  `CODE` varchar(30) COLLATE utf8_bin DEFAULT NULL,
  `NAME` varchar(600) COLLATE utf8_bin DEFAULT NULL,
  `PINYIN` varchar(30) COLLATE utf8_bin DEFAULT NULL,
  `PARENT_CODE` varchar(30) COLLATE utf8_bin DEFAULT NULL
) ENGINE=InnoDB DEFAULT CHARSET=utf8 COLLATE=utf8_bin;
/*!40101 SET character_set_client = @saved_cs_client */;

--
-- Dumping data for table `d_deformity_type`
--

LOCK TABLES `d_deformity_type` WRITE;
/*!40000 ALTER TABLE `d_deformity_type` DISABLE KEYS */;
/*!40000 ALTER TABLE `d_deformity_type` ENABLE KEYS */;
UNLOCK TABLES;

--
-- Table structure for table `d_diagnose_code`
--

DROP TABLE IF EXISTS `d_diagnose_code`;
/*!40101 SET @saved_cs_client     = @@character_set_client */;
/*!40101 SET character_set_client = utf8 */;
CREATE TABLE `d_diagnose_code` (
  `CODE` varchar(30) COLLATE utf8_bin NOT NULL DEFAULT '',
  `NAME` varchar(200) COLLATE utf8_bin DEFAULT NULL,
  `ENUM_NAME` varchar(30) COLLATE utf8_bin DEFAULT NULL,
  `PINYIN` varchar(10) COLLATE utf8_bin DEFAULT NULL,
  `PARENT_CODE` varchar(30) COLLATE utf8_bin DEFAULT NULL,
  PRIMARY KEY (`CODE`)
) ENGINE=InnoDB DEFAULT CHARSET=utf8 COLLATE=utf8_bin COMMENT='疾病代码';
/*!40101 SET character_set_client = @saved_cs_client */;

--
-- Dumping data for table `d_diagnose_code`
--

LOCK TABLES `d_diagnose_code` WRITE;
/*!40000 ALTER TABLE `d_diagnose_code` DISABLE KEYS */;
INSERT INTO `d_diagnose_code` VALUES ('9999','中医诊断',NULL,'ZYZD',NULL),('A00','霍乱',NULL,'HL',NULL),('A00-A09','肠道传染病',NULL,'CDCRB',NULL),('A00-B99','某些传染病和寄生虫病',NULL,'MXCRBHJSCB',NULL),('A00.0','由于霍乱型霍乱弧菌引起的霍乱',NULL,'YYHLXHLHJY',NULL),('A00.1','由于埃尔托霍乱弧菌引起的霍乱',NULL,'YYAETHLHJY',NULL),('A00.9','未特指的霍乱',NULL,'WTZDHL',NULL),('A01','伤寒和副伤寒',NULL,'SHHFSH',NULL),('A01.0','伤寒',NULL,'SH',NULL),('A01.1','副伤寒甲',NULL,'FSHJ',NULL),('A01.2','副伤寒乙',NULL,'FSHY',NULL),('A01.3','副伤寒丙',NULL,'FSHB',NULL),('A01.4','未特指的副伤寒',NULL,'WTZDFSH',NULL),('A02','其他沙门氏菌感染',NULL,'QTSMSJGR',NULL),('A02.0','沙门氏菌肠炎',NULL,'SMSJCY',NULL),('A02.1','沙门氏菌败血症',NULL,'SMSJBXZ',NULL),('A02.2+','局部沙门氏菌感染',NULL,'JBSMSJGR',NULL),('A02.8','其他特指的沙门氏菌感染',NULL,'QTTZDSMSJG',NULL),('A02.9','未特指的沙门氏菌感染',NULL,'WTZDSMSJGR',NULL),('A03','志贺菌病',NULL,'ZHJB',NULL),('A03.0','由于志贺痢疾杆菌引起的志贺菌病',NULL,'YYZHLJGJYQ',NULL),('A03.1','由于弗氏志贺菌引起的志贺菌病',NULL,'YYFSZHJYQD',NULL),('A03.2','由于波伊德志贺菌引起的志贺菌病',NULL,'YYBYDZHJYQ',NULL),('A03.3','由于宋内志贺菌引起的志贺菌病',NULL,'YYSNZHJYQD',NULL),('A03.8','其他志贺菌病',NULL,'QTZHJB',NULL),('A03.9','未特指的志贺菌病',NULL,'WTZDZHJB',NULL),('A04','其他细菌性肠道感染',NULL,'QTXJXCDGR',NULL),('A04.0','肠病原的大肠埃希氏菌感染',NULL,'CBYDDCAXSJ',NULL),('A04.1','肠毒性大肠埃希氏菌感染',NULL,'CDXDCAXSJG',NULL),('A04.2','肠侵袭性大肠埃希氏菌感染',NULL,'CQXXDCAXSJ',NULL),('A04.3','肠出血性大肠埃希氏菌感染',NULL,'CCXXDCAXSJ',NULL),('A04.4','其他肠的大肠埃希氏菌感染',NULL,'QTCDDCAXSJ',NULL),('A04.5','弯曲菌肠炎',NULL,'WQJCY',NULL),('A04.6','由于小肠结肠炎耶尔森菌引起的肠炎',NULL,'YYXCJCYYES',NULL),('A04.7','由于艰难梭状芽胞杆菌引起的小肠结肠炎',NULL,'YYJNSZYBGJ',NULL),('A04.8','其他特指的细菌性肠道感染',NULL,'QTTZDXJXCD',NULL),('A04.9','未特指的细菌性肠道感染',NULL,'WTZDXJXCDG',NULL),('A05','其他细菌性食物中毒',NULL,'QTXJXSWZD',NULL),('A05.0','食物媒介的葡萄球菌性食物中毒',NULL,'SWMJDPTQJX',NULL),('A05.1','肉毒中毒',NULL,'RDZD',NULL),('A05.2','食物媒介的产气荚膜梭状芽胞杆菌[韦尔希梭状芽胞杆菌]食物中毒',NULL,'SWMJDCQJMS',NULL),('A05.3','食物媒介的副溶血性弧菌食物中毒',NULL,'SWMJDFRXXH',NULL),('A05.4','食物媒介的蜡样芽胞杆菌食物中毒',NULL,'SWMJDLYYBG',NULL),('A05.8','其他特指的细菌性食物中毒',NULL,'QTTZDXJXSW',NULL),('A05.9','未特指的细菌性食物中毒',NULL,'WTZDXJXSWZ',NULL),('A06','阿米巴病',NULL,'AMBB',NULL),('A06.0','急性阿米巴痢疾',NULL,'JXAMBLJ',NULL),('A06.1','慢性肠道阿米巴病',NULL,'MXCDAMBB',NULL),('A06.2','阿米巴非痢疾性结肠炎',NULL,'AMBFLJXJCY',NULL),('A06.3','肠道阿米巴',NULL,'CDAMB',NULL),('A06.4','阿米巴肝脓肿',NULL,'AMBGNZ',NULL),('A06.5+','阿米巴肺脓肿(J99.8*)',NULL,'AMBFNZ(J99',NULL),('A06.6+','阿米巴脑脓肿(G07*)',NULL,'AMBNNZ(G07',NULL),('A06.7','皮肤阿米巴病',NULL,'PFAMBB',NULL),('A06.8','其他部位的阿米巴感染',NULL,'QTBWDAMBGR',NULL),('A06.9','未特指的阿米巴病',NULL,'WTZDAMBB',NULL),('A07','其他原生动物性肠道疾病',NULL,'QTYSDWXCDJ',NULL),('A07.0','小袋纤毛虫病',NULL,'XDXMCB',NULL),('A07.1','贾第虫病[兰伯鞭毛虫病]',NULL,'JDCB[LBBMC',NULL),('A07.2','隐孢子虫病',NULL,'YZZCB',NULL),('A07.3','等孢球虫病',NULL,'DZQCB',NULL),('A07.8','其他特指的原生动物性肠道疾病',NULL,'QTTZDYSDWX',NULL),('A07.9','未特指的原生动物性肠道疾病',NULL,'WTZDYSDWXC',NULL),('A08','病毒性和其他特指的肠道感染',NULL,'BDXHQTTZDC',NULL),('A08.0','轮状病毒性肠炎',NULL,'LZBDXCY',NULL),('A08.1','由于诺沃克因子引起的急性胃肠病',NULL,'YYNWKYZYQD',NULL),('A08.2','腺病毒性肠炎',NULL,'XBDXCY',NULL),('A08.3','其他病毒性肠炎',NULL,'QTBDXCY',NULL),('A08.4','未特指的病毒性肠道感染',NULL,'WTZDBDXCDG',NULL),('A08.5','其他特指的肠道感染',NULL,'QTTZDCDGR',NULL),('A09','推测为传染性病因的腹泻和胃肠炎',NULL,'TCWCRXBYDF',NULL),('A15','呼吸道结核, 经细菌学和组织学证实',NULL,'HXDJH, JXJ',NULL),('A15-A19','结核病',NULL,'JHB',NULL),('A15.0','肺结核, 经显微镜下痰检查证实, 伴有或不伴有痰培养',NULL,'FJH, JXWJX',NULL),('A15.1','肺结核, 仅经痰培养所证实',NULL,'FJH, JJTPY',NULL),('A15.2','肺结核, 经组织学所证实',NULL,'FJH, JZZXS',NULL),('A15.3','肺结核病, 经未特指的方法所证实',NULL,'FJHB, JWTZ',NULL),('A15.4','胸腔内淋巴结结核, 经细菌学和组织学所证实',NULL,'XQNLBJJH, ',NULL),('A15.5','喉、气管和支气管结核, 经细菌学和组织学所证实',NULL,'HQGHZQGJH,',NULL),('A15.6','结核性胸膜炎, 经细菌学和组织学所证实',NULL,'JHXXMY, JX',NULL),('A15.7','原发性呼吸道结核, 经细菌学和组织学所证实',NULL,'YFXHXDJH, ',NULL),('A15.8','其他呼吸道结核, 经细菌学和组织学所证实',NULL,'QTHXDJH, J',NULL),('A15.9','未特指的呼吸道结核, 经细菌学和组织学所证实',NULL,'WTZDHXDJH,',NULL),('A16','呼吸道结核, 未经细菌学或组织学所证实',NULL,'HXDJH, WJX',NULL),('A16.0','肺结核, 细菌学和组织学检查为阴性',NULL,'FJH, XJXHZ',NULL),('A16.1','肺结核, 未做细菌学和组织学检查',NULL,'FJH, WZXJX',NULL),('A16.2','肺结核, 未提及细菌学或组织学的证实',NULL,'FJH, WTJXJ',NULL),('A16.3','胸腔内淋巴结结核, 未提及细菌学或组织学的证实',NULL,'XQNLBJJH, ',NULL),('A16.4','喉、气管和支气管结核, 未提及细菌学或组织学的证实',NULL,'HQGHZQGJH,',NULL),('A16.5','结核性胸膜炎, 未提及细菌学或组织学的证实',NULL,'JHXXMY, WT',NULL),('A16.7','原发性呼吸道结核, 未提及细菌学或组织学的证实',NULL,'YFXHXDJH, ',NULL),('A16.8','其他呼吸道结核, 未提及细菌学或组织学的证实',NULL,'QTHXDJH, W',NULL),('A16.9','未特指的呼吸道结核, 未提及细菌学或组织学的证实',NULL,'WTZDHXDJH,',NULL),('A17+','神经系统的结核',NULL,'SJXTDJH',NULL),('A17.0+','结核性脑膜炎(G01*)',NULL,'JHXNMY(G01',NULL),('A17.1+','脑膜结核瘤(G07*)',NULL,'NMJHL(G07*',NULL),('A17.8+','其他神经系统的结核',NULL,'QTSJXTDJH',NULL),('A17.9+','未特指的神经系统结核(G99.8*)',NULL,'WTZDSJXTJH',NULL),('A18','其他器官的结核',NULL,'QTQGDJH',NULL),('A18.0+','骨和关节的结核',NULL,'GHGJDJH',NULL),('A18.1+','泌尿生殖系统的结核',NULL,'MNSZXTDJH',NULL),('A18.2','结核性周围淋巴结病',NULL,'JHXZWLBJB',NULL),('A18.3','肠、腹膜和肠系膜淋巴结结核',NULL,'CFMHCXMLBJ',NULL),('A18.4','皮肤和皮下组织的结核',NULL,'PFHPXZZDJH',NULL),('A18.5+','眼结核',NULL,'YJH',NULL),('A18.6+','耳结核',NULL,'EJH',NULL),('A18.7+','肾上腺结核(E35.1*)',NULL,'SSXJH(E35.',NULL),('A18.8+','其他特指器官的结核',NULL,'QTTZQGDJH',NULL),('A19','粟粒性结核',NULL,'SLXJH',NULL),('A19.0','单个特指部位的急性粟粒性结核',NULL,'DGTZBWDJXS',NULL),('A19.1','多个部位的急性粟粒性结核',NULL,'DGBWDJXSLX',NULL),('A19.2','未特指的急性粟粒性结核',NULL,'WTZDJXSLXJ',NULL),('A19.8','其他粟粒性结核',NULL,'QTSLXJH',NULL),('A19.9','未特指的粟粒性结核',NULL,'WTZDSLXJH',NULL),('A20','鼠疫',NULL,'SY',NULL),('A20-A28','某些动物源性细菌性疾病',NULL,'MXDWYXXJXJ',NULL),('A20.0','腹股沟淋巴结炎性鼠疫',NULL,'FGGLBJYXSY',NULL),('A20.1','蜂窝织皮下型鼠疫',NULL,'FWZPXXSY',NULL),('A20.2','肺鼠疫',NULL,'FSY',NULL),('A20.3','鼠疫型脑膜炎',NULL,'SYXNMY',NULL),('A20.7','败血性鼠疫',NULL,'BXXSY',NULL),('A20.8','其他形式的鼠疫',NULL,'QTXSDSY',NULL),('A20.9','未特指的鼠疫',NULL,'WTZDSY',NULL),('A21','兔热病[土拉菌病]',NULL,'TRB[TLJB]',NULL),('A21.0','溃疡淋巴腺型兔热病[土拉菌病]',NULL,'KYLBXXTRB[',NULL),('A21.1','眼腺型兔热病[土拉菌病]',NULL,'YXXTRB[TLJ',NULL),('A21.2','肺兔热病[土拉菌病]',NULL,'FTRB[TLJB]',NULL),('A21.3','胃肠兔热病[土拉菌病]',NULL,'WCTRB[TLJB',NULL),('A21.7','全身性兔热病[土拉菌病]',NULL,'QSXTRB[TLJ',NULL),('A21.8','其他形式的兔热病[土拉菌病]',NULL,'QTXSDTRB[T',NULL),('A21.9','未特指的兔热病[土拉菌病]',NULL,'WTZDTRB[TL',NULL),('A22','炭疽',NULL,'TJ',NULL),('A22.0','皮肤炭疽',NULL,'PFTJ',NULL),('A22.1','肺炭疽',NULL,'FTJ',NULL),('A22.2','胃肠炭疽',NULL,'WCTJ',NULL),('A22.7','炭疽性败血症',NULL,'TJXBXZ',NULL),('A22.8','其他形式的炭疽',NULL,'QTXSDTJ',NULL),('A22.9','未特指的炭疽',NULL,'WTZDTJ',NULL),('A23','布氏菌病',NULL,'BSJB',NULL),('A23.0','由于马耳他布氏菌引起的布氏菌病',NULL,'YYMETBSJYQ',NULL),('A23.1','由于流产布氏菌引起的布氏菌病',NULL,'YYLCBSJYQD',NULL),('A23.2','由于猪布氏菌引起的布氏菌病',NULL,'YYZBSJYQDB',NULL),('A23.3','由于犬布氏菌引起的布氏菌病',NULL,'YYQBSJYQDB',NULL),('A23.8','其他布氏菌病',NULL,'QTBSJB',NULL),('A23.9','未特指的布氏菌病',NULL,'WTZDBSJB',NULL),('A24','鼻疽和类鼻疽',NULL,'BJHLBJ',NULL),('A24.0','鼻疽',NULL,'BJ',NULL),('A24.1','急性和暴发性类鼻疽',NULL,'JXHBFXLBJ',NULL),('A24.2','亚急性和慢性类鼻疽',NULL,'YJXHMXLBJ',NULL),('A24.3','其他类鼻疽',NULL,'QTLBJ',NULL),('A24.4','未特指的类鼻疽',NULL,'WTZDLBJ',NULL),('A25','鼠咬热',NULL,'SYR',NULL),('A25.0','螺菌病',NULL,'LJB',NULL),('A25.1','链杆菌病',NULL,'LGJB',NULL),('A25.9','未特指的鼠咬热',NULL,'WTZDSYR',NULL),('A26','类丹毒',NULL,'LDD',NULL),('A26.0','皮肤类丹毒',NULL,'PFLDD',NULL),('A26.7','丹毒菌丝败血症',NULL,'DDJSBXZ',NULL),('A26.8','其他形式的类丹毒',NULL,'QTXSDLDD',NULL),('A26.9','未特指的类丹毒',NULL,'WTZDLDD',NULL),('A27','钩端螺旋体病',NULL,'GDLXTB',NULL),('A27.0','出血性黄疸钩端螺旋体病',NULL,'CXXHZGDLXT',NULL),('A27.8','其他形式的钩端螺旋体病',NULL,'QTXSDGDLXT',NULL),('A27.9','未特指的钩端螺旋体病',NULL,'WTZDGDLXTB',NULL),('A28','其他动物源性细菌性疾病, 不可归类在他处者',NULL,'QTDWYXXJXJ',NULL),('A28.0','巴斯德菌病',NULL,'BSDJB',NULL),('A28.1','猫抓病',NULL,'MZB',NULL),('A28.2','肠外耶尔森菌病',NULL,'CWYESJB',NULL),('A28.8','其他特指动物源性细菌性疾病, 不可归类在他处者',NULL,'QTTZDWYXXJ',NULL),('A28.9','未特指动物源性细菌性疾病',NULL,'WTZDWYXXJX',NULL),('A30','麻风[汉森病]',NULL,'MF[HSB]',NULL),('A30-A49','其他细菌性疾病',NULL,'QTXJXJB',NULL),('A30.0','未定型麻风',NULL,'WDXMF',NULL),('A30.1','结核样型麻风',NULL,'JHYXMF',NULL),('A30.2','近结核样型中间型麻风',NULL,'JJHYXZJXMF',NULL),('A30.3','中间型麻风',NULL,'ZJXMF',NULL),('A30.4','近瘤型中间型麻风',NULL,'JLXZJXMF',NULL),('A30.5','瘤型麻风',NULL,'LXMF',NULL),('A30.8','其他形式的麻风',NULL,'QTXSDMF',NULL),('A30.9','未特指的麻风',NULL,'WTZDMF',NULL),('A31','由于其他分枝杆菌引起的感染',NULL,'YYQTFZGJYQ',NULL),('A31.0','肺分枝杆菌属感染',NULL,'FFZGJSGR',NULL),('A31.1','皮肤分枝杆菌属感染',NULL,'PFFZGJSGR',NULL),('A31.8','其他分枝杆菌属感染',NULL,'QTFZGJSGR',NULL),('A31.9','未特指的分枝杆菌属感染',NULL,'WTZDFZGJSG',NULL),('A32','利斯特菌病',NULL,'LSTJB',NULL),('A32.0','皮肤利斯特菌病',NULL,'PFLSTJB',NULL),('A32.1+','利斯特菌性脑膜炎和脑膜脑炎',NULL,'LSTJXNMYHN',NULL),('A32.7','利斯特菌败血症',NULL,'LSTJBXZ',NULL),('A32.8','其他形式的利斯特菌病',NULL,'QTXSDLSTJB',NULL),('A32.9','未特指的利斯特菌病',NULL,'WTZDLSTJB',NULL),('A33','新生儿破伤风',NULL,'XSEPSF',NULL),('A34','产科破伤风',NULL,'CKPSF',NULL),('A35','其他破伤风',NULL,'QTPSF',NULL),('A36','白喉',NULL,'BH',NULL),('A36.0','咽白喉',NULL,'YBH',NULL),('A36.1','鼻咽白喉',NULL,'BYBH',NULL),('A36.2','喉白喉',NULL,'HBH',NULL),('A36.3','皮肤白喉',NULL,'PFBH',NULL),('A36.8','其他白喉',NULL,'QTBH',NULL),('A36.9','未特指的白喉',NULL,'WTZDBH',NULL),('A37','百日咳',NULL,'BRK',NULL),('A37.0','由于百日咳博德特杆菌引起的百日咳',NULL,'YYBRKBDTGJ',NULL),('A37.1','由于副百日咳博德特杆菌引起的百日咳',NULL,'YYFBRKBDTG',NULL),('A37.8','由于其他博德特杆菌属种引起的百日咳',NULL,'YYQTBDTGJS',NULL),('A37.9','未特指的百日咳',NULL,'WTZDBRK',NULL),('A38','猩红热',NULL,'XHR',NULL),('A39','脑膜炎球菌感染',NULL,'NMYQJGR',NULL),('A39.0+','脑膜炎球菌性脑膜炎(G01*)',NULL,'NMYQJXNMY(',NULL),('A39.1+','沃-弗综合征(E35.1*)',NULL,'W-FZHZ(E35',NULL),('A39.2','急性脑膜炎球菌血症',NULL,'JXNMYQJXZ',NULL),('A39.3','慢性脑膜炎球菌血症',NULL,'MXNMYQJXZ',NULL),('A39.4','未特指的脑膜炎球菌血症',NULL,'WTZDNMYQJX',NULL),('A39.5+','脑膜炎球菌性心脏病',NULL,'NMYQJXXZB',NULL),('A39.8','其他脑膜炎球菌感染',NULL,'QTNMYQJGR',NULL),('A39.9','未特指的脑膜炎球菌感染',NULL,'WTZDNMYQJG',NULL),('A40','链球菌性败血症',NULL,'LQJXBXZ',NULL),('A40.0','由于A族链球菌引起的败血症',NULL,'YYAZLQJYQD',NULL),('A40.1','由于B族链球菌引起的败血症',NULL,'YYBZLQJYQD',NULL),('A40.2','由于D族链球菌引起的败血症',NULL,'YYDZLQJYQD',NULL),('A40.3','由于肺炎链球菌引起的败血症',NULL,'YYFYLQJYQD',NULL),('A40.8','其他链球菌性败血症',NULL,'QTLQJXBXZ',NULL),('A40.9','未特指的链球菌性败血症',NULL,'WTZDLQJXBX',NULL),('A41','其他败血症',NULL,'QTBXZ',NULL),('A41.0','由于金黄色酿脓葡萄球菌引起的败血症',NULL,'YYJHSNNPTQ',NULL),('A41.1','由于其他特指葡萄球菌引起的败血症',NULL,'YYQTTZPTQJ',NULL),('A41.2','由于未特指葡萄球菌引起的败血症',NULL,'YYWTZPTQJY',NULL),('A41.3','由于流感嗜血杆菌引起的败血症',NULL,'YYLGSXGJYQ',NULL),('A41.4','由于厌氧菌引起的败血症',NULL,'YYYYJYQDBX',NULL),('A41.5','由于其他革兰氏阴性病原体引起的败血症',NULL,'YYQTGLSYXB',NULL),('A41.8','其他特指的败血症',NULL,'QTTZDBXZ',NULL),('A41.9','未特指的败血症',NULL,'WTZDBXZ',NULL),('A42','放线菌病',NULL,'FXJB',NULL),('A42.0','肺放线菌病',NULL,'FFXJB',NULL),('A42.1','腹放线菌病',NULL,'FFXJB',NULL),('A42.2','颈面部放线菌病',NULL,'JMBFXJB',NULL),('A42.7','放线菌病性败血症',NULL,'FXJBXBXZ',NULL),('A42.8','其他形式的放线菌病',NULL,'QTXSDFXJB',NULL),('A42.9','未特指的放线菌病',NULL,'WTZDFXJB',NULL),('A43','诺卡菌病',NULL,'NKJB',NULL),('A43.0','肺诺卡菌病',NULL,'FNKJB',NULL),('A43.1','皮肤诺卡菌病',NULL,'PFNKJB',NULL),('A43.8','其他形式的诺卡菌病',NULL,'QTXSDNKJB',NULL),('A43.9','未特指的诺卡菌病',NULL,'WTZDNKJB',NULL),('A44','巴尔通体病',NULL,'BETTB',NULL),('A44.0','全身性巴尔通体病',NULL,'QSXBETTB',NULL),('A44.1','皮肤和粘膜皮肤的巴尔通体病',NULL,'PFHZMPFDBE',NULL),('A44.8','其他形式的巴尔通体病',NULL,'QTXSDBETTB',NULL),('A44.9','未特指的巴尔通体病',NULL,'WTZDBETTB',NULL),('A46','丹毒',NULL,'DD',NULL),('A48','其他细菌性疾病, 不可归类在他处者',NULL,'QTXJXJB, B',NULL),('A48.0','气性坏疽',NULL,'QXHJ',NULL),('A48.1','军团病',NULL,'JTB',NULL),('A48.2','非肺炎的军团病[庞蒂亚克热]',NULL,'FFYDJTB[PD',NULL),('A48.3','中毒性休克综合征',NULL,'ZDXXKZHZ',NULL),('A48.4','巴西紫热',NULL,'BXZR',NULL),('A48.8','其他特指的细菌性疾病',NULL,'QTTZDXJXJB',NULL),('A49','未特指部位的细菌性感染',NULL,'WTZBWDXJXG',NULL),('A49.0','未特指的葡萄球菌感染',NULL,'WTZDPTQJGR',NULL),('A49.1','未特指的链球菌感染',NULL,'WTZDLQJGR',NULL),('A49.2','未特指的流感嗜血杆菌感染',NULL,'WTZDLGSXGJ',NULL),('A49.3','未特指的支原体属感染',NULL,'WTZDZYTSGR',NULL),('A49.8','未特指部位的其他的细菌性感染',NULL,'WTZBWDQTDX',NULL),('A49.9','未特指的细菌性感染',NULL,'WTZDXJXGR',NULL),('A50','先天性梅毒',NULL,'XTXMD',NULL),('A50-A64','主要为性传播模式的感染',NULL,'ZYWXCBMSDG',NULL),('A50.0','有症状的早期先天性梅毒',NULL,'YZZDZQXTXM',NULL),('A50.1','潜伏性早期先天性梅毒',NULL,'QFXZQXTXMD',NULL),('A50.2','未特指的早期先天性梅毒',NULL,'WTZDZQXTXM',NULL),('A50.3','晚期先天性梅毒性眼病',NULL,'WQXTXMDXYB',NULL),('A50.4','晚期先天性神经梅毒 [幼年型神经梅毒]',NULL,'WQXTXSJMD ',NULL),('A50.5','有症状的其他晚期先天性梅毒',NULL,'YZZDQTWQXT',NULL),('A50.6','潜伏性晚期先天性梅毒',NULL,'QFXWQXTXMD',NULL),('A50.7','未特指的晚期先天性梅毒',NULL,'WTZDWQXTXM',NULL),('A50.9','未特指的先天性梅毒',NULL,'WTZDXTXMD',NULL),('A51','早期梅毒',NULL,'ZQMD',NULL),('A51.0','初期生殖器梅毒',NULL,'CQSZQMD',NULL),('A51.1','初期肛门梅毒',NULL,'CQGMMD',NULL),('A51.2','其他部位的初期梅毒',NULL,'QTBWDCQMD',NULL),('A51.3','皮肤和粘膜的二期梅毒',NULL,'PFHZMDEQMD',NULL),('A51.4','其他的二期梅毒',NULL,'QTDEQMD',NULL),('A51.5','早期潜伏性梅毒',NULL,'ZQQFXMD',NULL),('A51.9','未特指的早期梅毒',NULL,'WTZDZQMD',NULL),('A52','晚期梅毒',NULL,'WQMD',NULL),('A52.0+','心血管梅毒',NULL,'XXGMD',NULL),('A52.1','有症状的神经梅毒',NULL,'YZZDSJMD',NULL),('A52.2','无症状性神经梅毒',NULL,'WZZXSJMD',NULL),('A52.3','未特指的神经梅毒',NULL,'WTZDSJMD',NULL),('A52.7','其他有症状的晚期梅毒',NULL,'QTYZZDWQMD',NULL),('A52.8','晚期潜伏性梅毒',NULL,'WQQFXMD',NULL),('A52.9','未特指的晚期梅毒',NULL,'WTZDWQMD',NULL),('A53','其他和未特指的梅毒',NULL,'QTHWTZDMD',NULL),('A53.0','未特指早期或晚期的潜伏性梅毒',NULL,'WTZZQHWQDQ',NULL),('A53.9','未特指的梅毒',NULL,'WTZDMD',NULL),('A54','淋球菌感染',NULL,'LQJGR',NULL),('A54.0','下泌尿生殖道的淋球菌感染, 不伴有尿道周或副腺的脓肿',NULL,'XMNSZDDLQJ',NULL),('A54.1','下泌尿生殖道的淋球菌感染, 伴有尿道周和副腺的脓肿',NULL,'XMNSZDDLQJ',NULL),('A54.2+','淋球菌性盆腔腹膜炎和其他泌尿生殖道淋球菌感染',NULL,'LQJXPQFMYH',NULL),('A54.3','眼淋球菌感染',NULL,'YLQJGR',NULL),('A54.4+','肌肉骨骼系统淋球菌感染',NULL,'JRGZXTLQJG',NULL),('A54.5','淋球菌性咽炎',NULL,'LQJXYY',NULL),('A54.6','肛门和直肠淋球菌感染',NULL,'GMHZCLQJGR',NULL),('A54.8','其他淋球菌感染',NULL,'QTLQJGR',NULL),('A54.9','未特指的淋球菌感染',NULL,'WTZDLQJGR',NULL),('A55','衣原体(性病性)淋巴肉芽肿',NULL,'YYT(XBX)LB',NULL),('A56','其他性传播的衣原体疾病',NULL,'QTXCBDYYTJ',NULL),('A56.0','下泌尿生殖道衣原体感染',NULL,'XMNSZDYYTG',NULL),('A56.1+','盆腔腹膜和其他泌尿生殖器官衣原体感染',NULL,'PQFMHQTMNS',NULL),('A56.2','未特指的泌尿生殖道衣原体感染',NULL,'WTZDMNSZDY',NULL),('A56.3','肛门和直肠衣原体感染',NULL,'GMHZCYYTGR',NULL),('A56.4','咽衣原体感染',NULL,'YYYTGR',NULL),('A56.8','其他部位的性传播的衣原体感染',NULL,'QTBWDXCBDY',NULL),('A57','软下疳',NULL,'RXZ',NULL),('A58','腹股沟肉芽肿',NULL,'FGGRYZ',NULL),('A59','滴虫病',NULL,'DCB',NULL),('A59.0','泌尿生殖系毛滴虫病',NULL,'MNSZXMDCB',NULL),('A59.8','其他部位的滴虫病',NULL,'QTBWDDCB',NULL),('A59.9','未特指的滴虫病',NULL,'WTZDDCB',NULL),('A60','肛门生殖器的疱疹病毒[单纯性疱疹]感染',NULL,'GMSZQDZZBD',NULL),('A60.0','生殖器和泌尿生殖道的疱疹病毒感染',NULL,'SZQHMNSZDD',NULL),('A60.1','肛周皮肤和直肠的疱疹病毒感染',NULL,'GZPFHZCDZZ',NULL),('A60.9','未特指的肛门生殖器的疱疹病毒感染',NULL,'WTZDGMSZQD',NULL),('A63','其他主要为性传播的疾病, 不可归类在他处者',NULL,'QTZYWXCBDJ',NULL),('A63.0','肛门生殖器(性病性)疣',NULL,'GMSZQ(XBX)',NULL),('A63.8','其他特指的主要为性传播的疾病',NULL,'QTTZDZYWXC',NULL),('A64','未特指的性传播疾病',NULL,'WTZDXCBJB',NULL),('A65','非性病性梅毒',NULL,'FXBXMD',NULL),('A65-A69','其他螺旋体病',NULL,'QTLXTB',NULL),('A66','雅司病',NULL,'YSB',NULL),('A66.0','雅司病初发损害',NULL,'YSBCFSH',NULL),('A66.1','多发性乳头瘤和湿性角化过度性雅司病',NULL,'DFXRTLHSXJ',NULL),('A66.2','雅司病的其他早期皮肤损害',NULL,'YSBDQTZQPF',NULL),('A66.3','雅司病角化过度',NULL,'YSBJHGD',NULL),('A66.4','雅司病的树胶肿和溃疡',NULL,'YSBDSJZHKY',NULL),('A66.5','毁形性鼻咽炎',NULL,'HXXBYY',NULL),('A66.6','雅司病的骨和关节损害',NULL,'YSBDGHGJSH',NULL),('A66.7','雅司病的其他表现',NULL,'YSBDQTBX',NULL),('A66.8','潜伏性雅司病',NULL,'QFXYSB',NULL),('A66.9','未特指的雅司病',NULL,'WTZDYSB',NULL),('A67','品他病',NULL,'PTB',NULL),('A67.0','品他病初期损害',NULL,'PTBCQSH',NULL),('A67.1','品他病中期损害',NULL,'PTBZQSH',NULL),('A67.2','品他病晚期损害',NULL,'PTBWQSH',NULL),('A67.3','品他病的混合性损害',NULL,'PTBDHHXSH',NULL),('A67.9','未特指的品他病',NULL,'WTZDPTB',NULL),('A68','回归热',NULL,'HGR',NULL),('A68.0','虱媒介的回归热',NULL,'SMJDHGR',NULL),('A68.1','蜱媒介的回归热',NULL,'ZMJDHGR',NULL),('A68.9','未特指的回归热',NULL,'WTZDHGR',NULL),('A69','其他螺旋体感染',NULL,'QTLXTGR',NULL),('A69.0','溃疡坏死性口炎',NULL,'KYHSXKY',NULL),('A69.1','其他樊尚螺旋体感染',NULL,'QTFSLXTGR',NULL),('A69.2','莱姆病',NULL,'LMB',NULL),('A69.8','其他特指的螺旋体感染',NULL,'QTTZDLXTGR',NULL),('A69.9','未特指的螺旋体感染',NULL,'WTZDLXTGR',NULL),('A70','鹦鹉热衣原体感染',NULL,'ZZRYYTGR',NULL),('A70-A74','由衣原体引起的其他疾病',NULL,'YYYTYQDQTJ',NULL),('A71','沙眼',NULL,'SY',NULL),('A71.0','初期沙眼',NULL,'CQSY',NULL),('A71.1','活动期沙眼',NULL,'HDQSY',NULL),('A71.9','未特指的沙眼',NULL,'WTZDSY',NULL),('A74','由衣原体引起的其他疾病',NULL,'YYYTYQDQTJ',NULL),('A74.0+','衣原体结膜炎(H13.1*)',NULL,'YYTJMY(H13',NULL),('A74.8','其他衣原体疾病',NULL,'QTYYTJB',NULL),('A74.9','未特指的衣原体感染',NULL,'WTZDYYTGR',NULL),('A75','斑疹伤寒',NULL,'BZSH',NULL),('A75-A79','立克次体病',NULL,'LKCTB',NULL),('A75.0','由于普氏立克次体引起的流行性虱媒介的斑疹伤寒',NULL,'YYPSLKCTYQ',NULL),('A75.1','再燃性斑疹伤寒[布里尔病]',NULL,'ZRXBZSH[BL',NULL),('A75.2','由于地方性斑疹伤寒立克次体引起的斑疹伤寒',NULL,'YYDFXBZSHL',NULL),('A75.3','由于恙虫热立克次体引起的斑疹伤寒',NULL,'YYZCRLKCTY',NULL),('A75.9','未特指的斑疹伤寒',NULL,'WTZDBZSH',NULL),('A77','斑疹热[蜱媒介的立克次体病]',NULL,'BZR[ZMJDLK',NULL),('A77.0','由于立氏立克次体引起的斑疹热',NULL,'YYLSLKCTYQ',NULL),('A77.1','由于康诺尔立克次体引起的斑疹热',NULL,'YYKNELKCTY',NULL),('A77.2','由于西伯利亚立克次体引起的斑疹热',NULL,'YYXBLYLKCT',NULL),('A77.3','由于澳洲立克次体引起的斑疹热',NULL,'YYAZLKCTYQ',NULL),('A77.8','其他斑疹热',NULL,'QTBZR',NULL),('A77.9','未特指的斑疹热',NULL,'WTZDBZR',NULL),('A78','寇热',NULL,'KR',NULL),('A79','其他立克次体病',NULL,'QTLKCTB',NULL),('A79.0','战壕热',NULL,'ZHR',NULL),('A79.1','由于螨立克次体引起的立克次体痘',NULL,'YYZLKCTYQD',NULL),('A79.8','其他特指的立克次体病',NULL,'QTTZDLKCTB',NULL),('A79.9','未特指的立克次体病',NULL,'WTZDLKCTB',NULL),('A80','急性脊髓灰质炎',NULL,'JXJSHZY',NULL),('A80-A89','中枢神经系统的病毒性感染',NULL,'ZSSJXTDBDX',NULL),('A80.0','急性麻痹性脊髓灰质炎, 与接种有关的',NULL,'JXMBXJSHZY',NULL),('A80.1','急性麻痹性脊髓灰质炎, (外地)引入的野病毒',NULL,'JXMBXJSHZY',NULL),('A80.2','急性麻痹性脊髓灰质炎, 本地存在的野病毒',NULL,'JXMBXJSHZY',NULL),('A80.3','急性麻痹性脊髓灰质炎, 其他和未特指的',NULL,'JXMBXJSHZY',NULL),('A80.4','急性非麻痹性脊髓灰质炎',NULL,'JXFMBXJSHZ',NULL),('A80.9','未特指的急性脊髓灰质炎',NULL,'WTZDJXJSHZ',NULL),('A81','中枢神经系统的慢病毒感染',NULL,'ZSSJXTDMBD',NULL),('A81.0','克罗伊茨费尔特-雅各布病',NULL,'KLYCFET-YG',NULL),('A81.1','亚急性硬化性全脑炎',NULL,'YJXYHXQNY',NULL),('A81.2','进行性多灶性白质脑病',NULL,'JXXDZXBZNB',NULL),('A81.8','其他中枢神经系统的慢病毒感染',NULL,'QTZSSJXTDM',NULL),('A81.9','未特指的中枢神经系统的慢病毒感染',NULL,'WTZDZSSJXT',NULL),('A82','狂犬病',NULL,'KQB',NULL),('A82.0','森林狂犬病',NULL,'SLKQB',NULL),('A82.1','城市狂犬病',NULL,'CSKQB',NULL),('A82.9','未特指的狂犬病',NULL,'WTZDKQB',NULL),('A83','蚊媒介的病毒性脑炎',NULL,'WMJDBDXNY',NULL),('A83.0','日本脑炎',NULL,'RBNY',NULL),('A83.1','西方马型脑炎',NULL,'XFMXNY',NULL),('A83.2','东方马型脑炎',NULL,'DFMXNY',NULL),('A83.3','圣路易斯型脑炎',NULL,'SLYSXNY',NULL),('A83.4','澳大利亚脑炎',NULL,'ADLYNY',NULL),('A83.5','加利福尼亚脑炎',NULL,'JLFNYNY',NULL),('A83.6','若西欧病毒病',NULL,'RXOBDB',NULL),('A83.8','其他蚊媒介的病毒性脑炎',NULL,'QTWMJDBDXN',NULL),('A83.9','未特指的蚊媒介的病毒性脑炎',NULL,'WTZDWMJDBD',NULL),('A84','蜱媒介的病毒性脑炎',NULL,'ZMJDBDXNY',NULL),('A84.0','远东蜱媒介的脑炎[俄罗斯春-夏型脑炎]',NULL,'YDZMJDNY[E',NULL),('A84.1','中部欧洲蜱媒介的脑炎',NULL,'ZBOZZMJDNY',NULL),('A84.8','其他蜱媒介的病毒性脑炎',NULL,'QTZMJDBDXN',NULL),('A84.9','未特指的蜱媒介的病毒性脑炎',NULL,'WTZDZMJDBD',NULL),('A85','其他病毒性脑炎, 不可归类在他处者',NULL,'QTBDXNY, B',NULL),('A85.0+','肠病毒性脑炎(G05.1*)',NULL,'CBDXNY(G05',NULL),('A85.1+','腺病毒性脑炎(G05.1*)',NULL,'XBDXNY(G05',NULL),('A85.2','未特指的节肢动物媒介的病毒性脑炎',NULL,'WTZDJZDWMJ',NULL),('A85.8','其他特指的病毒性脑炎',NULL,'QTTZDBDXNY',NULL),('A86','未特指的病毒性脑炎',NULL,'WTZDBDXNY',NULL),('A87','病毒性脑膜炎',NULL,'BDXNMY',NULL),('A87.0+','肠病毒性脑膜炎(G02.0*)',NULL,'CBDXNMY(G0',NULL),('A87.1+','腺病毒性脑膜炎(G02.0*)',NULL,'XBDXNMY(G0',NULL),('A87.2','淋巴细胞性脉络丛脑膜炎',NULL,'LBXBXMLCNM',NULL),('A87.8','其他病毒性脑膜炎',NULL,'QTBDXNMY',NULL),('A87.9','未特指的病毒性脑膜炎',NULL,'WTZDBDXNMY',NULL),('A88','中枢神经系统的其他病毒性感染,不可归类在他处者',NULL,'ZSSJXTDQTB',NULL),('A88.0','肠病毒性发疹热[波士顿疹病]',NULL,'CBDXFZR[BS',NULL),('A88.1','流行性眩晕',NULL,'LXXXY',NULL),('A88.8','中枢神经系统其他特指的病毒性感染',NULL,'ZSSJXTQTTZ',NULL),('A89','中枢神经系统未特指的病毒性感染',NULL,'ZSSJXTWTZD',NULL),('A90','登革热[古典登革热]',NULL,'DGR[GDDGR]',NULL),('A90-A99','节肢动物媒介的病毒性发热和病毒性出血热',NULL,'JZDWMJDBDX',NULL),('A91','登革出血热',NULL,'DGCXR',NULL),('A92','其他蚊媒介的病毒性发热',NULL,'QTWMJDBDXF',NULL),('A92.0','奇孔古尼亚病毒性疾病',NULL,'QKGNYBDXJB',NULL),('A92.1','奥尼昂-尼昂热',NULL,'ANA-NAR',NULL),('A92.2','委内瑞拉马型热',NULL,'WNRLMXR',NULL),('A92.3','西尼罗河热',NULL,'XNLHR',NULL),('A92.4','裂谷热',NULL,'LGR',NULL),('A92.8','其他特指的蚊媒介的病毒性发热',NULL,'QTTZDWMJDB',NULL),('A92.9','未特指的蚊媒介的病毒性发热',NULL,'WTZDWMJDBD',NULL),('A93','其他节肢动物媒介的病毒性发热,不可归类在他处者',NULL,'QTJZDWMJDB',NULL),('A93.0','奥罗普什病毒性疾病',NULL,'ALPSBDXJB',NULL),('A93.1','白蛉热',NULL,'BZR',NULL),('A93.2','科罗拉多蜱热',NULL,'KLLDZR',NULL),('A93.8','其他特指的节肢动物媒介的病毒性发热',NULL,'QTTZDJZDWM',NULL),('A94','未特指的节肢动物媒介的病毒性发热',NULL,'WTZDJZDWMJ',NULL),('A95','黄热病',NULL,'HRB',NULL),('A95.0','森林型黄热病',NULL,'SLXHRB',NULL),('A95.1','城市型黄热病',NULL,'CSXHRB',NULL),('A95.9','未特指的黄热病',NULL,'WTZDHRB',NULL),('A96','沙粒病毒性出血热',NULL,'SLBDXCXR',NULL),('A96.0','朱宁出血热',NULL,'ZNCXR',NULL),('A96.1','马丘波出血热',NULL,'MQBCXR',NULL),('A96.2','拉沙热',NULL,'LSR',NULL),('A96.8','其他沙粒病毒性出血热',NULL,'QTSLBDXCXR',NULL),('A96.9','未特指的沙粒病毒性出血热',NULL,'WTZDSLBDXC',NULL),('A98','其他病毒性出血热, 不可归类在他处者',NULL,'QTBDXCXR, ',NULL),('A98.0','克里米亚-刚果出血热',NULL,'KLMY-GGCXR',NULL),('A98.1','鄂木斯克出血热',NULL,'EMSKCXR',NULL),('A98.2','夸赛纳森林病',NULL,'KSNSLB',NULL),('A98.3','马尔堡病毒病',NULL,'MEBBDB',NULL),('A98.4','埃博拉病毒病',NULL,'ABLBDB',NULL),('A98.5','出血热伴有肾综合征',NULL,'CXRBYSZHZ',NULL),('A98.8','其他特指的病毒性出血热',NULL,'QTTZDBDXCX',NULL),('A99','未特指的病毒性出血热',NULL,'WTZDBDXCXR',NULL),('B00','疱疹病毒[单纯性疱疹]感染',NULL,'ZZBD[DCXZZ',NULL),('B00-B09','特征为皮肤和粘膜损害的病毒性感染',NULL,'TZWPFHZMSH',NULL),('B00.0','疱疹性湿疹',NULL,'ZZXSZ',NULL),('B00.1','疱疹病毒性水疱皮炎',NULL,'ZZBDXSZPY',NULL),('B00.2','疱疹病毒性龈口炎和咽扁桃体炎',NULL,'ZZBDXZKYHY',NULL),('B00.3+','疱疹病毒性脑膜炎(G02.0*)',NULL,'ZZBDXNMY(G',NULL),('B00.4+','疱疹病毒性脑炎(G05.1*)',NULL,'ZZBDXNY(G0',NULL),('B00.5+','疱疹病毒性眼病',NULL,'ZZBDXYB',NULL),('B00.7','播散性疱疹病毒性疾病',NULL,'BSXZZBDXJB',NULL),('B00.8','其他形式的疱疹病毒感染',NULL,'QTXSDZZBDG',NULL),('B00.9','未特指的疱疹病毒感染',NULL,'WTZDZZBDGR',NULL),('B01','水痘',NULL,'SD',NULL),('B01.0+','水痘脑膜炎(G02.0*)',NULL,'SDNMY(G02.',NULL),('B01.1+','水痘脑炎(G05.1*)',NULL,'SDNY(G05.1',NULL),('B01.2+','水痘肺炎(J17.1*)',NULL,'SDFY(J17.1',NULL),('B01.8','水痘, 伴有其他并发症',NULL,'SD, BYQTBF',NULL),('B01.9','水痘, 不伴有并发症',NULL,'SD, BBYBFZ',NULL),('B02','带状疱疹',NULL,'DZZZ',NULL),('B02.0+','带状疱疹脑炎(G05.1*)',NULL,'DZZZNY(G05',NULL),('B02.1+','带状疱疹脑膜炎(G02.0*)',NULL,'DZZZNMY(G0',NULL),('B02.2+','带状疱疹累及其他神经系统',NULL,'DZZZLJQTSJ',NULL),('B02.3+','带状疱疹眼病',NULL,'DZZZYB',NULL),('B02.7','播散性带状疱疹',NULL,'BSXDZZZ',NULL),('B02.8','带状疱疹伴有其他并发症',NULL,'DZZZBYQTBF',NULL),('B02.9','带状疱疹, 不伴有并发症',NULL,'DZZZ, BBYB',NULL),('B03','天花',NULL,'TH',NULL),('B04','猴痘',NULL,'HD',NULL),('B05','麻疹',NULL,'MZ',NULL),('B05.0+','麻疹并发脑炎(G05.1*)',NULL,'MZBFNY(G05',NULL),('B05.1+','麻疹并发脑膜炎(G02.0*)',NULL,'MZBFNMY(G0',NULL),('B05.2+','麻疹并发肺炎(J17.1*)',NULL,'MZBFFY(J17',NULL),('B05.3+','麻疹并发中耳炎(H67.1*)',NULL,'MZBFZEY(H6',NULL),('B05.4','麻疹伴有肠的并发症',NULL,'MZBYCDBFZ',NULL),('B05.8','麻疹伴有其他并发症',NULL,'MZBYQTBFZ',NULL),('B05.9','麻疹, 不伴有并发症',NULL,'MZ, BBYBFZ',NULL),('B06','风疹',NULL,'FZ',NULL),('B06.0+','风疹, 伴有神经科并发症',NULL,'FZ, BYSJKB',NULL),('B06.8','风疹, 伴有其他并发症',NULL,'FZ, BYQTBF',NULL),('B06.9','风疹, 不伴有并发症',NULL,'FZ, BBYBFZ',NULL),('B07','病毒性疣',NULL,'BDXZ',NULL),('B08','其他以皮肤和粘膜损害为特征的病毒性感染, 不可归类在他处者',NULL,'QTYPFHZMSH',NULL),('B08.0','其他正痘病毒属感染',NULL,'QTZDBDSGR',NULL),('B08.1','传染性软疣',NULL,'CRXRZ',NULL),('B08.2','猝发疹[第六病]',NULL,'ZFZ[DLB]',NULL),('B08.3','传染性红斑[第五病]',NULL,'CRXHB[DWB]',NULL),('B08.4','肠病毒性水疱性口炎, 伴有疹病',NULL,'CBDXSZXKY,',NULL),('B08.5','肠病毒性水疱性咽炎',NULL,'CBDXSZXYY',NULL),('B08.8','其他特指的以皮肤和粘膜损害为特征的病毒性感染',NULL,'QTTZDYPFHZ',NULL),('B09','未特指的以皮肤和粘膜损害为特征的病毒性感染',NULL,'WTZDYPFHZM',NULL),('B15','急性甲型肝炎',NULL,'JXJXGY',NULL),('B15-B19','病毒性肝炎',NULL,'BDXGY',NULL),('B15.0','甲型肝炎, 伴有肝昏迷',NULL,'JXGY, BYGH',NULL),('B15.9','甲型肝炎, 不伴有肝昏迷',NULL,'JXGY, BBYG',NULL),('B16','急性乙型肝炎',NULL,'JXYXGY',NULL),('B16.0','急性乙型肝炎, 伴有δ因子 (共同感染), 并伴有肝昏迷',NULL,'JXYXGY, BY',NULL),('B16.1','急性乙型肝炎, 伴有δ因子 (共同感染), 但不伴有肝昏迷',NULL,'JXYXGY, BY',NULL),('B16.2','急性乙型肝炎,不伴有δ因子(共同感染), 但伴有肝昏迷',NULL,'JXYXGY,BBY',NULL),('B16.9','急性乙型肝炎,不伴有δ因子(共同感染), 也不伴有肝昏迷',NULL,'JXYXGY,BBY',NULL),('B17','其他急性病毒性肝炎',NULL,'QTJXBDXGY',NULL),('B17.0','乙型肝炎病毒携带者的急性δ因子(重复)感染',NULL,'YXGYBDXDZD',NULL),('B17.1','急性丙型肝炎',NULL,'JXBXGY',NULL),('B17.2','急性戊型肝炎',NULL,'JXWXGY',NULL),('B17.8','其他特指的急性病毒性肝炎',NULL,'QTTZDJXBDX',NULL),('B18','慢性病毒性肝炎',NULL,'MXBDXGY',NULL),('B18.0','慢性乙型病毒性肝炎, 伴有δ因子',NULL,'MXYXBDXGY,',NULL),('B18.1','慢性乙型病毒性肝炎, 不伴有δ因子',NULL,'MXYXBDXGY,',NULL),('B18.2','慢性丙型病毒性肝炎',NULL,'MXBXBDXGY',NULL),('B18.8','其他慢性病毒性肝炎',NULL,'QTMXBDXGY',NULL),('B18.9','未特指的慢性病毒性肝炎',NULL,'WTZDMXBDXG',NULL),('B19','未特指的病毒性肝炎',NULL,'WTZDBDXGY',NULL),('B19.0','未特指的病毒性肝炎, 伴有昏迷',NULL,'WTZDBDXGY,',NULL),('B19.9','未特指的病毒性肝炎, 不伴有昏迷',NULL,'WTZDBDXGY,',NULL),('B20','人类免疫缺陷病毒[HIV]病造成的传染病和寄生虫病',NULL,'RLMYQXBD[H',NULL),('B20-B24','人类免疫缺陷病毒[HIV]病',NULL,'RLMYQXBD[H',NULL),('B20.0','人类免疫缺陷病毒[HIV]病造成的分枝杆菌感染',NULL,'RLMYQXBD[H',NULL),('B20.1','人类免疫缺陷病毒[HIV]病造成的其他细菌感染',NULL,'RLMYQXBD[H',NULL),('B20.2','人类免疫缺陷病毒[HIV]病造成的巨细胞病毒病',NULL,'RLMYQXBD[H',NULL),('B20.3','人类免疫缺陷病毒[HIV]病造成的其他病毒感染',NULL,'RLMYQXBD[H',NULL),('B20.4','人类免疫缺陷病毒[HIV]病造成的念珠菌病',NULL,'RLMYQXBD[H',NULL),('B20.5','人类免疫缺陷病毒[HIV]病造成的其他真菌病',NULL,'RLMYQXBD[H',NULL),('B20.6','人类免疫缺陷病毒[HIV]病造成的卡氏肺囊虫性肺炎',NULL,'RLMYQXBD[H',NULL),('B20.7','人类免疫缺陷病毒[HIV]病造成的多发性感染',NULL,'RLMYQXBD[H',NULL),('B20.8','人类免疫缺陷病毒[HIV]病造成的其他传染病和寄生虫病',NULL,'RLMYQXBD[H',NULL),('B20.9','人类免疫缺陷病毒[HIV]病造成的未特指的传染病和寄生虫病',NULL,'RLMYQXBD[H',NULL),('B21','人类免疫缺陷病毒[HIV]病造成的恶性肿瘤',NULL,'RLMYQXBD[H',NULL),('B21.0','人类免疫缺陷病毒[HIV]病造成的卡波西肉瘤',NULL,'RLMYQXBD[H',NULL),('B21.1','人类免疫缺陷病毒[HIV]病造成的伯基特淋巴瘤',NULL,'RLMYQXBD[H',NULL),('B21.2','人类免疫缺陷病毒[HIV]病造成的其他类型的非霍奇金淋巴瘤',NULL,'RLMYQXBD[H',NULL),('B21.3','人类免疫缺陷病毒[HIV]病造成的淋巴、造血和有关组织的其他恶性肿瘤',NULL,'RLMYQXBD[H',NULL),('B21.7','人类免疫缺陷病毒[HIV]病造成的多发性恶性肿瘤',NULL,'RLMYQXBD[H',NULL),('B21.8','人类免疫缺陷病毒[HIV]病造成的其他恶性肿瘤',NULL,'RLMYQXBD[H',NULL),('B21.9','人类免疫缺陷病毒[HIV]病造成的未特指的恶性肿瘤',NULL,'RLMYQXBD[H',NULL),('B22','人类免疫缺陷病毒[HIV]病造成的其他特指的疾病',NULL,'RLMYQXBD[H',NULL),('B22.0','人类免疫缺陷病毒[HIV]病造成的脑病',NULL,'RLMYQXBD[H',NULL),('B22.1','人类免疫缺陷病毒[HIV]病造成的淋巴样间质性肺炎',NULL,'RLMYQXBD[H',NULL),('B22.2','人类免疫缺陷病毒[HIV]病造成的消瘦综合征',NULL,'RLMYQXBD[H',NULL),('B22.7','人类免疫缺陷病毒[HIV]病造成的分类于他处的多发性疾病',NULL,'RLMYQXBD[H',NULL),('B23','人类免疫缺陷病毒[HIV]病造成的其他情况',NULL,'RLMYQXBD[H',NULL),('B23.0','急性人类免疫缺陷病毒[HIV]感染综合征',NULL,'JXRLMYQXBD',NULL),('B23.1','人类免疫缺陷病毒[HIV]病造成的(持续的)全身性淋巴结病',NULL,'RLMYQXBD[H',NULL),('B23.2','人类免疫缺陷病毒[HIV]病造成的不可归类在他处的血液学和免疫学的异常',NULL,'RLMYQXBD[H',NULL),('B23.8','人类免疫缺陷病毒[HIV]病造成的其他特指的情况',NULL,'RLMYQXBD[H',NULL),('B24','未特指的人类免疫缺陷病毒[HIV]病',NULL,'WTZDRLMYQX',NULL),('B25','巨细胞病毒病',NULL,'JXBBDB',NULL),('B25-B34','其他病毒性疾病',NULL,'QTBDXJB',NULL),('B25.0+','巨细胞病毒性肺炎(J17.1*)',NULL,'JXBBDXFY(J',NULL),('B25.1+','巨细胞病毒性肝炎(K77.0*)',NULL,'JXBBDXGY(K',NULL),('B25.2+','巨细胞病毒性胰腺炎(K87.1*)',NULL,'JXBBDXYXY(',NULL),('B25.8','其他巨细胞病毒病',NULL,'QTJXBBDB',NULL),('B25.9','未特指的巨细胞病毒病',NULL,'WTZDJXBBDB',NULL),('B26','流行性腮腺炎',NULL,'LXXSXY',NULL),('B26.0+','流行性腮腺炎性睾丸炎(N51.1*)',NULL,'LXXSXYXZWY',NULL),('B26.1+','流行性腮腺炎性脑膜炎(G02.0*)',NULL,'LXXSXYXNMY',NULL),('B26.2+','流行性腮腺炎性脑炎(G05.1*)',NULL,'LXXSXYXNY(',NULL),('B26.3+','流行性腮腺炎性胰腺炎(K87.1*)',NULL,'LXXSXYXYXY',NULL),('B26.8','流行性腮腺炎, 伴有其他并发症',NULL,'LXXSXY, BY',NULL),('B26.9','流行性腮腺炎, 不伴有并发症',NULL,'LXXSXY, BB',NULL),('B27','传染性单核细胞增多症',NULL,'CRXDHXBZDZ',NULL),('B27.0','γ疱疹病毒性单核细胞增多症',NULL,'ZZBDXDHXBZ',NULL),('B27.1','巨细胞病毒性单核细胞增多症',NULL,'JXBBDXDHXB',NULL),('B27.8','其他传染性单核细胞增多症',NULL,'QTCRXDHXBZ',NULL),('B27.9','未特指的传染性单核细胞增多症',NULL,'WTZDCRXDHX',NULL),('B30','病毒性结膜炎',NULL,'BDXJMY',NULL),('B30.0+','腺病毒引起的角膜结膜炎(H19.2*)',NULL,'XBDYQDJMJM',NULL),('B30.1+','腺病毒引起的结膜炎(H13.1*)',NULL,'XBDYQDJMY(',NULL),('B30.2','病毒性咽结膜炎',NULL,'BDXYJMY',NULL),('B30.3+','急性流行性出血性(肠病毒性)结膜炎(H13.1*)',NULL,'JXLXXCXX(C',NULL),('B30.8+','其他病毒性结膜炎(H13.1*)',NULL,'QTBDXJMY(H',NULL),('B30.9','未特指的病毒性结膜炎',NULL,'WTZDBDXJMY',NULL),('B33','其他病毒性疾病, 不可归类在他处者',NULL,'QTBDXJB, B',NULL),('B33.0','流行性肌痛',NULL,'LXXJT',NULL),('B33.1','罗斯河病',NULL,'LSHB',NULL),('B33.2','病毒性心炎',NULL,'BDXXY',NULL),('B33.3','逆病毒感染, 不可归类在他处者',NULL,'NBDGR, BKG',NULL),('B33.8','其他特指的病毒性疾病',NULL,'QTTZDBDXJB',NULL),('B34','未特指部位的病毒性感染',NULL,'WTZBWDBDXG',NULL),('B34.0','未特指的腺病毒感染',NULL,'WTZDXBDGR',NULL),('B34.1','未特指的肠病毒感染',NULL,'WTZDCBDGR',NULL),('B34.2','未特指的冠状病毒感染',NULL,'WTZDGZBDGR',NULL),('B34.3','未特指的细小病毒感染',NULL,'WTZDXXBDGR',NULL),('B34.4','未特指的乳头多瘤空泡病毒感染',NULL,'WTZDRTDLKP',NULL),('B34.8','其他未特指部位的病毒性感染',NULL,'QTWTZBWDBD',NULL),('B34.9','未特指的病毒性感染',NULL,'WTZDBDXGR',NULL),('B35','皮真菌病',NULL,'PZJB',NULL),('B35-B49','真菌病',NULL,'ZJB',NULL),('B35.0','须癣和头癣',NULL,'XXHTX',NULL),('B35.1','甲癣',NULL,'JX',NULL),('B35.2','手癣',NULL,'SX',NULL),('B35.3','脚癣',NULL,'JX',NULL),('B35.4','体癣',NULL,'TX',NULL),('B35.5','叠瓦癣',NULL,'DWX',NULL),('B35.6','股癣',NULL,'GX',NULL),('B35.8','其他皮真菌病',NULL,'QTPZJB',NULL),('B35.9','未特指的皮真菌病',NULL,'WTZDPZJB',NULL),('B36','其他表面真菌病',NULL,'QTBMZJB',NULL),('B36.0','花斑癣',NULL,'HBX',NULL),('B36.1','黑癣',NULL,'HX',NULL),('B36.2','白癣',NULL,'BX',NULL),('B36.3','黑色发结节病',NULL,'HSFJJB',NULL),('B36.8','其他特指的表面的真菌病',NULL,'QTTZDBMDZJ',NULL),('B36.9','未特指的表面的真菌病',NULL,'WTZDBMDZJB',NULL),('B37','念珠菌病',NULL,'NZJB',NULL),('B37.0','念珠菌性口炎',NULL,'NZJXKY',NULL),('B37.1','肺念珠菌病',NULL,'FNZJB',NULL),('B37.2','皮肤和指[趾]甲念珠菌病',NULL,'PFHZ[Z]JNZ',NULL),('B37.3+','外阴和阴道念珠菌病(N77.1*)',NULL,'WYHYDNZJB(',NULL),('B37.4+','其他泌尿生殖系部位的念珠菌病',NULL,'QTMNSZXBWD',NULL),('B37.5+','念珠菌性脑膜炎(G02.1*)',NULL,'NZJXNMY(G0',NULL),('B37.6+','念珠菌性心内膜炎(I39.8)',NULL,'NZJXXNMY(I',NULL),('B37.7','念珠菌性败血症',NULL,'NZJXBXZ',NULL),('B37.8','其他部位的念珠菌病',NULL,'QTBWDNZJB',NULL),('B37.9','未特指的念珠菌病',NULL,'WTZDNZJB',NULL),('B38','球孢子菌病',NULL,'QZZJB',NULL),('B38.0','急性肺球孢子菌病',NULL,'JXFQZZJB',NULL),('B38.1','慢性肺球孢子菌病',NULL,'MXFQZZJB',NULL),('B38.2','未特指的肺球孢子菌病',NULL,'WTZDFQZZJB',NULL),('B38.3','皮肤球孢子菌病',NULL,'PFQZZJB',NULL),('B38.4+','球孢子菌病脑膜炎(G02.1*)',NULL,'QZZJBNMY(G',NULL),('B38.7','播散性球孢子菌病',NULL,'BSXQZZJB',NULL),('B38.8','其他形式的球孢子菌病',NULL,'QTXSDQZZJB',NULL),('B38.9','未特指的球孢子菌病',NULL,'WTZDQZZJB',NULL),('B39','组织胞浆菌病',NULL,'ZZBJJB',NULL),('B39.0','急性肺荚膜组织胞浆菌病',NULL,'JXFJMZZBJJ',NULL),('B39.1','慢性肺荚膜组织胞浆菌病',NULL,'MXFJMZZBJJ',NULL),('B39.2','未特指的肺荚膜组织胞浆菌病',NULL,'WTZDFJMZZB',NULL),('B39.3','播散性荚膜组织胞浆菌病',NULL,'BSXJMZZBJJ',NULL),('B39.4','未特指的荚膜组织胞浆菌病',NULL,'WTZDJMZZBJ',NULL),('B39.5','杜波依西变种组织胞浆菌病',NULL,'DBYXBZZZBJ',NULL),('B39.9','未特指的组织胞浆菌病',NULL,'WTZDZZBJJB',NULL),('B40','芽生菌病',NULL,'YSJB',NULL),('B40.0','急性肺芽生菌病',NULL,'JXFYSJB',NULL),('B40.1','慢性肺芽生菌病',NULL,'MXFYSJB',NULL),('B40.2','未特指的肺芽生菌病',NULL,'WTZDFYSJB',NULL),('B40.3','皮肤芽生菌病',NULL,'PFYSJB',NULL),('B40.7','播散性芽生菌病',NULL,'BSXYSJB',NULL),('B40.8','其他形式的芽生菌病',NULL,'QTXSDYSJB',NULL),('B40.9','未特指的芽生菌病',NULL,'WTZDYSJB',NULL),('B41','类球孢子菌病',NULL,'LQZZJB',NULL),('B41.0','肺类球孢子菌病',NULL,'FLQZZJB',NULL),('B41.7','播散性类球孢子菌病',NULL,'BSXLQZZJB',NULL),('B41.8','其他形式的类球孢子菌病',NULL,'QTXSDLQZZJ',NULL),('B41.9','未特指的类球孢子菌病',NULL,'WTZDLQZZJB',NULL),('B42','孢子丝菌病',NULL,'ZZSJB',NULL),('B42.0+','肺孢子丝菌病(J99.8*)',NULL,'FZZSJB(J99',NULL),('B42.1','淋巴皮肤的孢子丝菌病',NULL,'LBPFDZZSJB',NULL),('B42.7','播散性孢子丝菌病',NULL,'BSXZZSJB',NULL),('B42.8','其他形式的孢子丝菌病',NULL,'QTXSDZZSJB',NULL),('B42.9','未特指的孢子丝菌病',NULL,'WTZDZZSJB',NULL),('B43','着色真菌病与棕色真菌病性脓肿',NULL,'ZSZJBYZSZJ',NULL),('B43.0','皮肤着色真菌病',NULL,'PFZSZJB',NULL),('B43.1','棕色真菌病性脑脓肿',NULL,'ZSZJBXNNZ',NULL),('B43.2','皮下棕色真菌病性脓肿和囊肿',NULL,'PXZSZJBXNZ',NULL),('B43.8','其他形式的着色真菌病',NULL,'QTXSDZSZJB',NULL),('B43.9','未特指的着色真菌病',NULL,'WTZDZSZJB',NULL),('B44','曲霉病',NULL,'QMB',NULL),('B44.0','侵入性肺曲霉病',NULL,'QRXFQMB',NULL),('B44.1','其他肺曲霉病',NULL,'QTFQMB',NULL),('B44.2','扁桃体曲霉病',NULL,'BTTQMB',NULL),('B44.7','播散性曲霉病',NULL,'BSXQMB',NULL),('B44.8','其他形式的曲霉病',NULL,'QTXSDQMB',NULL),('B44.9','未特指的曲霉病',NULL,'WTZDQMB',NULL),('B45','隐球菌病',NULL,'YQJB',NULL),('B45.0','肺隐球菌病',NULL,'FYQJB',NULL),('B45.1','大脑隐球菌病',NULL,'DNYQJB',NULL),('B45.2','皮肤隐球菌病',NULL,'PFYQJB',NULL),('B45.3','骨隐球菌病',NULL,'GYQJB',NULL),('B45.7','播散性隐球菌病',NULL,'BSXYQJB',NULL),('B45.8','其他形式的隐球菌病',NULL,'QTXSDYQJB',NULL),('B45.9','未特指的隐球菌病',NULL,'WTZDYQJB',NULL),('B46','接合菌病',NULL,'JHJB',NULL),('B46.0','肺毛霉病',NULL,'FMMB',NULL),('B46.1','鼻大脑毛霉病',NULL,'BDNMMB',NULL),('B46.2','胃肠毛霉病',NULL,'WCMMB',NULL),('B46.3','皮肤毛霉病',NULL,'PFMMB',NULL),('B46.4','播散性毛霉病',NULL,'BSXMMB',NULL),('B46.5','未特指的毛霉病',NULL,'WTZDMMB',NULL),('B46.8','其他接合菌病',NULL,'QTJHJB',NULL),('B46.9','未特指的接合菌病',NULL,'WTZDJHJB',NULL),('B47','足菌肿',NULL,'ZJZ',NULL),('B47.0','真菌性足菌肿',NULL,'ZJXZJZ',NULL),('B47.1','放线菌瘤',NULL,'FXJL',NULL),('B47.9','未特指的足菌肿',NULL,'WTZDZJZ',NULL),('B48','其他真菌病, 不可归类在他处者',NULL,'QTZJB, BKG',NULL),('B48.0','洛博芽生菌病',NULL,'LBYSJB',NULL),('B48.1','鼻孢子虫病',NULL,'BZZCB',NULL),('B48.2','霉样真菌病',NULL,'MYZJB',NULL),('B48.3','地丝菌病',NULL,'DSJB',NULL),('B48.4','青霉病',NULL,'QMB',NULL),('B48.7','机遇性真菌病',NULL,'JYXZJB',NULL),('B48.8','其他特指的真菌病',NULL,'QTTZDZJB',NULL),('B49','未特指的真菌病',NULL,'WTZDZJB',NULL),('B50','恶性疟原虫疟疾',NULL,'EXNYCNJ',NULL),('B50-B64','原生动物性疾病',NULL,'YSDWXJB',NULL),('B50.0','恶性疟原虫疟疾, 伴有大脑并发症',NULL,'EXNYCNJ, B',NULL),('B50.8','其他严重的和并发的恶性疟原虫疟疾',NULL,'QTYZDHBFDE',NULL),('B50.9','未特指的恶性疟原虫疟疾',NULL,'WTZDEXNYCN',NULL),('B51','间日疟原虫疟疾',NULL,'JRNYCNJ',NULL),('B51.0','间日疟原虫疟疾, 伴有脾破裂',NULL,'JRNYCNJ, B',NULL),('B51.8','间日疟原虫疟疾, 伴有其他并发症',NULL,'JRNYCNJ, B',NULL),('B51.9','间日疟原虫疟疾, 不伴有并发症',NULL,'JRNYCNJ, B',NULL),('B52','三日疟原虫疟疾',NULL,'SRNYCNJ',NULL),('B52.0','三日疟原虫疟疾, 伴有肾病',NULL,'SRNYCNJ, B',NULL),('B52.8','三日疟原虫疟疾, 伴有其他并发症',NULL,'SRNYCNJ, B',NULL),('B52.9','三日疟原虫疟疾, 不伴有并发症',NULL,'SRNYCNJ, B',NULL),('B53','其他经寄生虫学证实的疟疾',NULL,'QTJJSCXZSD',NULL),('B53.0','卵形疟原虫疟疾',NULL,'LXNYCNJ',NULL),('B53.1','由于猴疟原虫引起的疟疾',NULL,'YYHNYCYQDN',NULL),('B53.8','其他经寄生虫学证实的疟疾, 不可归类在他处者',NULL,'QTJJSCXZSD',NULL),('B54','未特指的疟疾',NULL,'WTZDNJ',NULL),('B55','利什曼病',NULL,'LSMB',NULL),('B55.0','内脏利什曼病',NULL,'NZLSMB',NULL),('B55.1','皮肤利什曼病',NULL,'PFLSMB',NULL),('B55.2','粘膜皮肤利什曼病',NULL,'ZMPFLSMB',NULL),('B55.9','未特指的利什曼病',NULL,'WTZDLSMB',NULL),('B56','非洲锥虫病',NULL,'FZZCB',NULL),('B56.0','冈比亚锥虫病',NULL,'GBYZCB',NULL),('B56.1','津巴布韦锥虫病',NULL,'JBBWZCB',NULL),('B56.9','未特指的非洲锥虫病',NULL,'WTZDFZZCB',NULL),('B57','查加斯病',NULL,'CJSB',NULL),('B57.0+','急性查加斯病, 伴有累及心脏(I41.2*,I98.1*)',NULL,'JXCJSB, BY',NULL),('B57.1','急性查加斯病, 未累及心脏',NULL,'JXCJSB, WL',NULL),('B57.2+','(慢性)查加斯病, 伴有累及心脏(I41.2*,I98.1*)',NULL,'(MX)CJSB, ',NULL),('B57.3','(慢性)查加斯病, 伴有累及消化系统',NULL,'(MX)CJSB, ',NULL),('B57.4','(慢性)查加斯病, 伴有累及神经系统',NULL,'(MX)CJSB, ',NULL),('B57.5','(慢性)查加斯病, 伴有累及其他器官',NULL,'(MX)CJSB, ',NULL),('B58','弓形虫病',NULL,'GXCB',NULL),('B58.0+','弓形虫属眼病',NULL,'GXCSYB',NULL),('B58.1+','弓形虫属肝炎(K77.0*)',NULL,'GXCSGY(K77',NULL),('B58.2+','弓形虫属脑膜脑炎(G05.2*)',NULL,'GXCSNMNY(G',NULL),('B58.3+','肺弓形虫病(J17.3*)',NULL,'FGXCB(J17.',NULL),('B58.8','弓形虫病, 累及其他器官',NULL,'GXCB, LJQT',NULL),('B58.9','未特指的弓形虫病',NULL,'WTZDGXCB',NULL),('B59','肺囊虫病',NULL,'FNCB',NULL),('B60','其他原生动物性疾病, 不可归类在他处者',NULL,'QTYSDWXJB,',NULL),('B60.0','巴贝虫病',NULL,'BBCB',NULL),('B60.2','纳归虫病',NULL,'NGCB',NULL),('B60.8','其他特指的原生动物性疾病',NULL,'QTTZDYSDWX',NULL),('B64','未特指的原生动物性疾病',NULL,'WTZDYSDWXJ',NULL),('B65','血吸虫病[裂体吸虫病]',NULL,'XXCB[LTXCB',NULL),('B65-B83','蠕虫病',NULL,'RCB',NULL),('B65.0','由于埃及血吸虫引起的血吸虫病[泌尿道血吸虫病]',NULL,'YYAJXXCYQD',NULL),('B65.1','由于曼森裂体吸虫引起的血吸虫病[肠道血吸虫病]',NULL,'YYMSLTXCYQ',NULL),('B65.2','由于日本血吸虫引起的血吸虫病',NULL,'YYRBXXCYQD',NULL),('B65.3','尾蚴性皮炎',NULL,'WZXPY',NULL),('B65.8','其他血吸虫病',NULL,'QTXXCB',NULL),('B65.9','未特指的血吸虫病',NULL,'WTZDXXCB',NULL),('B66','其他吸虫感染',NULL,'QTXCGR',NULL),('B66.0','后睾吸虫病',NULL,'HZXCB',NULL),('B66.1','支睾吸虫病',NULL,'ZZXCB',NULL),('B66.2','支双腔吸虫病',NULL,'ZSQXCB',NULL),('B66.3','片吸虫病',NULL,'PXCB',NULL),('B66.4','并殖吸虫病',NULL,'BZXCB',NULL),('B66.5','姜片虫病',NULL,'JPCB',NULL),('B66.8','其他特指的吸虫感染',NULL,'QTTZDXCGR',NULL),('B66.9','未特指的吸虫感染',NULL,'WTZDXCGR',NULL),('B67','棘球蚴病',NULL,'JQZB',NULL),('B67.0','肝细粒棘球绦虫感染',NULL,'GXLJQTCGR',NULL),('B67.1','肺细粒棘球绦虫感染',NULL,'FXLJQTCGR',NULL),('B67.2','骨细粒棘球绦虫感染',NULL,'GXLJQTCGR',NULL),('B67.3','其他部位和多部位的细粒棘球绦虫感染',NULL,'QTBWHDBWDX',NULL),('B67.4','未特指的细粒棘球绦虫感染',NULL,'WTZDXLJQTC',NULL),('B67.5','肝多房棘球绦虫感染',NULL,'GDFJQTCGR',NULL),('B67.6','其他部位和多部位的多房棘球绦虫感染',NULL,'QTBWHDBWDD',NULL),('B67.7','未特指的多房棘球绦虫感染',NULL,'WTZDDFJQTC',NULL),('B67.8','未特指的肝棘球蚴病',NULL,'WTZDGJQZB',NULL),('B67.9','其他和未特指的棘球蚴病',NULL,'QTHWTZDJQZ',NULL),('B68','绦虫病',NULL,'TCB',NULL),('B68.0','猪肉绦虫的绦虫病',NULL,'ZRTCDTCB',NULL),('B68.1','牛肉绦虫的绦虫病',NULL,'NRTCDTCB',NULL),('B68.9','未特指的绦虫病',NULL,'WTZDTCB',NULL),('B69','囊虫病[囊尾蚴病]',NULL,'NCB[NWZB]',NULL),('B69.0','中枢神经系统囊虫病',NULL,'ZSSJXTNCB',NULL),('B69.1','眼囊虫病',NULL,'YNCB',NULL),('B69.8','其他部位的囊虫病',NULL,'QTBWDNCB',NULL),('B69.9','未特指的囊虫病',NULL,'WTZDNCB',NULL),('B70','裂头绦虫病和裂头蚴病',NULL,'LTTCBHLTZB',NULL),('B70.0','裂头绦虫病',NULL,'LTTCB',NULL),('B70.1','裂头蚴病',NULL,'LTZB',NULL),('B71','其他绦虫感染',NULL,'QTTCGR',NULL),('B71.0','膜壳绦虫病',NULL,'MKTCB',NULL),('B71.1','复孔绦虫病',NULL,'FKTCB',NULL),('B71.8','其他特指的绦虫感染',NULL,'QTTZDTCGR',NULL),('B71.9','未特指的绦虫感染',NULL,'WTZDTCGR',NULL),('B72','麦地那丝虫病',NULL,'MDNSCB',NULL),('B73','盘尾丝虫病',NULL,'PWSCB',NULL),('B74','丝虫病',NULL,'SCB',NULL),('B74.0','由于班氏吴策线虫引起的丝虫病',NULL,'YYBSWCXCYQ',NULL),('B74.1','由于马来(布鲁格)丝虫引起的丝虫病',NULL,'YYML(BLG)S',NULL),('B74.2','由于帝汶(布鲁格)丝虫引起的丝虫病',NULL,'YYDZ(BLG)S',NULL),('B74.3','罗阿丝虫病',NULL,'LASCB',NULL),('B74.4','曼森线虫病',NULL,'MSXCB',NULL),('B74.8','其他丝虫病',NULL,'QTSCB',NULL),('B74.9','未特指的丝虫病',NULL,'WTZDSCB',NULL),('B75','旋毛虫病',NULL,'XMCB',NULL),('B76','钩虫病',NULL,'GCB',NULL),('B76.0','十二指肠钩虫病',NULL,'SEZCGCB',NULL),('B76.1','美洲钩虫病',NULL,'MZGCB',NULL),('B76.8','其他钩虫病',NULL,'QTGCB',NULL),('B76.9','未特指的钩虫病',NULL,'WTZDGCB',NULL),('B77','蛔虫病',NULL,'HCB',NULL),('B77.0','蛔虫病, 伴有肠道并发症',NULL,'HCB, BYCDB',NULL),('B77.8','蛔虫病, 伴有其他并发症',NULL,'HCB, BYQTB',NULL),('B77.9','未特指的蛔虫病',NULL,'WTZDHCB',NULL),('B78','类圆线虫病',NULL,'LYXCB',NULL),('B78.0','肠道类圆线虫病',NULL,'CDLYXCB',NULL),('B78.1','皮肤类圆线虫病',NULL,'PFLYXCB',NULL),('B78.7','播散性类圆线虫病',NULL,'BSXLYXCB',NULL),('B78.9','未特指的类圆线虫病',NULL,'WTZDLYXCB',NULL),('B79','鞭虫病',NULL,'BCB',NULL),('B80','蛲虫病',NULL,'ZCB',NULL),('B81','其他肠道蠕虫病, 不可归类在他处者',NULL,'QTCDRCB, B',NULL),('B81.0','异尖线虫病',NULL,'YJXCB',NULL),('B81.1','肠道毛细线虫病',NULL,'CDMXXCB',NULL),('B81.2','毛圆线虫病',NULL,'MYXCB',NULL),('B81.3','肠道血管圆线虫病',NULL,'CDXGYXCB',NULL),('B81.4','混合型肠道蠕虫病',NULL,'HHXCDRCB',NULL),('B81.8','其他特指的肠道蠕虫病',NULL,'QTTZDCDRCB',NULL),('B82','未特指的肠道寄生虫病',NULL,'WTZDCDJSCB',NULL),('B82.0','未特指的肠道蠕虫病',NULL,'WTZDCDRCB',NULL),('B82.9','未特指的肠道寄生虫病',NULL,'WTZDCDJSCB',NULL),('B83','其他蠕虫病',NULL,'QTRCB',NULL),('B83.0','内脏幼虫移行症',NULL,'NZYCYXZ',NULL),('B83.1','颚口线虫病',NULL,'ZKXCB',NULL),('B83.2','由于广州副圆线虫引起的血管圆线虫病',NULL,'YYGZFYXCYQ',NULL),('B83.3','比翼(线虫)病',NULL,'BY(XC)B',NULL),('B83.4','内部水蛭病',NULL,'NBSZB',NULL),('B83.8','其他特指的蠕虫病',NULL,'QTTZDRCB',NULL),('B83.9','未特指的蠕虫病',NULL,'WTZDRCB',NULL),('B85','虱病和阴虱病',NULL,'SBHYSB',NULL),('B85-B89','虱病、螨病和其他病虫侵染',NULL,'SBZBHQTBCQ',NULL),('B85.0','由于头虱引起的虱病',NULL,'YYTSYQDSB',NULL),('B85.1','由于体虱引起的虱病',NULL,'YYTSYQDSB',NULL),('B85.2','未特指的虱病',NULL,'WTZDSB',NULL),('B85.3','(阴)虱病',NULL,'(Y)SB',NULL),('B85.4','混合型虱病和(阴)虱病',NULL,'HHXSBH(Y)S',NULL),('B86','疥疮',NULL,'JC',NULL),('B87','蝇蛆病',NULL,'YQB',NULL),('B87.0','皮肤蝇蛆病',NULL,'PFYQB',NULL),('B87.1','伤口蝇蛆病',NULL,'SKYQB',NULL),('B87.2','眼蝇蛆病',NULL,'YYQB',NULL),('B87.3','鼻咽蝇蛆病',NULL,'BYYQB',NULL),('B87.4','耳蝇蛆病',NULL,'EYQB',NULL),('B87.8','其他部位的蝇蛆病',NULL,'QTBWDYQB',NULL),('B87.9','未特指的蝇蛆病',NULL,'WTZDYQB',NULL),('B88','其他病虫侵染',NULL,'QTBCQR',NULL),('B88.0','其他螨病',NULL,'QTZB',NULL),('B88.1','潜蚤病[沙蚤侵染]',NULL,'QZB[SZQR]',NULL),('B88.2','其他节肢动物侵染',NULL,'QTJZDWQR',NULL),('B88.3','外部水蛭病',NULL,'WBSZB',NULL),('B88.8','其他特指的病虫侵染',NULL,'QTTZDBCQR',NULL),('B88.9','未特指的病虫侵染',NULL,'WTZDBCQR',NULL),('B89','未特指的寄生虫病',NULL,'WTZDJSCB',NULL),('B90','结核病后遗症',NULL,'JHBHYZ',NULL),('B90-B94','传染病和寄生虫病的后遗症',NULL,'CRBHJSCBDH',NULL),('B90.0','中枢神经系统结核病的后遗症',NULL,'ZSSJXTJHBD',NULL),('B90.1','泌尿生殖系结核的后遗症',NULL,'MNSZXJHDHY',NULL),('B90.2','骨和关节结核的后遗症',NULL,'GHGJJHDHYZ',NULL),('B90.8','其他器官结核的后遗症',NULL,'QTQGJHDHYZ',NULL),('B90.9','呼吸道结核和未特指的结核的后遗症',NULL,'HXDJHHWTZD',NULL),('B91','脊髓灰质炎后遗症',NULL,'JSHZYHYZ',NULL),('B92','麻风后遗症',NULL,'MFHYZ',NULL),('B94','其他和未特指的传染病和寄生虫病的后遗症',NULL,'QTHWTZDCRB',NULL),('B94.0','沙眼后遗症',NULL,'SYHYZ',NULL),('B94.1','病毒性脑炎后遗症',NULL,'BDXNYHYZ',NULL),('B94.2','病毒性肝炎后遗症',NULL,'BDXGYHYZ',NULL),('B94.8','其他特指传染病和寄生虫病后遗症',NULL,'QTTZCRBHJS',NULL),('B94.9','未特指的传染病或寄生虫病的后遗症',NULL,'WTZDCRBHJS',NULL),('B95','链球菌和葡萄球菌作为分类于其他章疾病的原因',NULL,'LQJHPTQJZW',NULL),('B95-B97','细菌、病毒和其他传染性病原体',NULL,'XJBDHQTCRX',NULL),('B95.0','A 族链球菌作为分类于其他章疾病的原因',NULL,'A ZLQJZWFL',NULL),('B95.1','B 族链球菌作为分类于其他章疾病的原因',NULL,'B ZLQJZWFL',NULL),('B95.2','D 族链球菌作为分类于其他章疾病的原因',NULL,'D ZLQJZWFL',NULL),('B95.3','肺炎链球菌作为分类于其他章疾病的原因',NULL,'FYLQJZWFLY',NULL),('B95.4','其他链球菌作为分类于其他章疾病的原因',NULL,'QTLQJZWFLY',NULL),('B95.5','未特指的链球菌作为分类于其他章疾病的原因',NULL,'WTZDLQJZWF',NULL),('B95.6','金黄色葡萄球菌作为分类于其他章疾病的原因',NULL,'JHSPTQJZWF',NULL),('B95.7','其他葡萄球菌作为分类于其他章疾病的原因',NULL,'QTPTQJZWFL',NULL),('B95.8','未特指的葡萄球菌作为分类于其他章疾病的原因',NULL,'WTZDPTQJZW',NULL),('B96','其他细菌性病原体作为分类于其他章疾病的原因',NULL,'QTXJXBYTZW',NULL),('B96.0','支原体肺炎菌作为分类于其他章疾病的原因',NULL,'ZYTFYJZWFL',NULL),('B96.1','肺炎杆菌作为分类于其他章疾病的原因',NULL,'FYGJZWFLYQ',NULL),('B96.2','大肠埃希氏菌作为分类于其他章疾病的原因',NULL,'DCAXSJZWFL',NULL),('B96.3','流感嗜血杆菌作为分类于其他章疾病的原因',NULL,'LGSXGJZWFL',NULL),('B96.4','变形菌(奇异)(摩根)作为分类于其他章疾病的原因',NULL,'BXJ(QY)(MG',NULL),('B96.5','假单胞菌属(铜绿)(鼻疽) (类鼻疽)作为分类于其他章疾病的原因',NULL,'JDBJS(TL)(',NULL),('B96.6','脆弱(微小)杆菌作为分类于其他章疾病的原因',NULL,'CR(WX)GJZW',NULL),('B96.7','产气荚膜梭状芽胞杆菌作为分类于其他章疾病的原因',NULL,'CQJMSZYBGJ',NULL),('B96.8','其他特指的细菌性病原体作为分类于其他章疾病的原因',NULL,'QTTZDXJXBY',NULL),('B97','病毒性病原体作为分类于其他章疾病的原因',NULL,'BDXBYTZWFL',NULL),('B97.0','腺病毒作为分类于其他章疾病的原因',NULL,'XBDZWFLYQT',NULL),('B97.1','肠病毒作为分类于其他章疾病的原因',NULL,'CBDZWFLYQT',NULL),('B97.2','冠状病毒作为分类于其他章疾病的原因',NULL,'GZBDZWFLYQ',NULL),('B97.3','逆病毒作为分类于其他章疾病的原因',NULL,'NBDZWFLYQT',NULL),('B97.4','呼吸道合胞体病毒作为分类于其他章疾病的原因',NULL,'HXDHBTBDZW',NULL),('B97.5','呼肠病毒作为分类于其他章疾病的原因',NULL,'HCBDZWFLYQ',NULL),('B97.6','细小病毒作为分类于其他章疾病的原因',NULL,'XXBDZWFLYQ',NULL),('B97.7','乳头状瘤病毒作为分类于其他章疾病的原因',NULL,'RTZLBDZWFL',NULL),('B97.8','其他病毒性病原体作为分类于其他章疾病的原因',NULL,'QTBDXBYTZW',NULL),('B99','其他和未特指的传染病',NULL,'QTHWTZDCRB',NULL),('C00','唇恶性肿瘤',NULL,'CEXZL',NULL),('C00-C14','唇、口腔和咽恶性肿瘤',NULL,'CKQHYEXZL',NULL),('C00-C97','恶性肿瘤',NULL,'EXZL',NULL),('C00-D48','肿瘤',NULL,'ZL',NULL),('C00.0','外上唇恶性肿瘤',NULL,'WSCEXZL',NULL),('C00.1','外下唇恶性肿瘤',NULL,'WXCEXZL',NULL),('C00.2','外唇恶性肿瘤，未特指',NULL,'WCEXZLWTZ',NULL),('C00.3','上唇内面恶性肿瘤',NULL,'SCNMEXZL',NULL),('C00.4','下唇内面恶性肿瘤',NULL,'XCNMEXZL',NULL),('C00.5','唇内面恶性肿瘤，未特指',NULL,'CNMEXZLWTZ',NULL),('C00.6','唇连合恶性肿瘤',NULL,'CLHEXZL',NULL),('C00.8','唇交搭跨越恶性肿瘤的损害',NULL,'CJDKYEXZLD',NULL),('C00.9','唇恶性肿瘤，未特指',NULL,'CEXZLWTZ',NULL),('C01','舌根恶性肿瘤',NULL,'SGEXZL',NULL),('C02','舌的其他和未特指部位的恶性肿瘤',NULL,'SDQTHWTZBW',NULL),('C02.0','舌背面恶性肿瘤',NULL,'SBMEXZL',NULL),('C02.1','舌缘恶性肿瘤',NULL,'SYEXZL',NULL),('C02.2','舌腹面恶性肿瘤',NULL,'SFMEXZL',NULL),('C02.3','舌前三分之二恶性肿瘤，部位未特指',NULL,'SQSFZEEXZL',NULL),('C02.4','舌扁桃体恶性肿瘤',NULL,'SBTTEXZL',NULL),('C02.8','舌交搭跨越恶性肿瘤的损害',NULL,'SJDKYEXZLD',NULL),('C02.9','舌恶性肿瘤，未特指',NULL,'SEXZLWTZ',NULL),('C03','牙龈恶性肿瘤',NULL,'YZEXZL',NULL),('C03.0','上牙龈恶性肿瘤',NULL,'SYZEXZL',NULL),('C03.1','下牙龈恶性肿瘤',NULL,'XYZEXZL',NULL),('C03.9','牙龈恶性肿瘤，未特指',NULL,'YZEXZLWTZ',NULL),('C04','口底恶性肿瘤',NULL,'KDEXZL',NULL),('C04.0','口底前部恶性肿瘤',NULL,'KDQBEXZL',NULL),('C04.1','口底侧部恶性肿瘤',NULL,'KDCBEXZL',NULL),('C04.8','口底交搭跨越恶性肿瘤的损害',NULL,'KDJDKYEXZL',NULL),('C04.9','口底恶性肿瘤，未特指',NULL,'KDEXZLWTZ',NULL),('C05','腭恶性肿瘤',NULL,'ZEXZL',NULL),('C05.0','硬腭恶性肿瘤',NULL,'YZEXZL',NULL),('C05.1','软腭恶性肿瘤',NULL,'RZEXZL',NULL),('C05.2','悬雍垂恶性肿瘤',NULL,'XYCEXZL',NULL),('C05.8','腭交搭跨越恶性肿瘤的损害',NULL,'ZJDKYEXZLD',NULL),('C05.9','腭恶性肿瘤，未特指',NULL,'ZEXZLWTZ',NULL),('C06','口的其他和未特指部位的恶性肿瘤',NULL,'KDQTHWTZBW',NULL),('C06.0','颊粘膜恶性肿瘤',NULL,'JZMEXZL',NULL),('C06.1','口前庭恶性肿瘤',NULL,'KQTEXZL',NULL),('C06.2','磨牙后区恶性肿瘤',NULL,'MYHQEXZL',NULL),('C06.8','口的其他和未特指部位交搭跨越恶性肿瘤的损害',NULL,'KDQTHWTZBW',NULL),('C06.9','口恶性肿瘤，未特指',NULL,'KEXZLWTZ',NULL),('C07','腮腺恶性肿瘤',NULL,'SXEXZL',NULL),('C08','其他和未特指的大涎腺恶性肿瘤',NULL,'QTHWTZDDXX',NULL),('C08.0','下颌下腺恶性肿瘤',NULL,'XZXXEXZL',NULL),('C08.1','舌下腺恶性肿瘤',NULL,'SXXEXZL',NULL),('C08.8','大涎腺交搭跨越恶性肿瘤的损害',NULL,'DXXJDKYEXZ',NULL),('C08.9','大涎腺恶性肿瘤，未特指',NULL,'DXXEXZLWTZ',NULL),('C09','扁桃体恶性肿瘤',NULL,'BTTEXZL',NULL),('C09.0','扁桃体窝恶性肿瘤',NULL,'BTTWEXZL',NULL),('C09.1','(前)(后)扁桃体柱恶性肿瘤',NULL,'(Q)(H)BTTZ',NULL),('C09.8','扁桃体交搭跨越恶性肿瘤的损害',NULL,'BTTJDKYEXZ',NULL),('C09.9','扁桃体恶性肿瘤，未特指',NULL,'BTTEXZLWTZ',NULL),('C10','口咽恶性肿瘤',NULL,'KYEXZL',NULL),('C10.0','会厌谷恶性肿瘤',NULL,'HYGEXZL',NULL),('C10.1','会厌前面恶性肿瘤',NULL,'HYQMEXZL',NULL),('C10.2','口咽侧壁恶性肿瘤',NULL,'KYCBEXZL',NULL),('C10.3','口咽后壁恶性肿瘤',NULL,'KYHBEXZL',NULL),('C10.4','鳃裂恶性肿瘤',NULL,'SLEXZL',NULL),('C10.8','口咽交搭跨越恶性肿瘤的损害',NULL,'KYJDKYEXZL',NULL),('C10.9','口咽恶性肿瘤，未特指',NULL,'KYEXZLWTZ',NULL),('C11','鼻咽恶性肿瘤',NULL,'BYEXZL',NULL),('C11.0','鼻咽上壁恶性肿瘤',NULL,'BYSBEXZL',NULL),('C11.1','鼻咽后壁恶性肿瘤',NULL,'BYHBEXZL',NULL),('C11.2','鼻咽侧壁恶性肿瘤',NULL,'BYCBEXZL',NULL),('C11.3','鼻咽前壁恶性肿瘤',NULL,'BYQBEXZL',NULL),('C11.8','鼻咽交搭跨越恶性肿瘤的损害',NULL,'BYJDKYEXZL',NULL),('C11.9','鼻咽恶性肿瘤，未特指',NULL,'BYEXZLWTZ',NULL),('C12','梨状窦恶性肿瘤',NULL,'LZZEXZL',NULL);
/*!40000 ALTER TABLE `d_diagnose_code` ENABLE KEYS */;
UNLOCK TABLES;

--
-- Table structure for table `d_disability_detail`
--

DROP TABLE IF EXISTS `d_disability_detail`;
/*!40101 SET @saved_cs_client     = @@character_set_client */;
/*!40101 SET character_set_client = utf8 */;
CREATE TABLE `d_disability_detail` (
  `CODE` varchar(10) COLLATE utf8_bin DEFAULT NULL,
  `NAME` varchar(200) COLLATE utf8_bin DEFAULT NULL,
  `ENUM_NAME` varchar(30) COLLATE utf8_bin DEFAULT NULL,
  `PINYIN` varchar(10) COLLATE utf8_bin DEFAULT NULL,
  `PARENT_CODE` varchar(10) COLLATE utf8_bin DEFAULT NULL
) ENGINE=InnoDB DEFAULT CHARSET=utf8 COLLATE=utf8_bin COMMENT='失能程度代码';
/*!40101 SET character_set_client = @saved_cs_client */;

--
-- Dumping data for table `d_disability_detail`
--

LOCK TABLES `d_disability_detail` WRITE;
/*!40000 ALTER TABLE `d_disability_detail` DISABLE KEYS */;
/*!40000 ALTER TABLE `d_disability_detail` ENABLE KEYS */;
UNLOCK TABLES;

--
-- Table structure for table `d_disability_grade`
--

DROP TABLE IF EXISTS `d_disability_grade`;
/*!40101 SET @saved_cs_client     = @@character_set_client */;
/*!40101 SET character_set_client = utf8 */;
CREATE TABLE `d_disability_grade` (
  `CODE` varchar(10) COLLATE utf8_bin DEFAULT NULL,
  `NAME` varchar(200) COLLATE utf8_bin DEFAULT NULL,
  `ENUM_NAME` varchar(30) COLLATE utf8_bin DEFAULT NULL,
  `PINYIN` varchar(10) COLLATE utf8_bin DEFAULT NULL,
  `PARENT_CODE` varchar(10) COLLATE utf8_bin DEFAULT NULL
) ENGINE=InnoDB DEFAULT CHARSET=utf8 COLLATE=utf8_bin COMMENT='失能等级代码';
/*!40101 SET character_set_client = @saved_cs_client */;

--
-- Dumping data for table `d_disability_grade`
--

LOCK TABLES `d_disability_grade` WRITE;
/*!40000 ALTER TABLE `d_disability_grade` DISABLE KEYS */;
/*!40000 ALTER TABLE `d_disability_grade` ENABLE KEYS */;
UNLOCK TABLES;

--
-- Table structure for table `d_disability_type`
--

DROP TABLE IF EXISTS `d_disability_type`;
/*!40101 SET @saved_cs_client     = @@character_set_client */;
/*!40101 SET character_set_client = utf8 */;
CREATE TABLE `d_disability_type` (
  `CODE` varchar(10) COLLATE utf8_bin DEFAULT NULL,
  `NAME` varchar(200) COLLATE utf8_bin DEFAULT NULL,
  `ENUM_NAME` varchar(30) COLLATE utf8_bin DEFAULT NULL,
  `PINYIN` varchar(10) COLLATE utf8_bin DEFAULT NULL,
  `PARENT_CODE` varchar(10) COLLATE utf8_bin DEFAULT NULL
) ENGINE=InnoDB DEFAULT CHARSET=utf8 COLLATE=utf8_bin COMMENT='失能类型代码';
/*!40101 SET character_set_client = @saved_cs_client */;

--
-- Dumping data for table `d_disability_type`
--

LOCK TABLES `d_disability_type` WRITE;
/*!40000 ALTER TABLE `d_disability_type` DISABLE KEYS */;
/*!40000 ALTER TABLE `d_disability_type` ENABLE KEYS */;
UNLOCK TABLES;

--
-- Table structure for table `d_disp_conf_item`
--

DROP TABLE IF EXISTS `d_disp_conf_item`;
/*!40101 SET @saved_cs_client     = @@character_set_client */;
/*!40101 SET character_set_client = utf8 */;
CREATE TABLE `d_disp_conf_item` (
  `CODE` varchar(10) NOT NULL,
  `NAME` varchar(200) DEFAULT NULL,
  `ENUM_NAME` varchar(30) DEFAULT NULL,
  `PINYIN` varchar(10) DEFAULT NULL,
  `PARENT_CODE` varchar(10) DEFAULT NULL COMMENT '所属的配置项分类代码（D_DISP_CONF_ITEM_TYPE）',
  PRIMARY KEY (`CODE`)
) ENGINE=InnoDB DEFAULT CHARSET=utf8mb4 COMMENT='营销产品展示配置项代码';
/*!40101 SET character_set_client = @saved_cs_client */;

--
-- Dumping data for table `d_disp_conf_item`
--

LOCK TABLES `d_disp_conf_item` WRITE;
/*!40000 ALTER TABLE `d_disp_conf_item` DISABLE KEYS */;
INSERT INTO `d_disp_conf_item` VALUES ('1','可选投保对象','ITEM_INSURED_TYPE','KXTBDX','2'),('10','被保人是否有社保','ITEM_INSURED_SOCIAL','BBRSFYSB','1'),('11','可选缴费期间','ITEM_CHARGE_PERIOD','KXJFQJ','1'),('12','可选缴费频率','ITEM_CHARGE_FREQ','KXJFPL','1'),('13','是否允许退保','ITEM_SURRENDER_PERMIT','SFYXTB','2'),('14','可选产品组合计划','ITEM_PLAN_ID','KXCPZHJH','1'),('2','被保人的可选性别','ITEM_INSURED_GENDER','BBRDKXXB','1'),('3','被保人所在地区','ITEM_INSURED_AREA','BBRSZDQ','1'),('4','精算产品个数','ITEM_PROD_CNT','JSCPGS','2'),('5','最高投保份数','ITEM_MAX_COPIES','ZGTBFS','1'),('6','责任可选保额','ITEM_LIAB_SA','ZRKXBE','1'),('7','可选保险期间','ITEM_COVERAGE_PERIOD','KXBXQJ','1'),('8','可选档次','ITEM_PROP_LEVEL','KXDC','1'),('9','被保人的可选投保年龄','ITEM_INSURED_AGE','BBRDKXTBNL','1');
/*!40000 ALTER TABLE `d_disp_conf_item` ENABLE KEYS */;
UNLOCK TABLES;

--
-- Table structure for table `d_disp_conf_type`
--

DROP TABLE IF EXISTS `d_disp_conf_type`;
/*!40101 SET @saved_cs_client     = @@character_set_client */;
/*!40101 SET character_set_client = utf8 */;
CREATE TABLE `d_disp_conf_type` (
  `CODE` varchar(10) NOT NULL,
  `NAME` varchar(200) DEFAULT NULL,
  `ENUM_NAME` varchar(30) DEFAULT NULL,
  `PINYIN` varchar(10) DEFAULT NULL,
  `PARENT_CODE` varchar(10) DEFAULT NULL,
  PRIMARY KEY (`CODE`)
) ENGINE=InnoDB DEFAULT CHARSET=utf8mb4 COMMENT='展示配置项类型代码';
/*!40101 SET character_set_client = @saved_cs_client */;

--
-- Dumping data for table `d_disp_conf_type`
--

LOCK TABLES `d_disp_conf_type` WRITE;
/*!40000 ALTER TABLE `d_disp_conf_type` DISABLE KEYS */;
INSERT INTO `d_disp_conf_type` VALUES ('1','序列','','XL',''),('2','文本','','WB',''),('3','日期','','RQ','');
/*!40000 ALTER TABLE `d_disp_conf_type` ENABLE KEYS */;
UNLOCK TABLES;

--
-- Table structure for table `d_district`
--

DROP TABLE IF EXISTS `d_district`;
/*!40101 SET @saved_cs_client     = @@character_set_client */;
/*!40101 SET character_set_client = utf8 */;
CREATE TABLE `d_district` (
  `CODE` varchar(10) COLLATE utf8_bin NOT NULL,
  `NAME` varchar(200) COLLATE utf8_bin DEFAULT NULL,
  `ENUM_NAME` varchar(10) COLLATE utf8_bin DEFAULT NULL,
  `PINYIN` varchar(10) COLLATE utf8_bin DEFAULT NULL,
  `PARENT_CODE` varchar(10) COLLATE utf8_bin DEFAULT NULL,
  PRIMARY KEY (`CODE`)
) ENGINE=InnoDB DEFAULT CHARSET=utf8 COLLATE=utf8_bin;
/*!40101 SET character_set_client = @saved_cs_client */;

--
-- Dumping data for table `d_district`
--

LOCK TABLES `d_district` WRITE;
/*!40000 ALTER TABLE `d_district` DISABLE KEYS */;
INSERT INTO `d_district` VALUES ('110101','东城区',NULL,'DCQ','110100'),('110102','西城区',NULL,'XCQ','110100'),('110105','朝阳区',NULL,'CYQ','110100'),('110106','丰台区',NULL,'FTQ','110100'),('110107','石景山区',NULL,'SJSQ','110100'),('110108','海淀区',NULL,'HDQ','110100'),('110109','门头沟区',NULL,'MTGQ','110100'),('110111','房山区',NULL,'FSQ','110100'),('110112','通州区',NULL,'TZQ','110100'),('110113','顺义区',NULL,'SYQ','110100'),('110114','昌平区',NULL,'CPQ','110100'),('110115','大兴区',NULL,'DXQ','110100'),('110116','怀柔区',NULL,'HRQ','110100'),('110117','平谷区',NULL,'PGQ','110100'),('110228','密云县',NULL,'MYX','110100'),('110229','延庆县',NULL,'YQX','110200'),('120101','和平区',NULL,'HPQ','120100'),('120102','河东区',NULL,'HDQ','120100'),('120103','河西区',NULL,'HXQ','120100'),('120104','南开区',NULL,'NKQ','120100'),('120105','河北区',NULL,'HBQ','120100'),('120106','红桥区',NULL,'HQQ','120100'),('120110','东丽区',NULL,'DLQ','120100'),('120111','西青区',NULL,'XQQ','120100'),('120112','津南区',NULL,'JNQ','120100'),('120113','北辰区',NULL,'BCQ','120100'),('120114','武清区',NULL,'WQQ','120100'),('120115','宝坻区',NULL,'BZQ','120100'),('120116','滨海新区',NULL,'BHXQ','120100'),('120221','宁河县',NULL,'NHX','120100'),('120223','静海县',NULL,'JHX','120200'),('120225','蓟县',NULL,'JX','120200'),('130102','长安区',NULL,'CAQ','130100'),('130103','桥东区',NULL,'QDQ','130100'),('130104','桥西区',NULL,'QXQ','130100'),('130105','新华区',NULL,'XHQ','130100'),('130107','井陉矿区',NULL,'JZKQ','130100'),('130108','裕华区',NULL,'YHQ','130100'),('130109','藁城区',NULL,'ZCQ','130100'),('130110','鹿泉区',NULL,'LQQ','130100'),('130111','栾城区',NULL,'ZCQ','130100'),('130121','井陉县',NULL,'JZX','130100'),('130123','正定县',NULL,'ZDX','130100'),('130125','行唐县',NULL,'XTX','130100'),('130126','灵寿县',NULL,'LSX','130100'),('130127','高邑县',NULL,'GYX','130100'),('130128','深泽县',NULL,'SZX','130100'),('130129','赞皇县',NULL,'ZHX','130100'),('130130','无极县',NULL,'WJX','130100'),('130131','平山县',NULL,'PSX','130100'),('130132','元氏县',NULL,'YSX','130100'),('130133','赵县',NULL,'ZX','130100'),('130181','辛集市',NULL,'XJS','130100'),('130183','晋州市',NULL,'JZS','130100'),('130184','新乐市',NULL,'XLS','130100'),('130202','路南区',NULL,'LNQ','130200'),('130203','路北区',NULL,'LBQ','130200'),('130204','古冶区',NULL,'GYQ','130200'),('130205','开平区',NULL,'KPQ','130200'),('130207','丰南区',NULL,'FNQ','130200'),('130208','丰润区',NULL,'FRQ','130200'),('130209','曹妃甸区',NULL,'CZDQ','130200'),('130223','滦县',NULL,'LX','130200'),('130224','滦南县',NULL,'LNX','130200'),('130225','乐亭县',NULL,'LTX','130200'),('130227','迁西县',NULL,'QXX','130200'),('130229','玉田县',NULL,'YTX','130200'),('130281','遵化市',NULL,'ZHS','130200'),('130283','迁安市',NULL,'QAS','130200'),('130302','海港区',NULL,'HGQ','130300'),('130303','山海关区',NULL,'SHGQ','130300'),('130304','北戴河区',NULL,'BDHQ','130300'),('130321','青龙满族自治县',NULL,'QLMZZZX','130300'),('130322','昌黎县',NULL,'CLX','130300'),('130323','抚宁县',NULL,'FNX','130300'),('130324','卢龙县',NULL,'LLX','130300'),('130402','邯山区',NULL,'HSQ','130400'),('130403','丛台区',NULL,'CTQ','130400'),('130404','复兴区',NULL,'FXQ','130400'),('130406','峰峰矿区',NULL,'FFKQ','130400'),('130421','邯郸县',NULL,'HDX','130400'),('130423','临漳县',NULL,'LZX','130400'),('130424','成安县',NULL,'CAX','130400'),('130425','大名县',NULL,'DMX','130400'),('130426','涉县',NULL,'SX','130400'),('130427','磁县',NULL,'CX','130400'),('130428','肥乡县',NULL,'FXX','130400'),('130429','永年县',NULL,'YNX','130400'),('130430','邱县',NULL,'QX','130400'),('130431','鸡泽县',NULL,'JZX','130400'),('130432','广平县',NULL,'GPX','130400'),('130433','馆陶县',NULL,'GTX','130400'),('130434','魏县',NULL,'WX','130400'),('130435','曲周县',NULL,'QZX','130400'),('130481','武安市',NULL,'WAS','130400'),('130502','桥东区',NULL,'QDQ','130500'),('130503','桥西区',NULL,'QXQ','130500'),('130521','邢台县',NULL,'XTX','130500'),('130522','临城县',NULL,'LCX','130500'),('130523','内丘县',NULL,'NQX','130500'),('130524','柏乡县',NULL,'BXX','130500'),('130525','隆尧县',NULL,'LYX','130500'),('130526','任县',NULL,'RX','130500'),('130527','南和县',NULL,'NHX','130500'),('130528','宁晋县',NULL,'NJX','130500'),('130529','巨鹿县',NULL,'JLX','130500'),('130530','新河县',NULL,'XHX','130500'),('130531','广宗县',NULL,'GZX','130500'),('130532','平乡县',NULL,'PXX','130500'),('130533','威县',NULL,'WX','130500'),('130534','清河县',NULL,'QHX','130500'),('130535','临西县',NULL,'LXX','130500'),('130581','南宫市',NULL,'NGS','130500'),('130582','沙河市',NULL,'SHS','130500'),('130602','新市区',NULL,'XSQ','130600'),('130603','北市区',NULL,'BSQ','130600'),('130604','南市区',NULL,'NSQ','130600'),('130621','满城县',NULL,'MCX','130600'),('130622','清苑县',NULL,'QYX','130600'),('130623','涞水县',NULL,'ZSX','130600'),('130624','阜平县',NULL,'FPX','130600'),('130625','徐水县',NULL,'XSX','130600'),('130626','定兴县',NULL,'DXX','130600'),('130627','唐县',NULL,'TX','130600'),('130628','高阳县',NULL,'GYX','130600'),('130629','容城县',NULL,'RCX','130600'),('130630','涞源县',NULL,'ZYX','130600'),('130631','望都县',NULL,'WDX','130600'),('130632','安新县',NULL,'AXX','130600'),('130633','易县',NULL,'YX','130600'),('130634','曲阳县',NULL,'QYX','130600'),('130635','蠡县',NULL,'ZX','130600'),('130636','顺平县',NULL,'SPX','130600'),('130637','博野县',NULL,'BYX','130600'),('130638','雄县',NULL,'XX','130600'),('130681','涿州市',NULL,'ZZS','130600'),('130682','定州市',NULL,'DZS','130600'),('130683','安国市',NULL,'AGS','130600'),('130684','高碑店市',NULL,'GBDS','130600'),('130702','桥东区',NULL,'QDQ','130700'),('130703','桥西区',NULL,'QXQ','130700'),('130705','宣化区',NULL,'XHQ','130700'),('130706','下花园区',NULL,'XHYQ','130700'),('130721','宣化县',NULL,'XHX','130700'),('130722','张北县',NULL,'ZBX','130700'),('130723','康保县',NULL,'KBX','130700'),('130724','沽源县',NULL,'GYX','130700'),('130725','尚义县',NULL,'SYX','130700'),('130726','蔚县',NULL,'WX','130700'),('130727','阳原县',NULL,'YYX','130700'),('130728','怀安县',NULL,'HAX','130700'),('130729','万全县',NULL,'WQX','130700'),('130730','怀来县',NULL,'HLX','130700'),('130731','涿鹿县',NULL,'ZLX','130700'),('130732','赤城县',NULL,'CCX','130700'),('130733','崇礼县',NULL,'CLX','130700'),('130802','双桥区',NULL,'SQQ','130800'),('130803','双滦区',NULL,'SLQ','130800'),('130804','鹰手营子矿区',NULL,'YSYZKQ','130800'),('130821','承德县',NULL,'CDX','130800'),('130822','兴隆县',NULL,'XLX','130800'),('130823','平泉县',NULL,'PQX','130800'),('130824','滦平县',NULL,'LPX','130800'),('130825','隆化县',NULL,'LHX','130800'),('130826','丰宁满族自治县',NULL,'FNMZZZX','130800'),('130827','宽城满族自治县',NULL,'KCMZZZX','130800'),('130828','围场满族蒙古族自治县',NULL,'WCMZMGZZZX','130800'),('130902','新华区',NULL,'XHQ','130900'),('130903','运河区',NULL,'YHQ','130900'),('130921','沧县',NULL,'CX','130900'),('130922','青县',NULL,'QX','130900'),('130923','东光县',NULL,'DGX','130900'),('130924','海兴县',NULL,'HXX','130900'),('130925','盐山县',NULL,'YSX','130900'),('130926','肃宁县',NULL,'SNX','130900'),('130927','南皮县',NULL,'NPX','130900'),('130928','吴桥县',NULL,'WQX','130900'),('130929','献县',NULL,'XX','130900'),('130930','孟村回族自治县',NULL,'MCHZZZX','130900'),('130981','泊头市',NULL,'BTS','130900'),('130982','任丘市',NULL,'RQS','130900'),('130983','黄骅市',NULL,'HZS','130900'),('130984','河间市',NULL,'HJS','130900'),('131002','安次区',NULL,'ACQ','131000'),('131003','广阳区',NULL,'GYQ','131000'),('131022','固安县',NULL,'GAX','131000'),('131023','永清县',NULL,'YQX','131000'),('131024','香河县',NULL,'XHX','131000'),('131025','大城县',NULL,'DCX','131000'),('131026','文安县',NULL,'WAX','131000'),('131028','大厂回族自治县',NULL,'DCHZZZX','131000'),('131081','霸州市',NULL,'BZS','131000'),('131082','三河市',NULL,'SHS','131000'),('131102','桃城区',NULL,'TCQ','131100'),('131121','枣强县',NULL,'ZQX','131100'),('131122','武邑县',NULL,'WYX','131100'),('131123','武强县',NULL,'WQX','131100'),('131124','饶阳县',NULL,'RYX','131100'),('131125','安平县',NULL,'APX','131100'),('131126','故城县',NULL,'GCX','131100'),('131127','景县',NULL,'JX','131100'),('131128','阜城县',NULL,'FCX','131100'),('131181','冀州市',NULL,'JZS','131100'),('131182','深州市',NULL,'SZS','131100'),('140105','小店区',NULL,'XDQ','140100'),('140106','迎泽区',NULL,'YZQ','140100'),('140107','杏花岭区',NULL,'XHLQ','140100'),('140108','尖草坪区',NULL,'JCPQ','140100'),('140109','万柏林区',NULL,'WBLQ','140100'),('140110','晋源区',NULL,'JYQ','140100'),('140121','清徐县',NULL,'QXX','140100'),('140122','阳曲县',NULL,'YQX','140100'),('140123','娄烦县',NULL,'LFX','140100'),('140181','古交市',NULL,'GJS','140100'),('140202','城区',NULL,'CQ','140200'),('140203','矿区',NULL,'KQ','140200'),('140211','南郊区',NULL,'NJQ','140200'),('140212','新荣区',NULL,'XRQ','140200'),('140221','阳高县',NULL,'YGX','140200'),('140222','天镇县',NULL,'TZX','140200'),('140223','广灵县',NULL,'GLX','140200'),('140224','灵丘县',NULL,'LQX','140200'),('140225','浑源县',NULL,'HYX','140200'),('140226','左云县',NULL,'ZYX','140200'),('140227','大同县',NULL,'DTX','140200'),('140302','城区',NULL,'CQ','140300'),('140303','矿区',NULL,'KQ','140300'),('140311','郊区',NULL,'JQ','140300'),('140321','平定县',NULL,'PDX','140300'),('140322','盂县',NULL,'YX','140300'),('140402','城区',NULL,'CQ','140400'),('140411','郊区',NULL,'JQ','140400'),('140421','长治县',NULL,'CZX','140400'),('140423','襄垣县',NULL,'XYX','140400'),('140424','屯留县',NULL,'TLX','140400'),('140425','平顺县',NULL,'PSX','140400'),('140426','黎城县',NULL,'LCX','140400'),('140427','壶关县',NULL,'HGX','140400'),('140428','长子县',NULL,'CZX','140400'),('140429','武乡县',NULL,'WXX','140400'),('140430','沁县',NULL,'QX','140400'),('140431','沁源县',NULL,'QYX','140400'),('140481','潞城市',NULL,'LCS','140400'),('140502','城区',NULL,'CQ','140500'),('140521','沁水县',NULL,'QSX','140500'),('140522','阳城县',NULL,'YCX','140500'),('140524','陵川县',NULL,'LCX','140500'),('140525','泽州县',NULL,'ZZX','140500'),('140581','高平市',NULL,'GPS','140500'),('140602','朔城区',NULL,'SCQ','140600'),('140603','平鲁区',NULL,'PLQ','140600'),('140621','山阴县',NULL,'SYX','140600'),('140622','应县',NULL,'YX','140600'),('140623','右玉县',NULL,'YYX','140600'),('140624','怀仁县',NULL,'HRX','140600'),('140702','榆次区',NULL,'YCQ','140700'),('140721','榆社县',NULL,'YSX','140700'),('140722','左权县',NULL,'ZQX','140700'),('140723','和顺县',NULL,'HSX','140700'),('140724','昔阳县',NULL,'XYX','140700'),('140725','寿阳县',NULL,'SYX','140700'),('140726','太谷县',NULL,'TGX','140700'),('140727','祁县',NULL,'QX','140700'),('140728','平遥县',NULL,'PYX','140700'),('140729','灵石县',NULL,'LSX','140700'),('140781','介休市',NULL,'JXS','140700'),('140802','盐湖区',NULL,'YHQ','140800'),('140821','临猗县',NULL,'LZX','140800'),('140822','万荣县',NULL,'WRX','140800'),('140823','闻喜县',NULL,'WXX','140800'),('140824','稷山县',NULL,'ZSX','140800'),('140825','新绛县',NULL,'XZX','140800'),('140826','绛县',NULL,'ZX','140800'),('140827','垣曲县',NULL,'YQX','140800'),('140828','夏县',NULL,'XX','140800'),('140829','平陆县',NULL,'PLX','140800'),('140830','芮城县',NULL,'ZCX','140800'),('140881','永济市',NULL,'YJS','140800'),('140882','河津市',NULL,'HJS','140800'),('140902','忻府区',NULL,'XFQ','140900'),('140921','定襄县',NULL,'DXX','140900'),('140922','五台县',NULL,'WTX','140900'),('140923','代县',NULL,'DX','140900'),('140924','繁峙县',NULL,'FZX','140900'),('140925','宁武县',NULL,'NWX','140900'),('140926','静乐县',NULL,'JLX','140900'),('140927','神池县',NULL,'SCX','140900'),('140928','五寨县',NULL,'WZX','140900'),('140929','岢岚县',NULL,'ZZX','140900'),('140930','河曲县',NULL,'HQX','140900'),('140931','保德县',NULL,'BDX','140900'),('140932','偏关县',NULL,'PGX','140900'),('140981','原平市',NULL,'YPS','140900'),('141002','尧都区',NULL,'YDQ','141000'),('141021','曲沃县',NULL,'QWX','141000'),('141022','翼城县',NULL,'YCX','141000'),('141023','襄汾县',NULL,'XFX','141000'),('141024','洪洞县',NULL,'HDX','141000'),('141025','古县',NULL,'GX','141000'),('141026','安泽县',NULL,'AZX','141000'),('141027','浮山县',NULL,'FSX','141000'),('141028','吉县',NULL,'JX','141000'),('141029','乡宁县',NULL,'XNX','141000'),('141030','大宁县',NULL,'DNX','141000'),('141031','隰县',NULL,'ZX','141000'),('141032','永和县',NULL,'YHX','141000'),('141033','蒲县',NULL,'PX','141000'),('141034','汾西县',NULL,'FXX','141000'),('141081','侯马市',NULL,'HMS','141000'),('141082','霍州市',NULL,'HZS','141000'),('141102','离石区',NULL,'LSQ','141100'),('141121','文水县',NULL,'WSX','141100'),('141122','交城县',NULL,'JCX','141100'),('141123','兴县',NULL,'XX','141100'),('141124','临县',NULL,'LX','141100'),('141125','柳林县',NULL,'LLX','141100'),('141126','石楼县',NULL,'SLX','141100'),('141127','岚县',NULL,'ZX','141100'),('141128','方山县',NULL,'FSX','141100'),('141129','中阳县',NULL,'ZYX','141100'),('141130','交口县',NULL,'JKX','141100'),('141181','孝义市',NULL,'XYS','141100'),('141182','汾阳市',NULL,'FYS','141100'),('150102','新城区',NULL,'XCQ','150100'),('150103','回民区',NULL,'HMQ','150100'),('150104','玉泉区',NULL,'YQQ','150100'),('150105','赛罕区',NULL,'SHQ','150100'),('150121','土默特左旗',NULL,'TMTZQ','150100'),('150122','托克托县',NULL,'TKTX','150100'),('150123','和林格尔县',NULL,'HLGEX','150100'),('150124','清水河县',NULL,'QSHX','150100'),('150125','武川县',NULL,'WCX','150100'),('150202','东河区',NULL,'DHQ','150200'),('150203','昆都仑区',NULL,'KDLQ','150200'),('150204','青山区',NULL,'QSQ','150200'),('150205','石拐区',NULL,'SGQ','150200'),('150206','白云鄂博矿区',NULL,'BYEBKQ','150200'),('150207','九原区',NULL,'JYQ','150200'),('150221','土默特右旗',NULL,'TMTYQ','150200'),('150222','固阳县',NULL,'GYX','150200'),('150223','达尔罕茂明安联合旗',NULL,'DEHMMALHQ','150200'),('150302','海勃湾区',NULL,'HBWQ','150300'),('150303','海南区',NULL,'HNQ','150300'),('150304','乌达区',NULL,'WDQ','150300'),('150400','赤峰市',NULL,'CFS','150300'),('150402','红山区',NULL,'HSQ','150400'),('150403','元宝山区',NULL,'YBSQ','150400'),('150404','松山区',NULL,'SSQ','150400'),('150422','巴林左旗',NULL,'BLZQ','150400'),('150423','巴林右旗',NULL,'BLYQ','150400'),('150424','林西县',NULL,'LXX','150400'),('150425','克什克腾旗',NULL,'KSKTQ','150400'),('150426','翁牛特旗',NULL,'WNTQ','150400'),('150428','喀喇沁旗',NULL,'KLQQ','150400'),('150429','宁城县',NULL,'NCX','150400'),('150430','敖汉旗',NULL,'AHQ','150400'),('150502','科尔沁区',NULL,'KEQQ','150500'),('150521','科尔沁左翼中旗',NULL,'KEQZYZQ','150500'),('150522','科尔沁左翼后旗',NULL,'KEQZYHQ','150500'),('150523','开鲁县',NULL,'KLX','150500'),('150524','库伦旗',NULL,'KLQ','150500'),('150525','奈曼旗',NULL,'NMQ','150500'),('150526','扎鲁特旗',NULL,'ZLTQ','150500'),('150581','霍林郭勒市',NULL,'HLGLS','150500'),('150602','东胜区',NULL,'DSQ','150600'),('150621','达拉特旗',NULL,'DLTQ','150600'),('150622','准格尔旗',NULL,'ZGEQ','150600'),('150623','鄂托克前旗',NULL,'ETKQQ','150600'),('150624','鄂托克旗',NULL,'ETKQ','150600'),('150625','杭锦旗',NULL,'HJQ','150600'),('150626','乌审旗',NULL,'WSQ','150600'),('150627','伊金霍洛旗',NULL,'YJHLQ','150600'),('150702','海拉尔区',NULL,'HLEQ','150700'),('150703','扎赉诺尔区',NULL,'ZZNEQ','150700'),('150721','阿荣旗',NULL,'ARQ','150700'),('150723','鄂伦春自治旗',NULL,'ELCZZQ','150700'),('150724','鄂温克族自治旗',NULL,'EWKZZZQ','150700'),('150725','陈巴尔虎旗',NULL,'CBEHQ','150700'),('150726','新巴尔虎左旗',NULL,'XBEHZQ','150700'),('150727','新巴尔虎右旗',NULL,'XBEHYQ','150700'),('150781','满洲里市',NULL,'MZLS','150700'),('150782','牙克石市',NULL,'YKSS','150700'),('150783','扎兰屯市',NULL,'ZLTS','150700'),('150784','额尔古纳市',NULL,'EEGNS','150700'),('150785','根河市',NULL,'GHS','150700'),('150802','临河区',NULL,'LHQ','150800'),('150821','五原县',NULL,'WYX','150800'),('150822','磴口县',NULL,'ZKX','150800'),('150823','乌拉特前旗',NULL,'WLTQQ','150800'),('150824','乌拉特中旗',NULL,'WLTZQ','150800'),('150825','乌拉特后旗',NULL,'WLTHQ','150800'),('150826','杭锦后旗',NULL,'HJHQ','150800'),('150902','集宁区',NULL,'JNQ','150900'),('150921','卓资县',NULL,'ZZX','150900'),('150922','化德县',NULL,'HDX','150900'),('150923','商都县',NULL,'SDX','150900'),('150924','兴和县',NULL,'XHX','150900'),('150925','凉城县',NULL,'LCX','150900'),('150926','察哈尔右翼前旗',NULL,'CHEYYQQ','150900'),('150927','察哈尔右翼中旗',NULL,'CHEYYZQ','150900'),('150928','察哈尔右翼后旗',NULL,'CHEYYHQ','150900'),('150929','四子王旗',NULL,'SZWQ','150900'),('150981','丰镇市',NULL,'FZS','150900'),('152201','乌兰浩特市',NULL,'WLHTS','152200'),('152202','阿尔山市',NULL,'AESS','152200'),('152221','科尔沁右翼前旗',NULL,'KEQYYQQ','152200'),('152222','科尔沁右翼中旗',NULL,'KEQYYZQ','152200'),('152223','扎赉特旗',NULL,'ZZTQ','152200'),('152224','突泉县',NULL,'TQX','152200'),('152501','二连浩特市',NULL,'ELHTS','152500'),('152502','锡林浩特市',NULL,'XLHTS','152500'),('152522','阿巴嘎旗',NULL,'ABGQ','152500'),('152523','苏尼特左旗',NULL,'SNTZQ','152500'),('152524','苏尼特右旗',NULL,'SNTYQ','152500'),('152525','东乌珠穆沁旗',NULL,'DWZMQQ','152500'),('152526','西乌珠穆沁旗',NULL,'XWZMQQ','152500'),('152527','太仆寺旗',NULL,'TPSQ','152500'),('152528','镶黄旗',NULL,'XHQ','152500'),('152529','正镶白旗',NULL,'ZXBQ','152500'),('152530','正蓝旗',NULL,'ZLQ','152500'),('152531','多伦县',NULL,'DLX','152500'),('152921','阿拉善左旗',NULL,'ALSZQ','152900'),('152922','阿拉善右旗',NULL,'ALSYQ','152900'),('152923','额济纳旗',NULL,'EJNQ','152900'),('210102','和平区',NULL,'HPQ','210100'),('210103','沈河区',NULL,'SHQ','210100'),('210104','大东区',NULL,'DDQ','210100'),('210105','皇姑区',NULL,'HGQ','210100'),('210106','铁西区',NULL,'TXQ','210100'),('210111','苏家屯区',NULL,'SJTQ','210100'),('210112','东陵区',NULL,'DLQ','210100'),('210113','沈北新区',NULL,'SBXQ','210100'),('210114','于洪区',NULL,'YHQ','210100'),('210122','辽中县',NULL,'LZX','210100'),('210123','康平县',NULL,'KPX','210100'),('210124','法库县',NULL,'FKX','210100'),('210181','新民市',NULL,'XMS','210100'),('210202','中山区',NULL,'ZSQ','210200'),('210203','西岗区',NULL,'XGQ','210200'),('210204','沙河口区',NULL,'SHKQ','210200'),('210211','甘井子区',NULL,'GJZQ','210200'),('210212','旅顺口区',NULL,'LSKQ','210200'),('210213','金州区',NULL,'JZQ','210200'),('210224','长海县',NULL,'CHX','210200'),('210281','瓦房店市',NULL,'WFDS','210200'),('210282','普兰店市',NULL,'PLDS','210200'),('210283','庄河市',NULL,'ZHS','210200'),('210302','铁东区',NULL,'TDQ','210300'),('210303','铁西区',NULL,'TXQ','210300'),('210304','立山区',NULL,'LSQ','210300'),('210311','千山区',NULL,'QSQ','210300'),('210321','台安县',NULL,'TAX','210300'),('210323','岫岩满族自治县',NULL,'ZYMZZZX','210300'),('210381','海城市',NULL,'HCS','210300'),('210402','新抚区',NULL,'XFQ','210400'),('210403','东洲区',NULL,'DZQ','210400'),('210404','望花区',NULL,'WHQ','210400'),('210411','顺城区',NULL,'SCQ','210400'),('210421','抚顺县',NULL,'FSX','210400'),('210422','新宾满族自治县',NULL,'XBMZZZX','210400'),('210423','清原满族自治县',NULL,'QYMZZZX','210400'),('210502','平山区',NULL,'PSQ','210500'),('210503','溪湖区',NULL,'XHQ','210500'),('210504','明山区',NULL,'MSQ','210500'),('210505','南芬区',NULL,'NFQ','210500'),('210521','本溪满族自治县',NULL,'BXMZZZX','210500'),('210522','桓仁满族自治县',NULL,'HRMZZZX','210500'),('210602','元宝区',NULL,'YBQ','210600'),('210603','振兴区',NULL,'ZXQ','210600'),('210604','振安区',NULL,'ZAQ','210600'),('210624','宽甸满族自治县',NULL,'KDMZZZX','210600'),('210681','东港市',NULL,'DGS','210600'),('210682','凤城市',NULL,'FCS','210600'),('210702','古塔区',NULL,'GTQ','210700'),('210703','凌河区',NULL,'LHQ','210700'),('210711','太和区',NULL,'THQ','210700'),('210726','黑山县',NULL,'HSX','210700'),('210727','义县',NULL,'YX','210700'),('210781','凌海市',NULL,'LHS','210700'),('210782','北镇市',NULL,'BZS','210700'),('210802','站前区',NULL,'ZQQ','210800'),('210803','西市区',NULL,'XSQ','210800'),('210804','鲅鱼圈区',NULL,'ZYQQ','210800'),('210811','老边区',NULL,'LBQ','210800'),('210881','盖州市',NULL,'GZS','210800'),('210882','大石桥市',NULL,'DSQS','210800'),('210902','海州区',NULL,'HZQ','210900'),('210903','新邱区',NULL,'XQQ','210900'),('210904','太平区',NULL,'TPQ','210900'),('210905','清河门区',NULL,'QHMQ','210900'),('210911','细河区',NULL,'XHQ','210900'),('210921','阜新蒙古族自治县',NULL,'FXMGZZZX','210900'),('210922','彰武县',NULL,'ZWX','210900'),('211002','白塔区',NULL,'BTQ','211000'),('211003','文圣区',NULL,'WSQ','211000'),('211004','宏伟区',NULL,'HWQ','211000'),('211005','弓长岭区',NULL,'GCLQ','211000'),('211011','太子河区',NULL,'TZHQ','211000'),('211021','辽阳县',NULL,'LYX','211000'),('211081','灯塔市',NULL,'DTS','211000'),('211102','双台子区',NULL,'STZQ','211100'),('211103','兴隆台区',NULL,'XLTQ','211100'),('211121','大洼县',NULL,'DWX','211100'),('211122','盘山县',NULL,'PSX','211100'),('211202','银州区',NULL,'YZQ','211200'),('211204','清河区',NULL,'QHQ','211200'),('211221','铁岭县',NULL,'TLX','211200'),('211223','西丰县',NULL,'XFX','211200'),('211224','昌图县',NULL,'CTX','211200'),('211281','调兵山市',NULL,'DBSS','211200'),('211282','开原市',NULL,'KYS','211200'),('211302','双塔区',NULL,'STQ','211300'),('211303','龙城区',NULL,'LCQ','211300'),('211321','朝阳县',NULL,'CYX','211300'),('211322','建平县',NULL,'JPX','211300'),('211381','北票市',NULL,'BPS','211300'),('211382','凌源市',NULL,'LYS','211300'),('211402','连山区',NULL,'LSQ','211400'),('211403','龙港区',NULL,'LGQ','211400'),('211404','南票区',NULL,'NPQ','211400'),('211421','绥中县',NULL,'SZX','211400'),('211422','建昌县',NULL,'JCX','211400'),('211481','兴城市',NULL,'XCS','211400'),('220102','南关区',NULL,'NGQ','220100'),('220103','宽城区',NULL,'KCQ','220100'),('220104','朝阳区',NULL,'CYQ','220100'),('220105','二道区',NULL,'EDQ','220100'),('220106','绿园区',NULL,'LYQ','220100'),('220112','双阳区',NULL,'SYQ','220100'),('220113','九台区',NULL,'JTQ','220100'),('220122','农安县',NULL,'NAX','220100'),('220182','榆树市',NULL,'YSS','220100'),('220183','德惠市',NULL,'DHS','220100'),('220202','昌邑区',NULL,'CYQ','220200'),('220203','龙潭区',NULL,'LTQ','220200'),('220204','船营区',NULL,'CYQ','220200'),('220211','丰满区',NULL,'FMQ','220200'),('220221','永吉县',NULL,'YJX','220200'),('220281','蛟河市',NULL,'ZHS','220200'),('220282','桦甸市',NULL,'ZDS','220200'),('220283','舒兰市',NULL,'SLS','220200'),('220284','磐石市',NULL,'PSS','220200'),('220302','铁西区',NULL,'TXQ','220300'),('220303','铁东区',NULL,'TDQ','220300'),('220322','梨树县',NULL,'LSX','220300'),('220323','伊通满族自治县',NULL,'YTMZZZX','220300'),('220381','公主岭市',NULL,'GZLS','220300'),('220382','双辽市',NULL,'SLS','220300'),('220402','龙山区',NULL,'LSQ','220400'),('220403','西安区',NULL,'XAQ','220400'),('220421','东丰县',NULL,'DFX','220400'),('220422','东辽县',NULL,'DLX','220400'),('220502','东昌区',NULL,'DCQ','220500'),('220503','二道江区',NULL,'EDJQ','220500'),('220521','通化县',NULL,'THX','220500'),('220523','辉南县',NULL,'HNX','220500'),('220524','柳河县',NULL,'LHX','220500'),('220581','梅河口市',NULL,'MHKS','220500'),('220582','集安市',NULL,'JAS','220500'),('220602','浑江区',NULL,'HJQ','220600'),('220605','江源区',NULL,'JYQ','220600'),('220621','抚松县',NULL,'FSX','220600'),('220622','靖宇县',NULL,'JYX','220600'),('220623','长白朝鲜族自治县',NULL,'CBCXZZZX','220600'),('220681','临江市',NULL,'LJS','220600'),('220702','宁江区',NULL,'NJQ','220700'),('220722','长岭县',NULL,'CLX','220700'),('220723','乾安县',NULL,'QAX','220700'),('220781','扶余市',NULL,'FYS','220700'),('220802','洮北区',NULL,'ZBQ','220800'),('220821','镇赉县',NULL,'ZZX','220800'),('220822','通榆县',NULL,'TYX','220800'),('220881','洮南市',NULL,'ZNS','220800'),('220882','大安市',NULL,'DAS','220800'),('222401','延吉市',NULL,'YJS','222400'),('222402','图们市',NULL,'TMS','222400'),('222403','敦化市',NULL,'DHS','222400'),('222404','珲春市',NULL,'ZCS','222400'),('222405','龙井市',NULL,'LJS','222400'),('222406','和龙市',NULL,'HLS','222400'),('222424','汪清县',NULL,'WQX','222400'),('222426','安图县',NULL,'ATX','222400'),('230102','道里区',NULL,'DLQ','230100'),('230103','南岗区',NULL,'NGQ','230100'),('230104','道外区',NULL,'DWQ','230100'),('230108','平房区',NULL,'PFQ','230100'),('230109','松北区',NULL,'SBQ','230100'),('230110','香坊区',NULL,'XFQ','230100'),('230111','呼兰区',NULL,'HLQ','230100'),('230112','阿城区',NULL,'ACQ','230100'),('230113','双城区',NULL,'SCQ','230100'),('230123','依兰县',NULL,'YLX','230100'),('230124','方正县',NULL,'FZX','230100'),('230125','宾县',NULL,'BX','230100'),('230126','巴彦县',NULL,'BYX','230100'),('230127','木兰县',NULL,'MLX','230100'),('230128','通河县',NULL,'THX','230100'),('230129','延寿县',NULL,'YSX','230100'),('230183','尚志市',NULL,'SZS','230100'),('230184','五常市',NULL,'WCS','230100'),('230202','龙沙区',NULL,'LSQ','230200'),('230203','建华区',NULL,'JHQ','230200'),('230204','铁锋区',NULL,'TFQ','230200'),('230205','昂昂溪区',NULL,'AAXQ','230200'),('230206','富拉尔基区',NULL,'FLEJQ','230200'),('230207','碾子山区',NULL,'NZSQ','230200'),('230208','梅里斯达斡尔族区',NULL,'MLSDWEZQ','230200'),('230221','龙江县',NULL,'LJX','230200'),('230223','依安县',NULL,'YAX','230200'),('230224','泰来县',NULL,'TLX','230200'),('230225','甘南县',NULL,'GNX','230200'),('230227','富裕县',NULL,'FYX','230200'),('230229','克山县',NULL,'KSX','230200'),('230230','克东县',NULL,'KDX','230200'),('230231','拜泉县',NULL,'BQX','230200'),('230281','讷河市',NULL,'ZHS','230200'),('230302','鸡冠区',NULL,'JGQ','230300'),('230303','恒山区',NULL,'HSQ','230300'),('230304','滴道区',NULL,'DDQ','230300'),('230305','梨树区',NULL,'LSQ','230300'),('230306','城子河区',NULL,'CZHQ','230300'),('230307','麻山区',NULL,'MSQ','230300'),('230321','鸡东县',NULL,'JDX','230300'),('230381','虎林市',NULL,'HLS','230300'),('230382','密山市',NULL,'MSS','230300'),('230402','向阳区',NULL,'XYQ','230400'),('230403','工农区',NULL,'GNQ','230400'),('230404','南山区',NULL,'NSQ','230400'),('230405','兴安区',NULL,'XAQ','230400'),('230406','东山区',NULL,'DSQ','230400'),('230407','兴山区',NULL,'XSQ','230400'),('230421','萝北县',NULL,'LBX','230400'),('230422','绥滨县',NULL,'SBX','230400'),('230502','尖山区',NULL,'JSQ','230500'),('230503','岭东区',NULL,'LDQ','230500'),('230505','四方台区',NULL,'SFTQ','230500'),('230506','宝山区',NULL,'BSQ','230500'),('230521','集贤县',NULL,'JXX','230500'),('230522','友谊县',NULL,'YYX','230500'),('230523','宝清县',NULL,'BQX','230500'),('230524','饶河县',NULL,'RHX','230500'),('230602','萨尔图区',NULL,'SETQ','230600'),('230603','龙凤区',NULL,'LFQ','230600'),('230604','让胡路区',NULL,'RHLQ','230600'),('230605','红岗区',NULL,'HGQ','230600'),('230606','大同区',NULL,'DTQ','230600'),('230621','肇州县',NULL,'ZZX','230600'),('230622','肇源县',NULL,'ZYX','230600'),('230623','林甸县',NULL,'LDX','230600'),('230624','杜尔伯特蒙古族自治县',NULL,'DEBTMGZZZX','230600'),('230702','伊春区',NULL,'YCQ','230700'),('230703','南岔区',NULL,'NCQ','230700'),('230704','友好区',NULL,'YHQ','230700'),('230705','西林区',NULL,'XLQ','230700'),('230706','翠峦区',NULL,'CLQ','230700'),('230707','新青区',NULL,'XQQ','230700'),('230708','美溪区',NULL,'MXQ','230700'),('230709','金山屯区',NULL,'JSTQ','230700'),('230710','五营区',NULL,'WYQ','230700'),('230711','乌马河区',NULL,'WMHQ','230700'),('230712','汤旺河区',NULL,'TWHQ','230700'),('230713','带岭区',NULL,'DLQ','230700'),('230714','乌伊岭区',NULL,'WYLQ','230700'),('230715','红星区',NULL,'HXQ','230700'),('230716','上甘岭区',NULL,'SGLQ','230700'),('230722','嘉荫县',NULL,'JYX','230700'),('230781','铁力市',NULL,'TLS','230700'),('230803','向阳区',NULL,'XYQ','230800'),('230804','前进区',NULL,'QJQ','230800'),('230805','东风区',NULL,'DFQ','230800'),('230811','郊区',NULL,'JQ','230800'),('230822','桦南县',NULL,'ZNX','230800'),('230826','桦川县',NULL,'ZCX','230800'),('230828','汤原县',NULL,'TYX','230800'),('230833','抚远县',NULL,'FYX','230800'),('230881','同江市',NULL,'TJS','230800'),('230882','富锦市',NULL,'FJS','230800'),('230902','新兴区',NULL,'XXQ','230900'),('230903','桃山区',NULL,'TSQ','230900'),('230904','茄子河区',NULL,'QZHQ','230900'),('230921','勃利县',NULL,'BLX','230900'),('231002','东安区',NULL,'DAQ','231000'),('231003','阳明区',NULL,'YMQ','231000'),('231004','爱民区',NULL,'AMQ','231000'),('231005','西安区',NULL,'XAQ','231000'),('231024','东宁县',NULL,'DNX','231000'),('231025','林口县',NULL,'LKX','231000'),('231081','绥芬河市',NULL,'SFHS','231000'),('231083','海林市',NULL,'HLS','231000'),('231084','宁安市',NULL,'NAS','231000'),('231085','穆棱市',NULL,'MLS','231000'),('231102','爱辉区',NULL,'AHQ','231100'),('231121','嫩江县',NULL,'NJX','231100'),('231123','逊克县',NULL,'XKX','231100'),('231124','孙吴县',NULL,'SWX','231100'),('231181','北安市',NULL,'BAS','231100'),('231182','五大连池市',NULL,'WDLCS','231100'),('231202','北林区',NULL,'BLQ','231200'),('231221','望奎县',NULL,'WKX','231200'),('231222','兰西县',NULL,'LXX','231200'),('231223','青冈县',NULL,'QGX','231200'),('231224','庆安县',NULL,'QAX','231200'),('231225','明水县',NULL,'MSX','231200'),('231226','绥棱县',NULL,'SLX','231200'),('231281','安达市',NULL,'ADS','231200'),('231282','肇东市',NULL,'ZDS','231200'),('231283','海伦市',NULL,'HLS','231200'),('232721','呼玛县',NULL,'HMX','232700'),('232722','塔河县',NULL,'THX','232700'),('232723','漠河县',NULL,'MHX','232700'),('310101','黄浦区',NULL,'HPQ','310100'),('310104','徐汇区',NULL,'XHQ','310100'),('310105','长宁区',NULL,'CNQ','310100'),('310106','静安区',NULL,'JAQ','310100'),('310107','普陀区',NULL,'PTQ','310100'),('310108','闸北区',NULL,'ZBQ','310100'),('310109','虹口区',NULL,'HKQ','310100'),('310110','杨浦区',NULL,'YPQ','310100'),('310112','闵行区',NULL,'ZXQ','310100'),('310113','宝山区',NULL,'BSQ','310100'),('310114','嘉定区',NULL,'JDQ','310100'),('310115','浦东新区',NULL,'PDXQ','310100'),('310116','金山区',NULL,'JSQ','310100'),('310117','松江区',NULL,'SJQ','310100'),('310118','青浦区',NULL,'QPQ','310100'),('310120','奉贤区',NULL,'FXQ','310100'),('310230','崇明县',NULL,'CMX','310100'),('320102','玄武区',NULL,'XWQ','320100'),('320104','秦淮区',NULL,'QHQ','320100'),('320105','建邺区',NULL,'JZQ','320100'),('320106','鼓楼区',NULL,'GLQ','320100'),('320111','浦口区',NULL,'PKQ','320100'),('320113','栖霞区',NULL,'QXQ','320100'),('320114','雨花台区',NULL,'YHTQ','320100'),('320115','江宁区',NULL,'JNQ','320100'),('320116','六合区',NULL,'LHQ','320100'),('320117','溧水区',NULL,'ZSQ','320100'),('320118','高淳区',NULL,'GCQ','320100'),('320202','崇安区',NULL,'CAQ','320200'),('320203','南长区',NULL,'NCQ','320200'),('320204','北塘区',NULL,'BTQ','320200'),('320205','锡山区',NULL,'XSQ','320200'),('320206','惠山区',NULL,'HSQ','320200'),('320211','滨湖区',NULL,'BHQ','320200'),('320281','江阴市',NULL,'JYS','320200'),('320282','宜兴市',NULL,'YXS','320200'),('320302','鼓楼区',NULL,'GLQ','320300'),('320303','云龙区',NULL,'YLQ','320300'),('320305','贾汪区',NULL,'JWQ','320300'),('320311','泉山区',NULL,'QSQ','320300'),('320312','铜山区',NULL,'TSQ','320300'),('320321','丰县',NULL,'FX','320300'),('320322','沛县',NULL,'PX','320300'),('320324','睢宁县',NULL,'ZNX','320300'),('320381','新沂市',NULL,'XYS','320300'),('320382','邳州市',NULL,'ZZS','320300'),('320402','天宁区',NULL,'TNQ','320400'),('320404','钟楼区',NULL,'ZLQ','320400'),('320405','戚墅堰区',NULL,'QSYQ','320400'),('320411','新北区',NULL,'XBQ','320400'),('320412','武进区',NULL,'WJQ','320400'),('320481','溧阳市',NULL,'ZYS','320400'),('320482','金坛市',NULL,'JTS','320400'),('320505','虎丘区',NULL,'HQQ','320500'),('320506','吴中区',NULL,'WZQ','320500'),('320507','相城区',NULL,'XCQ','320500'),('320508','姑苏区',NULL,'GSQ','320500'),('320509','吴江区',NULL,'WJQ','320500'),('320581','常熟市',NULL,'CSS','320500'),('320582','张家港市',NULL,'ZJGS','320500'),('320583','昆山市',NULL,'KSS','320500'),('320585','太仓市',NULL,'TCS','320500'),('320602','崇川区',NULL,'CCQ','320600'),('320611','港闸区',NULL,'GZQ','320600'),('320612','通州区',NULL,'TZQ','320600'),('320621','海安县',NULL,'HAX','320600'),('320623','如东县',NULL,'RDX','320600'),('320681','启东市',NULL,'QDS','320600'),('320682','如皋市',NULL,'RGS','320600'),('320684','海门市',NULL,'HMS','320600'),('320703','连云区',NULL,'LYQ','320700'),('320706','海州区',NULL,'HZQ','320700'),('320707','赣榆区',NULL,'GYQ','320700'),('320722','东海县',NULL,'DHX','320700'),('320723','灌云县',NULL,'GYX','320700'),('320724','灌南县',NULL,'GNX','320700'),('320802','清河区',NULL,'QHQ','320800'),('320803','淮安区',NULL,'HAQ','320800'),('320804','淮阴区',NULL,'HYQ','320800'),('320811','清浦区',NULL,'QPQ','320800'),('320826','涟水县',NULL,'LSX','320800'),('320829','洪泽县',NULL,'HZX','320800'),('320830','盱眙县',NULL,'ZZX','320800'),('320831','金湖县',NULL,'JHX','320800'),('320902','亭湖区',NULL,'THQ','320900'),('320903','盐都区',NULL,'YDQ','320900'),('320921','响水县',NULL,'XSX','320900'),('320922','滨海县',NULL,'BHX','320900'),('320923','阜宁县',NULL,'FNX','320900'),('320924','射阳县',NULL,'SYX','320900'),('320925','建湖县',NULL,'JHX','320900'),('320981','东台市',NULL,'DTS','320900'),('320982','大丰市',NULL,'DFS','320900'),('321002','广陵区',NULL,'GLQ','321000'),('321003','邗江区',NULL,'ZJQ','321000'),('321012','江都区',NULL,'JDQ','321000'),('321023','宝应县',NULL,'BYX','321000'),('321081','仪征市',NULL,'YZS','321000'),('321084','高邮市',NULL,'GYS','321000'),('321102','京口区',NULL,'JKQ','321100'),('321111','润州区',NULL,'RZQ','321100'),('321112','丹徒区',NULL,'DTQ','321100'),('321181','丹阳市',NULL,'DYS','321100'),('321182','扬中市',NULL,'YZS','321100'),('321183','句容市',NULL,'JRS','321100'),('321202','海陵区',NULL,'HLQ','321200'),('321203','高港区',NULL,'GGQ','321200'),('321204','姜堰区',NULL,'JYQ','321200'),('321281','兴化市',NULL,'XHS','321200'),('321282','靖江市',NULL,'JJS','321200'),('321283','泰兴市',NULL,'TXS','321200'),('321302','宿城区',NULL,'SCQ','321300'),('321311','宿豫区',NULL,'SYQ','321300'),('321322','沭阳县',NULL,'ZYX','321300'),('321323','泗阳县',NULL,'ZYX','321300'),('321324','泗洪县',NULL,'ZHX','321300'),('330102','上城区',NULL,'SCQ','330100'),('330103','下城区',NULL,'XCQ','330100'),('330104','江干区',NULL,'JGQ','330100'),('330105','拱墅区',NULL,'GSQ','330100'),('330106','西湖区',NULL,'XHQ','330100'),('330108','滨江区',NULL,'BJQ','330100'),('330109','萧山区',NULL,'XSQ','330100'),('330110','余杭区',NULL,'YHQ','330100'),('330111','富阳区',NULL,'FYQ','330100'),('330122','桐庐县',NULL,'TLX','330100'),('330127','淳安县',NULL,'CAX','330100'),('330182','建德市',NULL,'JDS','330100'),('330185','临安市',NULL,'LAS','330100'),('330203','海曙区',NULL,'HSQ','330200'),('330204','江东区',NULL,'JDQ','330200'),('330205','江北区',NULL,'JBQ','330200'),('330206','北仑区',NULL,'BLQ','330200'),('330211','镇海区',NULL,'ZHQ','330200'),('330212','鄞州区',NULL,'ZZQ','330200'),('330225','象山县',NULL,'XSX','330200'),('330226','宁海县',NULL,'NHX','330200'),('330281','余姚市',NULL,'YYS','330200'),('330282','慈溪市',NULL,'CXS','330200'),('330283','奉化市',NULL,'FHS','330200'),('330302','鹿城区',NULL,'LCQ','330300'),('330303','龙湾区',NULL,'LWQ','330300'),('330304','瓯海区',NULL,'ZHQ','330300'),('330322','洞头县',NULL,'DTX','330300'),('330324','永嘉县',NULL,'YJX','330300'),('330326','平阳县',NULL,'PYX','330300'),('330327','苍南县',NULL,'CNX','330300'),('330328','文成县',NULL,'WCX','330300'),('330329','泰顺县',NULL,'TSX','330300'),('330381','瑞安市',NULL,'RAS','330300'),('330382','乐清市',NULL,'LQS','330300'),('330402','南湖区',NULL,'NHQ','330400'),('330411','秀洲区',NULL,'XZQ','330400'),('330421','嘉善县',NULL,'JSX','330400'),('330424','海盐县',NULL,'HYX','330400'),('330481','海宁市',NULL,'HNS','330400'),('330482','平湖市',NULL,'PHS','330400'),('330483','桐乡市',NULL,'TXS','330400'),('330502','吴兴区',NULL,'WXQ','330500'),('330503','南浔区',NULL,'NZQ','330500'),('330521','德清县',NULL,'DQX','330500'),('330522','长兴县',NULL,'CXX','330500'),('330523','安吉县',NULL,'AJX','330500'),('330602','越城区',NULL,'YCQ','330600'),('330603','柯桥区',NULL,'KQQ','330600'),('330604','上虞区',NULL,'SYQ','330600'),('330624','新昌县',NULL,'XCX','330600'),('330681','诸暨市',NULL,'ZZS','330600'),('330683','嵊州市',NULL,'ZZS','330600'),('330702','婺城区',NULL,'ZCQ','330700'),('330703','金东区',NULL,'JDQ','330700'),('330723','武义县',NULL,'WYX','330700'),('330726','浦江县',NULL,'PJX','330700'),('330727','磐安县',NULL,'PAX','330700'),('330781','兰溪市',NULL,'LXS','330700'),('330782','义乌市',NULL,'YWS','330700'),('330783','东阳市',NULL,'DYS','330700'),('330784','永康市',NULL,'YKS','330700'),('330802','柯城区',NULL,'KCQ','330800'),('330803','衢江区',NULL,'ZJQ','330800'),('330822','常山县',NULL,'CSX','330800'),('330824','开化县',NULL,'KHX','330800'),('330825','龙游县',NULL,'LYX','330800'),('330881','江山市',NULL,'JSS','330800'),('330902','定海区',NULL,'DHQ','330900'),('330903','普陀区',NULL,'PTQ','330900'),('330921','岱山县',NULL,'ZSX','330900'),('330922','嵊泗县',NULL,'ZZX','330900'),('331002','椒江区',NULL,'JJQ','331000'),('331003','黄岩区',NULL,'HYQ','331000'),('331004','路桥区',NULL,'LQQ','331000'),('331021','玉环县',NULL,'YHX','331000'),('331022','三门县',NULL,'SMX','331000'),('331023','天台县',NULL,'TTX','331000'),('331024','仙居县',NULL,'XJX','331000'),('331081','温岭市',NULL,'WLS','331000'),('331082','临海市',NULL,'LHS','331000'),('331102','莲都区',NULL,'LDQ','331100'),('331121','青田县',NULL,'QTX','331100'),('331122','缙云县',NULL,'ZYX','331100'),('331123','遂昌县',NULL,'SCX','331100'),('331124','松阳县',NULL,'SYX','331100'),('331125','云和县',NULL,'YHX','331100'),('331126','庆元县',NULL,'QYX','331100'),('331127','景宁畲族自治县',NULL,'JNZZZZX','331100'),('331181','龙泉市',NULL,'LQS','331100'),('340102','瑶海区',NULL,'YHQ','340100'),('340103','庐阳区',NULL,'LYQ','340100'),('340104','蜀山区',NULL,'SSQ','340100'),('340111','包河区',NULL,'BHQ','340100'),('340121','长丰县',NULL,'CFX','340100'),('340122','肥东县',NULL,'FDX','340100'),('340123','肥西县',NULL,'FXX','340100'),('340124','庐江县',NULL,'LJX','340100'),('340181','巢湖市',NULL,'CHS','340100'),('340202','镜湖区',NULL,'JHQ','340200'),('340203','弋江区',NULL,'ZJQ','340200'),('340207','鸠江区',NULL,'ZJQ','340200'),('340208','三山区',NULL,'SSQ','340200'),('340221','芜湖县',NULL,'WHX','340200'),('340222','繁昌县',NULL,'FCX','340200'),('340223','南陵县',NULL,'NLX','340200'),('340225','无为县',NULL,'WWX','340200'),('340302','龙子湖区',NULL,'LZHQ','340300'),('340303','蚌山区',NULL,'BSQ','340300'),('340304','禹会区',NULL,'YHQ','340300'),('340311','淮上区',NULL,'HSQ','340300'),('340321','怀远县',NULL,'HYX','340300'),('340322','五河县',NULL,'WHX','340300'),('340323','固镇县',NULL,'GZX','340300'),('340402','大通区',NULL,'DTQ','340400'),('340403','田家庵区',NULL,'TJZQ','340400'),('340404','谢家集区',NULL,'XJJQ','340400'),('340405','八公山区',NULL,'BGSQ','340400'),('340406','潘集区',NULL,'PJQ','340400'),('340421','凤台县',NULL,'FTX','340400'),('340503','花山区',NULL,'HSQ','340500'),('340504','雨山区',NULL,'YSQ','340500'),('340506','博望区',NULL,'BWQ','340500'),('340521','当涂县',NULL,'DTX','340500'),('340522','含山县',NULL,'HSX','340500'),('340523','和县',NULL,'HX','340500'),('340602','杜集区',NULL,'DJQ','340600'),('340603','相山区',NULL,'XSQ','340600'),('340604','烈山区',NULL,'LSQ','340600'),('340621','濉溪县',NULL,'ZXX','340600'),('340702','铜官山区',NULL,'TGSQ','340700'),('340703','狮子山区',NULL,'SZSQ','340700'),('340711','郊区',NULL,'JQ','340700'),('340721','铜陵县',NULL,'TLX','340700'),('340802','迎江区',NULL,'YJQ','340800'),('340803','大观区',NULL,'DGQ','340800'),('340811','宜秀区',NULL,'YXQ','340800'),('340822','怀宁县',NULL,'HNX','340800'),('340823','枞阳县',NULL,'ZYX','340800'),('340824','潜山县',NULL,'QSX','340800'),('340825','太湖县',NULL,'THX','340800'),('340826','宿松县',NULL,'SSX','340800'),('340827','望江县',NULL,'WJX','340800'),('340828','岳西县',NULL,'YXX','340800'),('340881','桐城市',NULL,'TCS','340800'),('341002','屯溪区',NULL,'TXQ','341000'),('341003','黄山区',NULL,'HSQ','341000'),('341004','徽州区',NULL,'HZQ','341000'),('341021','歙县',NULL,'ZX','341000'),('341022','休宁县',NULL,'XNX','341000'),('341023','黟县',NULL,'ZX','341000'),('341024','祁门县',NULL,'QMX','341000'),('341102','琅琊区',NULL,'LZQ','341100'),('341103','南谯区',NULL,'NZQ','341100'),('341122','来安县',NULL,'LAX','341100'),('341124','全椒县',NULL,'QJX','341100'),('341125','定远县',NULL,'DYX','341100'),('341126','凤阳县',NULL,'FYX','341100'),('341181','天长市',NULL,'TCS','341100'),('341182','明光市',NULL,'MGS','341100'),('341202','颍州区',NULL,'ZZQ','341200'),('341203','颍东区',NULL,'ZDQ','341200'),('341204','颍泉区',NULL,'ZQQ','341200'),('341221','临泉县',NULL,'LQX','341200'),('341222','太和县',NULL,'THX','341200'),('341225','阜南县',NULL,'FNX','341200'),('341226','颍上县',NULL,'ZSX','341200'),('341282','界首市',NULL,'JSS','341200'),('341302','埇桥区',NULL,'QQ','341300'),('341321','砀山县',NULL,'ZSX','341300'),('341322','萧县',NULL,'XX','341300'),('341323','灵璧县',NULL,'LZX','341300'),('341324','泗县',NULL,'ZX','341300'),('341502','金安区',NULL,'JAQ','341500');
/*!40000 ALTER TABLE `d_district` ENABLE KEYS */;
UNLOCK TABLES;

--
-- Table structure for table `d_document_type`
--

DROP TABLE IF EXISTS `d_document_type`;
/*!40101 SET @saved_cs_client     = @@character_set_client */;
/*!40101 SET character_set_client = utf8 */;
CREATE TABLE `d_document_type` (
  `CODE` varchar(10) COLLATE utf8_bin NOT NULL DEFAULT '',
  `NAME` varchar(200) COLLATE utf8_bin DEFAULT NULL,
  `ENUM_NAME` varchar(30) COLLATE utf8_bin DEFAULT NULL,
  `PINYIN` varchar(10) COLLATE utf8_bin DEFAULT NULL,
  `PARENT_CODE` varchar(10) COLLATE utf8_bin DEFAULT NULL,
  PRIMARY KEY (`CODE`)
) ENGINE=InnoDB DEFAULT CHARSET=utf8 COLLATE=utf8_bin COMMENT='单证类型代码表';
/*!40101 SET character_set_client = @saved_cs_client */;

--
-- Dumping data for table `d_document_type`
--

LOCK TABLES `d_document_type` WRITE;
/*!40000 ALTER TABLE `d_document_type` DISABLE KEYS */;
INSERT INTO `d_document_type` VALUES ('1001','面见通知书','','MJTZS',''),('1002','新契约退费通知书','','XQYTFTZS',''),('1003','新华幸福年卡','','XHXFNK',''),('1004','续保体检通知书','','XBTJTZS',''),('1005','续保面见通知书','','XBMJTZS',''),('1006','续保核保通知书','','XBHBTZS',''),('1007','保全体检通知书','','BQTJTZS',''),('1008','保全面见通知书','','BQMJTZS',''),('1009','保全核保通知书','','BQHBTZS',''),('1010','体检催办通知书','','TJCBTZS',''),('1011','体检通知书','','TJTZS',''),('1012','客户合并通知书','','KHHBTZS',''),('1013','团体保单','','TTBD',''),('1014','个人保单','','GRBD',''),('1015','契约内容变更通知书','','QYNRBGTZS',''),('1016','核保催办通知书','','HBCBTZS',''),('1017','核保通知书','','HBTZS',''),('1018','延期承保通知书','','YQCBTZS',''),('1019','首期交费通知书','','SQJFTZS',''),('1020','首期交费通知书催办通知书','','SQJFTZSCBT',''),('1021','收款收据打印','','SKSJDY',''),('1022','业务员问题件通知书','','YWYWTJTZS',''),('1023','缴费催办通知书','','JFCBTZS',''),('1024','保全延期承保通知书','','BQYQCBTZS',''),('1025','个人红利派发通知书','','GRHLPFTZS',''),('1026','续期缴费通知书','','XQJFTZS',''),('1027','个人发票','','GRFP',''),('1028','集体发票','','JTFP',''),('1029','团体红利派发通知书','','TTHLPFTZS',''),('1030','续保拒保通知书','','XBJBTZS',''),('1031','自动垫交通知书','','ZDDJTZS',''),('1032','效力中止通知书','','XLZZTZS',''),('1033','续保延期承保通知书','','XBYQCBTZS',''),('1034','续保催收通知书','','XBCSTZS',''),('1035','续期划帐成功通知书','','XQHZCGTZS',''),('1036','续保确认通知书','','XBQRTZS',''),('1037','团体核保通知书','','TTHBTZS',''),('1038','撤单通知书','','CDTZS',''),('1039','团体询价拒报通知书','','TTXJJBTZS',''),('1040','团体询价成功通知书','','TTXJCGTZS',''),('1041','团体询价撤单通知书','','TTXJCDTZS',''),('1042','团体询价延期通知书','','TTXJYQTZS',''),('1043','团体询价补充材料通知书','','TTXJBCCLTZ',''),('1044','拒保通知书','','JBTZS',''),('1045','延期通知书','','YQTZS',''),('9999','其他','','QT','');
/*!40000 ALTER TABLE `d_document_type` ENABLE KEYS */;
UNLOCK TABLES;

--
-- Table structure for table `d_ec_channel_type`
--

DROP TABLE IF EXISTS `d_ec_channel_type`;
/*!40101 SET @saved_cs_client     = @@character_set_client */;
/*!40101 SET character_set_client = utf8 */;
CREATE TABLE `d_ec_channel_type` (
  `CODE` varchar(10) NOT NULL,
  `NAME` varchar(200) DEFAULT NULL,
  `ENUM_NAME` varchar(30) DEFAULT NULL,
  `PINYIN` varchar(10) DEFAULT NULL,
  `PARENT_CODE` varchar(10) DEFAULT NULL,
  PRIMARY KEY (`CODE`)
) ENGINE=InnoDB DEFAULT CHARSET=utf8mb4 COMMENT='Ƶͱ';
/*!40101 SET character_set_client = @saved_cs_client */;

--
-- Dumping data for table `d_ec_channel_type`
--

LOCK TABLES `d_ec_channel_type` WRITE;
/*!40000 ALTER TABLE `d_ec_channel_type` DISABLE KEYS */;
INSERT INTO `d_ec_channel_type` VALUES ('001','商品分类列表','PRODUCT_CATE','SPFLLB',NULL),('002','爆款商品频道','HOT_CHANNEL',NULL,NULL);
/*!40000 ALTER TABLE `d_ec_channel_type` ENABLE KEYS */;
UNLOCK TABLES;

--
-- Table structure for table `d_ec_feature_type`
--

DROP TABLE IF EXISTS `d_ec_feature_type`;
/*!40101 SET @saved_cs_client     = @@character_set_client */;
/*!40101 SET character_set_client = utf8 */;
CREATE TABLE `d_ec_feature_type` (
  `CODE` varchar(10) NOT NULL,
  `NAME` varchar(200) DEFAULT NULL,
  `ENUM_NAME` varchar(30) DEFAULT NULL,
  `PINYIN` varchar(10) DEFAULT NULL,
  `PARENT_CODE` varchar(10) DEFAULT NULL,
  PRIMARY KEY (`CODE`)
) ENGINE=InnoDB DEFAULT CHARSET=utf8mb4 COMMENT='Ʒͱ';
/*!40101 SET character_set_client = @saved_cs_client */;

--
-- Dumping data for table `d_ec_feature_type`
--

LOCK TABLES `d_ec_feature_type` WRITE;
/*!40000 ALTER TABLE `d_ec_feature_type` DISABLE KEYS */;
INSERT INTO `d_ec_feature_type` VALUES ('000','商品展示特征','PRODUCT_DISPLAY','SPZSTZ',NULL),('001','商品广告图片','ADVERTISE_ICON','SPGGTP','000'),('002','商品广告描述','ADVERTISE_DESC','SPGGMS','000'),('003','商品广告保障','ADVERTISE_COVERAGE','SPGGBZ','000'),('100','商品详情特征','PRODUCT_ITEM','SPXQTZ',NULL),('101','商品详情图片','ITEM_ICON','SPXQTP','100'),('102','详情介绍','ITEM_INTRODUCTION','SPXQJS','100'),('103','购买须知','ITEM_PURCHASE_NOTES','SPGMXZ','100'),('104','理赔指引','ITEM_CLAIM_GUIDE','SPLPZY','100'),('105','常见问题','ITEM_FAQ','SPCJWT','100');
/*!40000 ALTER TABLE `d_ec_feature_type` ENABLE KEYS */;
UNLOCK TABLES;

--
-- Table structure for table `d_ec_filter_type`
--

DROP TABLE IF EXISTS `d_ec_filter_type`;
/*!40101 SET @saved_cs_client     = @@character_set_client */;
/*!40101 SET character_set_client = utf8 */;
CREATE TABLE `d_ec_filter_type` (
  `CODE` varchar(10) NOT NULL,
  `NAME` varchar(200) DEFAULT NULL,
  `ENUM_NAME` varchar(30) DEFAULT NULL,
  `PINYIN` varchar(10) DEFAULT NULL,
  `PARENT_CODE` varchar(10) DEFAULT NULL,
  PRIMARY KEY (`CODE`)
) ENGINE=InnoDB DEFAULT CHARSET=utf8mb4 COMMENT='Ƶɸѡͱ';
/*!40101 SET character_set_client = @saved_cs_client */;

--
-- Dumping data for table `d_ec_filter_type`
--

LOCK TABLES `d_ec_filter_type` WRITE;
/*!40000 ALTER TABLE `d_ec_filter_type` DISABLE KEYS */;
INSERT INTO `d_ec_filter_type` VALUES ('001','年龄','AGE','NL',NULL),('002','保额','AMOUNT','BE',NULL),('003','价格','PRICE','JG',NULL),('004','保障期限','COVERAGE_PERIOD','BZQX',NULL),('005','特色保障','SPECIAL_COVERAGE','TSBZ',NULL),('006','重疾种类','ILLNESS_CATEGORY','ZJZL',NULL),('007','返还金额','RETURN AMOUNT','FHJE',NULL),('008','等待期','WAITING_PERIOD','DDQ',NULL),('009','保障类型','COVERAGE_TYPE','BZLX',NULL);
/*!40000 ALTER TABLE `d_ec_filter_type` ENABLE KEYS */;
UNLOCK TABLES;

--
-- Table structure for table `d_ec_link_option`
--

DROP TABLE IF EXISTS `d_ec_link_option`;
/*!40101 SET @saved_cs_client     = @@character_set_client */;
/*!40101 SET character_set_client = utf8 */;
CREATE TABLE `d_ec_link_option` (
  `CODE` varchar(10) NOT NULL,
  `NAME` varchar(200) DEFAULT NULL,
  `ENUM_NAME` varchar(30) DEFAULT NULL,
  `PINYIN` varchar(10) DEFAULT NULL,
  `PARENT_CODE` varchar(10) DEFAULT NULL,
  PRIMARY KEY (`CODE`)
) ENGINE=InnoDB DEFAULT CHARSET=utf8mb4 COMMENT='Ƶѡ';
/*!40101 SET character_set_client = @saved_cs_client */;

--
-- Dumping data for table `d_ec_link_option`
--

LOCK TABLES `d_ec_link_option` WRITE;
/*!40000 ALTER TABLE `d_ec_link_option` DISABLE KEYS */;
INSERT INTO `d_ec_link_option` VALUES ('1','链接到默认页',NULL,'LJDMRY',NULL),('2','链接到列表第一页',NULL,'LJDLB',NULL),('3','使用动态页',NULL,'SYDTY',NULL);
/*!40000 ALTER TABLE `d_ec_link_option` ENABLE KEYS */;
UNLOCK TABLES;

--
-- Table structure for table `d_education`
--

DROP TABLE IF EXISTS `d_education`;
/*!40101 SET @saved_cs_client     = @@character_set_client */;
/*!40101 SET character_set_client = utf8 */;
CREATE TABLE `d_education` (
  `CODE` varchar(30) COLLATE utf8_bin DEFAULT NULL,
  `NAME` varchar(600) COLLATE utf8_bin DEFAULT NULL,
  `PINYIN` varchar(30) COLLATE utf8_bin DEFAULT NULL,
  `PARENT_CODE` varchar(30) COLLATE utf8_bin DEFAULT NULL
) ENGINE=InnoDB DEFAULT CHARSET=utf8 COLLATE=utf8_bin;
/*!40101 SET character_set_client = @saved_cs_client */;

--
-- Dumping data for table `d_education`
--

LOCK TABLES `d_education` WRITE;
/*!40000 ALTER TABLE `d_education` DISABLE KEYS */;
INSERT INTO `d_education` VALUES ('10','博士后','BSH',NULL),('20','博士','BS',NULL),('30','硕士','SS',NULL),('40','本科','BK',NULL),('50','专科','ZK',NULL),('60','中专','ZZ',NULL),('70','高中','GZ',NULL),('80','初中','CZ',NULL),('90','小学','XX',NULL),('99','其他','QT',NULL);
/*!40000 ALTER TABLE `d_education` ENABLE KEYS */;
UNLOCK TABLES;

--
-- Table structure for table `d_fee_status`
--

DROP TABLE IF EXISTS `d_fee_status`;
/*!40101 SET @saved_cs_client     = @@character_set_client */;
/*!40101 SET character_set_client = utf8 */;
CREATE TABLE `d_fee_status` (
  `CODE` varchar(10) COLLATE utf8_bin NOT NULL DEFAULT '',
  `NAME` varchar(200) COLLATE utf8_bin DEFAULT NULL,
  `ENUM_NAME` varchar(30) COLLATE utf8_bin DEFAULT NULL,
  `PINYIN` varchar(10) COLLATE utf8_bin DEFAULT NULL,
  `PARENT_CODE` varchar(10) COLLATE utf8_bin DEFAULT NULL,
  PRIMARY KEY (`CODE`)
) ENGINE=InnoDB DEFAULT CHARSET=utf8 COLLATE=utf8_bin COMMENT='费用状态代码';
/*!40101 SET character_set_client = @saved_cs_client */;

--
-- Dumping data for table `d_fee_status`
--

LOCK TABLES `d_fee_status` WRITE;
/*!40000 ALTER TABLE `d_fee_status` DISABLE KEYS */;
INSERT INTO `d_fee_status` VALUES ('00','待处理','','DCL',''),('01','已确认','','YQR',''),('02','取消','','QX',''),('03','转账失败','','ZZSB',''),('04','转账途中','','ZZTZ',''),('05','追缴','','ZJ',''),('06','支票未打印','','ZPWDY',''),('07','账号待复核','','ZHDFH',''),('08','账号复核退回','','ZHFHTH',''),('09','再保账单已出','','ZBZDYC',''),('10','转账暂停','','ZZZT',''),('11','记账后取消','','JZHQX',''),('12','临时费用状态','','LSFYZT',''),('13','用于审批的临时费用状态','','YYSPDLSFYZ','');
/*!40000 ALTER TABLE `d_fee_status` ENABLE KEYS */;
UNLOCK TABLES;

--
-- Table structure for table `d_fee_table`
--

DROP TABLE IF EXISTS `d_fee_table`;
/*!40101 SET @saved_cs_client     = @@character_set_client */;
/*!40101 SET character_set_client = utf8 */;
CREATE TABLE `d_fee_table` (
  `CODE` varchar(10) NOT NULL,
  `NAME` varchar(200) DEFAULT NULL,
  `ENUM_NAME` varchar(30) DEFAULT NULL,
  `PINYIN` varchar(10) DEFAULT NULL,
  `PARENT_CODE` varchar(14) DEFAULT NULL,
  PRIMARY KEY (`CODE`)
) ENGINE=InnoDB DEFAULT CHARSET=utf8mb4 COMMENT='应收应付分类表';
/*!40101 SET character_set_client = @saved_cs_client */;

--
-- Dumping data for table `d_fee_table`
--

LOCK TABLES `d_fee_table` WRITE;
/*!40000 ALTER TABLE `d_fee_table` DISABLE KEYS */;
INSERT INTO `d_fee_table` VALUES ('1','应收','','YS',''),('2','应付','','YF','');
/*!40000 ALTER TABLE `d_fee_table` ENABLE KEYS */;
UNLOCK TABLES;

--
-- Table structure for table `d_file_type`
--

DROP TABLE IF EXISTS `d_file_type`;
/*!40101 SET @saved_cs_client     = @@character_set_client */;
/*!40101 SET character_set_client = utf8 */;
CREATE TABLE `d_file_type` (
  `CODE` varchar(10) COLLATE utf8_bin NOT NULL DEFAULT '',
  `NAME` varchar(200) COLLATE utf8_bin DEFAULT NULL,
  `ENUM_NAME` varchar(30) COLLATE utf8_bin DEFAULT NULL,
  `PINYIN` varchar(10) COLLATE utf8_bin DEFAULT NULL,
  `PARENT_CODE` varchar(10) COLLATE utf8_bin DEFAULT NULL,
  PRIMARY KEY (`CODE`)
) ENGINE=InnoDB DEFAULT CHARSET=utf8 COLLATE=utf8_bin COMMENT='文件类型代码';
/*!40101 SET character_set_client = @saved_cs_client */;

--
-- Dumping data for table `d_file_type`
--

LOCK TABLES `d_file_type` WRITE;
/*!40000 ALTER TABLE `d_file_type` DISABLE KEYS */;
INSERT INTO `d_file_type` VALUES ('1','WORD','','WORD',''),('2','JPG','','JPG',''),('3','PNG','','PNG','');
/*!40000 ALTER TABLE `d_file_type` ENABLE KEYS */;
UNLOCK TABLES;

--
-- Table structure for table `d_gender`
--

DROP TABLE IF EXISTS `d_gender`;
/*!40101 SET @saved_cs_client     = @@character_set_client */;
/*!40101 SET character_set_client = utf8 */;
CREATE TABLE `d_gender` (
  `CODE` varchar(10) COLLATE utf8_bin NOT NULL DEFAULT '',
  `NAME` varchar(200) COLLATE utf8_bin DEFAULT NULL,
  `ENUM_NAME` varchar(30) COLLATE utf8_bin DEFAULT NULL,
  `PINYIN` varchar(10) COLLATE utf8_bin DEFAULT NULL,
  `PARENT_CODE` varchar(10) COLLATE utf8_bin DEFAULT NULL,
  PRIMARY KEY (`CODE`)
) ENGINE=InnoDB DEFAULT CHARSET=utf8 COLLATE=utf8_bin COMMENT='性别代码';
/*!40101 SET character_set_client = @saved_cs_client */;

--
-- Dumping data for table `d_gender`
--

LOCK TABLES `d_gender` WRITE;
/*!40000 ALTER TABLE `d_gender` DISABLE KEYS */;
INSERT INTO `d_gender` VALUES ('1','男','','N',''),('2','女','','N','');
/*!40000 ALTER TABLE `d_gender` ENABLE KEYS */;
UNLOCK TABLES;

--
-- Table structure for table `d_hospital`
--

DROP TABLE IF EXISTS `d_hospital`;
/*!40101 SET @saved_cs_client     = @@character_set_client */;
/*!40101 SET character_set_client = utf8 */;
CREATE TABLE `d_hospital` (
  `CODE` varchar(10) COLLATE utf8_bin DEFAULT NULL,
  `NAME` varchar(200) COLLATE utf8_bin DEFAULT NULL,
  `ENUM_NAME` varchar(30) COLLATE utf8_bin DEFAULT NULL,
  `PINYIN` varchar(10) COLLATE utf8_bin DEFAULT NULL,
  `PARENT_CODE` varchar(10) COLLATE utf8_bin DEFAULT NULL
) ENGINE=InnoDB DEFAULT CHARSET=utf8 COLLATE=utf8_bin COMMENT='医疗机构代码';
/*!40101 SET character_set_client = @saved_cs_client */;

--
-- Dumping data for table `d_hospital`
--

LOCK TABLES `d_hospital` WRITE;
/*!40000 ALTER TABLE `d_hospital` DISABLE KEYS */;
INSERT INTO `d_hospital` VALUES ('0000001','上海中治职工医院','','SHZZZGYY',''),('0000002','上海华顺医院','','SHHSYY',''),('0000003','上海口腔医疗中心','','SHKQYLZX',''),('0000004','上海古美医院','','SHGMYY',''),('0000005','上海市中医院','','SHSZYY',''),('0000006','上海市南市区中西医结合医院','','SHSNSQZXYJ',''),('0000007','上海市同济大学医院','','SHSTJDXYY',''),('0000008','上海市广宁医院','','SHSGNYY',''),('0000009','上海市广群医院','','SHSGQYY',''),('0000010','上海市徐汇区仁爱医院','','SHSXHQRAYY',''),('0000011','上海市徐汇区生殖医学医院','','SHSXHQSZYX',''),('0000012','上海市普陀区中山北路街道医院','','SHSPTQZSBL',''),('0000013','上海市江南造船厂职工医院','','SHSJNZCCZG',''),('0000014','上海市眼科医院（上海市眼病中心防治所）','','SHSYKYYSHS',''),('0000015','上海市第二肺科医院','','SHSDEFKYY',''),('0000016','上海市红房子妇科医院（（杨浦院区）','','SHSHFZFKYY',''),('0000017','上海市金山区红十字护理医院','','SHSJSQHSZH',''),('0000018','上海市黄兴医院','','SHSHXYY',''),('0000019','上海曙光医院宝山分院','','SHSGYYBSFY',''),('0000020','上海朝晖医院','','SHCZYY',''),('0000021','上海海港医院','','SHHGYY',''),('0000022','上海第二医科大学附属上海儿童医学中心','','SHDEYKDXFS',''),('0000023','上海第二医科大学附属仁济医院崇明分院','','SHDEYKDXFS',''),('0000024','苍南县中医院（上海中山医院苍南分院）','','CNXZYYSHZS',''),('0000025','上海交通大学附属儿童医院','','SHJTDXFSET',''),('0000026','上海市传染病医院','','SHSCRBYY',''),('0000027','上海市口腔病病医院','','SHSKQBBYY',''),('0000028','上海市长宁区华阳地段医院','','SHSCNQHYDD',''),('0000029','上海第二医科大学附属新华医院','','SHDEYKDXFS',''),('0000030','上海第二医科大学附属瑞金医院卢湾分院（卢湾区中心医院）','','SHDEYKDXFS',''),('0000031','上海市东海老年护理医院','','SHSDHLNHLY',''),('0000032','南汇区光明中医医院','','NHQGMZYYY',''),('0000033','南汇区南华医院（城西路执业点）','','NHQNHYYCXL',''),('0000034','南汇区老年医院','','NHQLNYY',''),('0000035','上海健威整形美容机构（健威整形美容）','','SHJWZXMRJG',''),('0000036','上海卢湾区妇幼保健院（卢湾区妇幼保健院）','','SHLWQFYBJY',''),('0000037','上海市卢湾区精神卫生中心','','SHSLWQJSWS',''),('0000038','上海市卢湾区香山中医医院','','SHSLWQXSZY',''),('0000039','上海市香山中医院','','SHSXSZYY',''),('0000040','上海泰坤堂中医医院（上海名老中医会诊中心）','','SHTKTZYYYS',''),('0000041','上海瑞丽整形美容医院','','SHRLZXMRYY',''),('0000042','上海瑞视眼科','','SHRSYK',''),('0000043','上海瑞金医院徐家汇路执业点慢性病部','','SHRJYYXJHL',''),('0000044','上海肛泰医院','','SHGTYY',''),('0000045','上海蔡仁祥博士整形美容','','SHCRXBSZXM',''),('0000046','卢湾区东南医院','','LWQDNYY',''),('0000047','卢湾区淮海中路地段医院','','LWQHHZLDDY',''),('0000048','卢湾区牙病防治所','','LWQYBFZS',''),('0000049','卢湾区瑞金二路地段医院','','LWQRJELDDY',''),('0000050','卢湾区香山中医医院','','LWQXSZYYY',''),('0000051','新瑞医疗中心','','XRYLZX',''),('0000052','上海中亚医院','','SHZYYY',''),('0000053','上海交通大学医学院附属瑞金医院北院','','SHJTDXYXYF',''),('0000054','上海众泰医院','','SHZTYY',''),('0000055','上海同翔医院','','SHTXYY',''),('0000056','上海嘉华医院','','SHJHYY',''),('0000057','上海城市女子医院','','SHCSNZYY',''),('0000058','上海安国医院','','SHAGYY',''),('0000059','上海市嘉定区中医院','','SHSJDQZYY',''),('0000060','上海市嘉定区中心医院','','SHSJDQZXYY',''),('0000061','上海市嘉定区南翔医院','','SHSJDQNXYY',''),('0000062','上海市嘉定区妇幼保健院','','SHSJDQFYBJ',''),('0000063','上海市嘉定区民办圣爱医院','','SHSJDQMBSA',''),('0000064','上海市嘉定区真新地段医院','','SHSJDQZXDD',''),('0000065','上海市嘉定区精神卫生中心','','SHSJDQJSWS',''),('0000066','上海市嘉定区肺科医院','','SHSJDQFKYY',''),('0000067','上海市嘉定区迎园医院（迎园医院）','','SHSJDQYYYY',''),('0000068','上海市塔城医院','','SHSTCYY',''),('0000069','上海慈爱医院','','SHCAYY',''),('0000070','上海沪西医院','','SHHXYY',''),('0000071','上海海鹤医院','','SHHHYY',''),('0000072','嘉定区中医医院','','JDQZYYY',''),('0000073','嘉定区中医医院南门中医门诊部（临时执业点）','','JDQZYYYNMZ',''),('0000074','嘉定区中心医院','','JDQZXYY',''),('0000075','嘉定区南翔医院','','JDQNXYY',''),('0000076','嘉定区安亭医院','','JDQATYY',''),('0000077','嘉定区安亭镇社区卫生服务中心桃园社区卫生服务站','','JDQATZSQWS',''),('0000078','嘉定区江桥镇社区卫生服务中心太平社区卫生服务站','','JDQJQZSQWS',''),('0000079','嘉定区牙病防治所（上海市嘉定区牙病防治所）','','JDQYBFZSSH',''),('0000080','嘉定区真新社区卫生服务中心铜川社区卫生服务站','','JDQZXSQWSF',''),('0000081','嘉定区眼防','','JDQYF',''),('0000082','嘉定区精神卫生中心','','JDQJSWSZX',''),('0000083','嘉定区马陆镇社区卫生服务中心仓场社区卫生服务站','','JDQMLZSQWS',''),('0000084','嘉定区马陆镇社区卫生服务中心包桥社区卫生服务站','','JDQMLZSQWS',''),('0000085','嘉定区马陆镇社区卫生服务中心北管社区卫生服务站','','JDQMLZSQWS',''),('0000086','嘉定区马陆镇社区卫生服务中心嘉新社区服务站','','JDQMLZSQWS',''),('0000087','嘉定区马陆镇社区卫生服务中心大宏社区卫生服务站','','JDQMLZSQWS',''),('0000088','嘉定区马陆镇社区卫生服务中心李家社区卫生服务站','','JDQMLZSQWS',''),('0000089','嘉定区黄渡镇社区卫生服务中心老宅村社区卫生服务站','','JDQHDZSQWS',''),('0000090','嘉定区黄渡镇社区卫生服务中心顾家村社区卫生服务站','','JDQHDZSQWS',''),('0000091','外冈镇社区卫生服务中心周泾村卫生室','','WGZSQWSFWZ',''),('0000092','上海市奉贤区中医医院','','SHSFXQZYYY',''),('0000093','上海市奉贤区中心医院（上海市奉贤县中心医院、上海市第六人民医院奉贤分院）','','SHSFXQZXYY',''),('0000094','上海市奉贤区古华医院（上海市奉贤区传染病医院）','','SHSFXQGHYY',''),('0000095','上海市奉贤区奉城人民医院','','SHSFXQFCRM',''),('0000096','上海市奉贤区妇幼保健所','','SHSFXQFYBJ',''),('0000097','上海市奉贤区海湾医院','','SHSFXQHWYY',''),('0000098','上海市奉贤红十字护理医院','','SHSFXHSZHL',''),('0000099','上海市星火农场职工医院','','SHSXHNCZGY',''),('0000100','上海市燎原农场职工医院','','SHSLYNCZGY',''),('0000101','奉贤区中医医院','','FXQZYYY',''),('0000102','奉贤区中心医院','','FXQZXYY',''),('0000103','奉贤区五四农场职工医院','','FXQWSNCZGY',''),('0000104','奉贤区南桥镇光明社区卫生服务中心','','FXQNQZGMSQ',''),('0000105','奉贤区南桥镇社区卫生服务中心','','FXQNQZSQWS',''),('0000106','奉贤区南桥镇社区卫生服务中心育秀社区卫生服务站','','FXQNQZSQWS',''),('0000107','奉贤区南桥镇西渡社区卫生服务中心','','FXQNQZXDSQ',''),('0000108','奉贤区古华医院','','FXQGHYY',''),('0000109','奉贤区古华医院肺科门诊','','FXQGHYYFKM',''),('0000110','奉贤区四团镇平安社区卫生服务中心邵厂分中心','','FXQSTZPASQ',''),('0000111','奉贤区四团镇社区卫生服务中心','','FXQSTZSQWS',''),('0000112','奉贤区奉城医院','','FXQFCYY',''),('0000113','奉贤区奉城镇头桥社区卫生服务中心','','FXQFCZTQSQ',''),('0000114','奉贤区妇幼保健所','','FXQFYBJS',''),('0000115','奉贤区柘林镇胡桥社区卫生服务中心','','FXQZLZHQSQ',''),('0000116','奉贤区牙病防治所','','FXQYBFZS',''),('0000117','奉贤区精神卫生中心','','FXQJSWSZX',''),('0000118','奉贤区结核病防治所','','FXQJHBFZS',''),('0000119','奉贤区西渡镇卫生院西渡口门诊部','','FXQXDZWSYX',''),('0000120','奉贤区青村镇社区卫生服务中心','','FXQQCZSQWS',''),('0000121','奉贤县传染病医院','','FXXCRBYY',''),('0000122','上海中冶医院','','SHZYYY',''),('0000123','上海中冶职工医院富锦路分院','','SHZYZGYYFJ',''),('0000124','上海中冶职工医院蕴川路分院','','SHZYZGYYYC',''),('0000125','上海交通大学医学院附属第三人民医院','','SHJTDXYXYF',''),('0000126','上海交通大学医学院附属第三人民医院（宝钢医院）','','SHJTDXYXYF',''),('0000127','上海交通大学附属第三人民医院','','SHJTDXFSDS',''),('0000128','上海宝钢二十冶指挥部职工医院','','SHBGESYZHB',''),('0000129','上海宝钢冶金建设公司职工医院（中冶医院）','','SHBGYJJSGS',''),('0000130','上海市中冶集团职工医院','','SHSZYJTZGY',''),('0000131','上海市仁和医院','','SHSRHYY',''),('0000132','上海市公安局安康医院','','SHSGAJAKYY',''),('0000133','上海市公安局康复医院','','SHSGAJKFYY',''),('0000134','上海市嘉定区安亭医院','','SHSJDQATYY',''),('0000135','上海市大场医院','','SHSDCYY',''),('0000136','上海市宝山区中医医院','','SHSBSQZYYY',''),('0000137','上海市宝山区中心医院','','SHSBSQZXYY',''),('0000138','上海市宝山区中西医结合医院','','SHSBSQZXYJ',''),('0000139','上海市宝山区大场医院','','SHSBSQDCYY',''),('0000140','上海市宝山区大场医院肺科门诊','','SHSBSQDCYY',''),('0000141','上海市宝山区杨行地段医院','','SHSBSQYXDD',''),('0000142','上海市宝山区精神卫生中心','','SHSBSQJSWS',''),('0000143','上海市宝山区罗店医院','','SHSBSQLDYY',''),('0000144','上海市第一人民医院宝山分院','','SHSDYRMYYB',''),('0000145','上海市第二康复医院','','SHSDEKFYY',''),('0000146','上海市顾村地段医院','','SHSGCDDYY',''),('0000147','上海牡丹妇科医院','','SHMDFKYY',''),('0000148','上海第一人民医院宝山分院（吴淞中心医院）','','SHDYRMYYBS',''),('0000149','上海第一钢铁厂职工医院上海市宝山区一钢医院','','SHDYGTCZGY',''),('0000150','上钢一（二）厂职工医院','','SGYECZGYY',''),('0000151','华山医院宝山分院','','HSYYBSFY',''),('0000152','友谊地段医院','','YYDDYY',''),('0000153','复旦大学附属华山医院北院','','FDDXFSHSYY',''),('0000154','大场镇祁连社区卫生服务中心葑村社区卫生服务站','','DCZQLSQWSF',''),('0000155','大场镇第三社区卫生服务中心','','DCZDSSQWSF',''),('0000156','宝山区上海第二医科大学附属宝钢医院','','BSQSHDEYKD',''),('0000157','宝山区中冶集团职工医院','','BSQZYJTZGY',''),('0000158','宝山区中医医院','','BSQZYYY',''),('0000159','宝山区仁和医院','','BSQRHYY',''),('0000160','宝山区传染病医院','','BSQCRBYY',''),('0000161','宝山区吴淞中心医院','','BSQWZZXYY',''),('0000162','宝山区大场医院','','BSQDCYY',''),('0000163','宝山区大场镇祁连社区卫生服务中心沪太支路执业点（大场镇第三社区卫生服务中心）','','BSQDCZQLSQ',''),('0000164','宝山区妇幼保健所','','BSQFYBJS',''),('0000165','宝山区宝山中心医院','','BSQBSZXYY',''),('0000166','宝山区市一宝山分院','','BSQSYBSFY',''),('0000167','宝山区市一宝山分院肺科门诊','','BSQSYBSFYF',''),('0000168','宝山区罗店医院','','BSQLDYY',''),('0000169','宝山区顾村镇菊泉新城社区卫生服务中心馨佳园社区卫生服务站','','BSQGCZJQXC',''),('0000170','宝山区高镜地段医院','','BSQGJDDYY',''),('0000171','宝钢二十冶职工医院','','BGESYZGYY',''),('0000172','月浦镇盛桥社区卫生服务中心钱潘社区卫生服务站','','YPZSQSQWSF',''),('0000173','月浦镇社区卫生服务中心新镇社区卫生服务站','','YPZSQWSFWZ',''),('0000174','月浦镇社区卫生服务中心段泾社区卫生服务站','','YPZSQWSFWZ',''),('0000175','月浦镇社区卫生服务中心沈巷社区卫生服务站','','YPZSQWSFWZ',''),('0000176','月浦镇社区卫生服务中心长春社区卫生服务站','','YPZSQWSFWZ',''),('0000177','罗泾镇社区卫生服务中心牌楼村社区卫生服务站','','LZZSQWSFWZ',''),('0000178','顾村镇社区卫生服务中心杨木桥村卫生室','','GCZSQWSFWZ',''),('0000179','顾村镇社区卫生服务中心白杨村卫生室','','GCZSQWSFWZ',''),('0000180','顾村镇社区卫生服务中心羌介村卫生室','','GCZSQWSFWZ',''),('0000181','上海交通大学医学院附属仁济医院崇明分院','','SHJTDXYXYF',''),('0000182','上海交通大学医学院附属新华医院崇明分院','','SHJTDXYXYF',''),('0000183','上海兴岛医院','','SHXDYY',''),('0000184','上海市崇明县中心医院','','SHSCMXZXYY',''),('0000185','上海市崇明县第三人民医院','','SHSCMXDSRM',''),('0000186','上海市新华医院崇明分院','','SHSXHYYCMF',''),('0000187','上海市长江农场职工医院','','SHSCJNCZGY',''),('0000188','上海庆德医院','','SHQDYY',''),('0000189','崇明县东平镇社区卫生服务中心','','CMXDPZSQWS',''),('0000190','崇明县东平镇社区卫生服务中心东风分中心','','CMXDPZSQWS',''),('0000191','崇明县东平镇社区卫生服务中心东风新村社区卫生服务站','','CMXDPZSQWS',''),('0000192','崇明县东平镇社区卫生服务中心前进分中心','','CMXDPZSQWS',''),('0000193','崇明县传染病医院','','CMXCRBYY',''),('0000194','崇明县传染病医院肺科门诊','','CMXCRBYYFK',''),('0000195','崇明县堡镇人民医院','','CMXBZRMYY',''),('0000196','崇明县妇幼保健所','','CMXFYBJS',''),('0000197','崇明县庙镇人民医院','','CMXMZRMYY',''),('0000198','崇明县康乐医院','','CMXKLYY',''),('0000199','崇明县新海镇社区卫生服务中心','','CMXXHZSQWS',''),('0000200','崇明县新海镇社区卫生服务中心红星分中心','','CMXXHZSQWS',''),('0000201','崇明县新海镇社区卫生服务中心跃进分中心','','CMXXHZSQWS',''),('0000202','崇明县新海镇社区卫生服务中心长征分中心','','CMXXHZSQWS',''),('0000203','崇明县精神卫生中心','','CMXJSWSZX',''),('0000204','崇明县长兴镇社区卫生服务中心','','CMXCXZSQWS',''),('0000205','崇明县长兴镇社区卫生服务中心元沙社区卫生服务站','','CMXCXZSQWS',''),('0000206','崇明县长兴镇社区卫生服务中心前卫社区卫生服务站','','CMXCXZSQWS',''),('0000207','上海万众医院','','SHWZYY',''),('0000208','上海中医药大学附属龙华医院','','SHZYYDXFSL',''),('0000209','上海中医药大学附属龙华医院浦东分院','','SHZYYDXFSL',''),('0000210','上海中山医院整形外科','','SHZSYYZXWK',''),('0000211','上海乐天美容整形外科医院','','SHLTMRZXWK',''),('0000212','上海二药大学附属龙华医院浦东分院','','SHEYDXFSLH',''),('0000213','上海交通大学附属第六人民医院（上海市第六人民医院）','','SHJTDXFSDL',''),('0000214','上海交通大学附属胸科医院（上海市胸科医院）','','SHJTDXFSXK',''),('0000215','上海仁爱医院','','SHRAYY',''),('0000216','上海伽玛刀医院','','SHZMDYY',''),('0000217','上海华澳整形美容医疗中心（华澳整形美容网）','','SHHAZXMRYL',''),('0000218','上海博康生殖医学医院','','SHBKSZYXYY',''),('0000219','上海博爱医院','','SHBAYY',''),('0000220','上海四五五医院美容整形外科激光中心','','SHSWWYYMRZ',''),('0000221','上海市体育医院','','SHSTYYY',''),('0000222','上海市徐汇区大华医院','','SHSXHQDHYY',''),('0000223','上海市徐汇区妇幼保健所','','SHSXHQFYBJ',''),('0000224','上海市徐汇区宛平地段医院','','SHSXHQWPDD',''),('0000225','上海市徐汇区日晖地段医院','','SHSXHQRZDD',''),('0000226','上海市徐汇区湖南街道社区卫生服务中心','','SHSXHQHNJD',''),('0000227','上海市徐汇区牙防所','','SHSXHQYFS',''),('0000228','上海市徐汇区精神卫生中心','','SHSXHQJSWS',''),('0000229','上海市徐汇区逸仙医院','','SHSXHQYXYY',''),('0000230','上海市松江区传染病医院','','SHSSJQCRBY',''),('0000231','上海市松江区结核病防治院','','SHSSJQJHBF',''),('0000232','上海市气功研究所医疗门诊部','','SHSQGYJSYL',''),('0000233','上海市申大齿科医院','','SHSSDCKYY',''),('0000234','上海市第八人民医院','','SHSDBRMYY',''),('0000235','上海市第六人民医院','','SHSDLRMYY',''),('0000236','上海市精神卫生中心','','SHSJSWSZX',''),('0000237','上海市精神卫生分中心','','SHSJSWSFZX',''),('0000238','上海市胸科医院','','SHSXKYY',''),('0000239','上海市针灸经络研究所医疗门诊部','','SHSZJJLYJS',''),('0000240','上海徐剑炜整形美容（徐医生整形美容）','','SHXJZZXMRX',''),('0000241','上海沐阳医院（上海仁济医疗沐阳医院）','','SHZYYYSHRJ',''),('0000242','上海沪申五官科医院','','SHHSWGKYY',''),('0000243','上海福仁眼科技术研究所','','SHFRYKJSYJ',''),('0000244','上海远大心胸医院','','SHYDXXYY',''),('0000245','上海远洋医院','','SHYYYY',''),('0000246','上海银河医院','','SHYHYY',''),('0000247','上海龙泰国医馆','','SHLTGYG',''),('0000248','中国和平福利保健院','','ZGHPFLBJY',''),('0000249','中国福利会国际和平妇幼保健院','','ZGFLHGJHPF',''),('0000250','博康生殖医院','','BKSZYY',''),('0000251','复旦大学附属中山医院','','FDDXFSZSYY',''),('0000252','复旦大学附属中山医院分部','','FDDXFSZSYY',''),('0000253','复旦大学附属儿科医院医学院路执业点','','FDDXFSEKYY',''),('0000254','复旦大学附属儿科医院徐汇院区（复旦儿科徐汇院区）','','FDDXFSEKYY',''),('0000255','复旦大学附属眼耳鼻喉科医院','','FDDXFSYEBH',''),('0000256','复旦大学附属眼耳鼻喉科医院浦东分院','','FDDXFSYEBH',''),('0000257','复旦大学附属肿瘤医院','','FDDXFSZLYY',''),('0000258','市八医院','','SBYY',''),('0000259','徐汇区上海市徐汇区中心医院','','XHQSHSXHQZ',''),('0000260','徐汇区中心医院','','XHQZXYY',''),('0000261','徐汇区中心医院肺科门诊','','XHQZXYYFKM',''),('0000262','徐汇区华泾镇社区卫生服务中心','','XHQHZZSQWS',''),('0000263','徐汇区华泾镇社区卫生服务中心大桥社区卫生服务站','','XHQHZZSQWS',''),('0000264','徐汇区大华医院','','XHQDHYY',''),('0000265','徐汇区天平街道社区卫生服务中心','','XHQTPJDSQW',''),('0000266','徐汇区天平路地段医院','','XHQTPLDDYY',''),('0000267','徐汇区妇幼保健所','','XHQFYBJS',''),('0000268','徐汇区徐家汇地段医院','','XHQXJHDDYY',''),('0000269','徐汇区斜土街道社区卫生服务中心','','XHQXTJDSQW',''),('0000270','徐汇区新乐地段医院','','XHQXLDDYY',''),('0000271','徐汇区枫林街道社区卫生服务中心','','XHQFLJDSQW',''),('0000272','徐汇区枫林街道社区卫生服务中心西木医枫社区卫生服务站','','XHQFLJDSQW',''),('0000273','徐汇区永嘉路地段医院','','XHQYJLDDYY',''),('0000274','徐汇区牙病防治所','','XHQYBFZS',''),('0000275','徐汇区牙病防治所康健分所','','XHQYBFZSKJ',''),('0000276','徐汇区田林路地段医院','','XHQTLLDDYY',''),('0000277','徐汇区精神卫生中心','','XHQJSWSZX',''),('0000278','徐汇区精神卫生中心龙华地段医院','','XHQJSWSZXL',''),('0000279','徐汇区虹梅街道社区卫生服务中心','','XHQHMJDSQW',''),('0000280','徐汇区长桥地段医院','','XHQCQDDYY',''),('0000281','徐汇区长桥街道社区卫生服务中心','','XHQCQJDSQW',''),('0000282','徐汇区龙华街道社区卫生服务中心','','XHQLHJDSQW',''),('0000283','徐汇区龙华街道社区卫生服务中心恒地苑社区卫生服务站','','XHQLHJDSQW',''),('0000284','徐汇区龙华街道社区卫生服务中心新长峰社区卫生服务站','','XHQLHJDSQW',''),('0000285','沪申五官医院','','HSWGYY',''),('0000286','美年体检','','MNTJ',''),('0000287','解放军八五分院','','JFJBWFY',''),('0000288','解放军八五分院肺科门诊','','JFJBWFYFKM',''),('0000289','上海九洲医院','','SHJZYY',''),('0000290','上海国宾医疗激光整形中心','','SHGBYLJGZX',''),('0000291','上海城市医院','','SHCSYY',''),('0000292','上海天佑医院','','SHTYYY',''),('0000293','上海宏康医院','','SHHKYY',''),('0000294','上海市同济医院','','SHSTJYY',''),('0000295','上海市同济医院大华门诊部','','SHSTJYYDHM',''),('0000296','上海市宏康医院','','SHSHKYY',''),('0000297','上海市普陀区东新地段医院','','SHSPTQDXDD',''),('0000298','上海市普陀区中医医院','','SHSPTQZYYY',''),('0000299','上海市普陀区中医院','','SHSPTQZYY',''),('0000300','上海市普陀区中心医院','','SHSPTQZXYY',''),('0000301','上海市普陀区人民医院（上海纺织第一医院）','','SHSPTQRMYY',''),('0000302','上海市普陀区利群医院','','SHSPTQLQYY',''),('0000303','上海市普陀区妇幼保健院','','SHSPTQFYBJ',''),('0000304','上海市普陀区曹杨红十字医院','','SHSPTQCYHS',''),('0000305','上海市普陀区桃浦地段医院','','SHSPTQTPDD',''),('0000306','上海市普陀区白玉街道医院','','SHSPTQBYJD',''),('0000307','上海市普陀区眼病牙病防治所','','SHSPTQYBYB',''),('0000308','上海市普陀区石泉地段医院','','SHSPTQSQDD',''),('0000309','上海市普陀区长寿地段医院','','SHSPTQCSDD',''),('0000310','上海市纺织第一医院','','SHSFZDYYY',''),('0000311','上海德济医院','','SHDJYY',''),('0000312','上海普陀区民办退休职工普静护理医院','','SHPTQMBTXZ',''),('0000313','上海普陀区精神病防治院','','SHPTQJSBFZ',''),('0000314','利群医院','','LQYY',''),('0000315','同济大学医学院附属同济医院','','TJDXYXYFST',''),('0000316','同济大学附属同济医院分院','','TJDXFSTJYY',''),('0000317','同济大学附属同济医院同济大学执业点','','TJDXFSTJYY',''),('0000318','普陀区中医医院','','PTQZYYY',''),('0000319','普陀区中心医院（二级结算）','','PTQZXYYEJJ',''),('0000320','普陀区中心医院肺科门诊','','PTQZXYYFKM',''),('0000321','普陀区中医医院（甘泉三村执业点）','','PTQZYYYGQS',''),('0000322','普陀区人民医院','','PTQRMYY',''),('0000323','普陀区利群医院','','PTQLQYY',''),('0000324','普陀区妇婴保健院','','PTQFYBJY',''),('0000325','普陀区妇婴保健院第二执业点','','PTQFYBJYDE',''),('0000326','普陀区宜川街道社区卫生服务中心中远两湾城社区卫生服务站','','PTQYCJDSQW',''),('0000327','普陀区桃浦镇社区卫生服务中心古浪路社区卫生服务站','','PTQTPZSQWS',''),('0000328','普陀区桃浦镇社区卫生服务中心新杨社区卫生服务站','','PTQTPZSQWS',''),('0000329','普陀区桃浦镇社区卫生服务中心未来岛社区卫生服务站','','PTQTPZSQWS',''),('0000330','普陀区桃浦镇社区卫生服务中心李子园社区卫生服务站','','PTQTPZSQWS',''),('0000331','普陀区桃浦镇社区卫生服务中心槎浦社区卫生服务站','','PTQTPZSQWS',''),('0000332','普陀区桃浦镇社区卫生服务中心莲花社区卫生服务站','','PTQTPZSQWS',''),('0000333','普陀区甘泉地段医院','','PTQGQDDYY',''),('0000334','普陀区甘泉街道社区卫生服务中心章家巷社区卫生服务站','','PTQGQJDSQW',''),('0000335','普陀区眼病牙病防治所','','PTQYBYBFZS',''),('0000336','普陀区石泉街道社区卫生服务中心铜川路社区卫生服务站','','PTQSQJDSQW',''),('0000337','普陀区精神卫生中心','','PTQJSWSZX',''),('0000338','普陀区老年医院','','PTQLNYY',''),('0000339','普陀区长征镇社区卫生服务中心星梅社区卫生服务站','','PTQCZZSQWS',''),('0000340','上海上体伤骨科医院','','SHSTSGKYY',''),('0000341','上海交通大学医学院附属新华医院','','SHJTDXYXYF',''),('0000342','上海华康护理院','','SHHKHLY',''),('0000343','上海华都医院','','SHHDYY',''),('0000344','上海审美整形美容外科','','SHSMZXMRWK',''),('0000345','上海市东医院杨浦区肿瘤防治院','','SHSDYYYPQZ',''),('0000346','上海市伤骨科医院','','SHSSGKYY',''),('0000347','上海市安定医院','','SHSADYY',''),('0000348','上海市平凉地段医院','','SHSPLDDYY',''),('0000349','上海市新光医院','','SHSXGYY',''),('0000350','上海市杨浦区东医院','','SHSYPQDYY',''),('0000351','上海市杨浦区中心医院','','SHSYPQZXYY',''),('0000352','上海市杨浦区妇幼保健院','','SHSYPQFYBJ',''),('0000353','上海市杨浦区安图医院','','SHSYPQATYY',''),('0000354','上海市杨浦区工人医院上海市杨浦区老年医院','','SHSYPQGRYY',''),('0000355','上海市杨浦区控江医院（上海市杨浦区控江红十字医院）','','SHSYPQKJYY',''),('0000356','上海市杨浦区新光医院','','SHSYPQXGYY',''),('0000357','上海市杨浦区民星地段医院','','SHSYPQMXDD',''),('0000358','上海市杨浦区牙病防治所','','SHSYPQYBFZ',''),('0000359','上海市杨浦区精神卫生中心（防治所站）','','SHSYPQJSWS',''),('0000360','上海市第一康复医院','','SHSDYKFYY',''),('0000361','上海市纺织工业局第二医院','','SHSFZGYJDE',''),('0000362','上海市肺科医院','','SHSFKYY',''),('0000363','上海市肺科医院延庆路门诊部','','SHSFKYYYQL',''),('0000364','上海怀德护理院','','SHHDHLY',''),('0000365','上海新医联门诊部','','SHXYLMZB',''),('0000366','上海日月星护理院','','SHRYXHLY',''),('0000367','上海江城男子医院','','SHJCNZYY',''),('0000368','上海真美妇科医院','','SHZMFKYY',''),('0000369','同济大学附属肺科医院（上海市职业病医院、上海市肺科医院）','','TJDXFSFKYY',''),('0000370','复旦大学医学院医疗保健中心','','FDDXYXYYLB',''),('0000371','复旦大学附属妇产科医院杨浦新院','','FDDXFSFCKY',''),('0000372','杨浦区中医医院','','YPQZYYY',''),('0000373','杨浦区中医医院第二执业点（限住院医保结算）','','YPQZYYYDEZ',''),('0000374','杨浦区中心医院中原分部','','YPQZXYYZYF',''),('0000375','杨浦区中心医院传染病分院','','YPQZXYYCRB',''),('0000376','杨浦区中心医院安图分部','','YPQZXYYATF',''),('0000377','杨浦区五角场地段医院','','YPQWJCDDYY',''),('0000378','杨浦区大桥社区卫生服务中心平青社区卫生服务站','','YPQDQSQWSF',''),('0000379','杨浦区安图医院分院','','YPQATYYFY',''),('0000380','杨浦区安图医院肺科门诊','','YPQATYYFKM',''),('0000381','杨浦区市东医院','','YPQSDYY',''),('0000382','杨浦区市东医院分院','','YPQSDYYFY',''),('0000383','杨浦区市东医院平凉分院','','YPQSDYYPLF',''),('0000384','杨浦区延吉地段医院','','YPQYJDDYY',''),('0000385','杨浦区延吉社区卫生服务中心友谊社区卫生服务站','','YPQYJSQWSF',''),('0000386','杨浦区控江医院','','YPQKJYY',''),('0000387','杨浦区控江医院杨浦区控江红十字医院','','YPQKJYYYPQ',''),('0000388','杨浦区殷行社区卫生服务中心政和社区卫生服务站','','YPQYXSQWSF',''),('0000389','杨浦区殷行社区卫生服务中心政立社区卫生服务站','','YPQYXSQWSF',''),('0000390','杨浦区殷行社区卫生服务中心新江湾城时代花园社区卫生服务站','','YPQYXSQWSF',''),('0000391','杨浦区殷行社区卫生服务中心闸二社区卫生服务站','','YPQYXSQWSF',''),('0000392','杨浦区江浦社区卫生服务中心金鹏社区卫生服务站','','YPQJPSQWSF',''),('0000393','杨浦区眼病防治所','','YPQYBFZS',''),('0000394','杨浦区精神卫生中心','','YPQJSWSZX',''),('0000395','杨浦区老年医院/复兴医院','','YPQLNYY/FX',''),('0000396','民办安泰医院','','MBATYY',''),('0000397','民办新光医院','','MBXGYY',''),('0000398','民办黄兴医院','','MBHXYY',''),('0000399','第二军医大学第一附属医院','','DEJYDXDYFS',''),('0000400','第二军医大学附属东方肝胆外科医院','','DEJYDXFSDF',''),('0000401','第二军医大学附属长海医院（上海长海医院）','','DEJYDXFSCH',''),('0000402','上海市松江区中心医院（上海交通大学附属第一人民医院松江分院）','','SHSSJQZXYY',''),('0000403','上海市松江区乐都医院','','SHSSJQLDYY',''),('0000404','上海市松江区妇幼保健院（松江区妇幼保健院）','','SHSSJQFYBJ',''),('0000405','上海市松江区方塔中医医院（上海中医药大学附属曙光医院松江分院）','','SHSSJQFTZY',''),('0000406','上海市松江区泗泾医院（泗泾医院、松江区泗泾医院、上海泗泾医院）','','SHSSJQZZYY',''),('0000407','上海市松江区精神卫生中心','','SHSSJQJSWS',''),('0000408','上海市第一人民医院（新松江路）','','SHSDYRMYYX',''),('0000409','上海市第一人民医院分院（上海市第四人民医院）','','SHSDYRMYYF',''),('0000410','上海市金山区永丰地段医院（永丰地段医院）','','SHSJSQYFDD',''),('0000411','上海市青浦区宝林地段医院','','SHSQPQBLDD',''),('0000412','上海市青浦区金杨地段医院','','SHSQPQJYDD',''),('0000413','中国人民解放军七三一七六部队医院','','ZGRMJFJQSY',''),('0000414','松江九亭医院','','SJJTYY',''),('0000415','松江区中心医院','','SJQZXYY',''),('0000416','松江区乐都医院','','SJQLDYY',''),('0000417','松江区九亭医院','','SJQJTYY',''),('0000418','松江区九亭镇社区卫生服务中心','','SJQJTZSQWS',''),('0000419','松江区佘山镇社区卫生服务中心','','SJQZSZSQWS',''),('0000420','松江区佘山镇社区卫生服务中心分中心','','SJQZSZSQWS',''),('0000421','松江区叶榭镇社区卫生服务中心','','SJQYZZSQWS',''),('0000422','松江区妇幼保健院','','SJQFYBJY',''),('0000423','松江区小昆山镇社区卫生服务中心','','SJQXKSZSQW',''),('0000424','松江区小昆山镇社区卫生服务中心大港分中心','','SJQXKSZSQW',''),('0000425','松江区急救医疗中心','','SJQJJYLZX',''),('0000426','松江区新桥镇社区卫生服务中心','','SJQXQZSQWS',''),('0000427','松江区新浜镇社区卫生服务中心','','SJQXZZSQWS',''),('0000428','松江区方塔中医医院','','SJQFTZYYY',''),('0000429','松江区方松街道地段医院','','SJQFSJDDDY',''),('0000430','松江区松江区中心医院','','SJQSJQZXYY',''),('0000431','松江区泖港镇社区卫生服务中心','','SJQZGZSQWS',''),('0000432','松江区泖港镇社区卫生服务中心分中心','','SJQZGZSQWS',''),('0000433','松江区泗泾医院','','SJQZZYY',''),('0000434','松江区精神卫生中心','','SJQJSWSZX',''),('0000435','松江区精神卫生中心（第二执业点）','','SJQJSWSZXD',''),('0000436','松江区车墩镇社区卫生服务中心','','SJQCDZSQWS',''),('0000437','松江区车墩镇社区卫生服务中心分中心','','SJQCDZSQWS',''),('0000438','上海东方医院（同济大学附属东方医院）','','SHDFYYTJDX',''),('0000439','上海东方联合医院','','SHDFLHYY',''),('0000440','上海中医药大学附属曙光医院浦东分院','','SHZYYDXFSS',''),('0000441','上海交通大学医学院附属上海儿童医学中心','','SHJTDXYXYF',''),('0000442','上海交通大学附属仁济医院整形外科（上海市仁济医院整形外科）','','SHJTDXFSRJ',''),('0000443','上海仁济医院（东部）（仁济医院东部）','','SHRJYYDBRJ',''),('0000444','上海儿童医学中心（上海交通大学医学院附属上海儿童医学中心）','','SHETYXZXSH',''),('0000445','上海凯尔齿科','','SHKECK',''),('0000446','上海华美医疗美容医院','','SHHMYLMRYY',''),('0000447','上海南汇区周浦医院（周浦医院、辅善医院）','','SHNHQZPYYZ',''),('0000448','上海国龙医院','','SHGLYY',''),('0000449','上海夕阳老年护理院','','SHXYLNHLY',''),('0000450','上海安达医院','','SHADYY',''),('0000451','上海尚德医院','','SHSDYY',''),('0000452','上海市东方医院（二级结算）','','SHSDFYYEJJ',''),('0000453','上海市东方医院（南院）','','SHSDFYYNY',''),('0000454','上海市六人民医院东院','','SHSLRMYYDY',''),('0000455','上海市南市区精神病防治院','','SHSNSQJSBF',''),('0000456','上海市南市区肿瘤防治院','','SHSNSQZLFZ',''),('0000457','上海市南汇区中心医院','','SHSNHQZXYY',''),('0000458','上海市南汇区光明中医院','','SHSNHQGMZY',''),('0000459','上海市南汇区妇幼保健所','','SHSNHQFYBJ',''),('0000460','上海市南汇区精神卫生中心','','SHSNHQJSWS',''),('0000461','上海市南汇南华医院','','SHSNHNHYY',''),('0000462','上海市南汇县结核病防治院','','SHSNHXJHBF',''),('0000463','上海市大桥街道医院','','SHSDQJDYY',''),('0000464','上海市康沈医院','','SHSKSYY',''),('0000465','上海市杨思医院','','SHSYSYY',''),('0000466','上海市梅园地段医院','','SHSMYDDYY',''),('0000467','上海市民政第二精神病院','','SHSMZDEJSB',''),('0000468','上海市沪东造船集团职工医院','','SHSHDZCJTZ',''),('0000469','上海市浦东新区东明地段医院','','SHSPDXQDMD',''),('0000470','上海市浦东新区中医院','','SHSPDXQZYY',''),('0000471','上海市浦东新区传染病医院','','SHSPDXQCRB',''),('0000472','上海市浦东新区南华医院','','SHSPDXQNHY',''),('0000473','上海市浦东新区妇幼保健院','','SHSPDXQFYB',''),('0000474','上海市浦东新区浦南医院（浦南医院）','','SHSPDXQPNY',''),('0000475','上海市浦东新区精神卫生中心','','SHSPDXQJSW',''),('0000476','上海市浦东新区肺科医院','','SHSPDXQFKY',''),('0000477','上海市福华医院','','SHSFHYY',''),('0000478','上海市第七人民医院','','SHSDQRMYY',''),('0000479','上海市第七人民医院肺科门诊','','SHSDQRMYYF',''),('0000480','上海市金山区牙病防治所','','SHSJSQYBFZ',''),('0000481','上海市龙华浦东医院','','SHSLHPDYY',''),('0000482','上海开元骨科医院','','SHKYGKYY',''),('0000483','上海徐浦中医院','','SHXPZYY',''),('0000484','上海御康医院','','SHYKYY',''),('0000485','上海时光整形外科医院','','SHSGZXWKYY',''),('0000486','上海明德五官科医院','','SHMDWGKYY',''),('0000487','上海明珠医院','','SHMZYY',''),('0000488','上海民营瑞东医院','','SHMYRDYY',''),('0000489','上海江东医院','','SHJDYY',''),('0000490','上海江东泌尿外科医院','','SHJDMNWKYY',''),('0000491','上海浦东慈善医院','','SHPDCSYY',''),('0000492','上海浦东新区浦兴地段医院','','SHPDXQPXDD',''),('0000493','上海海事大学校医院','','SHHSDXXYY',''),('0000494','上海港口管理局港政中心','','SHGKGLJGZZ',''),('0000495','上海瑞慈健康管理中心','','SHRCJKGLZX',''),('0000496','上海申东医院','','SHSDYY',''),('0000497','上海申东医院（限门诊结算）','','SHSDYYXMZJ',''),('0000498','上海申诚医院','','SHSCYY',''),('0000499','上海第三钢铁厂职工医院','','SHDSGTCZGY',''),('0000500','上海长航医院','','SHCHYY',''),('0000501','上海龚路精神病康复医院','','SHGLJSBKFY',''),('0000502','中美合作华山眼科中心','','ZMHZHSYKZX',''),('0000503','复旦大学附属华山医院浦东分院','','FDDXFSHSYY',''),('0000504','外高桥保税区医疗保健中心','','WGQBSQYLBJ',''),('0000505','浦东新区上钢地段医院','','PDXQSGDDYY',''),('0000506','浦东新区东方医院','','PDXQDFYY',''),('0000507','浦东新区东方医院肺科门诊','','PDXQDFYYFK',''),('0000508','浦东新区中医医院罗山分院','','PDXQZYYYLS',''),('0000509','浦东新区中医医院','','PDXQZYYY',''),('0000510','浦东新区人民医院','','PDXQRMYY',''),('0000511','浦东新区人民医院肺科门诊','','PDXQRMYYFK',''),('0000512','浦东新区传染病医院（川沙人民医院传染科）','','PDXQCRBYYC',''),('0000513','浦东新区公利医院','','PDXQGLYY',''),('0000514','浦东新区公利医院肺科门诊','','PDXQGLYYFK',''),('0000515','浦东新区公利医院金桥门诊部','','PDXQGLYYJQ',''),('0000516','浦东新区六灶社区卫生服务中心','','PDXQLZSQWS',''),('0000517','浦东新区六里地段医院','','PDXQLLDDYY',''),('0000518','浦东新区周浦医院第二执业点（限门诊医保联网结算）','','PDXQZPYYDE',''),('0000519','浦东新区塘桥地段医院','','PDXQTQDDYY',''),('0000520','浦东新区大团社区卫生服务中心','','PDXQDTSQWS',''),('0000521','浦东新区大团社区卫生服务中心三墩分中心','','PDXQDTSQWS',''),('0000522','浦东新区崂山西路地段医院','','PDXQZSXLDD',''),('0000523','浦东新区张家浜地段医院','','PDXQZJZDDY',''),('0000524','浦东新区张江社区卫生服务中心钱堂社区卫生服务站','','PDXQZJSQWS',''),('0000525','浦东新区惠南社区卫生服务中心西城社区卫生服务站','','PDXQHNSQWS',''),('0000526','浦东新区新场社区卫生服务中心','','PDXQXCSQWS',''),('0000527','浦东新区新场社区卫生服务中心坦直分中心','','PDXQXCSQWS',''),('0000528','浦东新区杨思地段医院','','PDXQYSDDYY',''),('0000529','浦东新区梅园地段医院','','PDXQMYDDYY',''),('0000530','浦东新区民办安平医院','','PDXQMBAPYY',''),('0000531','浦东新区民办龚路精神病康复医院','','PDXQMBGLJS',''),('0000532','浦东新区沪东地段医院','','PDXQHDDDYY',''),('0000533','浦东新区泥城社区卫生服务中心临港家园社区卫生服务站','','PDXQNCSQWS',''),('0000534','浦东新区浦南医院','','PDXQPNYY',''),('0000535','浦东新区浦南医院肺科门诊','','PDXQPNYYFK',''),('0000536','浦东新区潍坊地段医院浦东新区红十字护理医院','','PDXQWFDDYY',''),('0000537','浦东新区申东医院','','PDXQSDYY',''),('0000538','浦东新区眼病牙病防治所','','PDXQYBYBFZ',''),('0000539','浦东新区精神卫生中心源深路执业点','','PDXQJSWSZX',''),('0000540','浦东新区结核病防治院','','PDXQJHBFZY',''),('0000541','浦东新区肺科医院（上海市浦东新区第二红十字老年护理医院）','','PDXQFKYYSH',''),('0000542','浦东新区航头社区卫生服务中心','','PDXQHTSQWS',''),('0000543','浦东新区航头社区卫生服务中心航西分中心','','PDXQHTSQWS',''),('0000544','浦东新区花木地段医院','','PDXQHMDDYY',''),('0000545','浦东新区龚路精神病康复院','','PDXQGLJSBK',''),('0000546','浦东新家周家渡地段医院','','PDXJZJDDDY',''),('0000547','科瓦齿科','','KWCK',''),('0000548','第二医科大学附属仁济医院浦东分院','','DEYKDXFSRJ',''),('0000549','第二医科大学附属第九人民医院浦东分院','','DEYKDXFSDJ',''),('0000550','厦门市第二医院（海沧院区）','','XMSDEYYHCY',''),('0000551','上海中医药大学附属岳阳中西医结合医院','','SHZYYDXFSY',''),('0000552','上海中医药大学附属岳阳中西医结合医院青海路门诊部','','SHZYYDXFSY',''),('0000553','上海九洲泌尿外科医院','','SHJZMNWKYY',''),('0000554','上海俪人女子医院','','SHZRNZYY',''),('0000555','上海兰鹰医院','','SHLYYY',''),('0000556','上海和平眼科医院','','SHHPYKYY',''),('0000557','上海国济男子医院','','SHGJNZYY',''),('0000558','上海复大医院','','SHFDYY',''),('0000559','上海天伦医院','','SHTLYY',''),('0000560','上海市东医院（上海市纺织第二医院）','','SHSDYYSHSF',''),('0000561','上海市中西医结合医院','','SHSZXYJHYY',''),('0000562','上海市公共卫生中心','','SHSGGWSZX',''),('0000563','上海市公共卫生临床中心第二执业点','','SHSGGWSLCZ',''),('0000564','上海市劳动局中心医院','','SHSLDJZXYY',''),('0000565','上海市吴淞地段医院','','SHSWZDDYY',''),('0000566','上海市建工医院','','SHSJGYY',''),('0000567','上海市曲阳医院','','SHSQYYY',''),('0000568','上海市海员医院','','SHSHYYY',''),('0000569','上海市海江医院','','SHSHJYY',''),('0000570','上海市监狱总医院','','SHSJYZYY',''),('0000571','上海市第一人民医院','','SHSDYRMYY',''),('0000572','上海市第一人民医院（松江新区执业点）','','SHSDYRMYYS',''),('0000573','上海市第一人民医院分院','','SHSDYRMYYF',''),('0000574','上海市航道医院','','SHSHDYY',''),('0000575','上海市虹口区凉城地段医院','','SHSHKQLCDD',''),('0000576','上海市虹口区妇幼保健院','','SHSHKQFYBJ',''),('0000577','上海市虹口区广中地段医院','','SHSHKQGZDD',''),('0000578','上海市虹口区江湾医院','','SHSHKQJWYY',''),('0000579','上海市虹口区牙病防治所','','SHSHKQYBFZ',''),('0000580','上海市虹口区精神卫生中心','','SHSHKQJSWS',''),('0000581','上海康平医院','','SHKPYY',''),('0000582','上海建工医院','','SHJGYY',''),('0000583','上海曲阳医院','','SHQYYY',''),('0000584','上海海光医院','','SHHGYY',''),('0000585','上海海军四一一医院激光整形美容中心（上海解放军四一一医院激光整形美容中心）','','SHHJSYYYYJ',''),('0000586','上海海员医院','','SHHYYY',''),('0000587','上海海员医院浦东分部','','SHHYYYPDFB',''),('0000588','上海海员医院首尔美佳整形美容外科中心','','SHHYYYSEMJ',''),('0000589','上海海虹医院','','SHHHYY',''),('0000590','上海航道医院','','SHHDYY',''),('0000591','上海警备区七三一七六部队医院','','SHJBQQSYQL',''),('0000592','上海都市妇科医院','','SHDSFKYY',''),('0000593','上海长江医院','','SHCJYY',''),('0000594','上海阳光中医院','','SHYGZYY',''),('0000595','中国人民解放军第四一一医院','','ZGRMJFJDSY',''),('0000596','奚九一脉管医院','','ZJYMGYY',''),('0000597','岳阳医院（上海中医药大学附属岳阳中西医结合医院）','','YYYYSHZYYD',''),('0000598','虹口区乍浦路地段医院','','HKQZPLDDYY',''),('0000599','虹口区嘉兴路街道社区卫生服务中心','','HKQJXLJDSQ',''),('0000600','虹口区嘉兴路街道社区卫生服务中心四平路社区卫生服务站','','HKQJXLJDSQ',''),('0000601','虹口区嘉兴路街道社区卫生服务中心育才分中心','','HKQJXLJDSQ',''),('0000602','虹口区嘉兴路街道社区卫生服务中心胡家木桥路分中心','','HKQJXLJDSQ',''),('0000603','虹口区妇幼保健所','','HKQFYBJS',''),('0000604','虹口区提篮桥地段医院','','HKQTLQDDYY',''),('0000605','虹口区提篮桥街道社区卫生服务中心','','HKQTLQJDSQ',''),('0000606','虹口区提篮桥街道社区卫生服务中心三益邨社区卫生服务站','','HKQTLQJDSQ',''),('0000607','虹口区提篮桥街道社区卫生服务中心唐山路分中心','','HKQTLQJDSQ',''),('0000608','虹口区提篮桥街道社区卫生服务中心海门路分中心','','HKQTLQJDSQ',''),('0000609','虹口区新港路地段医院','','HKQXGLDDYY',''),('0000610','虹口区曲阳医院','','HKQQYYY',''),('0000611','虹口区欧阳地段医院','','HKQOYDDYY',''),('0000612','虹口区欧阳路街道社区卫生服务中心','','HKQOYLJDSQ',''),('0000613','虹口区欧阳路街道社区卫生服务中心优抚园社区卫生服务站','','HKQOYLJDSQ',''),('0000614','虹口区欧阳路街道社区卫生服务中心蒋家桥分中心','','HKQOYLJDSQ',''),('0000615','虹口区江湾镇街道社区卫生服务中心纪念社区卫生服务站','','HKQJWZJDSQ',''),('0000616','上海市公共卫生临床中心（复旦大学附属公共卫生临床中心）','','SHSGGWSLCZ',''),('0000617','上海市第六人民医院金山分院','','SHSDLRMYYJ',''),('0000618','上海市金山区中心医院','','SHSJSQZXYY',''),('0000619','上海市金山区亭林医院（上海市金山区亭林镇社区卫生服务中心）','','SHSJSQTLYY',''),('0000620','上海市金山区众仁老年护理医院','','SHSJSQZRLN',''),('0000621','上海市金山区妇幼保健所','','SHSJSQFYBJ',''),('0000622','上海市金山区朱泾镇新农社区卫生服务中心（新农镇卫生院）','','SHSJSQZZZX',''),('0000623','上海市金山区枫泾镇兴塔社区卫生服务中心','','SHSJSQFZZX',''),('0000624','上海市金山区漕泾镇社区卫生服务中心','','SHSJSQZZZS',''),('0000625','上海市金山区疾病防治控制中心上海市金山区东林医院','','SHSJSQJBFZ',''),('0000626','上海市金山区精神卫生中心','','SHSJSQJSWS',''),('0000627','上海市金山卫镇卫生院','','SHSJSWZWSY',''),('0000628','上海市金山石化地段医院','','SHSJSSHDDY',''),('0000629','上海建国医院','','SHJGYY',''),('0000630','上海金山工业区社区卫生服务中心','','SHJSGYQSQW',''),('0000631','上海钱圩精神病院','','SHQZJSBY',''),('0000632','复旦大学医学院附属金山医院','','FDDXYXYFSJ',''),('0000633','复旦大学附属公共卫生中心','','FDDXFSGGWS',''),('0000634','复旦大学附属金山医院','','FDDXFSJSYY',''),('0000635','廊下镇社区卫生服务中心廊下镇中华村卫生室','','LXZSQWSFWZ',''),('0000636','金山区东林医院','','JSQDLYY',''),('0000637','金山区中心医院枫泾分院（金山区枫泾医院）','','JSQZXYYFZF',''),('0000638','金山区中心医院漕泾分院','','JSQZXYYZZF',''),('0000639','金山区中西医结合医院','','JSQZXYJHYY',''),('0000640','金山区亭林医院','','JSQTLYY',''),('0000641','金山区亭林镇社区卫生服务中心','','JSQTLZSQWS',''),('0000642','金山区亭林镇社区卫生服务中心亭林分中心','','JSQTLZSQWS',''),('0000643','金山区妇幼保健所','','JSQFYBJS',''),('0000644','金山区山阳镇社区卫生服务中心','','JSQSYZSQWS',''),('0000645','金山区张堰镇社区卫生服务中心','','JSQZYZSQWS',''),('0000646','金山区朱泾地区地段医院','','JSQZZDQDDY',''),('0000647','金山区朱泾社区卫生服务中心','','JSQZZSQWSF',''),('0000648','金山区朱泾社区卫生服务中心罗星南路执业点','','JSQZZSQWSF',''),('0000649','金山区朱泾镇新农社区卫生服务中心','','JSQZZZXNSQ',''),('0000650','金山区枫泾镇社区卫生服务中心','','JSQFZZSQWS',''),('0000651','金山区牙病防治所','','JSQYBFZS',''),('0000652','金山区石化社区卫生服务中心','','JSQSHSQWSF',''),('0000653','金山区精神卫生中心','','JSQJSWSZX',''),('0000654','金山区金山区中心医院','','JSQJSQZXYY',''),('0000655','上海一0八医院','','SHY0BYY',''),('0000656','上海东方丽人整形美容医院','','SHDFLRZXMR',''),('0000657','上海中美华山眼科中心','','SHZMHSYKZX',''),('0000658','上海光华医院上海市长宁区光华中西医结合医院','','SHGHYYSHSC',''),('0000659','上海南亚医院','','SHNYYY',''),('0000660','上海和睦家医院','','SHHMJYY',''),('0000661','上海国际机场医疗急救中心','','SHGJJCYLJJ',''),('0000662','上海天大医疗美容医院','','SHTDYLMRYY',''),('0000663','上海市东方乳腺疾病医院（华山医院分部）','','SHSDFRXJBY',''),('0000664','上海市九龙男子医院','','SHSJLNZYY',''),('0000665','上海市同仁医院','','SHSTRYY',''),('0000666','上海市房屋土地管局职工医院','','SHSFWTDGJZ',''),('0000667','上海市港华医院','','SHSGHYY',''),('0000668','上海市白玉兰妇科医院','','SHSBYLFKYY',''),('0000669','上海市皮肤病医院门诊部','','SHSPFBYYMZ',''),('0000670','上海市皮肤病性病医院','','SHSPFBXBYY',''),('0000671','上海市皮肤病性病医院分院','','SHSPFBXBYY',''),('0000672','上海市神州中医院','','SHSSZZYY',''),('0000673','上海市长宁区中心医院上海市长宁区红十字医院','','SHSCNQZXYY',''),('0000674','上海市长宁区中心医院肺科门诊','','SHSCNQZXYY',''),('0000675','上海市长宁区光华中西医结合医院（上海市光华中西医结合类风关专科医院）','','SHSCNQGHZX',''),('0000676','上海市长宁区区慢性病防治院','','SHSCNQQMXB',''),('0000677','上海市长宁区南洋医院','','SHSCNQNYYY',''),('0000678','上海市长宁区卫生检验所','','SHSCNQWSJY',''),('0000679','上海市长宁区周家桥地段医院','','SHSCNQZJQD',''),('0000680','上海市长宁区天山中医医院','','SHSCNQTSZY',''),('0000681','上海市长宁区精神卫生中心（上海痴呆老年医院）','','SHSCNQJSWS',''),('0000682','上海康联医院','','SHKLYY',''),('0000683','上海悦和堂中医门诊部','','SHYHTZYMZB',''),('0000684','上海新科医院','','SHXKYY',''),('0000685','上海新虹桥医院','','SHXHQYY',''),('0000686','上海新视界眼科医院','','SHXSJYKYY',''),('0000687','上海武警医院整形美容中心','','SHWJYYZXMR',''),('0000688','上海民航医院','','SHMHYY',''),('0000689','上海永浩护理院','','SHYHHLY',''),('0000690','上海滨凯美之源整形外科医院','','SHBKMZYZXW',''),('0000691','上海爱尔眼科医院','','SHAEYKYY',''),('0000692','上海申德医院','','SHSDYY',''),('0000693','上海电力医院','','SHDLYY',''),('0000694','上海真爱女子医院','','SHZANZYY',''),('0000695','上海神州医院','','SHSZYY',''),('0000696','上海西郊骨科医院','','SHXJGKYY',''),('0000697','上海辰新医院','','SHCXYY',''),('0000698','中国人民武装警察部队上海市总队医院','','ZGRMWZJCBD',''),('0000699','中国人民解放军第八五医院','','ZGRMJFJDBW',''),('0000700','中国人民解放军第八五医院分院','','ZGRMJFJDBW',''),('0000701','中国人民解放军第四五五医院','','ZGRMJFJDSW',''),('0000702','中国人民解放军第四五五医院分院','','ZGRMJFJDSW',''),('0000703','中国民用航空上海医院','','ZGMYHKSHYY',''),('0000704','中山医院肿瘤中心（纺三医院）','','ZSYYZLZXFS',''),('0000705','武警上海市总队医院（武警上海总医院）','','WJSHSZDYYW',''),('0000706','武警上海总队医院','','WJSHZDYY',''),('0000707','民航上海医院','','MHSHYY',''),('0000708','神州中医医院','','SZZYYY',''),('0000709','长宁区中心医院（长宁区红十字医院）','','CNQZXYYCNQ',''),('0000710','长宁区仙霞地段医院','','CNQXXDDYY',''),('0000711','长宁区光华中西医结合医院','','CNQGHZXYJH',''),('0000712','长宁区北新泾地段医院','','CNQBXZDDYY',''),('0000713','长宁区北新泾街道社区卫生服务中心','','CNQBXZJDSQ',''),('0000714','长宁区华阳街道社区卫生服务中心','','CNQHYJDSQW',''),('0000715','长宁区华阳街道社区卫生服务中心愚园路门诊部','','CNQHYJDSQW',''),('0000716','长宁区同仁医院','','CNQTRYY',''),('0000717','长宁区周家桥街道社区卫生服务中心','','CNQZJQJDSQ',''),('0000718','长宁区天山中医医院','','CNQTSZYYY',''),('0000719','长宁区天山中医医院（水城路执业点）','','CNQTSZYYYS',''),('0000720','长宁区天山路街道社区卫生服务中心','','CNQTSLJDSQ',''),('0000721','长宁区妇幼保健院','','CNQFYBJY',''),('0000722','长宁区新华地段医院','','CNQXHDDYY',''),('0000723','长宁区新华街道社区卫生服务中心','','CNQXHJDSQW',''),('0000724','长宁区武夷地段医院','','CNQWYDDYY',''),('0000725','长宁区江苏街道社区卫生服务中心','','CNQJSJDSQW',''),('0000726','长宁区程家桥地段医院','','CNQCJQDDYY',''),('0000727','长宁区程家桥街道社区卫生服务中心机场新村社区卫生服务站','','CNQCJQJDSQ',''),('0000728','长宁区遵义社区卫生服务中心（虹桥路执业点）','','CNQZYSQWSF',''),('0000729','七宝社区卫生服务中心联明村卫生室','','QBSQWSFWZX',''),('0000730','上海一美整形外科医院（一美整形外科医院）','','SHYMZXWKYY',''),('0000731','上海中潭医院','','SHZTYY',''),('0000732','上海交通大学医学院附属仁济医院南院','','SHJTDXYXYF',''),('0000733','上海圣嘉门诊部','','SHSJMZB',''),('0000734','上海市化工职业病防治院','','SHSHGZYBFZ',''),('0000735','上海市民办吴中精神病康复院','','SHSMBWZJSB',''),('0000736','上海市民办第二精神病康复院','','SHSMBDEJSB',''),('0000737','上海市民政第一精神卫生中心','','SHSMZDYJSW',''),('0000738','上海市民政第一精神病院','','SHSMZDYJSB',''),('0000739','上海市第五人民医院（二级结算）','','SHSDWRMYYE',''),('0000740','上海市第五人民医院肺科门诊','','SHSDWRMYYF',''),('0000741','上海市精神卫生中心肺科门诊','','SHSJSWSZXF',''),('0000742','上海市紫兴精神病康复医院','','SHSZXJSBKF',''),('0000743','上海市闵行区中医医院','','SHSZXQZYYY',''),('0000744','上海市闵行区中心医院（上海市瑞金集团闵行医院）','','SHSZXQZXYY',''),('0000745','上海市闵行区中心医院结核科','','SHSZXQZXYY',''),('0000746','上海市闵行区传染病医院','','SHSZXQCRBY',''),('0000747','上海市闵行区南亚医院','','SHSZXQNYYY',''),('0000748','上海市闵行区吴泾医院','','SHSZXQWZYY',''),('0000749','上海市闵行区吴泾医院肺科门诊','','SHSZXQWZYY',''),('0000750','上海市闵行区牙病防治所','','SHSZXQYBFZ',''),('0000751','上海市闵行区精神卫生中心','','SHSZXQJSWS',''),('0000752','上海市闵行区结核病防治院','','SHSZXQJHBF',''),('0000753','上海市闵行区肿瘤医院（复旦大学附属肿瘤医院闵行分院）','','SHSZXQZLYY',''),('0000754','上海市青春精神病康复医院','','SHSQCJSBKF',''),('0000755','上海振国医院','','SHZGYY',''),('0000756','上海民办第一精神病康复院','','SHMBDYJSBK',''),('0000757','上海电气集团职业病防治院','','SHDQJTZYBF',''),('0000758','上海第一精神病康复院','','SHDYJSBKFY',''),('0000759','上海精神卫生康复医院一部','','SHJSWSKFYY',''),('0000760','上海精神卫生康复医院二部','','SHJSWSKFYY',''),('0000761','上海莱茵医院','','SHLYYY',''),('0000762','上海虹桥医院','','SHHQYY',''),('0000763','上海道培医院','','SHDPYY',''),('0000764','吴中精神病康复医院','','WZJSBKFYY',''),('0000765','复旦大学附属上海市第五人民医院','','FDDXFSSHSD',''),('0000766','闵行区中医医院','','ZXQZYYY',''),('0000767','闵行区中心医院','','ZXQZXYY',''),('0000768','闵行区华坪地段医院','','ZXQHPDDYY',''),('0000769','闵行区吴泾医院','','ZXQWZYY',''),('0000770','闵行区吴泾医院静安新城门诊部','','ZXQWZYYJAX',''),('0000771','闵行区妇幼保健院','','ZXQFYBJY',''),('0000772','闵行区新虹社区卫生服务中心','','ZXQXHSQWSF',''),('0000773','闵行区江川社区卫生服务中心汽轮社区卫生服务站','','ZXQJCSQWSF',''),('0000774','闵行区江川社区卫生服务中心电机社区卫生服务站','','ZXQJCSQWSF',''),('0000775','闵行区浦江社区卫生服务中心四高小区社区卫生服务站','','ZXQPJSQWSF',''),('0000776','闵行区牙病防治所第二执业点','','ZXQYBFZSDE',''),('0000777','闵行区精神卫生中心','','ZXQJSWSZX',''),('0000778','闵行区精神卫生中心第二执业点','','ZXQJSWSZXD',''),('0000779','闵行区结核病防治院','','ZXQJHBFZY',''),('0000780','闵行区肿瘤医院','','ZXQZLYY',''),('0000781','闵行区莘庄社区卫生服务中心新天地社区卫生服务站','','ZXQZZSQWSF',''),('0000782','闵行区莘庄社区卫生服务中心春申复地社区卫生服务站','','ZXQZZSQWSF',''),('0000783','闵行区莘庄第二社区卫生服务中心','','ZXQZZDESQW',''),('0000784','闵行区颛桥社区卫生服务中心君莲分中心（结算范围限于门诊）','','ZXQZQSQWSF',''),('0000785','龙柏社区卫生服务中心虹光村卫生室','','LBSQWSFWZX',''),('0000786','上海万豪医院整形美容中心','','SHWHYYZXMR',''),('0000787','上海健桥医院','','SHJQYY',''),('0000788','上海协和医院','','SHXHYY',''),('0000789','上海南浦妇科医院','','SHNPFKYY',''),('0000790','上海市万豪医院','','SHSWHYY',''),('0000791','上海市中医医院','','SHSZYYY',''),('0000792','上海市中医医院石门路门诊部','','SHSZYYYSML',''),('0000793','上海市公安消防总队职工医院','','SHSGAXFZDZ',''),('0000794','上海市市北医院','','SHSSBYY',''),('0000795','上海市民办海鹰医院','','SHSMBHYYY',''),('0000796','上海市民政第三精神卫生中心','','SHSMZDSJSW',''),('0000797','上海市民政第三精神病院','','SHSMZDSJSB',''),('0000798','上海市皮肤病医院','','SHSPFBYY',''),('0000799','上海市第三精神病院','','SHSDSJSBY',''),('0000800','上海市第十人民医院','','SHSDSRMYY',''),('0000801','上海市第十人民医院分院','','SHSDSRMYYF',''),('0000802','上海市闸北区中医院','','SHSZBQZYY',''),('0000803','上海市闸北区临汾地段医院','','SHSZBQLFDD',''),('0000804','上海市闸北区共和新地段医院','','SHSZBQGHXD',''),('0000805','上海市闸北区北站医院','','SHSZBQBZYY',''),('0000806','上海市闸北区妇女儿童保健所','','SHSZBQFNET',''),('0000807','上海市闸北区妇幼保健所','','SHSZBQFYBJ',''),('0000808','上海市闸北区市北医院','','SHSZBQSBYY',''),('0000809','上海市闸北区民办彭江医院','','SHSZBQMBPJ',''),('0000810','上海市闸北区海宁地段医院','','SHSZBQHNDD',''),('0000811','上海市闸北区烽火街道医院','','SHSZBQFHJD',''),('0000812','上海市闸北区牙病防治所','','SHSZBQYBFZ',''),('0000813','上海市闸北区眼科医院','','SHSZBQYKYY',''),('0000814','上海市闸北区精神卫生中心','','SHSZBQJSWS',''),('0000815','上海彭江医院','','SHPJYY',''),('0000816','上海新海医院','','SHXHYY',''),('0000817','上海新视界中兴眼科医院','','SHXSJZXYKY',''),('0000818','上海民康医院','','SHMKYY',''),('0000819','上海海鹰医院','','SHHYYY',''),('0000820','上海玫瑰医疗美容医院','','SHMGYLMRYY',''),('0000821','上海玫瑰女子医院','','SHMGNZYY',''),('0000822','上海申江医院','','SHSJYY',''),('0000823','上海长征医院闸北分院上海市闸北区中心医院','','SHCZYYZBFY',''),('0000824','同济大学附属口腔医院','','TJDXFSKQYY',''),('0000825','市北医院肺科门诊','','SBYYFKMZ',''),('0000826','民政局第三精神病医院','','MZJDSJSBYY',''),('0000827','长征医院闸北感染部','','CZYYZBGRB',''),('0000828','闸北区中医医院','','ZBQZYYY',''),('0000829','闸北区中心医院','','ZBQZXYY',''),('0000830','闸北区临汾街道社区卫生服务中心','','ZBQLFJDSQW',''),('0000831','闸北区北站医院','','ZBQBZYY',''),('0000832','闸北区北站街道社区卫生服务中心','','ZBQBZJDSQW',''),('0000833','闸北区北站街道社区卫生服务中心晋元路门诊部','','ZBQBZJDSQW',''),('0000834','闸北区大宁路街道社区卫生服务中心','','ZBQDNLJDSQ',''),('0000835','闸北区天目西街道社区卫生服务中心普善路社区卫生服务站','','ZBQTMXJDSQ',''),('0000836','闸北区妇幼保健所','','ZBQFYBJS',''),('0000837','闸北区宝山地段医院','','ZBQBSDDYY',''),('0000838','闸北区宝山街道社区卫生服务中心','','ZBQBSJDSQW',''),('0000839','闸北区宝山街道社区卫生服务中心宝源路分中心','','ZBQBSJDSQW',''),('0000840','闸北区市北医院','','ZBQSBYY',''),('0000841','闸北区市北医院分部','','ZBQSBYYFB',''),('0000842','闸北区彭浦地段医院','','ZBQPPDDYY',''),('0000843','闸北区彭浦新村街道社区卫生服务中心','','ZBQPPXCJDS',''),('0000844','闸北区彭浦新村街道社区卫生服务中心长临路200弄社区卫生服务站','','ZBQPPXCJDS',''),('0000845','闸北区彭浦镇社区卫生服务中心','','ZBQPPZSQWS',''),('0000846','闸北区牙病防治所','','ZBQYBFZS',''),('0000847','闸北区牙病防治所彭浦分所','','ZBQYBFZSPP',''),('0000848','闸北区牙病防治所沪太分所','','ZBQYBFZSHT',''),('0000849','闸北区牙病防治所沪太执业点','','ZBQYBFZSHT',''),('0000850','闸北区精神卫生中心','','ZBQJSWSZX',''),('0000851','闸北区芷江西地段医院','','ZBQZJXDDYY',''),('0000852','闸北区芷江西街道社区卫生服务中心','','ZBQZJXJDSQ',''),('0000853','上海仁博医院','','SHRBYY',''),('0000854','上海华仁肾病医院','','SHHRSBYY',''),('0000855','上海同德医院','','SHTDYY',''),('0000856','上海市青浦区中医院','','SHSQPQZYY',''),('0000857','上海市青浦区中心医院','','SHSQPQZXYY',''),('0000858','上海市青浦区妇幼保健所','','SHSQPQFYBJ',''),('0000859','上海市青浦区宜川地段医院','','SHSQPQYCDD',''),('0000860','上海市青浦区朱家角人民医院（青浦区老年医院）','','SHSQPQZJJR',''),('0000861','上海市青浦区精神卫生中心','','SHSQPQJSWS',''),('0000862','上海市青浦区顺昌路地段医院','','SHSQPQSCLD',''),('0000863','上海市青浦区麻风病防治所','','SHSQPQMFBF',''),('0000864','上海盈康护理院','','SHYKHLY',''),('0000865','上海青城医院','','SHQCYY',''),('0000866','复旦大学附属中山医院青浦分院','','FDDXFSZSYY',''),('0000867','复旦大学附属中山医院青浦分院青浦区中心医院肺科门诊','','FDDXFSZSYY',''),('0000868','青浦区中医医院（青安路执业点）','','QPQZYYYQAL',''),('0000869','青浦区华新镇社区卫生服务中心凤溪分中心','','QPQHXZSQWS',''),('0000870','青浦区妇幼保健所','','QPQFYBJS',''),('0000871','青浦区安达医院','','QPQADYY',''),('0000872','青浦区朱家角人民医院','','QPQZJJRMYY',''),('0000873','青浦区白鹤镇社区卫生服务中心','','QPQBHZSQWS',''),('0000874','青浦区盈浦街道社区卫生服务中心佳乐苑社区卫生服务站','','QPQYPJDSQW',''),('0000875','青浦区盈浦街道社区卫生服务中心民乐社区卫生服务站','','QPQYPJDSQW',''),('0000876','青浦区精神卫生中心','','QPQJSWSZX',''),('0000877','青浦区精神卫生中心第二执业点','','QPQJSWSZXD',''),('0000878','青浦区精神病康复医院','','QPQJSBKFYY',''),('0000879','青浦区练塘镇社区卫生服务中心','','QPQLTZSQWS',''),('0000880','青浦区练塘镇社区卫生服务中心小蒸分中心','','QPQLTZSQWS',''),('0000881','青浦区练塘镇社区卫生服务中心蒸淀分中心','','QPQLTZSQWS',''),('0000882','青浦区金泽镇社区卫生服务中心','','QPQJZZSQWS',''),('0000883','青浦区金泽镇社区卫生服务中心商榻分中心','','QPQJZZSQWS',''),('0000884','青浦区金泽镇社区卫生服务中心西岑分中心','','QPQJZZSQWS',''),('0000885','青浦区金泽镇社区卫生服务中心西岑分中心（莲西路执业点）','','QPQJZZSQWS',''),('0000886','青浦区青浦区中心医院','','QPQQPQZXYY',''),('0000887','青浦区香花桥街道社区卫生服务中心','','QPQXHQJDSQ',''),('0000888','上海中佑肛肠医院','','SHZYGCYY',''),('0000889','上海公惠医院','','SHGHYY',''),('0000890','上海公用事业职工医院上海公费医院','','SHGYSYZGYY',''),('0000891','上海化工职业病防治所','','SHHGZYBFZS',''),('0000892','上海华山医院美容中心（华山医院激光医学中心简介）','','SHHSYYMRZX',''),('0000893','上海国宾体检中心','','SHGBTJZX',''),('0000894','上海国宾医疗中心','','SHGBYLZX',''),('0000895','上海富华医疗美容医院','','SHFHYLMRYY',''),('0000896','上海市儿童医院','','SHSETYY',''),('0000897','上海市儿童医院第二执业点','','SHSETYYDEZ',''),('0000898','上海市公惠医院','','SHSGHYY',''),('0000899','上海市劳动卫生职业病防治研究所','','SHSLDWSZYB',''),('0000900','上海市眼病防治中心','','SHSYBFZZX',''),('0000901','上海市第一妇婴保健院','','SHSDYFYBJY',''),('0000902','上海市第一妇婴保健院（西康路二五九号临时执业点）','','SHSDYFYBJY',''),('0000903','上海市第一妇婴保健院浦东分院（基本医疗服务的费用纳入医保联网结算）','','SHSDYFYBJY',''),('0000904','上海市第一妇婴保健院浦东新院','','SHSDYFYBJY',''),('0000905','上海市静安区妇幼保健所','','SHSJAQFYBJ',''),('0000906','上海市静安区牙病防治所','','SHSJAQYBFZ',''),('0000907','上海市静安区精神卫生中心','','SHSJAQJSWS',''),('0000908','上海市静安区老年医院','','SHSJAQLNYY',''),('0000909','上海康奥整形外科医院','','SHKAZXWKYY',''),('0000910','上海康新医院','','SHKXYY',''),('0000911','上海德琳医疗美容医院','','SHDLYLMRYY',''),('0000912','上海米瑞可医疗整形美容','','SHMRKYLZXM',''),('0000913','上海邮电医院','','SHYDYY',''),('0000914','上海邮电医院（复兴中路执业点）','','SHYDYYFXZL',''),('0000915','上海雷允上西区门诊部（限于中医科的中药饮片和中药煎药费）','','SHLYSXQMZB',''),('0000916','华东医院','','HDYY',''),('0000917','复旦大学附属华山医院','','FDDXFSHSYY',''),('0000918','复旦大学附属华山医院（南京西路执业点）','','FDDXFSHSYY',''),('0000919','复旦大学附属华山医院江苏路分部','','FDDXFSHSYY',''),('0000920','立伟齿科','','LWCK',''),('0000921','静安区中心医院','','JAQZXYY',''),('0000922','静安区南京西路街道社区卫生服务中心','','JAQNJXLJDS',''),('0000923','静安区南京西路街道社区卫生服务中心延安中路门诊部','','JAQNJXLJDS',''),('0000924','静安区妇幼保健所','','JAQFYBJS',''),('0000925','静安区曹家渡地段医院','','JAQCJDDDYY',''),('0000926','静安区曹家渡街道社区卫生服务中心','','JAQCJDJDSQ',''),('0000927','静安区曹家渡街道社区卫生服务中心万航渡路门诊部','','JAQCJDJDSQ',''),('0000928','静安区曹家渡街道社区卫生服务中心长寿路门诊部','','JAQCJDJDSQ',''),('0000929','静安区江宁路地段医院','','JAQJNLDDYY',''),('0000930','静安区江宁路街道社区卫生服务中心','','JAQJNLJDSQ',''),('0000931','静安区江宁路街道社区卫生服务中心门诊部','','JAQJNLJDSQ',''),('0000932','静安区牙病防治所','','JAQYBFZS',''),('0000933','静安区牙病防治所延平分所','','JAQYBFZSYP',''),('0000934','静安区牙病防治所昌平分所','','JAQYBFZSCP',''),('0000935','静安区眼病防治所','','JAQYBFZS',''),('0000936','静安区石门二路地段医院','','JAQSMELDDY',''),('0000937','静安区石门二路街道社区卫生服务中心','','JAQSMELJDS',''),('0000938','静安区精神卫生中心','','JAQJSWSZX',''),('0000939','静安区结核病防治所','','JAQJHBFZS',''),('0000940','静安区老年医院','','JAQLNYY',''),('0000941','静安区老年医院肺科门诊','','JAQLNYYFKM',''),('0000942','静安区静安寺地段医院','','JAQJASDDYY',''),('0000943','静安区静安寺街道社区卫生服务中心','','JAQJASJDSQ',''),('0000944','上海中医药大学附属曙光医院','','SHZYYDXFSS',''),('0000945','上海中医药大学附属曙光医院（浦东张衡路执业点）','','SHZYYDXFSS',''),('0000946','上海交通大学医学院附属仁济医院','','SHJTDXYXYF',''),('0000947','上海交通大学医学院附属仁济医院（浦东东方路执业点）','','SHJTDXYXYF',''),('0000948','上海交通大学医学院附属瑞金医院','','SHJTDXYXYF',''),('0000949','上海交通大学医学院附属瑞金医院(徐家汇路执业点慢性病部)','','SHJTDXYXYF',''),('0000950','上海交通大学医学院附属瑞金医院卢湾分院','','SHJTDXYXYF',''),('0000951','上海交通大学医学院附属第九人民医院','','SHJTDXYXYF',''),('0000952','上海交通大学医学院附属第九人民医院浦东分院','','SHJTDXYXYF',''),('0000953','上海市中医文献馆中医门诊部','','SHSZYWXGZY',''),('0000954','上海市华仁医院上海肺科医院分部','','SHSHRYYSHF',''),('0000955','上海市口腔病防治院','','SHSKQBFZY',''),('0000956','上海市口腔病防治院复兴中路分院','','SHSKQBFZYF',''),('0000957','上海市第二人民医院','','SHSDERMYY',''),('0000958','上海市红光医院','','SHSHGYY',''),('0000959','上海市阿波罗男子医院','','SHSABLNZYY',''),('0000960','上海市黄博区中心医院分部（上海市黄浦区中医院）','','SHSHBQZXYY',''),('0000961','上海市黄浦区东南医院','','SHSHPQDNYY',''),('0000962','上海市黄浦区中心医院','','SHSHPQZXYY',''),('0000963','上海市黄浦区中西医结合医院','','SHSHPQZXYJ',''),('0000964','上海市黄浦区牙病防治所','','SHSHPQYBFZ',''),('0000965','上海市黄浦区眼病防治所','','SHSHPQYBFZ',''),('0000966','上海市黄浦区第二精神卫生中心','','SHSHPQDEJS',''),('0000967','上海市黄浦区香山中医医院','','SHSHPQXSZY',''),('0000968','上海明桥医疗整形美容医院','','SHMQYLZXMR',''),('0000969','上海江南造船集团职工医院','','SHJNZCJTZG',''),('0000970','上海江南造船集团职工医院瞿溪路执业点','','SHJNZCJTZG',''),('0000971','上海港医院','','SHGYY',''),('0000972','上海长征医院','','SHCZYY',''),('0000973','黄浦区结核病病院','','HPQJHBBY',''),('0000974','华东医院市府大厦门诊部','','HDYYSFDXMZ',''),('0000975','复旦大学附属妇产科医院（上海市红房子妇产科医院、上海市红十字会妇产科医院）','','FDDXFSFCKY',''),('0000976','上海市中心医院结防门诊','','SHSZXYYJFM',''),('0000977','第二军医大学第二附属医院','','DEJYDXDEFS',''),('0000978','第二军医大学附属长征医院','','DEJYDXFSCZ',''),('0000979','黄浦区中心医院','','HPQZXYY',''),('0000980','黄浦区中心医院中医门诊部','','HPQZXYYZYM',''),('0000981','黄浦区中心医院结防门诊','','HPQZXYYJFM',''),('0000982','黄浦区中西医结合医院分院','','HPQZXYJHYY',''),('0000983','黄浦区传染病医院','','HPQCRBYY',''),('0000984','黄浦区半淞园地段医院','','HPQBZYDDYY',''),('0000985','黄浦区半淞园街道社区卫生服务中心','','HPQBZYJDSQ',''),('0000986','黄浦区南京东路地段医院','','HPQNJDLDDY',''),('0000987','黄浦区南京东路街道社区卫生服务中心','','HPQNJDLJDS',''),('0000988','黄浦区南京东路街道社区卫生服务中心广场分中心','','HPQNJDLJDS',''),('0000989','黄浦区南京东路街道社区卫生服务中心浙江中路分中心','','HPQNJDLJDS',''),('0000990','黄浦区外滩地段医院','','HPQWTDDYY',''),('0000991','黄浦区外滩街道社区卫生服务中心','','HPQWTJDSQW',''),('0000992','黄浦区外滩街道社区卫生服务中心广东路分中心','','HPQWTJDSQW',''),('0000993','黄浦区外滩街道社区卫生服务中心金陵分中心','','HPQWTJDSQW',''),('0000994','黄浦区妇幼保健所','','HPQFYBJS',''),('0000995','黄浦区妇幼保健院','','HPQFYBJY',''),('0000996','黄浦区小东门街道社区卫生服务中心南仓街分中心','','HPQXDMJDSQ',''),('0000997','黄浦区小东门街道社区卫生服务中心天灯弄分中心','','HPQXDMJDSQ',''),('0000998','黄浦区小东门街道社区卫生服务中心聚奎街分中心','','HPQXDMJDSQ',''),('0000999','黄浦区广场地段医院','','HPQGCDDYY',''),('0001000','黄浦区牙病防治所分所','','HPQYBFZSFS',''),('0000001','上海中治职工医院','','SHZZZGYY',''),('0000002','上海华顺医院','','SHHSYY',''),('0000003','上海口腔医疗中心','','SHKQYLZX',''),('0000004','上海古美医院','','SHGMYY',''),('0000005','上海市中医院','','SHSZYY',''),('0000006','上海市南市区中西医结合医院','','SHSNSQZXYJ',''),('0000007','上海市同济大学医院','','SHSTJDXYY',''),('0000008','上海市广宁医院','','SHSGNYY',''),('0000009','上海市广群医院','','SHSGQYY',''),('0000010','上海市徐汇区仁爱医院','','SHSXHQRAYY',''),('0000011','上海市徐汇区生殖医学医院','','SHSXHQSZYX',''),('0000012','上海市普陀区中山北路街道医院','','SHSPTQZSBL',''),('0000013','上海市江南造船厂职工医院','','SHSJNZCCZG',''),('0000014','上海市眼科医院（上海市眼病中心防治所）','','SHSYKYYSHS',''),('0000015','上海市第二肺科医院','','SHSDEFKYY',''),('0000016','上海市红房子妇科医院（（杨浦院区）','','SHSHFZFKYY',''),('0000017','上海市金山区红十字护理医院','','SHSJSQHSZH',''),('0000018','上海市黄兴医院','','SHSHXYY',''),('0000019','上海曙光医院宝山分院','','SHSGYYBSFY',''),('0000020','上海朝晖医院','','SHCZYY',''),('0000021','上海海港医院','','SHHGYY',''),('0000022','上海第二医科大学附属上海儿童医学中心','','SHDEYKDXFS',''),('0000023','上海第二医科大学附属仁济医院崇明分院','','SHDEYKDXFS',''),('0000024','苍南县中医院（上海中山医院苍南分院）','','CNXZYYSHZS',''),('0000025','上海交通大学附属儿童医院','','SHJTDXFSET',''),('0000026','上海市传染病医院','','SHSCRBYY',''),('0000027','上海市口腔病病医院','','SHSKQBBYY',''),('0000028','上海市长宁区华阳地段医院','','SHSCNQHYDD',''),('0000029','上海第二医科大学附属新华医院','','SHDEYKDXFS',''),('0000030','上海第二医科大学附属瑞金医院卢湾分院（卢湾区中心医院）','','SHDEYKDXFS',''),('0000031','上海市东海老年护理医院','','SHSDHLNHLY',''),('0000032','南汇区光明中医医院','','NHQGMZYYY',''),('0000033','南汇区南华医院（城西路执业点）','','NHQNHYYCXL',''),('0000034','南汇区老年医院','','NHQLNYY',''),('0000035','上海健威整形美容机构（健威整形美容）','','SHJWZXMRJG',''),('0000036','上海卢湾区妇幼保健院（卢湾区妇幼保健院）','','SHLWQFYBJY',''),('0000037','上海市卢湾区精神卫生中心','','SHSLWQJSWS',''),('0000038','上海市卢湾区香山中医医院','','SHSLWQXSZY',''),('0000039','上海市香山中医院','','SHSXSZYY',''),('0000040','上海泰坤堂中医医院（上海名老中医会诊中心）','','SHTKTZYYYS',''),('0000041','上海瑞丽整形美容医院','','SHRLZXMRYY',''),('0000042','上海瑞视眼科','','SHRSYK',''),('0000043','上海瑞金医院徐家汇路执业点慢性病部','','SHRJYYXJHL',''),('0000044','上海肛泰医院','','SHGTYY',''),('0000045','上海蔡仁祥博士整形美容','','SHCRXBSZXM',''),('0000046','卢湾区东南医院','','LWQDNYY',''),('0000047','卢湾区淮海中路地段医院','','LWQHHZLDDY',''),('0000048','卢湾区牙病防治所','','LWQYBFZS',''),('0000049','卢湾区瑞金二路地段医院','','LWQRJELDDY',''),('0000050','卢湾区香山中医医院','','LWQXSZYYY',''),('0000051','新瑞医疗中心','','XRYLZX',''),('0000052','上海中亚医院','','SHZYYY',''),('0000053','上海交通大学医学院附属瑞金医院北院','','SHJTDXYXYF',''),('0000054','上海众泰医院','','SHZTYY',''),('0000055','上海同翔医院','','SHTXYY',''),('0000056','上海嘉华医院','','SHJHYY',''),('0000057','上海城市女子医院','','SHCSNZYY',''),('0000058','上海安国医院','','SHAGYY',''),('0000059','上海市嘉定区中医院','','SHSJDQZYY',''),('0000060','上海市嘉定区中心医院','','SHSJDQZXYY',''),('0000061','上海市嘉定区南翔医院','','SHSJDQNXYY',''),('0000062','上海市嘉定区妇幼保健院','','SHSJDQFYBJ',''),('0000063','上海市嘉定区民办圣爱医院','','SHSJDQMBSA',''),('0000064','上海市嘉定区真新地段医院','','SHSJDQZXDD',''),('0000065','上海市嘉定区精神卫生中心','','SHSJDQJSWS',''),('0000066','上海市嘉定区肺科医院','','SHSJDQFKYY',''),('0000067','上海市嘉定区迎园医院（迎园医院）','','SHSJDQYYYY',''),('0000068','上海市塔城医院','','SHSTCYY',''),('0000069','上海慈爱医院','','SHCAYY',''),('0000070','上海沪西医院','','SHHXYY',''),('0000071','上海海鹤医院','','SHHHYY',''),('0000072','嘉定区中医医院','','JDQZYYY',''),('0000073','嘉定区中医医院南门中医门诊部（临时执业点）','','JDQZYYYNMZ',''),('0000074','嘉定区中心医院','','JDQZXYY',''),('0000075','嘉定区南翔医院','','JDQNXYY',''),('0000076','嘉定区安亭医院','','JDQATYY',''),('0000077','嘉定区安亭镇社区卫生服务中心桃园社区卫生服务站','','JDQATZSQWS',''),('0000078','嘉定区江桥镇社区卫生服务中心太平社区卫生服务站','','JDQJQZSQWS',''),('0000079','嘉定区牙病防治所（上海市嘉定区牙病防治所）','','JDQYBFZSSH',''),('0000080','嘉定区真新社区卫生服务中心铜川社区卫生服务站','','JDQZXSQWSF',''),('0000081','嘉定区眼防','','JDQYF',''),('0000082','嘉定区精神卫生中心','','JDQJSWSZX',''),('0000083','嘉定区马陆镇社区卫生服务中心仓场社区卫生服务站','','JDQMLZSQWS',''),('0000084','嘉定区马陆镇社区卫生服务中心包桥社区卫生服务站','','JDQMLZSQWS',''),('0000085','嘉定区马陆镇社区卫生服务中心北管社区卫生服务站','','JDQMLZSQWS',''),('0000086','嘉定区马陆镇社区卫生服务中心嘉新社区服务站','','JDQMLZSQWS',''),('0000087','嘉定区马陆镇社区卫生服务中心大宏社区卫生服务站','','JDQMLZSQWS',''),('0000088','嘉定区马陆镇社区卫生服务中心李家社区卫生服务站','','JDQMLZSQWS',''),('0000089','嘉定区黄渡镇社区卫生服务中心老宅村社区卫生服务站','','JDQHDZSQWS',''),('0000090','嘉定区黄渡镇社区卫生服务中心顾家村社区卫生服务站','','JDQHDZSQWS',''),('0000091','外冈镇社区卫生服务中心周泾村卫生室','','WGZSQWSFWZ',''),('0000092','上海市奉贤区中医医院','','SHSFXQZYYY',''),('0000093','上海市奉贤区中心医院（上海市奉贤县中心医院、上海市第六人民医院奉贤分院）','','SHSFXQZXYY',''),('0000094','上海市奉贤区古华医院（上海市奉贤区传染病医院）','','SHSFXQGHYY',''),('0000095','上海市奉贤区奉城人民医院','','SHSFXQFCRM',''),('0000096','上海市奉贤区妇幼保健所','','SHSFXQFYBJ',''),('0000097','上海市奉贤区海湾医院','','SHSFXQHWYY',''),('0000098','上海市奉贤红十字护理医院','','SHSFXHSZHL',''),('0000099','上海市星火农场职工医院','','SHSXHNCZGY',''),('0000100','上海市燎原农场职工医院','','SHSLYNCZGY',''),('0000101','奉贤区中医医院','','FXQZYYY',''),('0000102','奉贤区中心医院','','FXQZXYY',''),('0000103','奉贤区五四农场职工医院','','FXQWSNCZGY',''),('0000104','奉贤区南桥镇光明社区卫生服务中心','','FXQNQZGMSQ',''),('0000105','奉贤区南桥镇社区卫生服务中心','','FXQNQZSQWS',''),('0000106','奉贤区南桥镇社区卫生服务中心育秀社区卫生服务站','','FXQNQZSQWS',''),('0000107','奉贤区南桥镇西渡社区卫生服务中心','','FXQNQZXDSQ',''),('0000108','奉贤区古华医院','','FXQGHYY',''),('0000109','奉贤区古华医院肺科门诊','','FXQGHYYFKM',''),('0000110','奉贤区四团镇平安社区卫生服务中心邵厂分中心','','FXQSTZPASQ',''),('0000111','奉贤区四团镇社区卫生服务中心','','FXQSTZSQWS',''),('0000112','奉贤区奉城医院','','FXQFCYY',''),('0000113','奉贤区奉城镇头桥社区卫生服务中心','','FXQFCZTQSQ',''),('0000114','奉贤区妇幼保健所','','FXQFYBJS',''),('0000115','奉贤区柘林镇胡桥社区卫生服务中心','','FXQZLZHQSQ',''),('0000116','奉贤区牙病防治所','','FXQYBFZS',''),('0000117','奉贤区精神卫生中心','','FXQJSWSZX',''),('0000118','奉贤区结核病防治所','','FXQJHBFZS',''),('0000119','奉贤区西渡镇卫生院西渡口门诊部','','FXQXDZWSYX',''),('0000120','奉贤区青村镇社区卫生服务中心','','FXQQCZSQWS',''),('0000121','奉贤县传染病医院','','FXXCRBYY',''),('0000122','上海中冶医院','','SHZYYY',''),('0000123','上海中冶职工医院富锦路分院','','SHZYZGYYFJ',''),('0000124','上海中冶职工医院蕴川路分院','','SHZYZGYYYC',''),('0000125','上海交通大学医学院附属第三人民医院','','SHJTDXYXYF',''),('0000126','上海交通大学医学院附属第三人民医院（宝钢医院）','','SHJTDXYXYF',''),('0000127','上海交通大学附属第三人民医院','','SHJTDXFSDS',''),('0000128','上海宝钢二十冶指挥部职工医院','','SHBGESYZHB',''),('0000129','上海宝钢冶金建设公司职工医院（中冶医院）','','SHBGYJJSGS',''),('0000130','上海市中冶集团职工医院','','SHSZYJTZGY',''),('0000131','上海市仁和医院','','SHSRHYY',''),('0000132','上海市公安局安康医院','','SHSGAJAKYY',''),('0000133','上海市公安局康复医院','','SHSGAJKFYY',''),('0000134','上海市嘉定区安亭医院','','SHSJDQATYY',''),('0000135','上海市大场医院','','SHSDCYY',''),('0000136','上海市宝山区中医医院','','SHSBSQZYYY',''),('0000137','上海市宝山区中心医院','','SHSBSQZXYY',''),('0000138','上海市宝山区中西医结合医院','','SHSBSQZXYJ',''),('0000139','上海市宝山区大场医院','','SHSBSQDCYY',''),('0000140','上海市宝山区大场医院肺科门诊','','SHSBSQDCYY',''),('0000141','上海市宝山区杨行地段医院','','SHSBSQYXDD',''),('0000142','上海市宝山区精神卫生中心','','SHSBSQJSWS',''),('0000143','上海市宝山区罗店医院','','SHSBSQLDYY',''),('0000144','上海市第一人民医院宝山分院','','SHSDYRMYYB',''),('0000145','上海市第二康复医院','','SHSDEKFYY',''),('0000146','上海市顾村地段医院','','SHSGCDDYY',''),('0000147','上海牡丹妇科医院','','SHMDFKYY',''),('0000148','上海第一人民医院宝山分院（吴淞中心医院）','','SHDYRMYYBS',''),('0000149','上海第一钢铁厂职工医院上海市宝山区一钢医院','','SHDYGTCZGY',''),('0000150','上钢一（二）厂职工医院','','SGYECZGYY',''),('0000151','华山医院宝山分院','','HSYYBSFY',''),('0000152','友谊地段医院','','YYDDYY',''),('0000153','复旦大学附属华山医院北院','','FDDXFSHSYY',''),('0000154','大场镇祁连社区卫生服务中心葑村社区卫生服务站','','DCZQLSQWSF',''),('0000155','大场镇第三社区卫生服务中心','','DCZDSSQWSF',''),('0000156','宝山区上海第二医科大学附属宝钢医院','','BSQSHDEYKD',''),('0000157','宝山区中冶集团职工医院','','BSQZYJTZGY',''),('0000158','宝山区中医医院','','BSQZYYY',''),('0000159','宝山区仁和医院','','BSQRHYY',''),('0000160','宝山区传染病医院','','BSQCRBYY',''),('0000161','宝山区吴淞中心医院','','BSQWZZXYY',''),('0000162','宝山区大场医院','','BSQDCYY',''),('0000163','宝山区大场镇祁连社区卫生服务中心沪太支路执业点（大场镇第三社区卫生服务中心）','','BSQDCZQLSQ',''),('0000164','宝山区妇幼保健所','','BSQFYBJS',''),('0000165','宝山区宝山中心医院','','BSQBSZXYY',''),('0000166','宝山区市一宝山分院','','BSQSYBSFY',''),('0000167','宝山区市一宝山分院肺科门诊','','BSQSYBSFYF',''),('0000168','宝山区罗店医院','','BSQLDYY',''),('0000169','宝山区顾村镇菊泉新城社区卫生服务中心馨佳园社区卫生服务站','','BSQGCZJQXC',''),('0000170','宝山区高镜地段医院','','BSQGJDDYY',''),('0000171','宝钢二十冶职工医院','','BGESYZGYY',''),('0000172','月浦镇盛桥社区卫生服务中心钱潘社区卫生服务站','','YPZSQSQWSF',''),('0000173','月浦镇社区卫生服务中心新镇社区卫生服务站','','YPZSQWSFWZ',''),('0000174','月浦镇社区卫生服务中心段泾社区卫生服务站','','YPZSQWSFWZ',''),('0000175','月浦镇社区卫生服务中心沈巷社区卫生服务站','','YPZSQWSFWZ',''),('0000176','月浦镇社区卫生服务中心长春社区卫生服务站','','YPZSQWSFWZ',''),('0000177','罗泾镇社区卫生服务中心牌楼村社区卫生服务站','','LZZSQWSFWZ',''),('0000178','顾村镇社区卫生服务中心杨木桥村卫生室','','GCZSQWSFWZ',''),('0000179','顾村镇社区卫生服务中心白杨村卫生室','','GCZSQWSFWZ',''),('0000180','顾村镇社区卫生服务中心羌介村卫生室','','GCZSQWSFWZ',''),('0000181','上海交通大学医学院附属仁济医院崇明分院','','SHJTDXYXYF',''),('0000182','上海交通大学医学院附属新华医院崇明分院','','SHJTDXYXYF',''),('0000183','上海兴岛医院','','SHXDYY',''),('0000184','上海市崇明县中心医院','','SHSCMXZXYY',''),('0000185','上海市崇明县第三人民医院','','SHSCMXDSRM',''),('0000186','上海市新华医院崇明分院','','SHSXHYYCMF',''),('0000187','上海市长江农场职工医院','','SHSCJNCZGY',''),('0000188','上海庆德医院','','SHQDYY',''),('0000189','崇明县东平镇社区卫生服务中心','','CMXDPZSQWS',''),('0000190','崇明县东平镇社区卫生服务中心东风分中心','','CMXDPZSQWS',''),('0000191','崇明县东平镇社区卫生服务中心东风新村社区卫生服务站','','CMXDPZSQWS',''),('0000192','崇明县东平镇社区卫生服务中心前进分中心','','CMXDPZSQWS',''),('0000193','崇明县传染病医院','','CMXCRBYY',''),('0000194','崇明县传染病医院肺科门诊','','CMXCRBYYFK',''),('0000195','崇明县堡镇人民医院','','CMXBZRMYY',''),('0000196','崇明县妇幼保健所','','CMXFYBJS',''),('0000197','崇明县庙镇人民医院','','CMXMZRMYY',''),('0000198','崇明县康乐医院','','CMXKLYY',''),('0000199','崇明县新海镇社区卫生服务中心','','CMXXHZSQWS',''),('0000200','崇明县新海镇社区卫生服务中心红星分中心','','CMXXHZSQWS',''),('0000201','崇明县新海镇社区卫生服务中心跃进分中心','','CMXXHZSQWS',''),('0000202','崇明县新海镇社区卫生服务中心长征分中心','','CMXXHZSQWS',''),('0000203','崇明县精神卫生中心','','CMXJSWSZX',''),('0000204','崇明县长兴镇社区卫生服务中心','','CMXCXZSQWS',''),('0000205','崇明县长兴镇社区卫生服务中心元沙社区卫生服务站','','CMXCXZSQWS',''),('0000206','崇明县长兴镇社区卫生服务中心前卫社区卫生服务站','','CMXCXZSQWS',''),('0000207','上海万众医院','','SHWZYY',''),('0000208','上海中医药大学附属龙华医院','','SHZYYDXFSL',''),('0000209','上海中医药大学附属龙华医院浦东分院','','SHZYYDXFSL',''),('0000210','上海中山医院整形外科','','SHZSYYZXWK',''),('0000211','上海乐天美容整形外科医院','','SHLTMRZXWK',''),('0000212','上海二药大学附属龙华医院浦东分院','','SHEYDXFSLH',''),('0000213','上海交通大学附属第六人民医院（上海市第六人民医院）','','SHJTDXFSDL',''),('0000214','上海交通大学附属胸科医院（上海市胸科医院）','','SHJTDXFSXK',''),('0000215','上海仁爱医院','','SHRAYY',''),('0000216','上海伽玛刀医院','','SHZMDYY',''),('0000217','上海华澳整形美容医疗中心（华澳整形美容网）','','SHHAZXMRYL',''),('0000218','上海博康生殖医学医院','','SHBKSZYXYY',''),('0000219','上海博爱医院','','SHBAYY',''),('0000220','上海四五五医院美容整形外科激光中心','','SHSWWYYMRZ',''),('0000221','上海市体育医院','','SHSTYYY',''),('0000222','上海市徐汇区大华医院','','SHSXHQDHYY',''),('0000223','上海市徐汇区妇幼保健所','','SHSXHQFYBJ',''),('0000224','上海市徐汇区宛平地段医院','','SHSXHQWPDD',''),('0000225','上海市徐汇区日晖地段医院','','SHSXHQRZDD',''),('0000226','上海市徐汇区湖南街道社区卫生服务中心','','SHSXHQHNJD',''),('0000227','上海市徐汇区牙防所','','SHSXHQYFS',''),('0000228','上海市徐汇区精神卫生中心','','SHSXHQJSWS',''),('0000229','上海市徐汇区逸仙医院','','SHSXHQYXYY',''),('0000230','上海市松江区传染病医院','','SHSSJQCRBY',''),('0000231','上海市松江区结核病防治院','','SHSSJQJHBF',''),('0000232','上海市气功研究所医疗门诊部','','SHSQGYJSYL',''),('0000233','上海市申大齿科医院','','SHSSDCKYY',''),('0000234','上海市第八人民医院','','SHSDBRMYY',''),('0000235','上海市第六人民医院','','SHSDLRMYY',''),('0000236','上海市精神卫生中心','','SHSJSWSZX',''),('0000237','上海市精神卫生分中心','','SHSJSWSFZX',''),('0000238','上海市胸科医院','','SHSXKYY',''),('0000239','上海市针灸经络研究所医疗门诊部','','SHSZJJLYJS',''),('0000240','上海徐剑炜整形美容（徐医生整形美容）','','SHXJZZXMRX',''),('0000241','上海沐阳医院（上海仁济医疗沐阳医院）','','SHZYYYSHRJ',''),('0000242','上海沪申五官科医院','','SHHSWGKYY',''),('0000243','上海福仁眼科技术研究所','','SHFRYKJSYJ',''),('0000244','上海远大心胸医院','','SHYDXXYY',''),('0000245','上海远洋医院','','SHYYYY',''),('0000246','上海银河医院','','SHYHYY',''),('0000247','上海龙泰国医馆','','SHLTGYG',''),('0000248','中国和平福利保健院','','ZGHPFLBJY',''),('0000249','中国福利会国际和平妇幼保健院','','ZGFLHGJHPF',''),('0000250','博康生殖医院','','BKSZYY',''),('0000251','复旦大学附属中山医院','','FDDXFSZSYY',''),('0000252','复旦大学附属中山医院分部','','FDDXFSZSYY',''),('0000253','复旦大学附属儿科医院医学院路执业点','','FDDXFSEKYY',''),('0000254','复旦大学附属儿科医院徐汇院区（复旦儿科徐汇院区）','','FDDXFSEKYY',''),('0000255','复旦大学附属眼耳鼻喉科医院','','FDDXFSYEBH',''),('0000256','复旦大学附属眼耳鼻喉科医院浦东分院','','FDDXFSYEBH',''),('0000257','复旦大学附属肿瘤医院','','FDDXFSZLYY',''),('0000258','市八医院','','SBYY',''),('0000259','徐汇区上海市徐汇区中心医院','','XHQSHSXHQZ',''),('0000260','徐汇区中心医院','','XHQZXYY',''),('0000261','徐汇区中心医院肺科门诊','','XHQZXYYFKM',''),('0000262','徐汇区华泾镇社区卫生服务中心','','XHQHZZSQWS',''),('0000263','徐汇区华泾镇社区卫生服务中心大桥社区卫生服务站','','XHQHZZSQWS',''),('0000264','徐汇区大华医院','','XHQDHYY',''),('0000265','徐汇区天平街道社区卫生服务中心','','XHQTPJDSQW',''),('0000266','徐汇区天平路地段医院','','XHQTPLDDYY',''),('0000267','徐汇区妇幼保健所','','XHQFYBJS',''),('0000268','徐汇区徐家汇地段医院','','XHQXJHDDYY',''),('0000269','徐汇区斜土街道社区卫生服务中心','','XHQXTJDSQW',''),('0000270','徐汇区新乐地段医院','','XHQXLDDYY',''),('0000271','徐汇区枫林街道社区卫生服务中心','','XHQFLJDSQW',''),('0000272','徐汇区枫林街道社区卫生服务中心西木医枫社区卫生服务站','','XHQFLJDSQW',''),('0000273','徐汇区永嘉路地段医院','','XHQYJLDDYY',''),('0000274','徐汇区牙病防治所','','XHQYBFZS',''),('0000275','徐汇区牙病防治所康健分所','','XHQYBFZSKJ',''),('0000276','徐汇区田林路地段医院','','XHQTLLDDYY',''),('0000277','徐汇区精神卫生中心','','XHQJSWSZX',''),('0000278','徐汇区精神卫生中心龙华地段医院','','XHQJSWSZXL',''),('0000279','徐汇区虹梅街道社区卫生服务中心','','XHQHMJDSQW',''),('0000280','徐汇区长桥地段医院','','XHQCQDDYY',''),('0000281','徐汇区长桥街道社区卫生服务中心','','XHQCQJDSQW',''),('0000282','徐汇区龙华街道社区卫生服务中心','','XHQLHJDSQW',''),('0000283','徐汇区龙华街道社区卫生服务中心恒地苑社区卫生服务站','','XHQLHJDSQW',''),('0000284','徐汇区龙华街道社区卫生服务中心新长峰社区卫生服务站','','XHQLHJDSQW',''),('0000285','沪申五官医院','','HSWGYY',''),('0000286','美年体检','','MNTJ',''),('0000287','解放军八五分院','','JFJBWFY',''),('0000288','解放军八五分院肺科门诊','','JFJBWFYFKM',''),('0000289','上海九洲医院','','SHJZYY',''),('0000290','上海国宾医疗激光整形中心','','SHGBYLJGZX',''),('0000291','上海城市医院','','SHCSYY',''),('0000292','上海天佑医院','','SHTYYY',''),('0000293','上海宏康医院','','SHHKYY',''),('0000294','上海市同济医院','','SHSTJYY',''),('0000295','上海市同济医院大华门诊部','','SHSTJYYDHM',''),('0000296','上海市宏康医院','','SHSHKYY',''),('0000297','上海市普陀区东新地段医院','','SHSPTQDXDD',''),('0000298','上海市普陀区中医医院','','SHSPTQZYYY',''),('0000299','上海市普陀区中医院','','SHSPTQZYY',''),('0000300','上海市普陀区中心医院','','SHSPTQZXYY',''),('0000301','上海市普陀区人民医院（上海纺织第一医院）','','SHSPTQRMYY',''),('0000302','上海市普陀区利群医院','','SHSPTQLQYY',''),('0000303','上海市普陀区妇幼保健院','','SHSPTQFYBJ',''),('0000304','上海市普陀区曹杨红十字医院','','SHSPTQCYHS',''),('0000305','上海市普陀区桃浦地段医院','','SHSPTQTPDD',''),('0000306','上海市普陀区白玉街道医院','','SHSPTQBYJD',''),('0000307','上海市普陀区眼病牙病防治所','','SHSPTQYBYB',''),('0000308','上海市普陀区石泉地段医院','','SHSPTQSQDD',''),('0000309','上海市普陀区长寿地段医院','','SHSPTQCSDD',''),('0000310','上海市纺织第一医院','','SHSFZDYYY',''),('0000311','上海德济医院','','SHDJYY',''),('0000312','上海普陀区民办退休职工普静护理医院','','SHPTQMBTXZ',''),('0000313','上海普陀区精神病防治院','','SHPTQJSBFZ',''),('0000314','利群医院','','LQYY',''),('0000315','同济大学医学院附属同济医院','','TJDXYXYFST',''),('0000316','同济大学附属同济医院分院','','TJDXFSTJYY',''),('0000317','同济大学附属同济医院同济大学执业点','','TJDXFSTJYY',''),('0000318','普陀区中医医院','','PTQZYYY',''),('0000319','普陀区中心医院（二级结算）','','PTQZXYYEJJ',''),('0000320','普陀区中心医院肺科门诊','','PTQZXYYFKM',''),('0000321','普陀区中医医院（甘泉三村执业点）','','PTQZYYYGQS',''),('0000322','普陀区人民医院','','PTQRMYY',''),('0000323','普陀区利群医院','','PTQLQYY',''),('0000324','普陀区妇婴保健院','','PTQFYBJY',''),('0000325','普陀区妇婴保健院第二执业点','','PTQFYBJYDE',''),('0000326','普陀区宜川街道社区卫生服务中心中远两湾城社区卫生服务站','','PTQYCJDSQW',''),('0000327','普陀区桃浦镇社区卫生服务中心古浪路社区卫生服务站','','PTQTPZSQWS',''),('0000328','普陀区桃浦镇社区卫生服务中心新杨社区卫生服务站','','PTQTPZSQWS',''),('0000329','普陀区桃浦镇社区卫生服务中心未来岛社区卫生服务站','','PTQTPZSQWS',''),('0000330','普陀区桃浦镇社区卫生服务中心李子园社区卫生服务站','','PTQTPZSQWS',''),('0000331','普陀区桃浦镇社区卫生服务中心槎浦社区卫生服务站','','PTQTPZSQWS',''),('0000332','普陀区桃浦镇社区卫生服务中心莲花社区卫生服务站','','PTQTPZSQWS',''),('0000333','普陀区甘泉地段医院','','PTQGQDDYY',''),('0000334','普陀区甘泉街道社区卫生服务中心章家巷社区卫生服务站','','PTQGQJDSQW',''),('0000335','普陀区眼病牙病防治所','','PTQYBYBFZS',''),('0000336','普陀区石泉街道社区卫生服务中心铜川路社区卫生服务站','','PTQSQJDSQW',''),('0000337','普陀区精神卫生中心','','PTQJSWSZX',''),('0000338','普陀区老年医院','','PTQLNYY',''),('0000339','普陀区长征镇社区卫生服务中心星梅社区卫生服务站','','PTQCZZSQWS',''),('0000340','上海上体伤骨科医院','','SHSTSGKYY',''),('0000341','上海交通大学医学院附属新华医院','','SHJTDXYXYF',''),('0000342','上海华康护理院','','SHHKHLY',''),('0000343','上海华都医院','','SHHDYY',''),('0000344','上海审美整形美容外科','','SHSMZXMRWK',''),('0000345','上海市东医院杨浦区肿瘤防治院','','SHSDYYYPQZ',''),('0000346','上海市伤骨科医院','','SHSSGKYY',''),('0000347','上海市安定医院','','SHSADYY',''),('0000348','上海市平凉地段医院','','SHSPLDDYY',''),('0000349','上海市新光医院','','SHSXGYY',''),('0000350','上海市杨浦区东医院','','SHSYPQDYY',''),('0000351','上海市杨浦区中心医院','','SHSYPQZXYY',''),('0000352','上海市杨浦区妇幼保健院','','SHSYPQFYBJ',''),('0000353','上海市杨浦区安图医院','','SHSYPQATYY',''),('0000354','上海市杨浦区工人医院上海市杨浦区老年医院','','SHSYPQGRYY',''),('0000355','上海市杨浦区控江医院（上海市杨浦区控江红十字医院）','','SHSYPQKJYY',''),('0000356','上海市杨浦区新光医院','','SHSYPQXGYY',''),('0000357','上海市杨浦区民星地段医院','','SHSYPQMXDD',''),('0000358','上海市杨浦区牙病防治所','','SHSYPQYBFZ',''),('0000359','上海市杨浦区精神卫生中心（防治所站）','','SHSYPQJSWS',''),('0000360','上海市第一康复医院','','SHSDYKFYY',''),('0000361','上海市纺织工业局第二医院','','SHSFZGYJDE',''),('0000362','上海市肺科医院','','SHSFKYY',''),('0000363','上海市肺科医院延庆路门诊部','','SHSFKYYYQL',''),('0000364','上海怀德护理院','','SHHDHLY',''),('0000365','上海新医联门诊部','','SHXYLMZB',''),('0000366','上海日月星护理院','','SHRYXHLY',''),('0000367','上海江城男子医院','','SHJCNZYY',''),('0000368','上海真美妇科医院','','SHZMFKYY',''),('0000369','同济大学附属肺科医院（上海市职业病医院、上海市肺科医院）','','TJDXFSFKYY',''),('0000370','复旦大学医学院医疗保健中心','','FDDXYXYYLB',''),('0000371','复旦大学附属妇产科医院杨浦新院','','FDDXFSFCKY',''),('0000372','杨浦区中医医院','','YPQZYYY',''),('0000373','杨浦区中医医院第二执业点（限住院医保结算）','','YPQZYYYDEZ',''),('0000374','杨浦区中心医院中原分部','','YPQZXYYZYF',''),('0000375','杨浦区中心医院传染病分院','','YPQZXYYCRB',''),('0000376','杨浦区中心医院安图分部','','YPQZXYYATF',''),('0000377','杨浦区五角场地段医院','','YPQWJCDDYY',''),('0000378','杨浦区大桥社区卫生服务中心平青社区卫生服务站','','YPQDQSQWSF',''),('0000379','杨浦区安图医院分院','','YPQATYYFY',''),('0000380','杨浦区安图医院肺科门诊','','YPQATYYFKM',''),('0000381','杨浦区市东医院','','YPQSDYY',''),('0000382','杨浦区市东医院分院','','YPQSDYYFY',''),('0000383','杨浦区市东医院平凉分院','','YPQSDYYPLF',''),('0000384','杨浦区延吉地段医院','','YPQYJDDYY',''),('0000385','杨浦区延吉社区卫生服务中心友谊社区卫生服务站','','YPQYJSQWSF',''),('0000386','杨浦区控江医院','','YPQKJYY',''),('0000387','杨浦区控江医院杨浦区控江红十字医院','','YPQKJYYYPQ',''),('0000388','杨浦区殷行社区卫生服务中心政和社区卫生服务站','','YPQYXSQWSF',''),('0000389','杨浦区殷行社区卫生服务中心政立社区卫生服务站','','YPQYXSQWSF',''),('0000390','杨浦区殷行社区卫生服务中心新江湾城时代花园社区卫生服务站','','YPQYXSQWSF',''),('0000391','杨浦区殷行社区卫生服务中心闸二社区卫生服务站','','YPQYXSQWSF',''),('0000392','杨浦区江浦社区卫生服务中心金鹏社区卫生服务站','','YPQJPSQWSF',''),('0000393','杨浦区眼病防治所','','YPQYBFZS',''),('0000394','杨浦区精神卫生中心','','YPQJSWSZX',''),('0000395','杨浦区老年医院/复兴医院','','YPQLNYY/FX',''),('0000396','民办安泰医院','','MBATYY',''),('0000397','民办新光医院','','MBXGYY',''),('0000398','民办黄兴医院','','MBHXYY',''),('0000399','第二军医大学第一附属医院','','DEJYDXDYFS',''),('0000400','第二军医大学附属东方肝胆外科医院','','DEJYDXFSDF',''),('0000401','第二军医大学附属长海医院（上海长海医院）','','DEJYDXFSCH',''),('0000402','上海市松江区中心医院（上海交通大学附属第一人民医院松江分院）','','SHSSJQZXYY',''),('0000403','上海市松江区乐都医院','','SHSSJQLDYY',''),('0000404','上海市松江区妇幼保健院（松江区妇幼保健院）','','SHSSJQFYBJ',''),('0000405','上海市松江区方塔中医医院（上海中医药大学附属曙光医院松江分院）','','SHSSJQFTZY',''),('0000406','上海市松江区泗泾医院（泗泾医院、松江区泗泾医院、上海泗泾医院）','','SHSSJQZZYY',''),('0000407','上海市松江区精神卫生中心','','SHSSJQJSWS',''),('0000408','上海市第一人民医院（新松江路）','','SHSDYRMYYX',''),('0000409','上海市第一人民医院分院（上海市第四人民医院）','','SHSDYRMYYF',''),('0000410','上海市金山区永丰地段医院（永丰地段医院）','','SHSJSQYFDD',''),('0000411','上海市青浦区宝林地段医院','','SHSQPQBLDD',''),('0000412','上海市青浦区金杨地段医院','','SHSQPQJYDD',''),('0000413','中国人民解放军七三一七六部队医院','','ZGRMJFJQSY',''),('0000414','松江九亭医院','','SJJTYY',''),('0000415','松江区中心医院','','SJQZXYY',''),('0000416','松江区乐都医院','','SJQLDYY',''),('0000417','松江区九亭医院','','SJQJTYY',''),('0000418','松江区九亭镇社区卫生服务中心','','SJQJTZSQWS',''),('0000419','松江区佘山镇社区卫生服务中心','','SJQZSZSQWS',''),('0000420','松江区佘山镇社区卫生服务中心分中心','','SJQZSZSQWS',''),('0000421','松江区叶榭镇社区卫生服务中心','','SJQYZZSQWS',''),('0000422','松江区妇幼保健院','','SJQFYBJY',''),('0000423','松江区小昆山镇社区卫生服务中心','','SJQXKSZSQW',''),('0000424','松江区小昆山镇社区卫生服务中心大港分中心','','SJQXKSZSQW',''),('0000425','松江区急救医疗中心','','SJQJJYLZX',''),('0000426','松江区新桥镇社区卫生服务中心','','SJQXQZSQWS',''),('0000427','松江区新浜镇社区卫生服务中心','','SJQXZZSQWS',''),('0000428','松江区方塔中医医院','','SJQFTZYYY',''),('0000429','松江区方松街道地段医院','','SJQFSJDDDY',''),('0000430','松江区松江区中心医院','','SJQSJQZXYY',''),('0000431','松江区泖港镇社区卫生服务中心','','SJQZGZSQWS',''),('0000432','松江区泖港镇社区卫生服务中心分中心','','SJQZGZSQWS',''),('0000433','松江区泗泾医院','','SJQZZYY',''),('0000434','松江区精神卫生中心','','SJQJSWSZX',''),('0000435','松江区精神卫生中心（第二执业点）','','SJQJSWSZXD',''),('0000436','松江区车墩镇社区卫生服务中心','','SJQCDZSQWS',''),('0000437','松江区车墩镇社区卫生服务中心分中心','','SJQCDZSQWS',''),('0000438','上海东方医院（同济大学附属东方医院）','','SHDFYYTJDX',''),('0000439','上海东方联合医院','','SHDFLHYY',''),('0000440','上海中医药大学附属曙光医院浦东分院','','SHZYYDXFSS',''),('0000441','上海交通大学医学院附属上海儿童医学中心','','SHJTDXYXYF',''),('0000442','上海交通大学附属仁济医院整形外科（上海市仁济医院整形外科）','','SHJTDXFSRJ',''),('0000443','上海仁济医院（东部）（仁济医院东部）','','SHRJYYDBRJ',''),('0000444','上海儿童医学中心（上海交通大学医学院附属上海儿童医学中心）','','SHETYXZXSH',''),('0000445','上海凯尔齿科','','SHKECK',''),('0000446','上海华美医疗美容医院','','SHHMYLMRYY',''),('0000447','上海南汇区周浦医院（周浦医院、辅善医院）','','SHNHQZPYYZ',''),('0000448','上海国龙医院','','SHGLYY',''),('0000449','上海夕阳老年护理院','','SHXYLNHLY',''),('0000450','上海安达医院','','SHADYY',''),('0000451','上海尚德医院','','SHSDYY',''),('0000452','上海市东方医院（二级结算）','','SHSDFYYEJJ',''),('0000453','上海市东方医院（南院）','','SHSDFYYNY',''),('0000454','上海市六人民医院东院','','SHSLRMYYDY',''),('0000455','上海市南市区精神病防治院','','SHSNSQJSBF',''),('0000456','上海市南市区肿瘤防治院','','SHSNSQZLFZ',''),('0000457','上海市南汇区中心医院','','SHSNHQZXYY',''),('0000458','上海市南汇区光明中医院','','SHSNHQGMZY',''),('0000459','上海市南汇区妇幼保健所','','SHSNHQFYBJ',''),('0000460','上海市南汇区精神卫生中心','','SHSNHQJSWS',''),('0000461','上海市南汇南华医院','','SHSNHNHYY',''),('0000462','上海市南汇县结核病防治院','','SHSNHXJHBF',''),('0000463','上海市大桥街道医院','','SHSDQJDYY',''),('0000464','上海市康沈医院','','SHSKSYY',''),('0000465','上海市杨思医院','','SHSYSYY',''),('0000466','上海市梅园地段医院','','SHSMYDDYY',''),('0000467','上海市民政第二精神病院','','SHSMZDEJSB',''),('0000468','上海市沪东造船集团职工医院','','SHSHDZCJTZ',''),('0000469','上海市浦东新区东明地段医院','','SHSPDXQDMD',''),('0000470','上海市浦东新区中医院','','SHSPDXQZYY',''),('0000471','上海市浦东新区传染病医院','','SHSPDXQCRB',''),('0000472','上海市浦东新区南华医院','','SHSPDXQNHY',''),('0000473','上海市浦东新区妇幼保健院','','SHSPDXQFYB',''),('0000474','上海市浦东新区浦南医院（浦南医院）','','SHSPDXQPNY',''),('0000475','上海市浦东新区精神卫生中心','','SHSPDXQJSW',''),('0000476','上海市浦东新区肺科医院','','SHSPDXQFKY',''),('0000477','上海市福华医院','','SHSFHYY',''),('0000478','上海市第七人民医院','','SHSDQRMYY',''),('0000479','上海市第七人民医院肺科门诊','','SHSDQRMYYF',''),('0000480','上海市金山区牙病防治所','','SHSJSQYBFZ',''),('0000481','上海市龙华浦东医院','','SHSLHPDYY',''),('0000482','上海开元骨科医院','','SHKYGKYY',''),('0000483','上海徐浦中医院','','SHXPZYY',''),('0000484','上海御康医院','','SHYKYY',''),('0000485','上海时光整形外科医院','','SHSGZXWKYY',''),('0000486','上海明德五官科医院','','SHMDWGKYY',''),('0000487','上海明珠医院','','SHMZYY',''),('0000488','上海民营瑞东医院','','SHMYRDYY',''),('0000489','上海江东医院','','SHJDYY',''),('0000490','上海江东泌尿外科医院','','SHJDMNWKYY',''),('0000491','上海浦东慈善医院','','SHPDCSYY',''),('0000492','上海浦东新区浦兴地段医院','','SHPDXQPXDD',''),('0000493','上海海事大学校医院','','SHHSDXXYY',''),('0000494','上海港口管理局港政中心','','SHGKGLJGZZ',''),('0000495','上海瑞慈健康管理中心','','SHRCJKGLZX',''),('0000496','上海申东医院','','SHSDYY',''),('0000497','上海申东医院（限门诊结算）','','SHSDYYXMZJ',''),('0000498','上海申诚医院','','SHSCYY',''),('0000499','上海第三钢铁厂职工医院','','SHDSGTCZGY',''),('0000500','上海长航医院','','SHCHYY',''),('0000501','上海龚路精神病康复医院','','SHGLJSBKFY',''),('0000502','中美合作华山眼科中心','','ZMHZHSYKZX',''),('0000503','复旦大学附属华山医院浦东分院','','FDDXFSHSYY',''),('0000504','外高桥保税区医疗保健中心','','WGQBSQYLBJ',''),('0000505','浦东新区上钢地段医院','','PDXQSGDDYY',''),('0000506','浦东新区东方医院','','PDXQDFYY',''),('0000507','浦东新区东方医院肺科门诊','','PDXQDFYYFK',''),('0000508','浦东新区中医医院罗山分院','','PDXQZYYYLS',''),('0000509','浦东新区中医医院','','PDXQZYYY',''),('0000510','浦东新区人民医院','','PDXQRMYY',''),('0000511','浦东新区人民医院肺科门诊','','PDXQRMYYFK',''),('0000512','浦东新区传染病医院（川沙人民医院传染科）','','PDXQCRBYYC',''),('0000513','浦东新区公利医院','','PDXQGLYY',''),('0000514','浦东新区公利医院肺科门诊','','PDXQGLYYFK',''),('0000515','浦东新区公利医院金桥门诊部','','PDXQGLYYJQ',''),('0000516','浦东新区六灶社区卫生服务中心','','PDXQLZSQWS',''),('0000517','浦东新区六里地段医院','','PDXQLLDDYY',''),('0000518','浦东新区周浦医院第二执业点（限门诊医保联网结算）','','PDXQZPYYDE',''),('0000519','浦东新区塘桥地段医院','','PDXQTQDDYY',''),('0000520','浦东新区大团社区卫生服务中心','','PDXQDTSQWS',''),('0000521','浦东新区大团社区卫生服务中心三墩分中心','','PDXQDTSQWS',''),('0000522','浦东新区崂山西路地段医院','','PDXQZSXLDD',''),('0000523','浦东新区张家浜地段医院','','PDXQZJZDDY',''),('0000524','浦东新区张江社区卫生服务中心钱堂社区卫生服务站','','PDXQZJSQWS',''),('0000525','浦东新区惠南社区卫生服务中心西城社区卫生服务站','','PDXQHNSQWS',''),('0000526','浦东新区新场社区卫生服务中心','','PDXQXCSQWS',''),('0000527','浦东新区新场社区卫生服务中心坦直分中心','','PDXQXCSQWS',''),('0000528','浦东新区杨思地段医院','','PDXQYSDDYY',''),('0000529','浦东新区梅园地段医院','','PDXQMYDDYY',''),('0000530','浦东新区民办安平医院','','PDXQMBAPYY',''),('0000531','浦东新区民办龚路精神病康复医院','','PDXQMBGLJS',''),('0000532','浦东新区沪东地段医院','','PDXQHDDDYY',''),('0000533','浦东新区泥城社区卫生服务中心临港家园社区卫生服务站','','PDXQNCSQWS',''),('0000534','浦东新区浦南医院','','PDXQPNYY',''),('0000535','浦东新区浦南医院肺科门诊','','PDXQPNYYFK',''),('0000536','浦东新区潍坊地段医院浦东新区红十字护理医院','','PDXQWFDDYY',''),('0000537','浦东新区申东医院','','PDXQSDYY',''),('0000538','浦东新区眼病牙病防治所','','PDXQYBYBFZ',''),('0000539','浦东新区精神卫生中心源深路执业点','','PDXQJSWSZX',''),('0000540','浦东新区结核病防治院','','PDXQJHBFZY',''),('0000541','浦东新区肺科医院（上海市浦东新区第二红十字老年护理医院）','','PDXQFKYYSH',''),('0000542','浦东新区航头社区卫生服务中心','','PDXQHTSQWS',''),('0000543','浦东新区航头社区卫生服务中心航西分中心','','PDXQHTSQWS',''),('0000544','浦东新区花木地段医院','','PDXQHMDDYY',''),('0000545','浦东新区龚路精神病康复院','','PDXQGLJSBK',''),('0000546','浦东新家周家渡地段医院','','PDXJZJDDDY',''),('0000547','科瓦齿科','','KWCK',''),('0000548','第二医科大学附属仁济医院浦东分院','','DEYKDXFSRJ',''),('0000549','第二医科大学附属第九人民医院浦东分院','','DEYKDXFSDJ',''),('0000550','厦门市第二医院（海沧院区）','','XMSDEYYHCY',''),('0000551','上海中医药大学附属岳阳中西医结合医院','','SHZYYDXFSY',''),('0000552','上海中医药大学附属岳阳中西医结合医院青海路门诊部','','SHZYYDXFSY',''),('0000553','上海九洲泌尿外科医院','','SHJZMNWKYY',''),('0000554','上海俪人女子医院','','SHZRNZYY',''),('0000555','上海兰鹰医院','','SHLYYY',''),('0000556','上海和平眼科医院','','SHHPYKYY',''),('0000557','上海国济男子医院','','SHGJNZYY',''),('0000558','上海复大医院','','SHFDYY',''),('0000559','上海天伦医院','','SHTLYY',''),('0000560','上海市东医院（上海市纺织第二医院）','','SHSDYYSHSF',''),('0000561','上海市中西医结合医院','','SHSZXYJHYY',''),('0000562','上海市公共卫生中心','','SHSGGWSZX',''),('0000563','上海市公共卫生临床中心第二执业点','','SHSGGWSLCZ',''),('0000564','上海市劳动局中心医院','','SHSLDJZXYY',''),('0000565','上海市吴淞地段医院','','SHSWZDDYY',''),('0000566','上海市建工医院','','SHSJGYY',''),('0000567','上海市曲阳医院','','SHSQYYY',''),('0000568','上海市海员医院','','SHSHYYY',''),('0000569','上海市海江医院','','SHSHJYY',''),('0000570','上海市监狱总医院','','SHSJYZYY',''),('0000571','上海市第一人民医院','','SHSDYRMYY',''),('0000572','上海市第一人民医院（松江新区执业点）','','SHSDYRMYYS',''),('0000573','上海市第一人民医院分院','','SHSDYRMYYF',''),('0000574','上海市航道医院','','SHSHDYY',''),('0000575','上海市虹口区凉城地段医院','','SHSHKQLCDD',''),('0000576','上海市虹口区妇幼保健院','','SHSHKQFYBJ',''),('0000577','上海市虹口区广中地段医院','','SHSHKQGZDD',''),('0000578','上海市虹口区江湾医院','','SHSHKQJWYY',''),('0000579','上海市虹口区牙病防治所','','SHSHKQYBFZ',''),('0000580','上海市虹口区精神卫生中心','','SHSHKQJSWS',''),('0000581','上海康平医院','','SHKPYY',''),('0000582','上海建工医院','','SHJGYY',''),('0000583','上海曲阳医院','','SHQYYY',''),('0000584','上海海光医院','','SHHGYY',''),('0000585','上海海军四一一医院激光整形美容中心（上海解放军四一一医院激光整形美容中心）','','SHHJSYYYYJ',''),('0000586','上海海员医院','','SHHYYY',''),('0000587','上海海员医院浦东分部','','SHHYYYPDFB',''),('0000588','上海海员医院首尔美佳整形美容外科中心','','SHHYYYSEMJ',''),('0000589','上海海虹医院','','SHHHYY',''),('0000590','上海航道医院','','SHHDYY',''),('0000591','上海警备区七三一七六部队医院','','SHJBQQSYQL',''),('0000592','上海都市妇科医院','','SHDSFKYY',''),('0000593','上海长江医院','','SHCJYY',''),('0000594','上海阳光中医院','','SHYGZYY',''),('0000595','中国人民解放军第四一一医院','','ZGRMJFJDSY',''),('0000596','奚九一脉管医院','','ZJYMGYY',''),('0000597','岳阳医院（上海中医药大学附属岳阳中西医结合医院）','','YYYYSHZYYD',''),('0000598','虹口区乍浦路地段医院','','HKQZPLDDYY',''),('0000599','虹口区嘉兴路街道社区卫生服务中心','','HKQJXLJDSQ',''),('0000600','虹口区嘉兴路街道社区卫生服务中心四平路社区卫生服务站','','HKQJXLJDSQ',''),('0000601','虹口区嘉兴路街道社区卫生服务中心育才分中心','','HKQJXLJDSQ',''),('0000602','虹口区嘉兴路街道社区卫生服务中心胡家木桥路分中心','','HKQJXLJDSQ',''),('0000603','虹口区妇幼保健所','','HKQFYBJS',''),('0000604','虹口区提篮桥地段医院','','HKQTLQDDYY',''),('0000605','虹口区提篮桥街道社区卫生服务中心','','HKQTLQJDSQ',''),('0000606','虹口区提篮桥街道社区卫生服务中心三益邨社区卫生服务站','','HKQTLQJDSQ',''),('0000607','虹口区提篮桥街道社区卫生服务中心唐山路分中心','','HKQTLQJDSQ',''),('0000608','虹口区提篮桥街道社区卫生服务中心海门路分中心','','HKQTLQJDSQ',''),('0000609','虹口区新港路地段医院','','HKQXGLDDYY',''),('0000610','虹口区曲阳医院','','HKQQYYY',''),('0000611','虹口区欧阳地段医院','','HKQOYDDYY',''),('0000612','虹口区欧阳路街道社区卫生服务中心','','HKQOYLJDSQ',''),('0000613','虹口区欧阳路街道社区卫生服务中心优抚园社区卫生服务站','','HKQOYLJDSQ',''),('0000614','虹口区欧阳路街道社区卫生服务中心蒋家桥分中心','','HKQOYLJDSQ',''),('0000615','虹口区江湾镇街道社区卫生服务中心纪念社区卫生服务站','','HKQJWZJDSQ',''),('0000616','上海市公共卫生临床中心（复旦大学附属公共卫生临床中心）','','SHSGGWSLCZ',''),('0000617','上海市第六人民医院金山分院','','SHSDLRMYYJ',''),('0000618','上海市金山区中心医院','','SHSJSQZXYY',''),('0000619','上海市金山区亭林医院（上海市金山区亭林镇社区卫生服务中心）','','SHSJSQTLYY',''),('0000620','上海市金山区众仁老年护理医院','','SHSJSQZRLN',''),('0000621','上海市金山区妇幼保健所','','SHSJSQFYBJ',''),('0000622','上海市金山区朱泾镇新农社区卫生服务中心（新农镇卫生院）','','SHSJSQZZZX',''),('0000623','上海市金山区枫泾镇兴塔社区卫生服务中心','','SHSJSQFZZX',''),('0000624','上海市金山区漕泾镇社区卫生服务中心','','SHSJSQZZZS',''),('0000625','上海市金山区疾病防治控制中心上海市金山区东林医院','','SHSJSQJBFZ',''),('0000626','上海市金山区精神卫生中心','','SHSJSQJSWS',''),('0000627','上海市金山卫镇卫生院','','SHSJSWZWSY',''),('0000628','上海市金山石化地段医院','','SHSJSSHDDY',''),('0000629','上海建国医院','','SHJGYY',''),('0000630','上海金山工业区社区卫生服务中心','','SHJSGYQSQW',''),('0000631','上海钱圩精神病院','','SHQZJSBY',''),('0000632','复旦大学医学院附属金山医院','','FDDXYXYFSJ',''),('0000633','复旦大学附属公共卫生中心','','FDDXFSGGWS',''),('0000634','复旦大学附属金山医院','','FDDXFSJSYY',''),('0000635','廊下镇社区卫生服务中心廊下镇中华村卫生室','','LXZSQWSFWZ',''),('0000636','金山区东林医院','','JSQDLYY',''),('0000637','金山区中心医院枫泾分院（金山区枫泾医院）','','JSQZXYYFZF',''),('0000638','金山区中心医院漕泾分院','','JSQZXYYZZF',''),('0000639','金山区中西医结合医院','','JSQZXYJHYY',''),('0000640','金山区亭林医院','','JSQTLYY',''),('0000641','金山区亭林镇社区卫生服务中心','','JSQTLZSQWS',''),('0000642','金山区亭林镇社区卫生服务中心亭林分中心','','JSQTLZSQWS',''),('0000643','金山区妇幼保健所','','JSQFYBJS',''),('0000644','金山区山阳镇社区卫生服务中心','','JSQSYZSQWS',''),('0000645','金山区张堰镇社区卫生服务中心','','JSQZYZSQWS',''),('0000646','金山区朱泾地区地段医院','','JSQZZDQDDY',''),('0000647','金山区朱泾社区卫生服务中心','','JSQZZSQWSF',''),('0000648','金山区朱泾社区卫生服务中心罗星南路执业点','','JSQZZSQWSF',''),('0000649','金山区朱泾镇新农社区卫生服务中心','','JSQZZZXNSQ',''),('0000650','金山区枫泾镇社区卫生服务中心','','JSQFZZSQWS',''),('0000651','金山区牙病防治所','','JSQYBFZS',''),('0000652','金山区石化社区卫生服务中心','','JSQSHSQWSF',''),('0000653','金山区精神卫生中心','','JSQJSWSZX',''),('0000654','金山区金山区中心医院','','JSQJSQZXYY',''),('0000655','上海一0八医院','','SHY0BYY',''),('0000656','上海东方丽人整形美容医院','','SHDFLRZXMR',''),('0000657','上海中美华山眼科中心','','SHZMHSYKZX',''),('0000658','上海光华医院上海市长宁区光华中西医结合医院','','SHGHYYSHSC',''),('0000659','上海南亚医院','','SHNYYY',''),('0000660','上海和睦家医院','','SHHMJYY',''),('0000661','上海国际机场医疗急救中心','','SHGJJCYLJJ',''),('0000662','上海天大医疗美容医院','','SHTDYLMRYY',''),('0000663','上海市东方乳腺疾病医院（华山医院分部）','','SHSDFRXJBY',''),('0000664','上海市九龙男子医院','','SHSJLNZYY',''),('0000665','上海市同仁医院','','SHSTRYY',''),('0000666','上海市房屋土地管局职工医院','','SHSFWTDGJZ',''),('0000667','上海市港华医院','','SHSGHYY',''),('0000668','上海市白玉兰妇科医院','','SHSBYLFKYY',''),('0000669','上海市皮肤病医院门诊部','','SHSPFBYYMZ',''),('0000670','上海市皮肤病性病医院','','SHSPFBXBYY',''),('0000671','上海市皮肤病性病医院分院','','SHSPFBXBYY',''),('0000672','上海市神州中医院','','SHSSZZYY',''),('0000673','上海市长宁区中心医院上海市长宁区红十字医院','','SHSCNQZXYY',''),('0000674','上海市长宁区中心医院肺科门诊','','SHSCNQZXYY',''),('0000675','上海市长宁区光华中西医结合医院（上海市光华中西医结合类风关专科医院）','','SHSCNQGHZX',''),('0000676','上海市长宁区区慢性病防治院','','SHSCNQQMXB',''),('0000677','上海市长宁区南洋医院','','SHSCNQNYYY',''),('0000678','上海市长宁区卫生检验所','','SHSCNQWSJY',''),('0000679','上海市长宁区周家桥地段医院','','SHSCNQZJQD',''),('0000680','上海市长宁区天山中医医院','','SHSCNQTSZY',''),('0000681','上海市长宁区精神卫生中心（上海痴呆老年医院）','','SHSCNQJSWS',''),('0000682','上海康联医院','','SHKLYY',''),('0000683','上海悦和堂中医门诊部','','SHYHTZYMZB',''),('0000684','上海新科医院','','SHXKYY',''),('0000685','上海新虹桥医院','','SHXHQYY',''),('0000686','上海新视界眼科医院','','SHXSJYKYY',''),('0000687','上海武警医院整形美容中心','','SHWJYYZXMR',''),('0000688','上海民航医院','','SHMHYY',''),('0000689','上海永浩护理院','','SHYHHLY',''),('0000690','上海滨凯美之源整形外科医院','','SHBKMZYZXW',''),('0000691','上海爱尔眼科医院','','SHAEYKYY',''),('0000692','上海申德医院','','SHSDYY',''),('0000693','上海电力医院','','SHDLYY',''),('0000694','上海真爱女子医院','','SHZANZYY',''),('0000695','上海神州医院','','SHSZYY',''),('0000696','上海西郊骨科医院','','SHXJGKYY',''),('0000697','上海辰新医院','','SHCXYY',''),('0000698','中国人民武装警察部队上海市总队医院','','ZGRMWZJCBD',''),('0000699','中国人民解放军第八五医院','','ZGRMJFJDBW',''),('0000700','中国人民解放军第八五医院分院','','ZGRMJFJDBW',''),('0000701','中国人民解放军第四五五医院','','ZGRMJFJDSW',''),('0000702','中国人民解放军第四五五医院分院','','ZGRMJFJDSW',''),('0000703','中国民用航空上海医院','','ZGMYHKSHYY',''),('0000704','中山医院肿瘤中心（纺三医院）','','ZSYYZLZXFS',''),('0000705','武警上海市总队医院（武警上海总医院）','','WJSHSZDYYW',''),('0000706','武警上海总队医院','','WJSHZDYY',''),('0000707','民航上海医院','','MHSHYY',''),('0000708','神州中医医院','','SZZYYY',''),('0000709','长宁区中心医院（长宁区红十字医院）','','CNQZXYYCNQ',''),('0000710','长宁区仙霞地段医院','','CNQXXDDYY',''),('0000711','长宁区光华中西医结合医院','','CNQGHZXYJH',''),('0000712','长宁区北新泾地段医院','','CNQBXZDDYY',''),('0000713','长宁区北新泾街道社区卫生服务中心','','CNQBXZJDSQ',''),('0000714','长宁区华阳街道社区卫生服务中心','','CNQHYJDSQW',''),('0000715','长宁区华阳街道社区卫生服务中心愚园路门诊部','','CNQHYJDSQW',''),('0000716','长宁区同仁医院','','CNQTRYY',''),('0000717','长宁区周家桥街道社区卫生服务中心','','CNQZJQJDSQ',''),('0000718','长宁区天山中医医院','','CNQTSZYYY',''),('0000719','长宁区天山中医医院（水城路执业点）','','CNQTSZYYYS',''),('0000720','长宁区天山路街道社区卫生服务中心','','CNQTSLJDSQ',''),('0000721','长宁区妇幼保健院','','CNQFYBJY',''),('0000722','长宁区新华地段医院','','CNQXHDDYY',''),('0000723','长宁区新华街道社区卫生服务中心','','CNQXHJDSQW',''),('0000724','长宁区武夷地段医院','','CNQWYDDYY',''),('0000725','长宁区江苏街道社区卫生服务中心','','CNQJSJDSQW',''),('0000726','长宁区程家桥地段医院','','CNQCJQDDYY',''),('0000727','长宁区程家桥街道社区卫生服务中心机场新村社区卫生服务站','','CNQCJQJDSQ',''),('0000728','长宁区遵义社区卫生服务中心（虹桥路执业点）','','CNQZYSQWSF',''),('0000729','七宝社区卫生服务中心联明村卫生室','','QBSQWSFWZX',''),('0000730','上海一美整形外科医院（一美整形外科医院）','','SHYMZXWKYY',''),('0000731','上海中潭医院','','SHZTYY',''),('0000732','上海交通大学医学院附属仁济医院南院','','SHJTDXYXYF',''),('0000733','上海圣嘉门诊部','','SHSJMZB',''),('0000734','上海市化工职业病防治院','','SHSHGZYBFZ',''),('0000735','上海市民办吴中精神病康复院','','SHSMBWZJSB',''),('0000736','上海市民办第二精神病康复院','','SHSMBDEJSB',''),('0000737','上海市民政第一精神卫生中心','','SHSMZDYJSW',''),('0000738','上海市民政第一精神病院','','SHSMZDYJSB',''),('0000739','上海市第五人民医院（二级结算）','','SHSDWRMYYE',''),('0000740','上海市第五人民医院肺科门诊','','SHSDWRMYYF',''),('0000741','上海市精神卫生中心肺科门诊','','SHSJSWSZXF',''),('0000742','上海市紫兴精神病康复医院','','SHSZXJSBKF',''),('0000743','上海市闵行区中医医院','','SHSZXQZYYY',''),('0000744','上海市闵行区中心医院（上海市瑞金集团闵行医院）','','SHSZXQZXYY',''),('0000745','上海市闵行区中心医院结核科','','SHSZXQZXYY',''),('0000746','上海市闵行区传染病医院','','SHSZXQCRBY',''),('0000747','上海市闵行区南亚医院','','SHSZXQNYYY',''),('0000748','上海市闵行区吴泾医院','','SHSZXQWZYY',''),('0000749','上海市闵行区吴泾医院肺科门诊','','SHSZXQWZYY',''),('0000750','上海市闵行区牙病防治所','','SHSZXQYBFZ',''),('0000751','上海市闵行区精神卫生中心','','SHSZXQJSWS',''),('0000752','上海市闵行区结核病防治院','','SHSZXQJHBF',''),('0000753','上海市闵行区肿瘤医院（复旦大学附属肿瘤医院闵行分院）','','SHSZXQZLYY',''),('0000754','上海市青春精神病康复医院','','SHSQCJSBKF',''),('0000755','上海振国医院','','SHZGYY',''),('0000756','上海民办第一精神病康复院','','SHMBDYJSBK',''),('0000757','上海电气集团职业病防治院','','SHDQJTZYBF',''),('0000758','上海第一精神病康复院','','SHDYJSBKFY',''),('0000759','上海精神卫生康复医院一部','','SHJSWSKFYY',''),('0000760','上海精神卫生康复医院二部','','SHJSWSKFYY',''),('0000761','上海莱茵医院','','SHLYYY',''),('0000762','上海虹桥医院','','SHHQYY',''),('0000763','上海道培医院','','SHDPYY',''),('0000764','吴中精神病康复医院','','WZJSBKFYY',''),('0000765','复旦大学附属上海市第五人民医院','','FDDXFSSHSD',''),('0000766','闵行区中医医院','','ZXQZYYY',''),('0000767','闵行区中心医院','','ZXQZXYY',''),('0000768','闵行区华坪地段医院','','ZXQHPDDYY',''),('0000769','闵行区吴泾医院','','ZXQWZYY',''),('0000770','闵行区吴泾医院静安新城门诊部','','ZXQWZYYJAX',''),('0000771','闵行区妇幼保健院','','ZXQFYBJY',''),('0000772','闵行区新虹社区卫生服务中心','','ZXQXHSQWSF',''),('0000773','闵行区江川社区卫生服务中心汽轮社区卫生服务站','','ZXQJCSQWSF',''),('0000774','闵行区江川社区卫生服务中心电机社区卫生服务站','','ZXQJCSQWSF',''),('0000775','闵行区浦江社区卫生服务中心四高小区社区卫生服务站','','ZXQPJSQWSF',''),('0000776','闵行区牙病防治所第二执业点','','ZXQYBFZSDE',''),('0000777','闵行区精神卫生中心','','ZXQJSWSZX',''),('0000778','闵行区精神卫生中心第二执业点','','ZXQJSWSZXD',''),('0000779','闵行区结核病防治院','','ZXQJHBFZY',''),('0000780','闵行区肿瘤医院','','ZXQZLYY',''),('0000781','闵行区莘庄社区卫生服务中心新天地社区卫生服务站','','ZXQZZSQWSF',''),('0000782','闵行区莘庄社区卫生服务中心春申复地社区卫生服务站','','ZXQZZSQWSF',''),('0000783','闵行区莘庄第二社区卫生服务中心','','ZXQZZDESQW',''),('0000784','闵行区颛桥社区卫生服务中心君莲分中心（结算范围限于门诊）','','ZXQZQSQWSF',''),('0000785','龙柏社区卫生服务中心虹光村卫生室','','LBSQWSFWZX',''),('0000786','上海万豪医院整形美容中心','','SHWHYYZXMR',''),('0000787','上海健桥医院','','SHJQYY',''),('0000788','上海协和医院','','SHXHYY',''),('0000789','上海南浦妇科医院','','SHNPFKYY',''),('0000790','上海市万豪医院','','SHSWHYY',''),('0000791','上海市中医医院','','SHSZYYY',''),('0000792','上海市中医医院石门路门诊部','','SHSZYYYSML',''),('0000793','上海市公安消防总队职工医院','','SHSGAXFZDZ',''),('0000794','上海市市北医院','','SHSSBYY',''),('0000795','上海市民办海鹰医院','','SHSMBHYYY',''),('0000796','上海市民政第三精神卫生中心','','SHSMZDSJSW',''),('0000797','上海市民政第三精神病院','','SHSMZDSJSB',''),('0000798','上海市皮肤病医院','','SHSPFBYY',''),('0000799','上海市第三精神病院','','SHSDSJSBY',''),('0000800','上海市第十人民医院','','SHSDSRMYY',''),('0000801','上海市第十人民医院分院','','SHSDSRMYYF',''),('0000802','上海市闸北区中医院','','SHSZBQZYY',''),('0000803','上海市闸北区临汾地段医院','','SHSZBQLFDD',''),('0000804','上海市闸北区共和新地段医院','','SHSZBQGHXD',''),('0000805','上海市闸北区北站医院','','SHSZBQBZYY',''),('0000806','上海市闸北区妇女儿童保健所','','SHSZBQFNET',''),('0000807','上海市闸北区妇幼保健所','','SHSZBQFYBJ',''),('0000808','上海市闸北区市北医院','','SHSZBQSBYY',''),('0000809','上海市闸北区民办彭江医院','','SHSZBQMBPJ',''),('0000810','上海市闸北区海宁地段医院','','SHSZBQHNDD',''),('0000811','上海市闸北区烽火街道医院','','SHSZBQFHJD',''),('0000812','上海市闸北区牙病防治所','','SHSZBQYBFZ',''),('0000813','上海市闸北区眼科医院','','SHSZBQYKYY',''),('0000814','上海市闸北区精神卫生中心','','SHSZBQJSWS',''),('0000815','上海彭江医院','','SHPJYY',''),('0000816','上海新海医院','','SHXHYY',''),('0000817','上海新视界中兴眼科医院','','SHXSJZXYKY',''),('0000818','上海民康医院','','SHMKYY',''),('0000819','上海海鹰医院','','SHHYYY',''),('0000820','上海玫瑰医疗美容医院','','SHMGYLMRYY',''),('0000821','上海玫瑰女子医院','','SHMGNZYY',''),('0000822','上海申江医院','','SHSJYY',''),('0000823','上海长征医院闸北分院上海市闸北区中心医院','','SHCZYYZBFY',''),('0000824','同济大学附属口腔医院','','TJDXFSKQYY',''),('0000825','市北医院肺科门诊','','SBYYFKMZ',''),('0000826','民政局第三精神病医院','','MZJDSJSBYY',''),('0000827','长征医院闸北感染部','','CZYYZBGRB',''),('0000828','闸北区中医医院','','ZBQZYYY',''),('0000829','闸北区中心医院','','ZBQZXYY',''),('0000830','闸北区临汾街道社区卫生服务中心','','ZBQLFJDSQW',''),('0000831','闸北区北站医院','','ZBQBZYY',''),('0000832','闸北区北站街道社区卫生服务中心','','ZBQBZJDSQW',''),('0000833','闸北区北站街道社区卫生服务中心晋元路门诊部','','ZBQBZJDSQW',''),('0000834','闸北区大宁路街道社区卫生服务中心','','ZBQDNLJDSQ',''),('0000835','闸北区天目西街道社区卫生服务中心普善路社区卫生服务站','','ZBQTMXJDSQ',''),('0000836','闸北区妇幼保健所','','ZBQFYBJS',''),('0000837','闸北区宝山地段医院','','ZBQBSDDYY',''),('0000838','闸北区宝山街道社区卫生服务中心','','ZBQBSJDSQW',''),('0000839','闸北区宝山街道社区卫生服务中心宝源路分中心','','ZBQBSJDSQW',''),('0000840','闸北区市北医院','','ZBQSBYY',''),('0000841','闸北区市北医院分部','','ZBQSBYYFB',''),('0000842','闸北区彭浦地段医院','','ZBQPPDDYY',''),('0000843','闸北区彭浦新村街道社区卫生服务中心','','ZBQPPXCJDS',''),('0000844','闸北区彭浦新村街道社区卫生服务中心长临路200弄社区卫生服务站','','ZBQPPXCJDS',''),('0000845','闸北区彭浦镇社区卫生服务中心','','ZBQPPZSQWS',''),('0000846','闸北区牙病防治所','','ZBQYBFZS',''),('0000847','闸北区牙病防治所彭浦分所','','ZBQYBFZSPP',''),('0000848','闸北区牙病防治所沪太分所','','ZBQYBFZSHT',''),('0000849','闸北区牙病防治所沪太执业点','','ZBQYBFZSHT',''),('0000850','闸北区精神卫生中心','','ZBQJSWSZX',''),('0000851','闸北区芷江西地段医院','','ZBQZJXDDYY',''),('0000852','闸北区芷江西街道社区卫生服务中心','','ZBQZJXJDSQ',''),('0000853','上海仁博医院','','SHRBYY',''),('0000854','上海华仁肾病医院','','SHHRSBYY',''),('0000855','上海同德医院','','SHTDYY',''),('0000856','上海市青浦区中医院','','SHSQPQZYY',''),('0000857','上海市青浦区中心医院','','SHSQPQZXYY',''),('0000858','上海市青浦区妇幼保健所','','SHSQPQFYBJ',''),('0000859','上海市青浦区宜川地段医院','','SHSQPQYCDD',''),('0000860','上海市青浦区朱家角人民医院（青浦区老年医院）','','SHSQPQZJJR',''),('0000861','上海市青浦区精神卫生中心','','SHSQPQJSWS',''),('0000862','上海市青浦区顺昌路地段医院','','SHSQPQSCLD',''),('0000863','上海市青浦区麻风病防治所','','SHSQPQMFBF',''),('0000864','上海盈康护理院','','SHYKHLY',''),('0000865','上海青城医院','','SHQCYY',''),('0000866','复旦大学附属中山医院青浦分院','','FDDXFSZSYY',''),('0000867','复旦大学附属中山医院青浦分院青浦区中心医院肺科门诊','','FDDXFSZSYY',''),('0000868','青浦区中医医院（青安路执业点）','','QPQZYYYQAL',''),('0000869','青浦区华新镇社区卫生服务中心凤溪分中心','','QPQHXZSQWS',''),('0000870','青浦区妇幼保健所','','QPQFYBJS',''),('0000871','青浦区安达医院','','QPQADYY',''),('0000872','青浦区朱家角人民医院','','QPQZJJRMYY',''),('0000873','青浦区白鹤镇社区卫生服务中心','','QPQBHZSQWS',''),('0000874','青浦区盈浦街道社区卫生服务中心佳乐苑社区卫生服务站','','QPQYPJDSQW',''),('0000875','青浦区盈浦街道社区卫生服务中心民乐社区卫生服务站','','QPQYPJDSQW',''),('0000876','青浦区精神卫生中心','','QPQJSWSZX',''),('0000877','青浦区精神卫生中心第二执业点','','QPQJSWSZXD',''),('0000878','青浦区精神病康复医院','','QPQJSBKFYY',''),('0000879','青浦区练塘镇社区卫生服务中心','','QPQLTZSQWS',''),('0000880','青浦区练塘镇社区卫生服务中心小蒸分中心','','QPQLTZSQWS',''),('0000881','青浦区练塘镇社区卫生服务中心蒸淀分中心','','QPQLTZSQWS',''),('0000882','青浦区金泽镇社区卫生服务中心','','QPQJZZSQWS',''),('0000883','青浦区金泽镇社区卫生服务中心商榻分中心','','QPQJZZSQWS',''),('0000884','青浦区金泽镇社区卫生服务中心西岑分中心','','QPQJZZSQWS',''),('0000885','青浦区金泽镇社区卫生服务中心西岑分中心（莲西路执业点）','','QPQJZZSQWS',''),('0000886','青浦区青浦区中心医院','','QPQQPQZXYY',''),('0000887','青浦区香花桥街道社区卫生服务中心','','QPQXHQJDSQ',''),('0000888','上海中佑肛肠医院','','SHZYGCYY',''),('0000889','上海公惠医院','','SHGHYY',''),('0000890','上海公用事业职工医院上海公费医院','','SHGYSYZGYY',''),('0000891','上海化工职业病防治所','','SHHGZYBFZS',''),('0000892','上海华山医院美容中心（华山医院激光医学中心简介）','','SHHSYYMRZX',''),('0000893','上海国宾体检中心','','SHGBTJZX',''),('0000894','上海国宾医疗中心','','SHGBYLZX',''),('0000895','上海富华医疗美容医院','','SHFHYLMRYY',''),('0000896','上海市儿童医院','','SHSETYY',''),('0000897','上海市儿童医院第二执业点','','SHSETYYDEZ',''),('0000898','上海市公惠医院','','SHSGHYY',''),('0000899','上海市劳动卫生职业病防治研究所','','SHSLDWSZYB',''),('0000900','上海市眼病防治中心','','SHSYBFZZX',''),('0000901','上海市第一妇婴保健院','','SHSDYFYBJY',''),('0000902','上海市第一妇婴保健院（西康路二五九号临时执业点）','','SHSDYFYBJY',''),('0000903','上海市第一妇婴保健院浦东分院（基本医疗服务的费用纳入医保联网结算）','','SHSDYFYBJY',''),('0000904','上海市第一妇婴保健院浦东新院','','SHSDYFYBJY',''),('0000905','上海市静安区妇幼保健所','','SHSJAQFYBJ',''),('0000906','上海市静安区牙病防治所','','SHSJAQYBFZ',''),('0000907','上海市静安区精神卫生中心','','SHSJAQJSWS',''),('0000908','上海市静安区老年医院','','SHSJAQLNYY',''),('0000909','上海康奥整形外科医院','','SHKAZXWKYY',''),('0000910','上海康新医院','','SHKXYY',''),('0000911','上海德琳医疗美容医院','','SHDLYLMRYY',''),('0000912','上海米瑞可医疗整形美容','','SHMRKYLZXM',''),('0000913','上海邮电医院','','SHYDYY',''),('0000914','上海邮电医院（复兴中路执业点）','','SHYDYYFXZL',''),('0000915','上海雷允上西区门诊部（限于中医科的中药饮片和中药煎药费）','','SHLYSXQMZB',''),('0000916','华东医院','','HDYY',''),('0000917','复旦大学附属华山医院','','FDDXFSHSYY',''),('0000918','复旦大学附属华山医院（南京西路执业点）','','FDDXFSHSYY',''),('0000919','复旦大学附属华山医院江苏路分部','','FDDXFSHSYY',''),('0000920','立伟齿科','','LWCK',''),('0000921','静安区中心医院','','JAQZXYY',''),('0000922','静安区南京西路街道社区卫生服务中心','','JAQNJXLJDS',''),('0000923','静安区南京西路街道社区卫生服务中心延安中路门诊部','','JAQNJXLJDS',''),('0000924','静安区妇幼保健所','','JAQFYBJS',''),('0000925','静安区曹家渡地段医院','','JAQCJDDDYY',''),('0000926','静安区曹家渡街道社区卫生服务中心','','JAQCJDJDSQ',''),('0000927','静安区曹家渡街道社区卫生服务中心万航渡路门诊部','','JAQCJDJDSQ',''),('0000928','静安区曹家渡街道社区卫生服务中心长寿路门诊部','','JAQCJDJDSQ',''),('0000929','静安区江宁路地段医院','','JAQJNLDDYY',''),('0000930','静安区江宁路街道社区卫生服务中心','','JAQJNLJDSQ',''),('0000931','静安区江宁路街道社区卫生服务中心门诊部','','JAQJNLJDSQ',''),('0000932','静安区牙病防治所','','JAQYBFZS',''),('0000933','静安区牙病防治所延平分所','','JAQYBFZSYP',''),('0000934','静安区牙病防治所昌平分所','','JAQYBFZSCP',''),('0000935','静安区眼病防治所','','JAQYBFZS',''),('0000936','静安区石门二路地段医院','','JAQSMELDDY',''),('0000937','静安区石门二路街道社区卫生服务中心','','JAQSMELJDS',''),('0000938','静安区精神卫生中心','','JAQJSWSZX',''),('0000939','静安区结核病防治所','','JAQJHBFZS',''),('0000940','静安区老年医院','','JAQLNYY',''),('0000941','静安区老年医院肺科门诊','','JAQLNYYFKM',''),('0000942','静安区静安寺地段医院','','JAQJASDDYY',''),('0000943','静安区静安寺街道社区卫生服务中心','','JAQJASJDSQ',''),('0000944','上海中医药大学附属曙光医院','','SHZYYDXFSS',''),('0000945','上海中医药大学附属曙光医院（浦东张衡路执业点）','','SHZYYDXFSS',''),('0000946','上海交通大学医学院附属仁济医院','','SHJTDXYXYF',''),('0000947','上海交通大学医学院附属仁济医院（浦东东方路执业点）','','SHJTDXYXYF',''),('0000948','上海交通大学医学院附属瑞金医院','','SHJTDXYXYF',''),('0000949','上海交通大学医学院附属瑞金医院(徐家汇路执业点慢性病部)','','SHJTDXYXYF',''),('0000950','上海交通大学医学院附属瑞金医院卢湾分院','','SHJTDXYXYF',''),('0000951','上海交通大学医学院附属第九人民医院','','SHJTDXYXYF',''),('0000952','上海交通大学医学院附属第九人民医院浦东分院','','SHJTDXYXYF',''),('0000953','上海市中医文献馆中医门诊部','','SHSZYWXGZY',''),('0000954','上海市华仁医院上海肺科医院分部','','SHSHRYYSHF',''),('0000955','上海市口腔病防治院','','SHSKQBFZY',''),('0000956','上海市口腔病防治院复兴中路分院','','SHSKQBFZYF',''),('0000957','上海市第二人民医院','','SHSDERMYY',''),('0000958','上海市红光医院','','SHSHGYY',''),('0000959','上海市阿波罗男子医院','','SHSABLNZYY',''),('0000960','上海市黄博区中心医院分部（上海市黄浦区中医院）','','SHSHBQZXYY',''),('0000961','上海市黄浦区东南医院','','SHSHPQDNYY',''),('0000962','上海市黄浦区中心医院','','SHSHPQZXYY',''),('0000963','上海市黄浦区中西医结合医院','','SHSHPQZXYJ',''),('0000964','上海市黄浦区牙病防治所','','SHSHPQYBFZ',''),('0000965','上海市黄浦区眼病防治所','','SHSHPQYBFZ',''),('0000966','上海市黄浦区第二精神卫生中心','','SHSHPQDEJS',''),('0000967','上海市黄浦区香山中医医院','','SHSHPQXSZY',''),('0000968','上海明桥医疗整形美容医院','','SHMQYLZXMR',''),('0000969','上海江南造船集团职工医院','','SHJNZCJTZG',''),('0000970','上海江南造船集团职工医院瞿溪路执业点','','SHJNZCJTZG',''),('0000971','上海港医院','','SHGYY',''),('0000972','上海长征医院','','SHCZYY',''),('0000973','黄浦区结核病病院','','HPQJHBBY',''),('0000974','华东医院市府大厦门诊部','','HDYYSFDXMZ',''),('0000975','复旦大学附属妇产科医院（上海市红房子妇产科医院、上海市红十字会妇产科医院）','','FDDXFSFCKY',''),('0000976','上海市中心医院结防门诊','','SHSZXYYJFM',''),('0000977','第二军医大学第二附属医院','','DEJYDXDEFS',''),('0000978','第二军医大学附属长征医院','','DEJYDXFSCZ',''),('0000979','黄浦区中心医院','','HPQZXYY',''),('0000980','黄浦区中心医院中医门诊部','','HPQZXYYZYM',''),('0000981','黄浦区中心医院结防门诊','','HPQZXYYJFM',''),('0000982','黄浦区中西医结合医院分院','','HPQZXYJHYY',''),('0000983','黄浦区传染病医院','','HPQCRBYY',''),('0000984','黄浦区半淞园地段医院','','HPQBZYDDYY',''),('0000985','黄浦区半淞园街道社区卫生服务中心','','HPQBZYJDSQ',''),('0000986','黄浦区南京东路地段医院','','HPQNJDLDDY',''),('0000987','黄浦区南京东路街道社区卫生服务中心','','HPQNJDLJDS',''),('0000988','黄浦区南京东路街道社区卫生服务中心广场分中心','','HPQNJDLJDS',''),('0000989','黄浦区南京东路街道社区卫生服务中心浙江中路分中心','','HPQNJDLJDS',''),('0000990','黄浦区外滩地段医院','','HPQWTDDYY',''),('0000991','黄浦区外滩街道社区卫生服务中心','','HPQWTJDSQW',''),('0000992','黄浦区外滩街道社区卫生服务中心广东路分中心','','HPQWTJDSQW',''),('0000993','黄浦区外滩街道社区卫生服务中心金陵分中心','','HPQWTJDSQW',''),('0000994','黄浦区妇幼保健所','','HPQFYBJS',''),('0000995','黄浦区妇幼保健院','','HPQFYBJY',''),('0000996','黄浦区小东门街道社区卫生服务中心南仓街分中心','','HPQXDMJDSQ',''),('0000997','黄浦区小东门街道社区卫生服务中心天灯弄分中心','','HPQXDMJDSQ',''),('0000998','黄浦区小东门街道社区卫生服务中心聚奎街分中心','','HPQXDMJDSQ',''),('0000999','黄浦区广场地段医院','','HPQGCDDYY',''),('0001000','黄浦区牙病防治所分所','','HPQYBFZSFS','');
/*!40000 ALTER TABLE `d_hospital` ENABLE KEYS */;
UNLOCK TABLES;

--
-- Table structure for table `d_industry`
--

DROP TABLE IF EXISTS `d_industry`;
/*!40101 SET @saved_cs_client     = @@character_set_client */;
/*!40101 SET character_set_client = utf8 */;
CREATE TABLE `d_industry` (
  `CODE` varchar(10) COLLATE utf8_bin NOT NULL DEFAULT '',
  `NAME` varchar(200) COLLATE utf8_bin DEFAULT NULL,
  `ENUM_NAME` varchar(30) COLLATE utf8_bin DEFAULT NULL,
  `PINYIN` varchar(10) COLLATE utf8_bin DEFAULT NULL,
  `PARENT_CODE` varchar(10) COLLATE utf8_bin DEFAULT NULL,
  PRIMARY KEY (`CODE`)
) ENGINE=InnoDB DEFAULT CHARSET=utf8 COLLATE=utf8_bin COMMENT='行业分类代码';
/*!40101 SET character_set_client = @saved_cs_client */;

--
-- Dumping data for table `d_industry`
--

LOCK TABLES `d_industry` WRITE;
/*!40000 ALTER TABLE `d_industry` DISABLE KEYS */;
INSERT INTO `d_industry` VALUES ('01','农业','','NY',''),('02','林业','','LY',''),('03','畜牧业','','XMY',''),('04','渔业','','YY',''),('05','农、林、牧、渔服务业','','NLMYFWY',''),('06','煤炭开采与洗选业','','MTKCYXXY',''),('07','石油和天然气开采业','','SYHTRQKCY',''),('08','黑色金属矿采选业','','HSJSKCXY',''),('09','有色金属矿采选业','','YSJSKCXY',''),('10','非金属矿采选业','','FJSKCXY',''),('11','其它矿采选业','','QTKCXY',''),('13','农副食品加工业','','NFSPJGY',''),('14','食品制造业','','SPZZY',''),('15','饮料制造业','','YLZZY',''),('16','烟草制品业','','YCZPY',''),('17','纺织业','','FZY',''),('18','纺织服装、鞋、帽制造业','','FZFZXMZZY',''),('19','皮革、毛皮、羽毛（绒）及其制品业','','PGMPYMRJQZ',''),('20','木材加工及木、竹、藤、棕、草制品业','','MCJGJMZTZC',''),('21','家具制造业','','JJZZY',''),('22','造纸及纸制品业','','ZZJZZPY',''),('23','印刷业、记录媒介的复制','','YSYJLMJDFZ',''),('24','文教体育用品制造业','','WJTYYPZZY',''),('25','石油加工、炼焦及核燃料加工业','','SYJGLJJHRL',''),('26','化学原料及化学制品制造业','','HXYLJHXZPZ',''),('27','医药制造业','','YYZZY',''),('28','化学纤维制造业','','HXXWZZY',''),('29','橡胶制品业','','XJZPY',''),('30','塑料制品业','','SLZPY',''),('31','非金属矿物制品业','','FJSKWZPY',''),('32','黑色金属冶炼及压延加工业','','HSJSYLJYYJ',''),('33','有色金属冶炼及压延加工业','','YSJSYLJYYJ',''),('34','金属制品业','','JSZPY',''),('35','通用设备制造业','','TYSBZZY',''),('36','专业设备制造业','','ZYSBZZY',''),('37','交通运输设备制造业','','JTYSSBZZY',''),('51','铁路运输业','','TLYSY',''),('52','道路运输业','','DLYSY',''),('53','城市公共交通业','','CSGGJTY',''),('54','水上运输业','','SSYSY',''),('55','航空运输业','','HKYSY',''),('56','管道运输业','','GDYSY',''),('57','装卸搬运和其它运输服务业','','ZXBYHQTYSF',''),('58','仓储业','','CCY',''),('59','邮政业','','YZY',''),('60','电信和其它信息传输服务业','','DXHQTXXCSF',''),('61','计算机服务业','','JSJFWY',''),('62','软件业','','RJY',''),('63','批发业','','PFY',''),('65','零售业','','LSY',''),('66','住宿业','','ZSY',''),('67','餐饮业','','CYY',''),('68','银行业','','YXY',''),('69','证券业','','ZQY',''),('70','保险业','','BXY',''),('71','其它金融活动','','QTJRHD',''),('72','房地产业','','FDCY',''),('73','租赁业','','ZLY',''),('74','商务服务业','','SWFWY',''),('75','研究与试验发展','','YJYSYFZ',''),('76','专业技术服务业','','ZYJSFWY',''),('77','科技交流和推广服务业','','KJJLHTGFWY',''),('78','地质勘查业','','DZKCY',''),('79','水利管理业','','SLGLY',''),('80','环境管理业','','HJGLY',''),('81','公共设施管理业','','GGSSGLY',''),('82','居民服务业','','JMFWY',''),('83','其它服务业','','QTFWY',''),('85','卫生','','WS',''),('86','社会保障业','','SHBZY',''),('87','社会福利业','','SHFLY',''),('88','新闻出版业','','XWCBY',''),('89','广播、电视、电影和音像业','','GBDSDYHYXY',''),('90','文化艺术业','','WHYSY',''),('91','体育','','TY',''),('92','娱乐业','','YLY',''),('93','中国共产党机关','','ZGGCDJG',''),('94','国家机构','','GJJG',''),('95','人民政协和民主党派','','RMZXHMZDP',''),('96','群众团体、社会团体和宗教组织','','QZTTSHTTHZ',''),('97','基层群众自治组织','','JCQZZZZZ',''),('98','国际组织','','GJZZ',''),('99','其它','','QT','');
/*!40000 ALTER TABLE `d_industry` ENABLE KEYS */;
UNLOCK TABLES;

--
-- Table structure for table `d_input_style`
--

DROP TABLE IF EXISTS `d_input_style`;
/*!40101 SET @saved_cs_client     = @@character_set_client */;
/*!40101 SET character_set_client = utf8 */;
CREATE TABLE `d_input_style` (
  `STYLE_CODE` varchar(5) COLLATE utf8_bin NOT NULL,
  `STYLE_NAME` varchar(40) COLLATE utf8_bin DEFAULT NULL,
  PRIMARY KEY (`STYLE_CODE`)
) ENGINE=InnoDB DEFAULT CHARSET=utf8 COLLATE=utf8_bin COMMENT='数据输入样式表';
/*!40101 SET character_set_client = @saved_cs_client */;

--
-- Dumping data for table `d_input_style`
--

LOCK TABLES `d_input_style` WRITE;
/*!40000 ALTER TABLE `d_input_style` DISABLE KEYS */;
/*!40000 ALTER TABLE `d_input_style` ENABLE KEYS */;
UNLOCK TABLES;

--
-- Table structure for table `d_ins_company`
--

DROP TABLE IF EXISTS `d_ins_company`;
/*!40101 SET @saved_cs_client     = @@character_set_client */;
/*!40101 SET character_set_client = utf8 */;
CREATE TABLE `d_ins_company` (
  `CODE` varchar(10) COLLATE utf8_bin NOT NULL DEFAULT '',
  `NAME` varchar(200) COLLATE utf8_bin DEFAULT NULL,
  `ENUM_NAME` varchar(30) COLLATE utf8_bin DEFAULT NULL,
  `PINYIN` varchar(10) COLLATE utf8_bin DEFAULT NULL,
  `PARENT_CODE` varchar(10) COLLATE utf8_bin DEFAULT NULL,
  PRIMARY KEY (`CODE`)
) ENGINE=InnoDB DEFAULT CHARSET=utf8 COLLATE=utf8_bin COMMENT='分割单出具单位代码';
/*!40101 SET character_set_client = @saved_cs_client */;

--
-- Dumping data for table `d_ins_company`
--

LOCK TABLES `d_ins_company` WRITE;
/*!40000 ALTER TABLE `d_ins_company` DISABLE KEYS */;
INSERT INTO `d_ins_company` VALUES ('000001','中国人民保险集团股份有限公司','中资','ZGRMBXJTGF',''),('000002','中国人民财产保险股份有限公司','中资','ZGRMCCBXGF',''),('000003','中国人保资产管理股份有限公司','中资','ZGRBZCGLGF',''),('000004','中国人寿保险（集团）公司','中资','ZGRSBXJTGS',''),('000005','中国人寿保险股份有限公司','中资','ZGRSBXGFYX',''),('000006','中国人寿资产管理有限公司','中资','ZGRSZCGLYX',''),('000007','中国再保险（集团）股份有限公司','中资','ZGZBXJTGFY',''),('000008','中国财产再保险有限责任公司','中资','ZGCCZBXYXZ',''),('000009','中国人寿再保险有限责任公司','中资','ZGRSZBXYXZ',''),('000010','中国大地财产保险股份有限公司','中资','ZGDDCCBXGF',''),('000011','中国出口信用保险公司','中资','ZGCKXYBXGS',''),('000012','中华联合财产保险股份有限公司','中资','ZHLHCCBXGF',''),('000013','中国太平洋保险（集团）股份有限公司','中资','ZGTPYBXJTG',''),('000014','中国太平洋财产保险股份有限公司','中资','ZGTPYCCBXG',''),('000015','中国太平洋人寿保险股份有限公司','中资','ZGTPYRSBXG',''),('000016','中国平安保险（集团）股份有限公司','中资','ZGPABXJTGF',''),('000017','中国平安财产保险股份有限公司','中资','ZGPACCBXGF',''),('000018','中国平安人寿保险股份有限公司','中资','ZGPARSBXGF',''),('000019','新华人寿保险股份有限公司','中资','XHRSBXGFYX',''),('000020','泰康人寿保险股份有限公司','中资','TKRSBXGFYX',''),('000021','华泰保险集团股份有限公司','中资','HTBXJTGFYX',''),('000022','天安财产保险股份有限公司','中资','TACCBXGFYX',''),('000023','史带财产保险股份有限公司','外资','SDCCBXGFYX',''),('000024','华安财产保险股份有限公司','中资','HACCBXGFYX',''),('000025','永安财产保险股份有限公司','中资','YACCBXGFYX',''),('000026','太平财产保险有限公司','中资','TPCCBXYXGS',''),('000027','太平人寿保险有限公司','中资','TPRSBXYXGS',''),('000028','中宏人寿保险有限公司','外资','ZHRSBXYXGS',''),('000029','建信人寿保险有限公司','中资','JXRSBXYXGS',''),('000030','中德安联人寿保险有限公司','外资','ZDALRSBXYX',''),('000031','工银安盛人寿保险有限公司','外资','GYASRSBXYX',''),('000032','信诚人寿保险有限公司','外资','XCRSBXYXGS',''),('000033','交银康联人寿保险有限公司','外资','JYKLRSBXYX',''),('000034','天安人寿保险股份有限公司','中资','TARSBXGFYX',''),('000035','中意人寿保险有限公司','外资','ZYRSBXYXGS',''),('000036','光大永明人寿保险有限公司','中资','GDYMRSBXYX',''),('000038','民安财产保险有限公司','中资','MACCBXYXGS',''),('000039','美亚财产保险有限公司','外资','MYCCBXYXGS',''),('000040','东京海上日动火灾保险（中国）有限公司','外资','DJHSRDHZBX',''),('000041','安盛保险有限公司','外资','ASBXYXGS',''),('000042','瑞再企商保险有限公司','外资','RZQSBXYXGS',''),('000043','丘博保险（中国）有限公司','外资','QBBXZGYXGS',''),('000044','三井住友海上火灾保险（中国）有限公司','外资','SJZYHSHZBX',''),('000045','三星财产保险（中国）有限公司','外资','SXCCBXZGYX',''),('000046','中银保险有限公司','中资','ZYBXYXGS',''),('000047','北大方正人寿保险有限公司','外资','BDFZRSBXYX',''),('000048','中荷人寿保险有限公司','外资','ZHRSBXYXGS',''),('000049','中英人寿保险有限公司','外资','ZYRSBXYXGS',''),('000050','安联财产保险（中国）有限公司','外资','ALCCBXZGYX',''),('000051','同方全球人寿保险有限公司','外资','TFQQRSBXYX',''),('000052','民生人寿保险股份有限公司','中资','MSRSBXGFYX',''),('000053','日本财产保险（中国）有限公司','外资','RBCCBXZGYX',''),('000054','招商信诺人寿保险有限公司','外资','ZSXNRSBXYX',''),('000055','长生人寿保险有限公司','外资','CSRSBXYXGS',''),('000056','恒安标准人寿保险有限公司','外资','HABZRSBXYX',''),('000057','瑞泰人寿保险有限公司','外资','RTRSBXYXGS',''),('000058','瑞士再保险股份有限公司北京分公司','外资','RSZBXGFYXG',''),('000059','慕尼黑再保险公司北京分公司','外资','MNHZBXGSBJ',''),('000060','利宝保险有限公司','外资','LBBXYXGS',''),('000061','富德生命人寿保险股份有限公司','中资','FDSMRSBXGF',''),('000062','中美大都会人寿保险有限公司','外资','ZMDDHRSBXY',''),('000063','东方人寿保险股份有限公司','中资','DFRSBXGFYX',''),('000064','安信农业保险股份有限公司','中资','AXNYBXGFYX',''),('000065','中国太平保险集团有限责任公司','中资','ZGTPBXJTYX',''),('000066','德国通用再保险股份公司上海分公司','外资','DGTYZBXGFG',''),('000067','中航安盟财产保险有限公司','外资','ZHAMCCBXYX',''),('000068','永诚财产保险股份有限公司','中资','YCCCBXGFYX',''),('000069','安邦保险集团股份有限公司','中资','ABBXJTGFYX',''),('000071','中法人寿保险有限责任公司','外资','ZFRSBXYXZR',''),('000072','平安养老保险股份有限公司','中资','PAYLBXGFYX',''),('000074','合众人寿保险股份有限公司','中资','HZRSBXGFYX',''),('000075','安华农业保险股份有限公司','中资','AHNYBXGFYX',''),('000076','华泰人寿保险股份有限公司','外资','HTRSBXGFYX',''),('000077','陆家嘴国泰人寿保险有限责任公司','外资','LJZGTRSBXY',''),('000078','安盛天平财产保险股份有限公司','外资','ASTPCCBXGF',''),('000081','华泰资产管理有限公司','中资','HTZCGLYXGS',''),('000082','太平养老保险股份有限公司','中资','TPYLBXGFYX',''),('000083','中美联泰大都会人寿保险有限公司','外资','ZMLTDDHRSB',''),('000084','平安健康保险股份有限公司','外资','PAJKBXGFYX',''),('000085','中国人民健康保险股份有限公司','中资','ZGRMJKBXGF',''),('000086','华夏人寿保险股份有限公司','中资','HXRSBXGFYX',''),('000087','中航三星人寿保险有限公司','外资','ZHSXRSBXYX',''),('000088','平安资产管理有限责任公司','中资','PAZCGLYXZR',''),('000089','中再资产管理股份有限公司','中资','ZZZCGLGFYX',''),('000090','君康人寿保险股份有限公司','中资','JKRSBXGFYX',''),('000091','信泰人寿保险股份有限公司','中资','XTRSBXGFYX',''),('000092','农银人寿保险股份有限公司','中资','NYRSBXGFYX',''),('000093','阳光财产保险股份有限公司','中资','YGCCBXGFYX',''),('000094','阳光农业相互保险公司','中资','YGNYXHBXGS',''),('000095','长城人寿保险股份有限公司','中资','CCRSBXGFYX',''),('000096','都邦财产保险股份有限公司','中资','DBCCBXGFYX',''),('000097','昆仑健康保险股份有限公司','中资','KLJKBXGFYX',''),('000098','渤海财产保险股份有限公司','中资','BHCCBXGFYX',''),('000099','和谐健康保险股份有限公司','中资','HXJKBXGFYX',''),('000100','中国人民人寿保险股份有限公司','中资','ZGRMRSBXGF',''),('000101','华农财产保险股份有限公司','中资','HNCCBXGFYX',''),('000102','国华人寿保险股份有限公司','中资','GHRSBXGFYX',''),('000103','中新大东方人寿保险有限公司','外资','ZXDDFRSBXY',''),('000104','苏黎世财产保险（中国）有限公司','外资','SLSCCBXZGY',''),('000105','泰康资产管理有限责任公司','中资','TKZCGLYXZR',''),('000106','(跳号）','','(TH',''),('000107','中华联合保险控股股份有限公司','中资','ZHLHBXKGGF',''),('000108','中国人寿财产保险股份有限公司','中资','ZGRSCCBXGF',''),('000109','中国人寿养老保险股份有限公司','中资','ZGRSYLBXGF',''),('000110','安诚财产保险股份有限公司','中资','ACCCBXGFYX',''),('000111','现代财产保险（中国）有限公司','外资','XDCCBXZGYX',''),('000112','长安责任保险股份有限公司','中资','CAZRBXGFYX',''),('000113','劳合社保险（中国）有限公司','外资','LHSBXZGYXG',''),('000114','太平洋资产管理有限责任公司','中资','TPYZCGLYXZ',''),('000115','太平资产管理有限公司','中资','TPZCGLYXGS',''),('000116','(跳号）','','(TH',''),('000117','中意财产保险有限公司','外资','ZYCCBXYXGS',''),('000118','爱和谊日生同和财产保险（中国）有限公司','外资','AHYRSTHCCB',''),('000119','新华资产管理股份有限公司','中资','XHZCGLGFYX',''),('000120','长江养老保险股份有限公司','中资','CJYLBXGFYX',''),('000121','英大泰和人寿保险股份有限公司','中资','YDTHRSBXGF',''),('000122','泰康养老保险股份有限公司','中资','TKYLBXGFYX',''),('000123','阳光保险集团股份有限公司','中资','YGBXJTGFYX',''),('000124','幸福人寿保险股份有限公司','中资','XFRSBXGFYX',''),('000125','法国再保险公司北京分公司','外资','FGZBXGSBJF',''),('000126','国元农业保险股份有限公司','中资','GYNYBXGFYX',''),('000127','阳光人寿保险股份有限公司','中资','YGRSBXGFYX',''),('000128','汉诺威再保险股份公司上海分公司','外资','HNWZBXGFGS',''),('000129','鼎和财产保险股份有限公司','中资','DHCCBXGFYX',''),('000130','新光海航人寿保险有限责任公司','外资','XGHHRSBXYX',''),('000131','汇丰人寿保险有限公司','外资','HFRSBXYXGS',''),('000132','中煤财产保险股份有限公司','中资','ZMCCBXGFYX',''),('000133','国泰财产保险有限责任公司','外资','GTCCBXYXZR',''),('000134','太平再保险有限公司','中资','TPZBXYXGS',''),('000135','英大泰和财产保险股份有限公司','中资','YDTHCCBXGF',''),('000136','君龙人寿保险有限公司','外资','JLRSBXYXGS',''),('000137','紫金财产保险股份有限公司','中资','ZJCCBXGFYX',''),('000138','百年人寿保险股份有限公司','中资','BNRSBXGFYX',''),('000139','日本兴亚财产保险（中国）有限责任公司','外资','RBXYCCBXZG',''),('000140','浙商财产保险股份有限公司','中资','ZSCCBXGFYX',''),('000141','中邮人寿保险股份有限公司','中资','ZYRSBXGFYX',''),('000142','信达财产保险股份有限公司','中资','XDCCBXGFYX',''),('000143','乐爱金财产保险（中国）有限公司','外资','LAJCCBXZGY',''),('000144','中融人寿保险股份有限公司','中资','ZRRSBXGFYX',''),('000145','安邦人寿保险股份有限公司','中资','ABRSBXGFYX',''),('000146','富邦财产保险有限公司','外资','FBCCBXYXGS',''),('000147','信利保险（中国）有限公司','外资','XLBXZGYXGS',''),('000148','泰山财产保险股份有限公司','中资','TSCCBXGFYX',''),('000149','锦泰财产保险股份有限公司','中资','JTCCBXGFYX',''),('000150','安邦资产管理有限责任公司','中资','ABZCGLYXZR',''),('000151','众诚汽车保险股份有限公司','中资','ZCQCBXGFYX',''),('000152','利安人寿保险股份有限公司','中资','LARSBXGFYX',''),('000153','生命保险资产管理有限公司','中资','SMBXZCGLYX',''),('000154','华泰财产保险有限公司','中资','HTCCBXYXGS',''),('000155','慈溪市龙山镇伏龙农村保险互助社','中资','CXSLSZFLNC',''),('000156','长江财产保险股份有限公司','中资','CJCCBXGFYX',''),('000157','华汇人寿保险股份有限公司','中资','HHRSBXGFYX',''),('000158','诚泰财产保险股份有限公司','中资','CTCCBXGFYX',''),('000159','安邦财产保险股份有限公司','中资','ABCCBXGFYX',''),('000160','前海人寿保险股份有限公司','中资','QHRSBXGFYX',''),('000161','光大永明资产管理股份有限公司','中资','GDYMZCGLGF',''),('000162','合众资产管理股份有限公司','中资','HZZCGLGFYX',''),('000163','富德财产保险股份有限公司','中资','FDCCBXGFYX',''),('000164','东吴人寿保险股份有限公司','中资','DWRSBXGFYX',''),('000165','鑫安汽车保险股份有限公司','中资','ZAQCBXGFYX',''),('000166','弘康人寿保险股份有限公司','中资','HKRSBXGFYX',''),('000167','珠江人寿保险股份有限公司','中资','ZJRSBXGFYX',''),('000168','吉祥人寿保险股份有限公司','中资','JXRSBXGFYX',''),('000169','复星保德信人寿保险有限公司','外资','FXBDXRSBXY',''),('000170','民生通惠资产管理有限公司','中资','MSTHZCGLYX',''),('000171','中韩人寿保险有限公司','外资','ZHRSBXYXGS',''),('000172','阳光资产管理股份有限公司','中资','YGZCGLGFYX',''),('000173','北部湾财产保险股份有限公司','中资','BBWCCBXGFY',''),('000174','中英益利资产管理股份有限公司','中资','ZYYLZCGLGF',''),('000175','中意资产管理有限责任公司','外资','ZYZCGLYXZR',''),('000176','德华安顾人寿保险有限公司','外资','DHAGRSBXYX',''),('000177','慈溪市龙山农村保险互助联社','中资','CXSLSNCBXH',''),('000178','华安财保资产管理有限责任公司','中资','HACBZCGLYX',''),('000179','众安在线财产保险股份有限公司','中资','ZAZXCCBXGF',''),('000180','中石油专属财产保险股份有限公司','中资','ZSYZSCCBXG',''),('000181','安邦养老保险股份有限公司','中资','ABYLBXGFYX',''),('000182','RGA美国再保险公司上海分公司','外资','RGAMGZBXGS',''),('000183','华海财产保险股份有限公司','中资','HHCCBXGFYX',''),('000184','太保安联健康保险股份有限公司','中资','TBALJKBXGF',''),('000185','燕赵财产保险股份有限公司','中资','YZCCBXGFYX',''),('000186','渤海人寿保险股份有限公司','中资','BHRSBXGFYX',''),('000187','恒邦财产保险股份有限公司','中资','HBCCBXGFYX',''),('000188','国联人寿保险股份有限公司','中资','GLRSBXGFYX',''),('000189','合众财产保险股份有限公司','中资','HZCCBXGFYX',''),('000190','上海人寿保险股份有限公司','中资','SHRSBXGFYX',''),('000191','长城财富资产管理股份有限公司','中资','CCCFZCGLGF',''),('000192','中路财产保险股份有限公司','中资','ZLCCBXGFYX',''),('000193','英大保险资产管理有限公司','中资','YDBXZCGLYX',''),('000194','华夏久盈资产管理有限责任公司','中资','HXJYZCGLYX',''),('000195','中原农业保险股份有限公司','中资','ZYNYBXGFYX',''),('000196','中国铁路财产保险自保有限公司','中资','ZGTLCCBXZB',''),('000197','富德保险控股股份有限公司','中资','FDBXKGGFYX',''),('37110000','友邦保险有限公司北京分公司','外资','YBBXYXGSBJ',''),('37310000','友邦保险有限公司上海分公司','外资','YBBXYXGSSH',''),('37320000','友邦保险有限公司江苏分公司','外资','YBBXYXGSJS',''),('37440000','友邦保险有限公司广东分公司','外资','YBBXYXGSGD',''),('37440300','友邦保险有限公司深圳分公司','外资','YBBXYXGSSZ',''),('37440700','友邦保险有限公司江门支公司','外资','YBBXYXGSJM',''),('37441900','友邦保险有限公司东莞支公司','外资','YBBXYXGSDZ',''),('999998','社保','','SB',''),('999999','其他（非保险公司）','','QTFBXGS','');
/*!40000 ALTER TABLE `d_ins_company` ENABLE KEYS */;
UNLOCK TABLES;

--
-- Table structure for table `d_isagree`
--

DROP TABLE IF EXISTS `d_isagree`;
/*!40101 SET @saved_cs_client     = @@character_set_client */;
/*!40101 SET character_set_client = utf8 */;
CREATE TABLE `d_isagree` (
  `CODE` varchar(30) COLLATE utf8_bin DEFAULT NULL,
  `NAME` varchar(600) COLLATE utf8_bin DEFAULT NULL,
  `PINYIN` varchar(30) COLLATE utf8_bin DEFAULT NULL,
  `PARENT_CODE` varchar(30) COLLATE utf8_bin DEFAULT NULL
) ENGINE=InnoDB DEFAULT CHARSET=utf8 COLLATE=utf8_bin;
/*!40101 SET character_set_client = @saved_cs_client */;

--
-- Dumping data for table `d_isagree`
--

LOCK TABLES `d_isagree` WRITE;
/*!40000 ALTER TABLE `d_isagree` DISABLE KEYS */;
/*!40000 ALTER TABLE `d_isagree` ENABLE KEYS */;
UNLOCK TABLES;

--
-- Table structure for table `d_job_category`
--

DROP TABLE IF EXISTS `d_job_category`;
/*!40101 SET @saved_cs_client     = @@character_set_client */;
/*!40101 SET character_set_client = utf8 */;
CREATE TABLE `d_job_category` (
  `CODE` varchar(10) COLLATE utf8_bin DEFAULT NULL,
  `NAME` varchar(200) COLLATE utf8_bin DEFAULT NULL,
  `ENUM_NAME` varchar(30) COLLATE utf8_bin DEFAULT NULL,
  `PINYIN` varchar(10) COLLATE utf8_bin DEFAULT NULL,
  `PARENT_CODE` varchar(10) COLLATE utf8_bin DEFAULT NULL
) ENGINE=InnoDB DEFAULT CHARSET=utf8 COLLATE=utf8_bin COMMENT='职业代码';
/*!40101 SET character_set_client = @saved_cs_client */;

--
-- Dumping data for table `d_job_category`
--

LOCK TABLES `d_job_category` WRITE;
/*!40000 ALTER TABLE `d_job_category` DISABLE KEYS */;
INSERT INTO `d_job_category` VALUES ('0001001','内勤人员','','NQRY',''),('0001002','外勤人员','','WQRY',''),('0001003','企事业单位负责人','','QSYDWFZR',''),('0001004','私营企业主(不亲自作业)','','SYQYZ(BQZZ',''),('0001005','企事业单位部门经理主管(不亲自作业)','','QSYDWBMJLZ',''),('0001006','村委会、居委会人员','','CWHJWHRY',''),('0001007','工商税务城管人员','','GSSWCGRY',''),('0101001','农场经营者(不亲自作业)','','NCJYZ(BQZZ',''),('0101002','农夫','','NF',''),('0101003','长短工','','CDG',''),('0101004','果农','','GN',''),('0101005','苗圃栽培人员','','MPZPRY',''),('0101006','花圃栽培人员','','HPZPRY',''),('0101007','饲养家禽家畜人员','','SYJQJXRY',''),('0101008','农业技术人员','','NYJSRY',''),('0101009','农业机械操作修理人员','','NYJXCZXLRY',''),('0101010','农具商','','NJS',''),('0101011','农业试验人员','','NYSYRY',''),('0101012','天然橡胶剑麻种植人员','','TRXJJMZZRY',''),('0101013','割胶工人','','GJGR',''),('0101014','采茶工人','','CCGR',''),('0101015','茶叶蔬菜加工人员','','CYSCJGRY',''),('0101016','竹藤麻棕草制品原料加工人员','','ZTMZCZPYLJ',''),('0101017','特种植物原料加工人员','','TZZWYLJGRY',''),('0101018','棉花加工人员','','MHJGRY',''),('0101019','特种养殖(蜂蛇鳄鱼)人员','','TZYZ(FSZY)',''),('0101020','山核桃采摘人员','','SHTCZRY',''),('0101021','沼气生产管理人员','','ZQSCGLRY',''),('0101022','沼气工程施工人员','','ZQGCSGRY',''),('0101023','沼气设备安装调试检修人员','','ZQSBAZDSJX',''),('0101024','农用太阳能设施人员','','NYTYNSSRY',''),('0102001','畜牧场经营者(不亲自作业)','','XMCJYZ(BQZ',''),('0102002','畜牧工作人员','','XMGZRY',''),('0102003','实验动物饲养人员','','SYDWSYRY',''),('0102004','兽医','','SY',''),('0102005','动物检疫检验化验人员','','DWJYJYHYRY',''),('0102006','牧草培育加工人员','','MCPYJGRY',''),('0201001','渔场经营者(不亲自作业)','','YCJYZ(BQZZ',''),('0201002','渔场经营者(亲自作业)','','YCJYZ(QZZY',''),('0201003','养殖工人(内陆)','','YZGR(NL)',''),('0201004','养殖工人(沿海)','','YZGR(YH)',''),('0201005','水族馆经营者','','SZGJYZ',''),('0201006','捕鱼人(内陆)','','BYR(NL)',''),('0201008','水产实验人员(室内)','','SCSYRY(SN)',''),('0201013','水产实验人员(室外)','','SCSYRY(SW)',''),('0201009','沿海作业渔民','','YHZYYM',''),('0201010','水（海）产品加工人员','','SHCPJGRY',''),('0201011','水生动植物采集人员','','SSDZWCJRY',''),('0201012','渔网具装配人员','','YWJZPRY',''),('0202001','远洋渔船船员','','YYYCCY',''),('0202002','近海渔船船员','','JHYCCY',''),('0301001','领班','','LB',''),('0301002','监工','','JG',''),('0301003','伐木工人','','FMGR',''),('0301004','锯木工人','','JMGR',''),('0301005','运材人员','','YCRY',''),('0301006','起重机之操作人','','QZJZCZR',''),('0301007','装运工人','','ZYGR',''),('0302001','木材工厂现场之职员','','MCGCXCZZY',''),('0302002','领班','','LB',''),('0302003','分级员','','FJY',''),('0302004','检查员','','JCY',''),('0302005','标记员','','BJY',''),('0302006','磅秤员','','BCY',''),('0302007','锯木工人','','JMGR',''),('0302008','防腐剂工人','','FFJGR',''),('0302009','木材储藏槽工人','','MCCCCGR',''),('0302010','木材搬运工人','','MCBYGR',''),('0302011','吊车操作人员','','DCCZRY',''),('0302018','木材干燥工人','','MCGZGR',''),('0302019','木材供应站管理人员','','MCGYZGLRY',''),('0302020','木材供应站营业人员','','MCGYZYYRY',''),('0302021','仓库管理员','','CKGLY',''),('0302012','胶合板制造工人','','JHBZZGR',''),('0302013','纤维板制造工人','','XWBZZGR',''),('0302014','刨花板制造工人','','PHBZZGR',''),('0302015','人造板制胶工人','','RZBZJGR',''),('0302016','装饰层压板工人','','ZSCYBGR',''),('0302017','人造板饰面工人','','RZBSMGR',''),('0812001','技师','','JS',''),('0812002','领班，监工','','LBJG',''),('0812004','木制家俱制造工人','','MZJJZZGR',''),('0812005','木制家俱制造修理工','','MZJJZZXLG',''),('0812006','金属家俱制造工人','','JSJJZZGR',''),('0812007','金属家俱修理工','','JSJJXLG',''),('0812008','手工木工','','SGMG',''),('0812009','机械木工','','JXMG',''),('0812010','精细木工','','JXMG',''),('0303001','领班','','LB',''),('0303002','山地造林工人','','SDZLGR',''),('0303003','山林管理人员','','SLGLRY',''),('0303004','森林防火人员','','SLFHRY',''),('0303005','树木育苗人员','','SMYMRY',''),('0303006','实验室育苗栽培人员','','SYSYMZPRY',''),('0303007','森林病虫害防治人员','','SLBCHFZRY',''),('0706001','地质探测员(山区，海上)','','DZTCY(SQHS',''),('0706002','地质探测员(平地)','','DZTCY(PD)',''),('0706011','工程师','','GCS',''),('0706012','钻探工人','','ZTGR',''),('0706013','坑探工人','','KTGR',''),('0706014','物探工人','','WTGR',''),('0706015','地震物探爆炸工人','','DZWTBZGR',''),('0706016','采样工人','','CYGR',''),('0706017','海洋地质取样工人','','HYDZQYGR',''),('0706018','海洋土质实验工人','','HYTZSYGR',''),('0706019','固体岩矿碎样工人','','GTYKSYGR',''),('0706020','岩矿古生物样品磨片工人','','YKGSWYPMPG',''),('0706021','重沙样品淘洗工人','','ZSYPTXGR',''),('0706022','劈岩保管工人','','PYBGGR',''),('0706023','大地工程测量人员','','DDGCCLRY',''),('0706024','摄影测量人员','','SYCLRY',''),('0706025','地图制图人员','','DTZTRY',''),('0706026','地籍测绘人员','','DJCHRY',''),('0706027','海洋测绘人员(非海上作业)','','HYCHRY(FHS',''),('0706028','海洋测绘人员(海上作业)','','HYCHRY(HSZ',''),('0402001','经营者(不到现场者)','','JYZ(BDXCZ)',''),('0402007','经营者(现场监督者)','','JYZ(XCJDZ)',''),('0402003','经理人员','','JLRY',''),('0402004','矿业工程师技师领班','','KYGCSJSLB',''),('0402005','地面采矿工人','','DMCKGR',''),('0402006','工矿安全人员','','GKAQRY',''),('0401001','井下采矿工人','','JXCKGR',''),('0401002','支护工人','','ZHGR',''),('0401003','矿物采掘爆破工人','','KWCJBPGR',''),('0401004','矿井开掘工人','','KJKJGR',''),('0401005','露天采矿挖掘机司机','','LTCKWJJSJ',''),('0401006','钻孔机司机','','ZKJSJ',''),('0401007','井筒冻结工人','','JTDJGR',''),('0401008','矿山提升机架空索道绞车等操作工人','','KSTSJJKSDJ',''),('0401009','矿井机车运输工人','','KJJCYSGR',''),('0401010','矿井通风工人','','KJTFGR',''),('0401011','矿山检查验收人员','','KSJCYSRY',''),('0401012','矿工头灯充电人员','','KGTDCDRY',''),('0401013','矿灯自救器管理人员','','KDZJQGLRY',''),('0401014','火药雷管管理工','','HYLGGLG',''),('0401015','矿山井下抢险救灾人员','','KSJXQXJZRY',''),('0401016','筛选破碎工人','','SXPSGR',''),('0401017','重力选矿工人','','ZLXKGR',''),('0401018','浮选工人','','FXGR',''),('0401019','磁选工人','','CXGR',''),('0401020','选矿脱水工人','','XKTSGR',''),('0401021','尾矿处理工人','','WKCLGR',''),('0401022','磨矿工人','','MKGR',''),('0401023','水煤浆制备工人','','SMJZBGR',''),('0401024','动力配煤工人','','DLPMGR',''),('0401025','工业型煤加工人员','','GYXMJGRY',''),('0401026','海盐晒制工人','','HYSZGR',''),('0401027','海盐采收工人','','HYCSGR',''),('0401028','湖盐采掘船工人','','HYCJCGR',''),('0401029','湖盐采掘爆破工人','','HYCJBPGR',''),('0401030','湖盐脱水工人','','HYTSGR',''),('0401031','驳筑集拆坨盐工人','','BZJCZYGR',''),('0401032','井矿盐采卤工人','','JKYCLGR',''),('0401033','井矿盐卤水净化工人','','JKYLSJHGR',''),('0401034','真空制盐工人','','ZKZYGR',''),('0401035','冷冻提硝工人','','LDTXGR',''),('0401036','苦卤综合利用工人','','KLZHLYGR',''),('0401037','精制盐工人','','JZYGR',''),('0403001','所有作业人员','','SYZYRY',''),('0405001','行政人员','','XZRY',''),('0405002','工程师','','GCS',''),('0405003','技术员','','JSY',''),('0405004','油气井清洁保养修护工','','YQJQJBYXHG',''),('0405005','钻勘设备装修保养工','','ZKSBZXBYG',''),('0405006','钻油井工人','','ZYJGR',''),('0405007','钻井设备井架安装工人','','ZJSBJJAZGR',''),('0405008','油气井测试工人','','YQJCSGR',''),('0405009','采油气工人','','CYQGR',''),('0405010','井下作业工人','','JXZYGR',''),('0405011','天然气净化工人','','TRQJHGR',''),('0405012','油气输送工人','','YQSSGR',''),('0405013','油气管道保护工人','','YQGDBHGR',''),('0405014','采油化验工','','CYHYG',''),('0405015','综合录井工','','ZHLJG',''),('0405016','气测工','','QCG',''),('0405017','注水员','','ZSY',''),('0404001','采石业工人','','CSYGR',''),('0404005','采石业工人(从事凿眼、放炮、破料等)','','CSYGR(CSZY',''),('0404002','采砂业工人','','CSYGR',''),('0404003','采砂石厂管理人员','','CSSCGLRY',''),('0404004','淘金工人','','TJGR',''),('0501001','计程，货运行业负责人(不驾驶)','','JCHYXYFZR(',''),('0501002','外务员','','WWY',''),('0501003','内勤工作人员','','NQGZRY',''),('0501004','自用小客车司机','','ZYXKCSJ',''),('0501005','自用大客车司机','','ZYDKCSJ',''),('0501006','计程车司机','','JCCSJ',''),('0501007','游览车司机及服务员','','YLCSJJFWY',''),('0501008','客运车司机及服务员','','KYCSJJFWY',''),('0501009','小型客货两用车司机','','XXKHLYCSJ',''),('0501010','自用货车司机，随车工人','','ZYHCSJSCGR',''),('0501011','人力三轮车夫','','RLSLCF',''),('0501012','拖拉机驾驶人员','','TLJJSRY',''),('0501013','机动三轮车人员','','JDSLCRY',''),('0501014','柜台售票员','','GTSPY',''),('0501015','客运车稽核人员','','KYCJHRY',''),('0501016','营业用货车司机','','YYYHCSJ',''),('0501017','营业用货车随车工人','','YYYHCSCGR',''),('0501018','搬运工人','','BYGR',''),('0501019','砂石车司机，随车工人','','SSCSJSCGR',''),('0501020','工程卡车人员','','GCKCRY',''),('0501021','液化气油罐车司机,随车人员','','YHQYGCSJ,S',''),('0501022','货柜车司机，随车工人','','HGCSJSCGR',''),('0501023','缆车操作员','','LCCZY',''),('0501024','执摩托车驾照者','','ZMTCJZZ',''),('0501025','营业用摩托车驾驶员','','YYYMTCJSY',''),('0501026','公交车司机及售票员','','GJCSJJSPY',''),('0501027','路桥收费站收费员','','LQSFZSFY',''),('0501028','路桥收费站执勤员','','LQSFZZQY',''),('0501029','汽车运输调度员','','QCYSDDY',''),('0501030','汽车货运站务员','','QCHYZWY',''),('0502001','站长','','ZC',''),('0502002','票房工作人员','','PFGZRY',''),('0502003','播音员','','BYY',''),('0502004','一般内勤人员','','YBNQRY',''),('0502005','车站剪票员','','CZJPY',''),('0502006','服务台人员','','FWTRY',''),('0502007','月台工作人员','','YTGZRY',''),('0502008','行李搬运工人','','XLBYGR',''),('0502009','车站清洁工人','','CZQJGR',''),('0502010','随车人员(技术人员除外)','','SCRY(JSRYC',''),('0502011','机车贺驶员','','JCHSY',''),('0502012','机车燃料填充员','','JCRLTCY',''),('0502013','机工','','JG',''),('0502014','电工','','DG',''),('0502015','修设厂厂长','','XSCCC',''),('0502016','修设厂一般内勤','','XSCYBNQ',''),('0502017','修设厂工程师','','XSCGCS',''),('0502018','修设厂技工','','XSCJG',''),('0502019','修路工','','XLG',''),('0502020','铁路维护工','','TLWHG',''),('0502021','铁路平交道看守人员','','TLPJDKSRY',''),('0502022','铁路货运领班','','TLHYLB',''),('0502023','铁路货运搬运工人','','TLHYBYGR',''),('0502024','发电车乘务员','','FDCCWY',''),('0502025','铁路信号工人','','TLXHGR',''),('0502026','铁路通讯工人','','TLTXGR',''),('0502027','乘警','','CJ',''),('0502028','仓库管理员','','CKGLY',''),('0503001','客货轮船长','','KHLCC',''),('0503002','客货轮机长和高级船员','','KHLJCHGJCY',''),('0503003','客货轮大副','','KHLDF',''),('0503004','客货轮二副','','KHLEF',''),('0503005','客货轮三副','','KHLSF',''),('0503006','客货轮大管轮','','KHLDGL',''),('0503007','客货轮二管轮','','KHLEGL',''),('0503008','客货轮三管轮','','KHLSGL',''),('0503009','客货轮报务员','','KHLBWY',''),('0503010','客货轮事务长','','KHLSWC',''),('0503011','客货轮医务人员及一般船员','','KHLYWRYJYB',''),('0503012','客货轮水手长','','KHLSSC',''),('0503013','客货轮水手','','KHLSS',''),('0503014','客货轮铜匠','','KHLTJ',''),('0503015','客货轮木匠','','KHLMJ',''),('0503016','客货轮泵匠','','KHLBJ',''),('0503017','客货轮电机师','','KHLDJS',''),('0503018','客货轮厨师','','KHLCS',''),('0503019','客货轮服务生','','KHLFWS',''),('0503020','客货轮实习生','','KHLSXS',''),('0503021','游览船工作人员','','YLCGZRY',''),('0503022','小汽艇工作人员','','XQTGZRY',''),('0503023','码头工人及领班','','MTGRJLB',''),('0503024','推高机操作员','','TGJCZY',''),('0503025','港口仓库管理人','','GKCKGLR',''),('0503026','港口作业领航员','','GKZYLHY',''),('0503027','港口作业引水人','','GKZYYSR',''),('0503028','港口作业业务人员','','GKZYYWRY',''),('0503029','港口作业稽查人员','','GKZYJCRY',''),('0503030','港口作业缉私人员','','GKZYJSRY',''),('0503031','拖船驾驶及工作人员','','TCJSJGZRY',''),('0503032','渡轮驾驶及工作人员','','DLJSJGZRY',''),('0503033','救难船员','','JNCY',''),('0503034','港口门吊操作人员','','GKMDCZRY',''),('0503035','潜水员','','QSY',''),('0503036','船舶机工','','CBJG',''),('0503037','船舶轮机员','','CBLJY',''),('0503038','船舶加油','','CBJY',''),('0503039','无线电航标操作工','','WXDHBCZG',''),('0503040','视觉航标工(灯塔航标维护保养)','','SJHBG(DTHB',''),('0503041','港口维护工(码头维修水面防污)','','GKWHG(MTWX',''),('0503042','航道航务施工工人','','HDHWSGGR',''),('0504001','航空站站长','','HKZZC',''),('0504002','航空站播音员','','HKZBYY',''),('0504003','航空站服务室人员','','HKZFWSRY',''),('0504004','航空站一般内勤','','HKZYBNQ',''),('0504005','航空站塔室工作人员','','HKZTSGZRY',''),('0504006','航空站业务人员','','HKZYWRY',''),('0504007','航空站检查人员','','HKZJCRY',''),('0504008','航空站运务人员','','HKZYWRY',''),('0504009','航空站缉私人员','','HKZJSRY',''),('0504010','航空站内清洁工人','','HKZNQJGR',''),('0504011','机场内交通车司机','','JCNJTCSJ',''),('0504012','航空行李货运搬运员','','HKXLHYBYY',''),('0504014','飞机洗刷人员(外)','','FJXSRY(W)',''),('0504013','加添燃料员','','JTRLY',''),('0504015','航空清洁工(内)','','HKQJG(N)',''),('0504016','航空跑道维护工','','HKPDWHG',''),('0504017','航空站机械员','','HKZJXY',''),('0504018','民用航空器修理维护人员','','MYHKQXLWHR',''),('0504019','航空公司办事处人员','','HKGSBSCRY',''),('0504020','航空公司票务人员','','HKGSPWRY',''),('0504021','机场柜台人员','','JCGTRY',''),('0504022','航空公司清仓员','','HKGSQCY',''),('0504023','航空货运一般内勤','','HKHYYBNQ',''),('0504024','航空货运外务人员','','HKHYWWRY',''),('0504025','航空货运报关人员','','HKHYBGRY',''),('0504026','航空货运理货员','','HKHYLHY',''),('0504027','民航机飞行员','','MHJFXY',''),('0504028','机上服务员','','JSFWY',''),('0504029','直升机飞行员','','ZSJFXY',''),('0504030','航空通信雷达导航员','','HKTXLDDHY',''),('0504031','航空通信雷达设备维护人员','','HKTXLDSBWH',''),('0504032','航空摄影人员','','HKSYRY',''),('0504033','航空器材员','','HKQCY',''),('0504034','航空气象员','','HKQXY',''),('0701001','建筑师','','JZS',''),('0701002','制图员','','ZTY',''),('0701003','内勤工作人员','','NQGZRY',''),('0701004','测量员','','CLY',''),('0701005','工程师','','GCS',''),('0701006','监工','','JG',''),('0701007','业务员','','YWY',''),('0701008','引导员','','YDY',''),('0701009','建筑工人领班(不参与工作)','','JZGRLB(BCY',''),('0701022','承包商(不亲自作业,偶尔去现场巡视,若亲自作业请参照具体工种)','','CBS(BQZZY,',''),('0701033','短工','','DG',''),('0701018','鹰架架设工人','','YJJSGR',''),('0701035','凿岩工人','','ZYGR',''),('0701036','爆破工人','','BPGR',''),('0701037','土石方机械操作工人(推土机铲运机挖掘机打桩机驾驶操作人员)','','TSFJXCZGR(',''),('0701038','砌筑工人','','QZGR',''),('0701012','泥水匠','','NSJ',''),('0701023','磨石工人','','MSGR',''),('0701024','洗石工人','','XSGR',''),('0701039','混凝土工人','','HNTGR',''),('0701040','混凝土制品模具工人','','HNTZPMJGR',''),('0701041','钢筋工人','','GJGR',''),('0701013','混凝土混合机操作员','','HNTHHJCZY',''),('0701042','防渗墙工人','','FSQGR',''),('0701027','排水工程人员','','PSGCRY',''),('0701028','防水工程员','','FSGCY',''),('0705001','设计制图人员','','SJZTRY',''),('0705002','地毯之装设人员','','DTZZSRY',''),('0705003','室内装璜人员','','SNZZRY',''),('0705004','室外装璜人员(高空)','','SWZZRY(GK)',''),('0705005','承包商，监工','','CBSJG',''),('0705006','装饰装修工人','','ZSZXGR',''),('0705007','室内成套设备装饰工人','','SNCTSBZSGR',''),('0701011','木匠(室内)','','MJ(SN)',''),('0701029','木匠(室外及高空)','','MJ(SWJGK)',''),('0701014','建筑油漆工(室内)','','JZYQG(SN)',''),('0701030','建筑油漆工(室外及高空)','','JZYQG(SWJG',''),('0701015','建筑水电工(室内)','','JZSDG(SN)',''),('0701031','建筑水电工(地下)','','JZSDG(DX)',''),('0701019','建筑焊工(室内)','','JZHG(SN)',''),('0701034','建筑焊工(室外及高空)','','JZHG(SWJGK',''),('0701026','铝铁门窗装修工人','','LTMCZXGR',''),('0701025','安装工人(室外及高空)','','AZGR(SWJGK',''),('0701043','石棉瓦浪板安装工人','','SMWLBAZGR',''),('0701044','玻璃幕墙安装工人','','BLMQAZGR',''),('0701045','水暧工','','SZG',''),('0701046','古建筑结构施工工人','','GJZJGSGGR',''),('0701047','古建筑装饰工人','','GJZZSGR',''),('0702001','工程师','','GCS',''),('0702002','领班，监工','','LBJG',''),('0702004','道路工程机械操作员','','DLGCJXCZY',''),('0702005','道路工程车辆驾驶员','','DLGCCLJSY',''),('0702006','山地铺设工人','','SDPSGR',''),('0702007','平地铺设工人','','PDPSGR',''),('0702008','维护工人','','WHGR',''),('0702009','电线架设及维护工人','','DXJSJWHGR',''),('0702010','管道铺设及维护工人','','GDPSJWHGR',''),('0702011','高速公路工程人员','','GSGLGCRY',''),('0702012','线桥专用机械操作工人','','XQZYJXCZGR',''),('0702013','铁路舟桥工人','','TLZQGR',''),('0702014','道岔制修工人','','DCZXGR',''),('0702015','枕木处理工人','','ZMCLGR',''),('0706006','桥梁工程人员','','QLGCRY',''),('0706007','隧道工程人员','','SDGCRY',''),('0704001','电梯升降机安装工人','','DTSJJAZGR',''),('0704002','电梯升降机修理及维护工人','','DTSJJXLJWH',''),('0704003','电梯操作员(不包括矿场使用者)','','DTCZY(BBKK',''),('0704004','机械设备安装工人','','JXSBAZGR',''),('0704005','电气设备安装工人','','DQSBAZGR',''),('0704006','管工','','GG',''),('0704007','防火系统报警器安装人员','','FHXTBJQAZR',''),('0704008','起重装卸机操作工人','','QZZXJCZGR',''),('0704009','起重工人','','QZGR',''),('0704010','输送机操作工人','','SSJCZGR',''),('0704011','闸门运行工人','','ZMYXGR',''),('0704012','索道运输机械操作工人','','SDYSJXCZGR',''),('0701020','建筑工程车辆驾驶员','','JZGCCLJSY',''),('0701021','建筑工程车辆机械操作员','','JZGCCLJXCZ',''),('0706003','工地看守员','','GDKSY',''),('0706004','海湾港口工程人员','','HWGKGCRY',''),('0706008','潜水工作人员','','QSGZRY',''),('0706009','爆破工作人员','','BPGZRY',''),('0706010','挖泥船工人','','WNCGR',''),('0806001','工程师','','GCS',''),('0806002','技师','','JS',''),('0806003','领班','','LB',''),('0806004','工人','','GR',''),('0806006','采掘工','','CJG',''),('0806007','水泥生产制造工人','','SNSCZZGR',''),('0806008','水泥制品工人','','SNZPGR',''),('0806009','石灰石焙烧工人','','SHSBSGR',''),('0806010','砖瓦生产工人','','ZWSCGR',''),('0806011','加气混凝土制造工人','','JQHNTZZGR',''),('0806012','纸面石膏板生产工人','','ZMSGBSCGR',''),('0806013','石膏浮雕板工人','','SGFDBGR',''),('0806014','监工(不参与制造过程)','','JG(BCYZZGC',''),('0806015','装饰石材生产工人','','ZSSCSCGR',''),('0806016','油毡生产工人','','YZSCGR',''),('0806017','高分子防水卷材生工人','','GFZFSJCSGR',''),('0806018','保温材料生产工人','','BWCLSCGR',''),('0806019','吸音材料生产工人','','XYCLSCGR',''),('0806020','珍珠岩制造工人','','ZZYZZGR',''),('0806021','耐火材料技师','','NHCLJS',''),('0806022','耐火原材料加工工人','','NHYCLJGGR',''),('0806023','耐火材料成型工人','','NHCLCXGR',''),('0806024','耐火材料烧成工人','','NHCLSCGR',''),('0806025','耐火制品浸油工人','','NHZPJYGR',''),('0806026','耐火纤维制品工人','','NHXWZPGR',''),('0801001','技师','','JS',''),('0801002','工程师','','GCS',''),('0801003','领班，监工','','LBJG',''),('0801004','一般工人','','YBGR',''),('0801005','冶炼风机工人','','YLFJGR',''),('0801006','烧结球团原料工人','','SJQTYLGR',''),('0801007','烧结工人','','SJGR',''),('0801008','球团焙烧工人','','QTBSGR',''),('0801009','绕结成品工人','','RJCPGR',''),('0801010','高炉原料工人','','GLYLGR',''),('0801011','高炉炉前工人','','GLLQGR',''),('0801012','高炉运转工人','','GLYZGR',''),('0801013','炼钢原料工人','','LGYLGR',''),('0801014','平炉炼钢工人','','PLLGGR',''),('0801015','转炉炼钢工人','','ZLLGGR',''),('0801016','电炉炼钢工人','','DLLGGR',''),('0801017','炼钢浇铸工人','','LGJZGR',''),('0801018','炼钢准备工人','','LGZBGR',''),('0801019','整脱模工人','','ZTMGR',''),('0801020','铁合金原料工人','','THJYLGR',''),('0801021','铁合金电炉治炼工人','','THJDLZLGR',''),('0801022','铁合金焙烧工人','','THJBSGR',''),('0801023','铁合金湿法治工人','','THJSFZGR',''),('0801024','铁合金炉外法治炼工人','','THJLWFZLGR',''),('0801025','重冶备料工人','','ZYBLGR',''),('0801026','焙烧工人','','BSGR',''),('0801027','火法冶炼工人','','HFYLGR',''),('0801028','湿法冶炼钢工人','','SFYLGGR',''),('0801029','电解精炼工人','','DJJLGR',''),('0801030','烟气制酸工人','','YQZSGR',''),('0801031','氧化铝制取工人','','YHLZQGR',''),('0801032','铝电解工人','','LDJGR',''),('0801033','镁冶炼工人','','MYLGR',''),('0801034','硅冶炼工人','','GYLGR',''),('0801035','钨钽钛等稀贵金属冶炼工人','','WZZDXGJSYL',''),('0801036','半导体材料制造人员','','BDTCLZZRY',''),('0801037','轧制原料工人','','ZZYLGR',''),('0801038','金属轧制工人','','JSZZGR',''),('0801039','酸洗工人','','SXGR',''),('0801040','金属材料涂层工人','','JSCLTCGR',''),('0801041','金属材料热处理工人','','JSCLRCLGR',''),('0801042','焊管工人','','HGGR',''),('0801043','精整工人','','JZGR',''),('0801044','金属材料丝拉拔工人','','JSCLSLBGR',''),('0801045','金属挤压工人','','JSJYGR',''),('0801046','铸轧工人','','ZZGR',''),('0801047','钢丝绳制造工人','','GSSZZGR',''),('0801048','铸管备品工人','','ZGBPGR',''),('0801049','铸管工人','','ZGGR',''),('0801050','铸管精修工人','','ZGJXGR',''),('0801051','硬质合金混合料制备工人','','YZHJHHLZBG',''),('0801052','硬质合金成型工人','','YZHJCXGR',''),('0801053','硬质合金烧结工人','','YZHJSJGR',''),('0801054','硬质合金精加工工人','','YZHJJJGGR',''),('0801055','碳素制品生产人员','','TSZPSCRY',''),('0802001','领班','','LB',''),('0802002','钣金工人','','ZJGR',''),('0802003','质量检验人员','','ZLJYRY',''),('0802019','工程师','','GCS',''),('0802005','装配工人','','ZPGR',''),('0802006','焊接工人','','HJGR',''),('0802007','车床工人(全自动)','','CCGR(QZD)',''),('0802008','车床工人(其他)','','CCGR(QT)',''),('0802009','铸造工人','','ZZGR',''),('0802010','锅炉工人','','GLGR',''),('0802011','水电工人','','SDGR',''),('0802013','铁工厂工人','','TGCGR',''),('0802012','铅字铸造工人','','QZZZGR',''),('0802014','机械厂工人','','JXCGR',''),('0802015','电镀工人','','DDGR',''),('0802016','铣床工人','','XCGR',''),('0802017','剪床工人','','JCGR',''),('0802018','冲床工人','','CCGR',''),('0802004','拉床工人','','LCGR',''),('0802020','锯床工人','','JCGR',''),('0802021','钻床工人','','ZCGR',''),('0802022','刨工','','PG',''),('0802023','磨工','','MG',''),('0802024','镗工','','ZG',''),('0802025','制齿工人','','ZCGR',''),('0802026','组合机床操作工人','','ZHJCCZGR',''),('0802027','加工中心操作工人','','JGZXCZGR',''),('0802028','螺丝纹挤形工人','','LSWJXGR',''),('0802029','刃具扭制工人','','RJNZGR',''),('0802030','弹性元件制造工人','','DXYJZZGR',''),('0802031','抛磨光工人','','PMGGR',''),('0802032','锻造工人','','DZGR',''),('0802033','金属热处理工人','','JSRCLGR',''),('0802034','粉末冶金制造工人','','FMYJZZGR',''),('0802035','电切削工人','','DQXGR',''),('0802036','磨料制造工人','','MLZZGR',''),('0802037','磨具制造工人','','MJZZGR',''),('0802038','电焊条制造工人','','DHTZZGR',''),('0802039','仪器仪表元件制造工人','','YQYBYJZZGR',''),('0802040','真空干燥处理工人','','ZKGZCLGR',''),('0802041','人造宝石制造工人','','RZBSZZGR',''),('0802042','行车司机及指挥人员','','XCSJJZHRY',''),('0803001','工程师(负责人)','','GCS(FZR)',''),('0803002','技师','','JS',''),('0803003','领班，监工','','LBJG',''),('0803004','工程师','','GCS',''),('0803005','装配工','','ZPG',''),('0803007','包装工人','','BZGR',''),('0803008','一般制造工人','','YBZZGR',''),('0803009','质量检验人员','','ZLJYRY',''),('0803010','真空电子器件化学零件制造工人','','ZKDZQJHXLJ',''),('0803011','真空电子器件金属零件制造工人','','ZKDZQJJSLJ',''),('0803012','真空电子器件装配调试工人','','ZKDZQJZPDS',''),('0803013','电极丝制造工人','','DJSZZGR',''),('0803014','电子真空镀膜工人','','DZZKDMGR',''),('0803015','液晶显视器件制造工人','','YJXSQJZZGR',''),('0803016','单晶片加工工人','','DJPJGGR',''),('0803017','半导体芯片制造工人','','BDTXPZZGR',''),('0803018','半导体分立器件集成电路装调工人','','BDTFLQJJCD',''),('0803019','电子用水制备工人','','DZYSZBGR',''),('0803020','电阻器制造工人','','DZQZZGR',''),('0803021','电容器制造工人','','DRQZZGR',''),('0803022','微波铁氧体元器件制造工人','','WBTYTYQJZZ',''),('0803023','石英晶体生长设备操作工人','','SYJTSCSBCZ',''),('0803024','压电石英晶片加工工人','','YDSYJPJGGR',''),('0803025','石英晶体元器件制造工人','','SYJTYQJZZG',''),('0803026','电声器件制造工人','','DSQJZZGR',''),('0803027','水声换能器制造工人','','SSHNQZZGR',''),('0803028','专用继电器制造工人','','ZYJDQZZGR',''),('0803029','高频电感器件制造工人','','GPDGQJZZGR',''),('0803030','接插件制造工人','','JCJZZGR',''),('0803031','磁头制造工人','','CTZZGR',''),('0803032','电子产品制版工人','','DZCPZBGR',''),('0803033','印制电路制作工人','','YZDLZZGR',''),('0803034','薄膜加热器制造工人','','BMJRQZZGR',''),('0807005','电池制造(技师)','','DCZZ(JS)',''),('0803035','铅酸电池制造工人','','QSDCZZGR',''),('0803036','碱性电池制造工人','','JXDCZZGR',''),('0803037','原电池制造工人','','YDCZZGR',''),('0803038','热电池制造工人','','RDCZZGR',''),('0803039','太阳电池制造工人','','TYDCZZGR',''),('0803040','无线电设备机械装校工人','','WXDSBJXZXG',''),('0803041','电子设备装配工人','','DZSBZPGR',''),('0803042','无线电调试工人','','WXDDSGR',''),('0803043','雷达装配工人','','LDZPGR',''),('0803044','雷达调试工人','','LDDSGR',''),('0803045','电子精密机械装调工人','','DZJMJXZDGR',''),('0803046','电子计算机调试工人','','DZJSJDSGR',''),('0803047','有线通信传输设备调试工人','','YXTXCSSBDS',''),('0803048','通讯交换设备调试工人','','TXJHSBDSGR',''),('0803049','电源调试工人','','DYDSGR',''),('0803050','激光机装调工人','','JGJZDGR',''),('0803051','激光全息工人','','JGQXGR',''),('0803052','铁路通信组调工人','','TLTXZDGR',''),('0803053','铁路信号组调工人','','TLXHZDGR',''),('0803054','铁路电控组调工人','','TLDKZDGR',''),('0803055','电子计算机维修工人','','DZJSJWXGR',''),('0803056','家电用品维修人员','','JDYPWXRY',''),('0803006','修理工','','XLG',''),('0804001','工程师','','GCS',''),('0804002','技师','','JS',''),('0804003','领班，监工','','LBJG',''),('0804004','质量检验人员','','ZLJYRY',''),('0804006','有关高压电之工作人员','','YGGYDZGZRY',''),('0804009','仓库管理人员','','CKGLRY',''),('0804010','基础件部件装配工人','','JCJBJZPGR',''),('0804011','装配钳工','','ZPQG',''),('0804012','工具钳工','','GJQG',''),('0804013','汽轮机装配工人','','QLJZPGR',''),('0804014','内燃机装配工人','','NRJZPGR',''),('0804015','电机装配工人','','DJZPGR',''),('0804016','铁心叠装工人','','TXDZGR',''),('0804017','绝缘制品件装配工人','','JYZPJZPGR',''),('0804018','线圈绕制工人','','XQRZGR',''),('0804019','绝缘处理浸渍工人','','JYCLJZGR',''),('0804020','变压器互感器装配工人','','BYQHGQZPGR',''),('0804021','高低压电器装配工人','','GDYDQZPGR',''),('0804022','电焊机装配工人','','DHJZPGR',''),('0804023','电炉装配工人','','DLZPGR',''),('0804024','电子专用设备装调工人','','DZZYSBZDGR',''),('0804025','真空测试工人','','ZKCSGR',''),('0804026','仪表仪器元件安装工人','','YBYQYJAZGR',''),('0804027','仪表仪器装调工人','','YBYQZDGR',''),('0804028','仪表仪器装配工人','','YBYQZPGR',''),('0804029','仪表仪器修理工人','','YBYQXLGR',''),('0809001','工程师','','GCS',''),('0809002','技师','','JS',''),('0809003','汽车拖拉机装配工人','','QCTLJZPGR',''),('0809004','自行车助动车装配工人','','ZXCZDCZPGR',''),('0809005','汽车拖拉机修理工人','','QCTLJXLGR',''),('0809006','自行车助动车修理工人','','ZXCZDCXLGR',''),('0809007','领班，监工','','LBJG',''),('0809008','试车人员','','SCRY',''),('0809009','铁路机车车辆机械制修工人','','TLJCCLJXZX',''),('0809010','铁路机车车辆电气装修工人','','TLJCCLDQZX',''),('0809011','铁路机车车辆制动修造工人','','TLJCCLZDXZ',''),('0809012','电机车装配工人','','DJCZPGR',''),('0809013','摩托车装配工人','','MTCZPGR',''),('0703001','工程师','','GCS',''),('0703002','领班，监工','','LBJG',''),('0703003','船体制造工人','','CTZZGR',''),('0703004','拆船工人','','CCGR',''),('0703005','船舶轮机装配工人','','CBLJZPGR',''),('0703006','船舶电气装配工人','','CBDQZPGR',''),('0703007','船舶附件制造工人','','CBFJZZGR',''),('0703008','船舶木塑帆缆工人','','CBMSFLGR',''),('0703009','船模制造试验工人','','CMZZSYGR',''),('0703010','船舶修理工人','','CBXLGR',''),('0816001','技师','','JS',''),('0816002','一般制造工人','','YBZZGR',''),('0816003','装配工','','ZPG',''),('0816004','包装工','','BZG',''),('0804005','空调装修人员(高空)','','KDZXRY(GK)',''),('0804007','冷冻修理工及室内空调装修员','','LDXLGJSNKD',''),('0804008','空调器装配工人','','KDQZPGR',''),('0816012','电冰箱装配工人','','DBXZPGR',''),('0816013','小型家用电器装配工人','','XXJYDQZPGR',''),('0816014','洗衣机装配工人','','XYJZPGR',''),('0816015','缝纫机制造装配工人','','FRJZZZPGR',''),('0816016','办公小机械制造装配工人','','BGXJXZZZPG',''),('0816017','工具五金制作工人','','GJWJZZGR',''),('0816018','建筑五金制作工人','','JZWJZZGR',''),('0816019','制锁工人','','ZSGR',''),('0816020','铝制品制作工人','','LZPZZGR',''),('0816021','日用五金制品制作工人','','RYWJZPZZGR',''),('0816022','飞机装配调试工人','','FJZPDSGR',''),('0816023','航空发动机装配工人','','HKFDJZPGR',''),('0816024','飞机螺旋桨装配工人','','FJLXJZPGR',''),('0816025','飞机军械安装配调试工人','','FJJXAZPDSG',''),('0816026','航空电气安装调试工人','','HKDQAZDSGR',''),('0816027','飞机发动机附件装配工人','','FJFDJFJZPG',''),('0816028','航空飞行仪表装配工人','','HKFXYBZPGR',''),('0816029','航空装配平衡工人','','HKZPPHGR',''),('0816030','飞机无线电设备装调试工人','','FJWXDSBZDS',''),('0816031','飞机雷达安装调试工人','','FJLDAZDSGR',''),('0816032','飞机特种设备检测修理工人','','FJTZSBJCXL',''),('0816033','飞机透明件制造胶接装配工人','','FJTMJZZJJZ',''),('0816034','飞机外场调试与维护工人','','FJWCDSYWHG',''),('0816035','飞机试验工人','','FJSYGR',''),('0816036','机载导弹例行试验工人','','JZDDLXSYGR',''),('0816037','航空发动机试车工人','','HKFDJSCGR',''),('0816038','飞机螺旋桨试验工人','','FJLXJSYGR',''),('0816039','飞机发动机附件试验工人','','FJFDJFJSYG',''),('0816040','航空环控救生装备试验工人(地面试验)','','HKHKJSZBSY',''),('0816041','航空环控救生装备试验工人(空中试验)','','HKHKJSZBSY',''),('0816042','航空仪表试验工人','','HKYBSYGR',''),('0816043','航空电机电器试验设备调试工人','','HKDJDQSYSB',''),('0816044','航天器环境试验工人','','HTQHJSYGR',''),('0816045','航天器结构强度环境试验工人','','HTQJGQDHJS',''),('0816046','航天器结构高低温环境试验工人','','HTQJGGDWHJ',''),('0816047','火箭发动机介质试验工人','','HJFDJJZSYG',''),('0816048','航天器系统试验工人','','HTQXTSYGR',''),('0816049','空间环境模拟光学装测工人','','KJHJMNGXZC',''),('0816050','空间环境模拟温度试验工人','','KJHJMNWDSY',''),('0816051','空间环境模拟真空试验工人','','KJHJMNZKSY',''),('0816052','惯性器件装配工人','','GXQJZPGR',''),('0816053','伺服机构装配调试工人','','SFJGZPDSGR',''),('0816054','导弹部段装配工人','','DDBDZPGR',''),('0816055','航天器引信装配工人','','HTQYXZPGR',''),('0816056','弹头装配工人','','DTZPGR',''),('0816057','导弹总体装配工人','','DDZTZPGR',''),('0816058','卫星总体装配 工人','','WXZTZP GR',''),('0816059','液体为箭发动机装配试验工人','','YTWJFDJZPS',''),('0816060','固体火箭发动机装配试验工人','','GTHJFDJZPS',''),('0805001','工程师','','GCS',''),('0805002','技师','','JS',''),('0805003','领班，监工','','LBJG',''),('0805005','一般工人','','YBGR',''),('0805006','塑胶射出成型工人(自动)','','SJSCCXGR(Z',''),('0805007','塑胶射出成型工人(其他)','','SJSCCXGR(Q',''),('0805008','塑料制品配料工人','','SLZPPLGR',''),('0805009','橡胶制品配料工人','','XJZPPLGR',''),('0805010','橡胶炼胶工人','','XJLJGR',''),('0805011','橡胶成型工人','','XJCXGR',''),('0805012','橡胶硫化工人','','XJLHGR',''),('0805013','废胶再生工人','','FJZSGR',''),('0807001','工程师','','GCS',''),('0807002','技师','','JS',''),('0807003','一般工人','','YBGR',''),('0807004','硫酸，盐酸，硝酸等制造工人','','LSYSXSDZZG',''),('0807008','纯碱烧碱等制造工人','','CJSJDZZGR',''),('0807009','氟化盐生产工人','','FHYSCGR',''),('0807010','缩聚磷酸盐生产工人','','SJLSYSCGR',''),('0807011','无机化学反应工人','','WJHXFYGR',''),('0807012','高频等离子工人','','GPDLZGR',''),('0807013','气体深冷分离工人制氧工人','','QTSLFLGRZY',''),('0807007','液化气体制造工','','YHQTZZG',''),('0807014','炭黑制造工人','','THZZGR',''),('0807015','二硫化碳制造工人','','ELHTZZGR',''),('0807016','化工原料准备工人','','HGYLZBGR',''),('0807017','压缩机工人','','YSJGR',''),('0807018','气体净化工人','','QTJHGR',''),('0807019','过滤工人','','GLGR',''),('0807020','油加热工人','','YJRGR',''),('0807021','制冷工人','','ZLGR',''),('0807022','蒸发工人','','ZFGR',''),('0807023','蒸馏工人','','ZLGR',''),('0807024','萃取工人','','ZQGR',''),('0807025','吸收工人','','XSGR',''),('0807026','吸附工人','','XFGR',''),('0807027','干燥工人','','GZGR',''),('0807028','结晶工人','','JJGR',''),('0807029','造粒工人','','ZLGR',''),('0807030','防腐工人','','FFGR',''),('0807031','化工工艺试验工人','','HGGYSYGR',''),('0807032','样品检验员','','YPJYY',''),('0807033','仪表监控员','','YBJKY',''),('0807034','化工总控工人','','HGZKGR',''),('0807035','燃料油生产工人','','RLYSCGR',''),('0807036','润滑油脂生产工人','','RHYZSCGR',''),('0807037','石油产品精制工人','','SYCPJZGR',''),('0807038','油制气工人','','YZQGR',''),('0807039','备煤筛焦工人','','BMSJGR',''),('0807040','焦炉调温工人','','JLDWGR',''),('0807041','炼焦工焦炉机车司机','','LJGJLJCSJ',''),('0807042','煤制气工人','','MZQGR',''),('0807043','煤气储运工人','','MQCYGR',''),('0807044','合成氨生产工人','','HCASCGR',''),('0807045','尿素生产工人','','NSSCGR',''),('0807046','硝酸铵生产工人','','XSZSCGR',''),('0807047','碳酸氢铵生产工人','','TSQZSCGR',''),('0807048','硫酸铵生产工人','','LSZSCGR',''),('0807049','过磷酸钙生产工人','','GLSGSCGR',''),('0807050','复合磷肥科长 人','','FHLFKC R',''),('0807051','钙镁磷肥生产工人','','GMLFSCGR',''),('0807052','氯化钾生产工人','','LHJSCGR',''),('0807053','微量元素混肥生产工人','','WLYSHFSCGR',''),('0807054','脂肪烃生产工人','','ZFTSCGR',''),('0807055','环烃生产工人','','HTSCGR',''),('0807056','烃类衍生物生产工人','','TLYSWSCGR',''),('0807057','合成树脂生产工人','','HCSZSCGR',''),('0807058','合成橡胶生产工人','','HCXJSCGR',''),('0807059','电子绝缘材料制造工人','','DZJYCLZZGR',''),('0807060','化纤聚合工人','','HXJHGR',''),('0807061','湿纺原液制工人','','SFYYZGR',''),('0807062','纺丝工人','','FSGR',''),('0807063','化纤后处理工人','','HXHCLGR',''),('0807064','纺丝凝固浴液配制工人','','FSNGYYPZGR',''),('0807065','无纺布制造成工人','','WFBZZCGR',''),('0807066','化纤纺丝精密组件工人','','HXFSJMZJGR',''),('0807067','合成革制造工人','','HCGZZGR',''),('0807068','有机合成工人','','YJHCGR',''),('0807069','染料标准工人','','RLBZGR',''),('0807070','染料应用试验工人','','RLYYSYGR',''),('0807071','染料拼混工人','','RLPHGR',''),('0807072','研磨分散工人','','YMFSGR',''),('0807073','催化剂制造工人','','CHJZZGR',''),('0807074','催化剂试验工人','','CHJSYGR',''),('0807075','涂料合成树脂工人','','TLHCSZGR',''),('0807076','制漆配色调制工人','','ZQPSDZGR',''),('0807077','溶剂制造工人','','RJZZGR',''),('0807078','化学试剂制造工人','','HXSJZZGR',''),('0807079','化工添加剂制造工人','','HGTJJZZGR',''),('0807080','片基制造工人','','PJZZGR',''),('0807081','感光材料制造工人','','GGCLZZGR',''),('0807082','感光材料试验工人','','GGCLSYGR',''),('0807083','暗盒制造工人','','AHZZGR',''),('0807084','废片白银回收工人','','FPBYHSGR',''),('0807085','磁粉制造工人','','CFZZGR',''),('0807086','磁记录材料制造工人','','CJLCLZZGR',''),('0807087','磁记录材料试验工人','','CJLCLSYGR',''),('0807088','感光鼓涂敷工人','','GGGTFGR',''),('0807089','树脂基复合材料工人','','SZJFHCLGR',''),('0807090','橡胶基复合材料工人','','XJJFHCLGR',''),('0807091','碳基复合材料工人','','TJFHCLGR',''),('0807092','陶瓷基复合材料工人','','TCJFHCLGR',''),('0807093','复合固体推进剂成型工人','','FHGTTJJCXG',''),('0807094','复合固体发动机装药工人','','FHGTFDJZYG',''),('0807095','飞机复合材料制品工人','','FJFHCLZPGR',''),('0807096','制皂工人','','ZZGR',''),('0807097','甘油工人','','GYGR',''),('0807098','脂肪酸工人','','ZFSGR',''),('0807099','洗衣粉成型工人','','XYFCXGR',''),('0807100','合成洗涤剂制造工人','','HCXDJZZGR',''),('0807101','香料制造工人','','XLZZGR',''),('0807102','香精制造工人','','XJZZGR',''),('0807103','化妆品制造工人','','HZPZZGR',''),('0807104','牙膏制造工人','','YGZZGR',''),('0807105','油墨制造工人','','YMZZGR',''),('0807106','制胶工人','','ZJGR',''),('0807107','火柴制造工人','','HCZZGR',''),('0807108','蜡烛制造工人','','LZZZGR',''),('0807109','云母制品加工工人','','YMZPJGGR',''),('0807110','石棉制品生产工人','','SMZPSCGR',''),('0807111','高岭土制造工人','','GLTZZGR',''),('0807112','金刚石制造工人','','JGSZZGR',''),('0807113','人工合成晶体生产工人','','RGHCJTSCGR',''),('0808001','爆竹烟花制造及处理工人','','BZYHZZJCLG',''),('0808002','火炸药制造工人','','HZYZZGR',''),('0810001','工程师','','GCS',''),('0810002','设计师','','SJS',''),('0810003','技师','','JS',''),('0810004','制造工人','','ZZGR',''),('0810006','质量检验人员','','ZLJYRY',''),('0810007','纤维验配工人','','XWYPGR',''),('0810008','开清棉工人','','KQMGR',''),('0810009','纤维染色工人','','XWRSGR',''),('0810010','加湿软麻工人','','JSRMGR',''),('0810011','选剥煮茧工人','','XBZJGR',''),('0810012','纤维梳理工人','','XWSLGR',''),('0810013','并条工人','','BTGR',''),('0810014','粗纱工人','','CSGR',''),('0810015','绢纺精炼工人','','JFJLGR',''),('0810016','细纱工人','','XSGR',''),('0810017','简并摇工人','','JBYGR',''),('0810018','捻线工人','','NXGR',''),('0810019','制线工人','','ZXGR',''),('0810020','缫丝工人','','ZSGR',''),('0810021','整经工人','','ZJGR',''),('0810022','浆纱工人','','JSGR',''),('0810023','穿经工人','','CJGR',''),('0810024','织布工人','','ZBGR',''),('0810025','织物验修工人','','ZWYXGR',''),('0810026','意匠纹版工人','','YJWBGR',''),('0810027','纬编工人','','WBGR',''),('0810028','经编工人','','JBGR',''),('0810029','横机工人','','HJGR',''),('0810030','织袜工人','','ZWGR',''),('0810031','铸钳针工人','','ZQZGR',''),('0810032','坯布检查处理工人','','PBJCCLGR',''),('0810033','印染烧毛工人','','YRSMGR',''),('0810034','煮炼漂工人','','ZLPGR',''),('0810035','印染洗涤工人','','YRXDGR',''),('0810036','印染烘干工人','','YRHGGR',''),('0810037','印染丝光工人','','YRSGGR',''),('0810038','印染定型工人','','YRDXGR',''),('0810039','纺织针织染色工人','','FZZZRSGR',''),('0810040','印花工人','','YHGR',''),('0810041','印染雕刻制版工人','','YRDKZBGR',''),('0810042','印染后整理工人','','YRHZLGR',''),('0810043','印染成品定等装潢工人','','YRCPDDZZGR',''),('0810044','印染染化料配制工人','','YRRHLPZGR',''),('0810045','工艺染织制作工人','','GYRZZZGR',''),('0810046','裁剪工人','','CJGR',''),('0810047','缝纫工人','','FRGR',''),('0810048','缝纫整型工人','','FRZXGR',''),('0810049','裁缝','','CF',''),('0810050','剧装工人','','JZGR',''),('0810051','制鞋工人','','ZXGR',''),('0810052','制帽工人','','ZMGR',''),('0810053','皮革加工工人','','PGJGGR',''),('0810054','毛皮加工工人','','MPJGGR',''),('0810055','缝纫制品充填处理工人','','FRZPCTCLGR',''),('0810056','胶制服装上胶工人','','JZFZSJGR',''),('0810057','服装水洗工人','','FZSXGR',''),('0811001','技师','','JS',''),('0811002','领班，监工','','LBJG',''),('0811006','制浆备料工人','','ZJBLGR',''),('0811004','制浆设备操作工人','','ZJSBCZGR',''),('0811007','制浆废液回收利用工人','','ZJFYHSLYGR',''),('0811003','造纸厂工人','','ZZCGR',''),('0811008','纸张整饰工人','','ZZZSGR',''),('0811009','宣纸书画纸制作工人','','XZSHZZZGR',''),('0811005','纸箱制造工人','','ZXZZGR',''),('0811010','纸盒制作工人','','ZHZZGR',''),('0814001','技师','','JS',''),('0814002','工人','','GR',''),('0815001','冰块制造','','BKZZ',''),('0815002','技师','','JS',''),('0815003','制造工人','','ZZGR',''),('0815004','制米工人','','ZMGR',''),('0815005','制粉工人','','ZFGR',''),('0815006','制油工人','','ZYGR',''),('0815007','糕点面包烘焙工人','','GDMBHBGR',''),('0815008','糕点装饰工人','','GDZSGR',''),('0815009','米面主食制作工人','','MMZSZZGR',''),('0815010','油脂制品工人','','YZZPGR',''),('0815011','植物蛋白制作工人','','ZWDBZZGR',''),('0815012','豆制品制作工人','','DZPZZGR',''),('0815013','食糖制造工人','','STZZGR',''),('0815014','糖果制造工人','','TGZZGR',''),('0815015','巧克力制造工人','','QKLZZGR',''),('0815016','乳品预处理工人','','RPYCLGR',''),('0815017','乳品加工工人','','RPJGGR',''),('0815018','冷食品制作工人','','LSPZZGR',''),('0815019','速冻食品制作工人','','SDSPZZGR',''),('0815020','食品罐头加工工人','','SPGTJGGR',''),('0815021','饮料制作工人','','YLZZGR',''),('0815022','酒品酿造工人','','JPNZGR',''),('0815023','酒精制造工人','','JJZZGR',''),('0815024','酒品标签粘贴、包装工人','','JPBQZTBZGR',''),('0815025','酶制剂制造工人','','MZJZZGR',''),('0815026','柠檬酸制造工人','','NMSZZGR',''),('0815027','酱油酱类制作工人','','JYJLZZGR',''),('0815028','食醋制作工人','','SCZZGR',''),('0815029','酱腌菜制作工人','','JZCZZGR',''),('0815030','食用调料制作工人','','SYDLZZGR',''),('0815031','味精制作工人','','WJZZGR',''),('0815032','猪牛羊屠宰加工工人','','ZNYTZJGGR',''),('0815033','肠衣加工工人','','CYJGGR',''),('0815034','禽类屠宰加工工人','','QLTZJGGR',''),('0815035','熟肉制品加工工人','','SRZPJGGR',''),('0815036','蛋品及再制蛋品加工工人','','DPJZZDPJGG',''),('0815037','饲料原料清理上料工人','','SLYLQLSLGR',''),('0815038','饲料粉碎工人','','SLFSGR',''),('0815039','饲料配料混合工人','','SLPLHHGR',''),('0815040','饲料制料工人','','SLZLGR',''),('0815041','饲料添加剂预混工人','','SLTJJYHGR',''),('0815042','饲料厂中控室操作人员','','SLCZKSCZRY',''),('0817001','玻璃配料工人','','BLPLGR',''),('0817002','玻璃熔化工人','','BLRHGR',''),('0817003','玻璃制板及玻璃成型工人','','BLZBJBLCXG',''),('0817004','玻璃加工工人','','BLJGGR',''),('0817005','玻璃制品装饰加工工人','','BLZPZSJGGR',''),('0817006','技师','','JS',''),('0817007','监工','','JG',''),('0817008','玻璃纤维制品工人','','BLXWZPGR',''),('0817009','玻璃钢制品工人','','BLGZPGR',''),('0817010','石英玻璃制品加工工人','','SYBLZPJGGR',''),('0817011','陶瓷原料准备工人','','TCYLZBGR',''),('0817012','陶瓷成型工人','','TCCXGR',''),('0817013','陶瓷烧成工人','','TCSCGR',''),('0817014','陶瓷装饰工人','','TCZSGR',''),('0817015','匣钵模型制作工人','','XBMXZZGR',''),('0817016','古建琉璃工人','','GJLLGR',''),('0817017','搪瓷釉浆熔制工人','','TCYJRZGR',''),('0817018','搪瓷坯体制作工人','','TCPTZZGR',''),('0817019','搪瓷涂搪烧成工人','','TCTTSCGR',''),('0817020','搪瓷花版饰花工人','','TCHBSHGR',''),('0818001','内勤行政工作人员','','NQXZGZRY',''),('0818002','工程师领班监工','','GCSLBJG',''),('0818003','烟叶调制工人','','YYDZGR',''),('0818004','烟叶分级工人','','YYFJGR',''),('0818005','挂杆复烤工人','','GGFKGR',''),('0818006','打叶复烤工人','','DYFKGR',''),('0818007','烟叶回潮工人','','YYHCGR',''),('0818008','烟叶发酵工人','','YYFJGR',''),('0818009','烟叶制丝工人','','YYZSGR',''),('0818010','膨胀烟丝工人','','PZYSGR',''),('0818011','白肋烟处理工人','','BLYCLGR',''),('0818012','烟草薄片工人','','YCBPGR',''),('0818013','烟草卷接工人','','YCJJGR',''),('0818014','烟用二醋片制造工人','','YYECPZZGR',''),('0818015','烟用丝束制造工人','','YYSSZZGR',''),('0818016','滤棒制造工人','','LBZZGR',''),('0819001','一般内勤人员','','YBNQRY',''),('0819002','技师产品研究人员','','JSCPYJRY',''),('0819003','中药材种植人员','','ZYCZZRY',''),('0819004','中药炮制与配制工人','','ZYPZYPZGR',''),('0819005','中药液体制剂工人','','ZYYTZJGR',''),('0819006','中药固体制剂工人','','ZYGTZJGR',''),('0819007','化学合成制药工人','','HXHCZYGR',''),('0819008','药物制剂工人','','YWZJGR',''),('0819009','淀粉葡萄糖制造工人','','DFPTTZZGR',''),('0819010','生化药品制造人员','','SHYPZZRY',''),('0819011','发酵工程制药人员','','FJGCZYRY',''),('0819012','疫苗制品工人','','YMZPGR',''),('0819013','血液制品制造人员','','XYZPZZRY',''),('0819014','基因工程产品制造人员','','JYGCCPZZRY',''),('0819015','医疗器械装配工人','','YLQXZPGR',''),('0819016','假肢制作装配工人','','JZZZZPGR',''),('0819017','矫形器制作装配工人','','JXQZZZPGR',''),('0820001','宝石琢磨工人','','BSZMGR',''),('0820002','贵金属首饰制作工人','','GJSSSZZGR',''),('0820003','地毯制作工人','','DTZZGR',''),('0820004','金属塑料木制玩具装配工人','','JSSLMZWJZP',''),('0820005','布绒玩具制作工人','','BRWJZZGR',''),('0820006','搪塑玩具制作工人','','TSWJZZGR',''),('0820007','漆器制胎工人','','QQZTGR',''),('0820008','彩绘雕填制作工人','','CHDTZZGR',''),('0820009','漆器镶嵌工人','','QQXQGR',''),('0820010','机绣工人','','JXGR',''),('0820011','手绣制作工人','','SXZZGR',''),('0820012','抽纱挑编工人','','CSTBGR',''),('0820013','景泰蓝制作工人','','JTLZZGR',''),('0820014','金属摆件工人','','JSBJGR',''),('0813003','金属手工艺品加工工人','','JSSGYPJGGR',''),('0813004','金属手工艺品雕刻工人','','JSSGYPDKGR',''),('0813002','竹木制手工艺品雕刻工人','','ZMZSGYPDKG',''),('0820015','玉器加工技师','','YQJGJS',''),('0820016','玉器加工工人','','YQJGGR',''),('0820017','装饰美工','','ZSMG',''),('0820018','雕塑翻制工人','','DSFZGR',''),('0820019','壁画制作工人','','BHZZGR',''),('0820020','油画外框制作工人','','YHWKZZGR',''),('0820021','装裱工人','','ZZGR',''),('0820022','版画制作工人','','BHZZGR',''),('0820023','民间工艺品制作工人','','MJGYPZZGR',''),('0820024','人造花制作工人','','RZHZZGR',''),('0820025','工艺画制作工人','','GYHZZGR',''),('0813001','竹木制手工艺品加工工人','','ZMZSGYPJGG',''),('0813005','布类制品工艺品加工工人','','BLZPGYPJGG','');
/*!40000 ALTER TABLE `d_job_category` ENABLE KEYS */;
UNLOCK TABLES;

--
-- Table structure for table `d_job_kind`
--

DROP TABLE IF EXISTS `d_job_kind`;
/*!40101 SET @saved_cs_client     = @@character_set_client */;
/*!40101 SET character_set_client = utf8 */;
CREATE TABLE `d_job_kind` (
  `CODE` varchar(10) COLLATE utf8_bin NOT NULL DEFAULT '',
  `NAME` varchar(200) COLLATE utf8_bin DEFAULT NULL,
  `ENUM_NAME` varchar(30) COLLATE utf8_bin DEFAULT NULL,
  `PINYIN` varchar(10) COLLATE utf8_bin DEFAULT NULL,
  `PARENT_CODE` varchar(10) COLLATE utf8_bin DEFAULT NULL,
  PRIMARY KEY (`CODE`)
) ENGINE=InnoDB DEFAULT CHARSET=utf8 COLLATE=utf8_bin COMMENT='单位性质代码';
/*!40101 SET character_set_client = @saved_cs_client */;

--
-- Dumping data for table `d_job_kind`
--

LOCK TABLES `d_job_kind` WRITE;
/*!40000 ALTER TABLE `d_job_kind` DISABLE KEYS */;
INSERT INTO `d_job_kind` VALUES ('100','机关、团体','','JGTT',''),('110','国家机关','','GJJG',''),('120','党政机关','','DZJG',''),('130','社会团体','','SHTT',''),('140','基层群众自治组织','','JCQZZZZZ',''),('200','事业单位','','SYDW',''),('210','卫生事业','','WSSY',''),('220','体育事业','','TYSY',''),('230','社会事业','','SHSY',''),('240','教育事业','','JYSY',''),('250','文化艺术业','','WHYSY',''),('260','广播电影电视业','','GBDYDSY',''),('270','科学研究业','','KXYJY',''),('280','综合技术服务业','','ZHJSFWY',''),('300','企业单位','','QYDW',''),('310','国有','','GY',''),('320','集体','','JT',''),('330','个体','','GT',''),('340','私有','','SY',''),('350','外资','','WZ',''),('360','混合所有制','','HHSYZ',''),('900','其他','','QT','');
/*!40000 ALTER TABLE `d_job_kind` ENABLE KEYS */;
UNLOCK TABLES;

--
-- Table structure for table `d_job_risk_cate`
--

DROP TABLE IF EXISTS `d_job_risk_cate`;
/*!40101 SET @saved_cs_client     = @@character_set_client */;
/*!40101 SET character_set_client = utf8 */;
CREATE TABLE `d_job_risk_cate` (
  `CODE` varchar(10) COLLATE utf8_bin DEFAULT NULL,
  `NAME` varchar(200) COLLATE utf8_bin DEFAULT NULL,
  `ENUM_NAME` varchar(30) COLLATE utf8_bin DEFAULT NULL,
  `PINYIN` varchar(10) COLLATE utf8_bin DEFAULT NULL,
  `PARENT_CODE` varchar(10) COLLATE utf8_bin DEFAULT NULL
) ENGINE=InnoDB DEFAULT CHARSET=utf8 COLLATE=utf8_bin COMMENT='核保职业风险分类代码';
/*!40101 SET character_set_client = @saved_cs_client */;

--
-- Dumping data for table `d_job_risk_cate`
--

LOCK TABLES `d_job_risk_cate` WRITE;
/*!40000 ALTER TABLE `d_job_risk_cate` DISABLE KEYS */;
INSERT INTO `d_job_risk_cate` VALUES ('1','寿险','','SX',''),('2','意外','','YW',''),('3','医疗','','YL',''),('4','豁免','','HM',''),('5','重疾','','ZJ','');
/*!40000 ALTER TABLE `d_job_risk_cate` ENABLE KEYS */;
UNLOCK TABLES;

--
-- Table structure for table `d_job_uw_class`
--

DROP TABLE IF EXISTS `d_job_uw_class`;
/*!40101 SET @saved_cs_client     = @@character_set_client */;
/*!40101 SET character_set_client = utf8 */;
CREATE TABLE `d_job_uw_class` (
  `CODE` varchar(10) COLLATE utf8_bin DEFAULT NULL,
  `NAME` varchar(200) COLLATE utf8_bin DEFAULT NULL,
  `ENUM_NAME` varchar(30) COLLATE utf8_bin DEFAULT NULL,
  `PINYIN` varchar(10) COLLATE utf8_bin DEFAULT NULL,
  `PARENT_CODE` varchar(10) COLLATE utf8_bin DEFAULT NULL
) ENGINE=InnoDB DEFAULT CHARSET=utf8 COLLATE=utf8_bin COMMENT='核保职业等级代码';
/*!40101 SET character_set_client = @saved_cs_client */;

--
-- Dumping data for table `d_job_uw_class`
--

LOCK TABLES `d_job_uw_class` WRITE;
/*!40000 ALTER TABLE `d_job_uw_class` DISABLE KEYS */;
INSERT INTO `d_job_uw_class` VALUES ('1','一级','','YJ',''),('2','二级','','EJ',''),('3','三级','','SJ',''),('4','四级','','SJ',''),('5','五级','','WJ',''),('6','六级','','LJ',''),('7','拒保类职业','','JBLZY',''),('8','特殊费率','','TSFL','');
/*!40000 ALTER TABLE `d_job_uw_class` ENABLE KEYS */;
UNLOCK TABLES;

--
-- Table structure for table `d_label_cate`
--

DROP TABLE IF EXISTS `d_label_cate`;
/*!40101 SET @saved_cs_client     = @@character_set_client */;
/*!40101 SET character_set_client = utf8 */;
CREATE TABLE `d_label_cate` (
  `CODE` varchar(10) COLLATE utf8_bin DEFAULT NULL,
  `NAME` varchar(200) COLLATE utf8_bin DEFAULT NULL,
  `ENUM_NAME` varchar(30) COLLATE utf8_bin DEFAULT NULL,
  `PINYIN` varchar(10) COLLATE utf8_bin DEFAULT NULL,
  `PARENT_CODE` varchar(129) COLLATE utf8_bin DEFAULT NULL
) ENGINE=InnoDB DEFAULT CHARSET=utf8 COLLATE=utf8_bin;
/*!40101 SET character_set_client = @saved_cs_client */;

--
-- Dumping data for table `d_label_cate`
--

LOCK TABLES `d_label_cate` WRITE;
/*!40000 ALTER TABLE `d_label_cate` DISABLE KEYS */;
/*!40000 ALTER TABLE `d_label_cate` ENABLE KEYS */;
UNLOCK TABLES;

--
-- Table structure for table `d_liability_category`
--

DROP TABLE IF EXISTS `d_liability_category`;
/*!40101 SET @saved_cs_client     = @@character_set_client */;
/*!40101 SET character_set_client = utf8 */;
CREATE TABLE `d_liability_category` (
  `CODE` varchar(10) COLLATE utf8_bin NOT NULL DEFAULT '',
  `NAME` varchar(200) COLLATE utf8_bin DEFAULT NULL,
  `ENUM_NAME` varchar(30) COLLATE utf8_bin DEFAULT NULL,
  `PINYIN` varchar(10) COLLATE utf8_bin DEFAULT NULL,
  `PARENT_CODE` varchar(10) COLLATE utf8_bin DEFAULT NULL COMMENT '所属的责任大分类（D_DISABILITY_TYPE）',
  PRIMARY KEY (`CODE`)
) ENGINE=InnoDB DEFAULT CHARSET=utf8 COLLATE=utf8_bin COMMENT='人身险责任类别代码表';
/*!40101 SET character_set_client = @saved_cs_client */;

--
-- Dumping data for table `d_liability_category`
--

LOCK TABLES `d_liability_category` WRITE;
/*!40000 ALTER TABLE `d_liability_category` DISABLE KEYS */;
INSERT INTO `d_liability_category` VALUES ('0','医疗','','YL','1'),('1','医疗费用-住院','','YLFY-ZY','1'),('10','重大疾病','','ZDJB','1'),('10001','投保人资料变更','','TBRZLBG','2'),('10002','被保人资料变更','','BBRZLBG','2'),('10003','受益人资料变更','','SYRZLBG','2'),('10004','客户联系方式变更','','KHLXFSBG','2'),('10300','职业变更','','ZYBG','2'),('10502','被保人生日性别更正','','BBRSRXBGZ','2'),('11','失能','','SN','1'),('12','护理','','HL','1'),('13','特定疾病','','TDJB','1'),('14','豁免','','HM','1'),('15','失业','','SY','1'),('2','医疗费用-门诊','','YLFY-MZ','1'),('20100','投保人变更','','TBRBG','2'),('20202','增加被保险人','','ZJBBXR','2'),('20203','减少被保险人','','JSBBXR','2'),('20300','受益人变更','','SYRBG','2'),('20400','保额变更','','BEBG','2'),('20500','保费变更','','BFBG','2'),('20601','增加险种','','ZJXZ','2'),('20602','减少险种','','JSXZ','2'),('20800','交费频率变更','','JFPLBG','2'),('21000','保障变更','','BZBG','2'),('21100','产品转换','','CPZH','2'),('3','医疗费用-生育','','YLFY-SY','1'),('30100','犹豫期退保','','YYQTB','2'),('30202','复效','','FX','2'),('30300','退保','','TB','2'),('30400','保险公司解除合同','','BXGSJCHT','2'),('30500','保单基本信息变更','','BDJBXXBG','2'),('30600','保单转出','','BDZC','2'),('30700','保单转入','','BDZR','2'),('30800','保单二次核保','','BDECHB','2'),('4','医疗费用-体检','','YLFY-TJ','1'),('40400','自垫选择权变更','','ZDXZQBG','2'),('40500','续保选择权变更','','XBXZQBG','2'),('5','预防接种','','YFJZ','1'),('6','定额给付','','DEGF','1'),('60200','投资账户领取','','TZZHLQ','2'),('60300','追加投资','','ZJTZ','2'),('7','医疗费用-其它','','YLFY-QT','1'),('8','死亡','','SW','1'),('9','伤残','','SC','1'),('98','缴费','','JF','7');
/*!40000 ALTER TABLE `d_liability_category` ENABLE KEYS */;
UNLOCK TABLES;

--
-- Table structure for table `d_liability_status`
--

DROP TABLE IF EXISTS `d_liability_status`;
/*!40101 SET @saved_cs_client     = @@character_set_client */;
/*!40101 SET character_set_client = utf8 */;
CREATE TABLE `d_liability_status` (
  `CODE` varchar(10) COLLATE utf8_bin NOT NULL DEFAULT '',
  `NAME` varchar(200) COLLATE utf8_bin DEFAULT NULL,
  `ENUM_NAME` varchar(30) COLLATE utf8_bin DEFAULT NULL,
  `PINYIN` varchar(10) COLLATE utf8_bin DEFAULT NULL,
  `PARENT_CODE` varchar(10) COLLATE utf8_bin DEFAULT NULL,
  PRIMARY KEY (`CODE`)
) ENGINE=InnoDB DEFAULT CHARSET=utf8 COLLATE=utf8_bin COMMENT='保单/险种/责任状态代码';
/*!40101 SET character_set_client = @saved_cs_client */;

--
-- Dumping data for table `d_liability_status`
--

LOCK TABLES `d_liability_status` WRITE;
/*!40000 ALTER TABLE `d_liability_status` DISABLE KEYS */;
INSERT INTO `d_liability_status` VALUES ('01','有效','','YX',''),('02','中止','','ZZ',''),('03','终止','','ZZ',''),('99','其它','','QT','');
/*!40000 ALTER TABLE `d_liability_status` ENABLE KEYS */;
UNLOCK TABLES;

--
-- Table structure for table `d_liability_type`
--

DROP TABLE IF EXISTS `d_liability_type`;
/*!40101 SET @saved_cs_client     = @@character_set_client */;
/*!40101 SET character_set_client = utf8 */;
CREATE TABLE `d_liability_type` (
  `CODE` varchar(10) COLLATE utf8_bin NOT NULL DEFAULT '',
  `NAME` varchar(200) COLLATE utf8_bin DEFAULT NULL,
  `ENUM_NAME` varchar(30) COLLATE utf8_bin DEFAULT NULL,
  `PINYIN` varchar(10) COLLATE utf8_bin DEFAULT NULL,
  `PARENT_CODE` varchar(166) COLLATE utf8_bin DEFAULT NULL,
  PRIMARY KEY (`CODE`)
) ENGINE=InnoDB DEFAULT CHARSET=utf8 COLLATE=utf8_bin COMMENT='责任大分类代码表';
/*!40101 SET character_set_client = @saved_cs_client */;

--
-- Dumping data for table `d_liability_type`
--

LOCK TABLES `d_liability_type` WRITE;
/*!40000 ALTER TABLE `d_liability_type` DISABLE KEYS */;
INSERT INTO `d_liability_type` VALUES ('1','理赔','','LP',''),('2','保全','','BQ',''),('3','红利','','HL',''),('4','生存','','SC',''),('5','排除','','PC',''),('6','特约','','TY',''),('7','缴费','','JF','');
/*!40000 ALTER TABLE `d_liability_type` ENABLE KEYS */;
UNLOCK TABLES;

--
-- Table structure for table `d_marketing_type`
--

DROP TABLE IF EXISTS `d_marketing_type`;
/*!40101 SET @saved_cs_client     = @@character_set_client */;
/*!40101 SET character_set_client = utf8 */;
CREATE TABLE `d_marketing_type` (
  `CODE` varchar(10) COLLATE utf8_bin DEFAULT NULL,
  `NAME` varchar(200) COLLATE utf8_bin DEFAULT NULL,
  `PINYIN` varchar(10) COLLATE utf8_bin DEFAULT NULL,
  `PARENT_CODE` varchar(10) COLLATE utf8_bin DEFAULT NULL
) ENGINE=InnoDB DEFAULT CHARSET=utf8 COLLATE=utf8_bin;
/*!40101 SET character_set_client = @saved_cs_client */;

--
-- Dumping data for table `d_marketing_type`
--

LOCK TABLES `d_marketing_type` WRITE;
/*!40000 ALTER TABLE `d_marketing_type` DISABLE KEYS */;
INSERT INTO `d_marketing_type` VALUES ('01','个人销售展业类','GRXSZYL',NULL),('02','银代销售展业类','YDXSZYL',NULL),('03','个人续期(保费部)销售展业类','GRXQ(BFB)X',NULL),('04','银代续期销售展业类','YDXQXSZYL',NULL),('05','电话直销展业类','DHZXZYL',NULL),('06','续期督管展业类','XQDGZYL',NULL),('07','财富管理业务部','CFGLYWB',NULL);
/*!40000 ALTER TABLE `d_marketing_type` ENABLE KEYS */;
UNLOCK TABLES;

--
-- Table structure for table `d_marriage`
--

DROP TABLE IF EXISTS `d_marriage`;
/*!40101 SET @saved_cs_client     = @@character_set_client */;
/*!40101 SET character_set_client = utf8 */;
CREATE TABLE `d_marriage` (
  `CODE` varchar(10) COLLATE utf8_bin NOT NULL DEFAULT '',
  `NAME` varchar(200) COLLATE utf8_bin DEFAULT NULL,
  `ENUM_NAME` varchar(30) COLLATE utf8_bin DEFAULT NULL,
  `PINYIN` varchar(10) COLLATE utf8_bin DEFAULT NULL,
  `PARENT_CODE` varchar(10) COLLATE utf8_bin DEFAULT NULL,
  PRIMARY KEY (`CODE`)
) ENGINE=InnoDB DEFAULT CHARSET=utf8 COLLATE=utf8_bin COMMENT='婚姻状况代码';
/*!40101 SET character_set_client = @saved_cs_client */;

--
-- Dumping data for table `d_marriage`
--

LOCK TABLES `d_marriage` WRITE;
/*!40000 ALTER TABLE `d_marriage` DISABLE KEYS */;
INSERT INTO `d_marriage` VALUES ('10','未婚','','WH',''),('20','已婚','','YH',''),('21','初婚','','CH',''),('22','再婚','','ZH',''),('23','复婚','','FH',''),('30','丧偶','','SO',''),('40','离婚','','LH',''),('90','未知','','WZ','');
/*!40000 ALTER TABLE `d_marriage` ENABLE KEYS */;
UNLOCK TABLES;

--
-- Table structure for table `d_mbr_distri_type`
--

DROP TABLE IF EXISTS `d_mbr_distri_type`;
/*!40101 SET @saved_cs_client     = @@character_set_client */;
/*!40101 SET character_set_client = utf8 */;
CREATE TABLE `d_mbr_distri_type` (
  `CODE` varchar(10) COLLATE utf8_bin DEFAULT NULL,
  `NAME` varchar(200) COLLATE utf8_bin DEFAULT NULL,
  `ENUM_NAME` varchar(30) COLLATE utf8_bin DEFAULT NULL,
  `PINYIN` varchar(10) COLLATE utf8_bin DEFAULT NULL,
  `PARENT_CODE` varchar(10) COLLATE utf8_bin DEFAULT NULL
) ENGINE=InnoDB DEFAULT CHARSET=utf8 COLLATE=utf8_bin COMMENT='会员权益动支类型代码';
/*!40101 SET character_set_client = @saved_cs_client */;

--
-- Dumping data for table `d_mbr_distri_type`
--

LOCK TABLES `d_mbr_distri_type` WRITE;
/*!40000 ALTER TABLE `d_mbr_distri_type` DISABLE KEYS */;
INSERT INTO `d_mbr_distri_type` VALUES ('1','会员签到奖励','','HYQDJL',''),('2','会员消费奖励','','HYXFJL',''),('3','会员消费抵扣','','HYXFDK',''),('4','会员消费退回','','HYXFTH',''),('5','原路返还',NULL,'YLFH',NULL);
/*!40000 ALTER TABLE `d_mbr_distri_type` ENABLE KEYS */;
UNLOCK TABLES;

--
-- Table structure for table `d_mbr_grade`
--

DROP TABLE IF EXISTS `d_mbr_grade`;
/*!40101 SET @saved_cs_client     = @@character_set_client */;
/*!40101 SET character_set_client = utf8 */;
CREATE TABLE `d_mbr_grade` (
  `CODE` varchar(10) COLLATE utf8_bin DEFAULT NULL,
  `NAME` varchar(200) COLLATE utf8_bin DEFAULT NULL,
  `PINYIN` varchar(10) COLLATE utf8_bin DEFAULT NULL,
  `PARENT_CODE` varchar(10) COLLATE utf8_bin DEFAULT NULL
) ENGINE=InnoDB DEFAULT CHARSET=utf8 COLLATE=utf8_bin COMMENT='会员等级代码';
/*!40101 SET character_set_client = @saved_cs_client */;

--
-- Dumping data for table `d_mbr_grade`
--

LOCK TABLES `d_mbr_grade` WRITE;
/*!40000 ALTER TABLE `d_mbr_grade` DISABLE KEYS */;
/*!40000 ALTER TABLE `d_mbr_grade` ENABLE KEYS */;
UNLOCK TABLES;

--
-- Table structure for table `d_mbr_growth_src`
--

DROP TABLE IF EXISTS `d_mbr_growth_src`;
/*!40101 SET @saved_cs_client     = @@character_set_client */;
/*!40101 SET character_set_client = utf8 */;
CREATE TABLE `d_mbr_growth_src` (
  `CODE` varchar(10) COLLATE utf8_bin DEFAULT NULL,
  `NAME` varchar(200) COLLATE utf8_bin DEFAULT NULL,
  `PINYIN` varchar(10) COLLATE utf8_bin DEFAULT NULL,
  `PARENT_CODE` varchar(10) COLLATE utf8_bin DEFAULT NULL
) ENGINE=InnoDB DEFAULT CHARSET=utf8 COLLATE=utf8_bin COMMENT='会员成长值来源代码';
/*!40101 SET character_set_client = @saved_cs_client */;

--
-- Dumping data for table `d_mbr_growth_src`
--

LOCK TABLES `d_mbr_growth_src` WRITE;
/*!40000 ALTER TABLE `d_mbr_growth_src` DISABLE KEYS */;
/*!40000 ALTER TABLE `d_mbr_growth_src` ENABLE KEYS */;
UNLOCK TABLES;

--
-- Table structure for table `d_mbr_interest_cate`
--

DROP TABLE IF EXISTS `d_mbr_interest_cate`;
/*!40101 SET @saved_cs_client     = @@character_set_client */;
/*!40101 SET character_set_client = utf8 */;
CREATE TABLE `d_mbr_interest_cate` (
  `CODE` varchar(10) COLLATE utf8_bin DEFAULT NULL,
  `NAME` varchar(200) COLLATE utf8_bin DEFAULT NULL,
  `ENUM_NAME` varchar(30) COLLATE utf8_bin DEFAULT NULL,
  `PINYIN` varchar(10) COLLATE utf8_bin DEFAULT NULL,
  `PARENT_CODE` varchar(10) COLLATE utf8_bin DEFAULT NULL
) ENGINE=InnoDB DEFAULT CHARSET=utf8 COLLATE=utf8_bin COMMENT='会员权益大类代码';
/*!40101 SET character_set_client = @saved_cs_client */;

--
-- Dumping data for table `d_mbr_interest_cate`
--

LOCK TABLES `d_mbr_interest_cate` WRITE;
/*!40000 ALTER TABLE `d_mbr_interest_cate` DISABLE KEYS */;
INSERT INTO `d_mbr_interest_cate` VALUES ('1','积分','CATE_POINT','JF',''),('2','优惠券','CATE_COUPON','YHQ',''),('3','折扣券','CATE_DISCOUNT','ZKQ','');
/*!40000 ALTER TABLE `d_mbr_interest_cate` ENABLE KEYS */;
UNLOCK TABLES;

--
-- Table structure for table `d_mbr_interest_type`
--

DROP TABLE IF EXISTS `d_mbr_interest_type`;
/*!40101 SET @saved_cs_client     = @@character_set_client */;
/*!40101 SET character_set_client = utf8 */;
CREATE TABLE `d_mbr_interest_type` (
  `CODE` varchar(10) COLLATE utf8_bin DEFAULT NULL,
  `NAME` varchar(200) COLLATE utf8_bin DEFAULT NULL,
  `ENUM_NAME` varchar(30) COLLATE utf8_bin DEFAULT NULL,
  `PINYIN` varchar(10) COLLATE utf8_bin DEFAULT NULL,
  `PARENT_CODE` varchar(10) COLLATE utf8_bin DEFAULT NULL
) ENGINE=InnoDB DEFAULT CHARSET=utf8 COLLATE=utf8_bin COMMENT='会员权益类型代码';
/*!40101 SET character_set_client = @saved_cs_client */;

--
-- Dumping data for table `d_mbr_interest_type`
--

LOCK TABLES `d_mbr_interest_type` WRITE;
/*!40000 ALTER TABLE `d_mbr_interest_type` DISABLE KEYS */;
INSERT INTO `d_mbr_interest_type` VALUES ('1','金豆','TYPE_GOLD_BEAN','JD','1'),('2','10元优惠券','TYPE_COUPON_10','10YYHQ','2'),('3','20元优惠券','TYPE_COUPON_20','20YYHQ','2'),('4','9折折扣券','TYPE_DISCOUNT_90','9ZZKQ','3');
/*!40000 ALTER TABLE `d_mbr_interest_type` ENABLE KEYS */;
UNLOCK TABLES;

--
-- Table structure for table `d_med_item`
--

DROP TABLE IF EXISTS `d_med_item`;
/*!40101 SET @saved_cs_client     = @@character_set_client */;
/*!40101 SET character_set_client = utf8 */;
CREATE TABLE `d_med_item` (
  `CODE` varchar(10) COLLATE utf8_bin DEFAULT NULL,
  `NAME` varchar(200) COLLATE utf8_bin DEFAULT NULL,
  `ENUM_NAME` varchar(30) COLLATE utf8_bin DEFAULT NULL,
  `PINYIN` varchar(10) COLLATE utf8_bin DEFAULT NULL,
  `PARENT_CODE` varchar(10) COLLATE utf8_bin DEFAULT NULL
) ENGINE=InnoDB DEFAULT CHARSET=utf8 COLLATE=utf8_bin COMMENT='医疗项目代码';
/*!40101 SET character_set_client = @saved_cs_client */;

--
-- Dumping data for table `d_med_item`
--

LOCK TABLES `d_med_item` WRITE;
/*!40000 ALTER TABLE `d_med_item` DISABLE KEYS */;
INSERT INTO `d_med_item` VALUES ('1','西药费','','XYF',''),('2','中成药费','','ZCYF',''),('3','中草药费','','ZCYF',''),('4','民族药费','','MZYF',''),('5','自制制剂','','ZZZJ',''),('6','挂号费','','GHF',''),('7','诊察费','','ZCF',''),('8','检查费','','JCF',''),('9','化验费','','HYF',''),('10','放射检查费','','FSJCF',''),('11','特检费','','TJF',''),('12','治疗费','','ZLF',''),('13','麻醉费','','MZF',''),('14','手术费','','SSF',''),('15','输血费','','SXF',''),('16','材料费','','CLF',''),('17','护理费','','HLF',''),('18','床位费','','CWF',''),('19','抢救费','','QJF',''),('20','救护车费','','JHCF',''),('21','生育费','','SYF',''),('99','其它','','QT','');
/*!40000 ALTER TABLE `d_med_item` ENABLE KEYS */;
UNLOCK TABLES;

--
-- Table structure for table `d_mkt_act`
--

DROP TABLE IF EXISTS `d_mkt_act`;
/*!40101 SET @saved_cs_client     = @@character_set_client */;
/*!40101 SET character_set_client = utf8 */;
CREATE TABLE `d_mkt_act` (
  `CODE` varchar(10) COLLATE utf8_bin DEFAULT NULL,
  `NAME` varchar(200) COLLATE utf8_bin DEFAULT NULL,
  `ENUM_NAME` varchar(30) COLLATE utf8_bin DEFAULT NULL,
  `PINYIN` varchar(10) COLLATE utf8_bin DEFAULT NULL,
  `PARENT_CODE` varchar(68) COLLATE utf8_bin DEFAULT NULL COMMENT '所属的营销子活动类型（D_MKT_ACT_TYPE）'
) ENGINE=InnoDB DEFAULT CHARSET=utf8 COLLATE=utf8_bin COMMENT='营销子活动代码表';
/*!40101 SET character_set_client = @saved_cs_client */;

--
-- Dumping data for table `d_mkt_act`
--

LOCK TABLES `d_mkt_act` WRITE;
/*!40000 ALTER TABLE `d_mkt_act` DISABLE KEYS */;
INSERT INTO `d_mkt_act` VALUES ('HD001','赠险','ACT_GIFT_INSURANCE','ZX','1'),('HD002','短险费率折扣','ACT_SHORT_DISC','DXFLZK','2');
/*!40000 ALTER TABLE `d_mkt_act` ENABLE KEYS */;
UNLOCK TABLES;

--
-- Table structure for table `d_mkt_act_ele_type`
--

DROP TABLE IF EXISTS `d_mkt_act_ele_type`;
/*!40101 SET @saved_cs_client     = @@character_set_client */;
/*!40101 SET character_set_client = utf8 */;
CREATE TABLE `d_mkt_act_ele_type` (
  `CODE` varchar(10) COLLATE utf8_bin DEFAULT NULL,
  `NAME` varchar(200) COLLATE utf8_bin DEFAULT NULL,
  `ENUM_NAME` varchar(30) COLLATE utf8_bin DEFAULT NULL,
  `PINYIN` varchar(10) COLLATE utf8_bin DEFAULT NULL,
  `PARENT_CODE` varchar(67) COLLATE utf8_bin DEFAULT NULL
) ENGINE=InnoDB DEFAULT CHARSET=utf8 COLLATE=utf8_bin COMMENT='营销活动要素分类代码表';
/*!40101 SET character_set_client = @saved_cs_client */;

--
-- Dumping data for table `d_mkt_act_ele_type`
--

LOCK TABLES `d_mkt_act_ele_type` WRITE;
/*!40000 ALTER TABLE `d_mkt_act_ele_type` DISABLE KEYS */;
INSERT INTO `d_mkt_act_ele_type` VALUES ('1','输入要素','','SRYS',''),('2','输出要素','','SCYS','');
/*!40000 ALTER TABLE `d_mkt_act_ele_type` ENABLE KEYS */;
UNLOCK TABLES;

--
-- Table structure for table `d_mkt_act_element`
--

DROP TABLE IF EXISTS `d_mkt_act_element`;
/*!40101 SET @saved_cs_client     = @@character_set_client */;
/*!40101 SET character_set_client = utf8 */;
CREATE TABLE `d_mkt_act_element` (
  `CODE` varchar(10) COLLATE utf8_bin NOT NULL DEFAULT '',
  `NAME` varchar(200) COLLATE utf8_bin DEFAULT NULL,
  `ENUM_NAME` varchar(30) COLLATE utf8_bin DEFAULT NULL,
  `PINYIN` varchar(10) COLLATE utf8_bin DEFAULT NULL,
  `PARENT_CODE` varchar(10) COLLATE utf8_bin DEFAULT NULL COMMENT '所属营销活动要素分类（D_MKT_ACT_ELE_TYPE）',
  PRIMARY KEY (`CODE`)
) ENGINE=InnoDB DEFAULT CHARSET=utf8 COLLATE=utf8_bin COMMENT='营销活动输入输出要素代码表';
/*!40101 SET character_set_client = @saved_cs_client */;

--
-- Dumping data for table `d_mkt_act_element`
--

LOCK TABLES `d_mkt_act_element` WRITE;
/*!40000 ALTER TABLE `d_mkt_act_element` DISABLE KEYS */;
INSERT INTO `d_mkt_act_element` VALUES ('IN001','活动开始日','','HDKSR','1'),('IN002','活动有效天数','','HDYXTS','1'),('IN003','获赠排行人数','','HZPXRS','1'),('OUT01','保费折扣比例','','BFZKBL','2'),('OUT02','赠险产品','','ZXCP','2'),('OUT03','保额','','BE','2'),('OUT04','份数','','FS','2'),('OUT05','档次','','DC','2'),('OUT06','保险期限类型','','BXQXLX','2'),('OUT07','保险期限值','','BXQXZ','2'),('OUT08','缴费期限类型','','JFQXLX','2'),('OUT09','缴费期限值','','JFQXZ','2'),('OUT10','缴费频率','','JFPL','2');
/*!40000 ALTER TABLE `d_mkt_act_element` ENABLE KEYS */;
UNLOCK TABLES;

--
-- Table structure for table `d_mkt_act_type`
--

DROP TABLE IF EXISTS `d_mkt_act_type`;
/*!40101 SET @saved_cs_client     = @@character_set_client */;
/*!40101 SET character_set_client = utf8 */;
CREATE TABLE `d_mkt_act_type` (
  `CODE` varchar(10) COLLATE utf8_bin DEFAULT NULL,
  `NAME` varchar(200) COLLATE utf8_bin DEFAULT NULL,
  `ENUM_NAME` varchar(30) COLLATE utf8_bin DEFAULT NULL,
  `PINYIN` varchar(10) COLLATE utf8_bin DEFAULT NULL,
  `PARENT_CODE` varchar(69) COLLATE utf8_bin DEFAULT NULL
) ENGINE=InnoDB DEFAULT CHARSET=utf8 COLLATE=utf8_bin COMMENT='营销子活动类型代码表';
/*!40101 SET character_set_client = @saved_cs_client */;

--
-- Dumping data for table `d_mkt_act_type`
--

LOCK TABLES `d_mkt_act_type` WRITE;
/*!40000 ALTER TABLE `d_mkt_act_type` DISABLE KEYS */;
INSERT INTO `d_mkt_act_type` VALUES ('1','赠险类','','ZXL',''),('2','保费折扣类','','BFZKL',''),('3','手续费折扣类','','SXFZKL',''),('4','保费赠送类','','BFZSL',''),('5','保费折扣类','','BFZKL',''),('6','客户服务类','','KHFWL','');
/*!40000 ALTER TABLE `d_mkt_act_type` ENABLE KEYS */;
UNLOCK TABLES;

--
-- Table structure for table `d_mkt_prod_element`
--

DROP TABLE IF EXISTS `d_mkt_prod_element`;
/*!40101 SET @saved_cs_client     = @@character_set_client */;
/*!40101 SET character_set_client = utf8 */;
CREATE TABLE `d_mkt_prod_element` (
  `CODE` varchar(10) COLLATE utf8_bin NOT NULL DEFAULT '',
  `NAME` varchar(200) COLLATE utf8_bin DEFAULT NULL,
  `ENUM_NAME` varchar(30) COLLATE utf8_bin DEFAULT NULL,
  `PINYIN` varchar(10) COLLATE utf8_bin DEFAULT NULL,
  `PARENT_CODE` varchar(10) COLLATE utf8_bin DEFAULT NULL,
  PRIMARY KEY (`CODE`)
) ENGINE=InnoDB DEFAULT CHARSET=utf8 COLLATE=utf8_bin COMMENT='产品要素代码表';
/*!40101 SET character_set_client = @saved_cs_client */;

--
-- Dumping data for table `d_mkt_prod_element`
--

LOCK TABLES `d_mkt_prod_element` WRITE;
/*!40000 ALTER TABLE `d_mkt_prod_element` DISABLE KEYS */;
INSERT INTO `d_mkt_prod_element` VALUES ('1','保额','ELE_AMOUNT','BE',''),('2','档次','ELE_LEVEL','DC',''),('3','份数','ELE_COPIES','FS',''),('4','最大份数','ELE_MAX_COPIES','ZDFS',''),('5','保险期间类型','ELE_COVERAGE_PERIOD','BXQJLX',''),('6','保险期间值','ELE_COVERAGE_YEAR','BXQJZ',''),('7','缴费期间类型','ELE_CHARGE_PERIOD','JFQJLX',''),('8','缴费期间值','ELE_CHARGE_YEAR','JFQJZ','');
/*!40000 ALTER TABLE `d_mkt_prod_element` ENABLE KEYS */;
UNLOCK TABLES;

--
-- Table structure for table `d_mkt_prod_limit_type`
--

DROP TABLE IF EXISTS `d_mkt_prod_limit_type`;
/*!40101 SET @saved_cs_client     = @@character_set_client */;
/*!40101 SET character_set_client = utf8 */;
CREATE TABLE `d_mkt_prod_limit_type` (
  `CODE` varchar(10) COLLATE utf8_bin DEFAULT NULL,
  `NAME` varchar(200) COLLATE utf8_bin DEFAULT NULL,
  `ENUM_NAME` varchar(30) COLLATE utf8_bin DEFAULT NULL,
  `PINYIN` varchar(10) COLLATE utf8_bin DEFAULT NULL,
  `PARENT_CODE` varchar(71) COLLATE utf8_bin DEFAULT NULL
) ENGINE=InnoDB DEFAULT CHARSET=utf8 COLLATE=utf8_bin COMMENT='营销产品销售规模限制类型代码表';
/*!40101 SET character_set_client = @saved_cs_client */;

--
-- Dumping data for table `d_mkt_prod_limit_type`
--

LOCK TABLES `d_mkt_prod_limit_type` WRITE;
/*!40000 ALTER TABLE `d_mkt_prod_limit_type` DISABLE KEYS */;
INSERT INTO `d_mkt_prod_limit_type` VALUES ('P','保费','','BF','');
/*!40000 ALTER TABLE `d_mkt_prod_limit_type` ENABLE KEYS */;
UNLOCK TABLES;

--
-- Table structure for table `d_mkt_prod_status`
--

DROP TABLE IF EXISTS `d_mkt_prod_status`;
/*!40101 SET @saved_cs_client     = @@character_set_client */;
/*!40101 SET character_set_client = utf8 */;
CREATE TABLE `d_mkt_prod_status` (
  `CODE` varchar(10) COLLATE utf8_bin DEFAULT NULL,
  `NAME` varchar(200) COLLATE utf8_bin DEFAULT NULL,
  `ENUM_NAME` varchar(30) COLLATE utf8_bin DEFAULT NULL,
  `PINYIN` varchar(10) COLLATE utf8_bin DEFAULT NULL,
  `PARENT_CODE` varchar(114) COLLATE utf8_bin DEFAULT NULL
) ENGINE=InnoDB DEFAULT CHARSET=utf8 COLLATE=utf8_bin COMMENT='营销产品状态代码';
/*!40101 SET character_set_client = @saved_cs_client */;

--
-- Dumping data for table `d_mkt_prod_status`
--

LOCK TABLES `d_mkt_prod_status` WRITE;
/*!40000 ALTER TABLE `d_mkt_prod_status` DISABLE KEYS */;
INSERT INTO `d_mkt_prod_status` VALUES ('1','定制中','','DZZ',''),('2','待复核','','DFH',''),('3','复核中','','FHZ',''),('4','待审核','','DSH',''),('5','审核中','','SHZ',''),('6','审核完','','SHW','');
/*!40000 ALTER TABLE `d_mkt_prod_status` ENABLE KEYS */;
UNLOCK TABLES;

--
-- Table structure for table `d_mkt_share_mode`
--

DROP TABLE IF EXISTS `d_mkt_share_mode`;
/*!40101 SET @saved_cs_client     = @@character_set_client */;
/*!40101 SET character_set_client = utf8 */;
CREATE TABLE `d_mkt_share_mode` (
  `CODE` varchar(10) COLLATE utf8_bin DEFAULT NULL,
  `NAME` varchar(200) COLLATE utf8_bin DEFAULT NULL,
  `ENUM_NAME` varchar(30) COLLATE utf8_bin DEFAULT NULL,
  `PINYIN` varchar(10) COLLATE utf8_bin DEFAULT NULL,
  `PARENT_CODE` varchar(10) COLLATE utf8_bin DEFAULT NULL
) ENGINE=InnoDB DEFAULT CHARSET=utf8 COLLATE=utf8_bin COMMENT='保费分摊模式代码';
/*!40101 SET character_set_client = @saved_cs_client */;

--
-- Dumping data for table `d_mkt_share_mode`
--

LOCK TABLES `d_mkt_share_mode` WRITE;
/*!40000 ALTER TABLE `d_mkt_share_mode` DISABLE KEYS */;
INSERT INTO `d_mkt_share_mode` VALUES ('1','不参与分摊','MODE_NO_SHARE','BCYFT',''),('2','平摊','MODE_SHARE','PT',''),('3','平摊+限额','MODE_SHARE_LIMIT','PT+XE','');
/*!40000 ALTER TABLE `d_mkt_share_mode` ENABLE KEYS */;
UNLOCK TABLES;

--
-- Table structure for table `d_nationality`
--

DROP TABLE IF EXISTS `d_nationality`;
/*!40101 SET @saved_cs_client     = @@character_set_client */;
/*!40101 SET character_set_client = utf8 */;
CREATE TABLE `d_nationality` (
  `CODE` varchar(10) NOT NULL,
  `NAME` varchar(200) DEFAULT NULL,
  `ENUM_NAME` varchar(30) DEFAULT NULL,
  `PINYIN` varchar(10) DEFAULT NULL,
  `PARENT_CODE` varchar(10) DEFAULT NULL,
  PRIMARY KEY (`CODE`)
) ENGINE=InnoDB DEFAULT CHARSET=utf8mb4 COMMENT='民族代码';
/*!40101 SET character_set_client = @saved_cs_client */;

--
-- Dumping data for table `d_nationality`
--

LOCK TABLES `d_nationality` WRITE;
/*!40000 ALTER TABLE `d_nationality` DISABLE KEYS */;
INSERT INTO `d_nationality` VALUES ('01','汉族','','HZ',''),('02','满族','','MZ',''),('03','回族','','HZ',''),('04','藏族','','CZ',''),('05','维吾尔族','','WWEZ',''),('06','苗族','','MZ',''),('07','彝族','','YZ',''),('08','壮族','','ZZ',''),('09','布依族','','BYZ',''),('10','朝鲜族','','CXZ',''),('11','蒙古族','','MGZ',''),('12','侗族','','DZ',''),('13','瑶族','','YZ',''),('14','白族','','BZ',''),('15','土家族','','TJZ',''),('16','哈尼族','','HNZ',''),('17','哈萨克族','','HSKZ',''),('18','傣族','','DZ',''),('19','黎族','','LZ',''),('20','傈僳族','','LSZ',''),('21','佤族','','ZZ',''),('22','畲族','','ZZ',''),('23','高山族','','GSZ',''),('24','拉祜族','','LZZ',''),('25','水族','','SZ',''),('26','东乡族','','DXZ',''),('27','纳西族','','NXZ',''),('28','景颇族','','JPZ',''),('29','柯尔克孜族','','KEKZZ',''),('30','土族','','TZ',''),('31','达翰尔族','','DHEZ',''),('32','仫佬族','','ZLZ',''),('33','羌族','','QZ',''),('34','布朗族','','BLZ',''),('35','撒拉族','','SLZ',''),('36','毛难族','','MNZ',''),('37','仡佬族','','ZLZ',''),('38','锡伯族','','XBZ',''),('39','阿昌族','','ACZ',''),('40','普米族','','PMZ',''),('41','塔吉克族','','TJKZ',''),('42','怒族','','NZ',''),('43','乌孜别克族','','WZBKZ',''),('44','俄罗斯族','','ELSZ',''),('45','鄂温克族','','EWKZ',''),('46','崩龙族','','BLZ',''),('47','保安族','','BAZ',''),('48','裕固族','','YGZ',''),('49','京族','','JZ',''),('50','塔塔尔族','','TTEZ',''),('51','独龙族','','DLZ',''),('52','鄂伦春族','','ELCZ',''),('53','赫哲族','','HZZ',''),('54','门巴族','','MBZ',''),('55','珞巴族','','ZBZ',''),('56','基诺族','','JNZ',''),('57','其他族','','QTZ',''),('58','入籍族','','RJZ','');
/*!40000 ALTER TABLE `d_nationality` ENABLE KEYS */;
UNLOCK TABLES;

--
-- Table structure for table `d_offset_status`
--

DROP TABLE IF EXISTS `d_offset_status`;
/*!40101 SET @saved_cs_client     = @@character_set_client */;
/*!40101 SET character_set_client = utf8 */;
CREATE TABLE `d_offset_status` (
  `CODE` varchar(10) COLLATE utf8_bin NOT NULL DEFAULT '',
  `NAME` varchar(200) COLLATE utf8_bin DEFAULT NULL,
  `ENUM_NAME` varchar(30) COLLATE utf8_bin DEFAULT NULL,
  `PINYIN` varchar(10) COLLATE utf8_bin DEFAULT NULL,
  `PARENT_CODE` varchar(10) COLLATE utf8_bin DEFAULT NULL,
  PRIMARY KEY (`CODE`)
) ENGINE=InnoDB DEFAULT CHARSET=utf8 COLLATE=utf8_bin COMMENT='费用冲销状态代码';
/*!40101 SET character_set_client = @saved_cs_client */;

--
-- Dumping data for table `d_offset_status`
--

LOCK TABLES `d_offset_status` WRITE;
/*!40000 ALTER TABLE `d_offset_status` DISABLE KEYS */;
INSERT INTO `d_offset_status` VALUES ('1','未冲销','','WCX',''),('2','已冲销','','YCX',''),('3','取消','','QX','');
/*!40000 ALTER TABLE `d_offset_status` ENABLE KEYS */;
UNLOCK TABLES;

--
-- Table structure for table `d_offset_type`
--

DROP TABLE IF EXISTS `d_offset_type`;
/*!40101 SET @saved_cs_client     = @@character_set_client */;
/*!40101 SET character_set_client = utf8 */;
CREATE TABLE `d_offset_type` (
  `CODE` varchar(10) COLLATE utf8_bin NOT NULL DEFAULT '',
  `NAME` varchar(200) COLLATE utf8_bin DEFAULT NULL,
  `ENUM_NAME` varchar(30) COLLATE utf8_bin DEFAULT NULL,
  `PINYIN` varchar(10) COLLATE utf8_bin DEFAULT NULL,
  `PARENT_CODE` varchar(10) COLLATE utf8_bin DEFAULT NULL,
  PRIMARY KEY (`CODE`)
) ENGINE=InnoDB DEFAULT CHARSET=utf8 COLLATE=utf8_bin COMMENT='费用冲销类型代码';
/*!40101 SET character_set_client = @saved_cs_client */;

--
-- Dumping data for table `d_offset_type`
--

LOCK TABLES `d_offset_type` WRITE;
/*!40000 ALTER TABLE `d_offset_type` DISABLE KEYS */;
INSERT INTO `d_offset_type` VALUES ('1','实际冲销','','SJCX',''),('2','反向冲销','','FXCX',''),('3','预先冲销','','YXCX','');
/*!40000 ALTER TABLE `d_offset_type` ENABLE KEYS */;
UNLOCK TABLES;

--
-- Table structure for table `d_order_status`
--

DROP TABLE IF EXISTS `d_order_status`;
/*!40101 SET @saved_cs_client     = @@character_set_client */;
/*!40101 SET character_set_client = utf8 */;
CREATE TABLE `d_order_status` (
  `status` varchar(1) COLLATE utf8_bin NOT NULL COMMENT '订单状态',
  `status_desc` varchar(100) COLLATE utf8_bin DEFAULT NULL COMMENT '订单状态',
  PRIMARY KEY (`status`)
) ENGINE=InnoDB DEFAULT CHARSET=utf8 COLLATE=utf8_bin;
/*!40101 SET character_set_client = @saved_cs_client */;

--
-- Dumping data for table `d_order_status`
--

LOCK TABLES `d_order_status` WRITE;
/*!40000 ALTER TABLE `d_order_status` DISABLE KEYS */;
INSERT INTO `d_order_status` VALUES ('1','下单中'),('2','预核中'),('3','预核失败'),('4','支付中'),('5','超时关闭'),('6','支付完成'),('7','承保完成'),('8','预核完成'),('9','待承保');
/*!40000 ALTER TABLE `d_order_status` ENABLE KEYS */;
UNLOCK TABLES;

--
-- Table structure for table `d_pay_mode`
--

DROP TABLE IF EXISTS `d_pay_mode`;
/*!40101 SET @saved_cs_client     = @@character_set_client */;
/*!40101 SET character_set_client = utf8 */;
CREATE TABLE `d_pay_mode` (
  `CODE` varchar(10) COLLATE utf8_bin NOT NULL DEFAULT '',
  `NAME` varchar(200) COLLATE utf8_bin DEFAULT NULL,
  `ENUM_NAME` varchar(30) COLLATE utf8_bin DEFAULT NULL,
  `PINYIN` varchar(10) COLLATE utf8_bin DEFAULT NULL,
  `PARENT_CODE` varchar(10) COLLATE utf8_bin DEFAULT NULL,
  PRIMARY KEY (`CODE`)
) ENGINE=InnoDB DEFAULT CHARSET=utf8 COLLATE=utf8_bin COMMENT='收付款方式代码';
/*!40101 SET character_set_client = @saved_cs_client */;

--
-- Dumping data for table `d_pay_mode`
--

LOCK TABLES `d_pay_mode` WRITE;
/*!40000 ALTER TABLE `d_pay_mode` DISABLE KEYS */;
INSERT INTO `d_pay_mode` VALUES ('00','现金','','XJ',''),('01','银行转账','','YXZZ',''),('02','支付宝','','ZFB',''),('03','微信','','WX',''),('04','京东','','JD',''),('05','金豆抵扣','','JDDK',''),('06','营销赠送','','YXZS','');
/*!40000 ALTER TABLE `d_pay_mode` ENABLE KEYS */;
UNLOCK TABLES;

--
-- Table structure for table `d_payment_frequency`
--

DROP TABLE IF EXISTS `d_payment_frequency`;
/*!40101 SET @saved_cs_client     = @@character_set_client */;
/*!40101 SET character_set_client = utf8 */;
CREATE TABLE `d_payment_frequency` (
  `CODE` varchar(10) COLLATE utf8_bin DEFAULT NULL,
  `NAME` varchar(200) COLLATE utf8_bin DEFAULT NULL,
  `PINYIN` varchar(10) COLLATE utf8_bin DEFAULT NULL,
  `PARENT_CODE` varchar(10) COLLATE utf8_bin DEFAULT NULL
) ENGINE=InnoDB DEFAULT CHARSET=utf8 COLLATE=utf8_bin;
/*!40101 SET character_set_client = @saved_cs_client */;

--
-- Dumping data for table `d_payment_frequency`
--

LOCK TABLES `d_payment_frequency` WRITE;
/*!40000 ALTER TABLE `d_payment_frequency` DISABLE KEYS */;
/*!40000 ALTER TABLE `d_payment_frequency` ENABLE KEYS */;
UNLOCK TABLES;

--
-- Table structure for table `d_policy_type`
--

DROP TABLE IF EXISTS `d_policy_type`;
/*!40101 SET @saved_cs_client     = @@character_set_client */;
/*!40101 SET character_set_client = utf8 */;
CREATE TABLE `d_policy_type` (
  `CODE` varchar(10) COLLATE utf8_bin DEFAULT NULL,
  `NAME` varchar(200) COLLATE utf8_bin DEFAULT NULL,
  `ENUM_NAME` varchar(30) COLLATE utf8_bin DEFAULT NULL,
  `PINYIN` varchar(10) COLLATE utf8_bin DEFAULT NULL,
  `PARENT_CODE` varchar(10) COLLATE utf8_bin DEFAULT NULL
) ENGINE=InnoDB DEFAULT CHARSET=utf8 COLLATE=utf8_bin COMMENT='保单团个性质代码';
/*!40101 SET character_set_client = @saved_cs_client */;

--
-- Dumping data for table `d_policy_type`
--

LOCK TABLES `d_policy_type` WRITE;
/*!40000 ALTER TABLE `d_policy_type` DISABLE KEYS */;
/*!40000 ALTER TABLE `d_policy_type` ENABLE KEYS */;
UNLOCK TABLES;

--
-- Table structure for table `d_policychannel_type`
--

DROP TABLE IF EXISTS `d_policychannel_type`;
/*!40101 SET @saved_cs_client     = @@character_set_client */;
/*!40101 SET character_set_client = utf8 */;
CREATE TABLE `d_policychannel_type` (
  `code` varchar(30) COLLATE utf8_bin NOT NULL,
  `name` varchar(600) COLLATE utf8_bin DEFAULT NULL,
  `PINYIN` varchar(30) COLLATE utf8_bin DEFAULT NULL,
  `PARENT_CODE` varchar(30) COLLATE utf8_bin DEFAULT NULL,
  PRIMARY KEY (`code`)
) ENGINE=InnoDB DEFAULT CHARSET=utf8 COLLATE=utf8_bin;
/*!40101 SET character_set_client = @saved_cs_client */;

--
-- Dumping data for table `d_policychannel_type`
--

LOCK TABLES `d_policychannel_type` WRITE;
/*!40000 ALTER TABLE `d_policychannel_type` DISABLE KEYS */;
INSERT INTO `d_policychannel_type` VALUES ('01','团险','TX',NULL),('02','个人渠道','GRQD',NULL),('03','银保','YB',NULL),('04','电商','DS',NULL);
/*!40000 ALTER TABLE `d_policychannel_type` ENABLE KEYS */;
UNLOCK TABLES;

--
-- Table structure for table `d_premcal_type`
--

DROP TABLE IF EXISTS `d_premcal_type`;
/*!40101 SET @saved_cs_client     = @@character_set_client */;
/*!40101 SET character_set_client = utf8 */;
CREATE TABLE `d_premcal_type` (
  `CODE` varchar(10) NOT NULL,
  `NAME` varchar(200) DEFAULT NULL,
  `ENUM_NAME` varchar(30) DEFAULT NULL,
  `PINYIN` varchar(10) DEFAULT NULL,
  `PARENT_CODE` varchar(12) DEFAULT NULL,
  PRIMARY KEY (`CODE`)
) ENGINE=InnoDB DEFAULT CHARSET=utf8mb4;
/*!40101 SET character_set_client = @saved_cs_client */;

--
-- Dumping data for table `d_premcal_type`
--

LOCK TABLES `d_premcal_type` WRITE;
/*!40000 ALTER TABLE `d_premcal_type` DISABLE KEYS */;
INSERT INTO `d_premcal_type` VALUES ('1','页面计算','','YMJS',''),('2','接口计算','','JKJS','');
/*!40000 ALTER TABLE `d_premcal_type` ENABLE KEYS */;
UNLOCK TABLES;

--
-- Table structure for table `d_product_level`
--

DROP TABLE IF EXISTS `d_product_level`;
/*!40101 SET @saved_cs_client     = @@character_set_client */;
/*!40101 SET character_set_client = utf8 */;
CREATE TABLE `d_product_level` (
  `CODE` varchar(10) NOT NULL,
  `NAME` varchar(200) DEFAULT NULL,
  `ENUM_NAME` varchar(30) DEFAULT NULL,
  `PINYIN` varchar(10) DEFAULT NULL,
  `PARENT_CODE` varchar(12) DEFAULT NULL,
  PRIMARY KEY (`CODE`)
) ENGINE=InnoDB DEFAULT CHARSET=utf8mb4 COMMENT='产品层级代码表';
/*!40101 SET character_set_client = @saved_cs_client */;

--
-- Dumping data for table `d_product_level`
--

LOCK TABLES `d_product_level` WRITE;
/*!40000 ALTER TABLE `d_product_level` DISABLE KEYS */;
INSERT INTO `d_product_level` VALUES ('1','精算产品级','','JSCPJ',''),('2','营销产品级','','YXCPJ','');
/*!40000 ALTER TABLE `d_product_level` ENABLE KEYS */;
UNLOCK TABLES;

--
-- Table structure for table `d_prop_input_item`
--

DROP TABLE IF EXISTS `d_prop_input_item`;
/*!40101 SET @saved_cs_client     = @@character_set_client */;
/*!40101 SET character_set_client = utf8 */;
CREATE TABLE `d_prop_input_item` (
  `CODE` varchar(10) COLLATE utf8_bin DEFAULT NULL,
  `NAME` varchar(200) COLLATE utf8_bin DEFAULT NULL,
  `ENUM_NAME` varchar(30) COLLATE utf8_bin DEFAULT NULL,
  `PINYIN` varchar(10) COLLATE utf8_bin DEFAULT NULL,
  `PARENT_CODE` varchar(10) COLLATE utf8_bin DEFAULT NULL
) ENGINE=InnoDB DEFAULT CHARSET=utf8 COLLATE=utf8_bin COMMENT='投保输入项代码';
/*!40101 SET character_set_client = @saved_cs_client */;

--
-- Dumping data for table `d_prop_input_item`
--

LOCK TABLES `d_prop_input_item` WRITE;
/*!40000 ALTER TABLE `d_prop_input_item` DISABLE KEYS */;
/*!40000 ALTER TABLE `d_prop_input_item` ENABLE KEYS */;
UNLOCK TABLES;

--
-- Table structure for table `d_prop_status`
--

DROP TABLE IF EXISTS `d_prop_status`;
/*!40101 SET @saved_cs_client     = @@character_set_client */;
/*!40101 SET character_set_client = utf8 */;
CREATE TABLE `d_prop_status` (
  `CODE` varchar(10) COLLATE utf8_bin NOT NULL DEFAULT '',
  `NAME` varchar(200) COLLATE utf8_bin DEFAULT NULL,
  `ENUM_NAME` varchar(30) COLLATE utf8_bin DEFAULT NULL,
  `PINYIN` varchar(10) COLLATE utf8_bin DEFAULT NULL,
  `PARENT_CODE` varchar(10) COLLATE utf8_bin DEFAULT NULL,
  PRIMARY KEY (`CODE`)
) ENGINE=InnoDB DEFAULT CHARSET=utf8 COLLATE=utf8_bin COMMENT='投保状态';
/*!40101 SET character_set_client = @saved_cs_client */;

--
-- Dumping data for table `d_prop_status`
--

LOCK TABLES `d_prop_status` WRITE;
/*!40000 ALTER TABLE `d_prop_status` DISABLE KEYS */;
INSERT INTO `d_prop_status` VALUES ('01','待录入','','DLR',''),('02','录入中','','LRZ',''),('03','待复核','','DFH',''),('04','复核中','','FHZ',''),('05','核保中','','HBZ',''),('07','拒保/延期','','JB/YQ',''),('08','待签单','','DQD',''),('09','已承保','','YCB',''),('10','已逾期','','YYQ',''),('11','已出单前撤保','','YCDQCB','');
/*!40000 ALTER TABLE `d_prop_status` ENABLE KEYS */;
UNLOCK TABLES;

--
-- Table structure for table `d_province`
--

DROP TABLE IF EXISTS `d_province`;
/*!40101 SET @saved_cs_client     = @@character_set_client */;
/*!40101 SET character_set_client = utf8 */;
CREATE TABLE `d_province` (
  `CODE` varchar(10) NOT NULL,
  `NAME` varchar(200) DEFAULT NULL,
  `ENUM_NAME` varchar(30) DEFAULT NULL,
  `PINYIN` varchar(10) DEFAULT NULL,
  `PARENT_CODE` varchar(10) DEFAULT NULL,
  PRIMARY KEY (`CODE`)
) ENGINE=InnoDB DEFAULT CHARSET=utf8mb4 COMMENT='行政省代码';
/*!40101 SET character_set_client = @saved_cs_client */;

--
-- Dumping data for table `d_province`
--

LOCK TABLES `d_province` WRITE;
/*!40000 ALTER TABLE `d_province` DISABLE KEYS */;
INSERT INTO `d_province` VALUES ('110000','北京市',NULL,'BJS','156'),('120000','天津市',NULL,'TJS','156'),('130000','河北省',NULL,'HBS','156'),('140000','山西省',NULL,'SXS','156'),('150000','内蒙古自治区',NULL,'NMGZZQ','156'),('210000','辽宁省',NULL,'LNS','156'),('220000','吉林省',NULL,'JLS','156'),('230000','黑龙江省',NULL,'HLJS','156'),('310000','上海市',NULL,'SHS','156'),('320000','江苏省',NULL,'JSS','156'),('330000','浙江省',NULL,'ZJS','156'),('340000','安徽省',NULL,'AHS','156'),('350000','福建省',NULL,'FJS','156'),('360000','江西省',NULL,'JXS','156'),('370000','山东省',NULL,'SDS','156'),('410000','河南省',NULL,'HNS','156'),('420000','湖北省',NULL,'HBS','156'),('430000','湖南省',NULL,'HNS','156'),('440000','广东省',NULL,'GDS','156'),('450000','广西壮族自治区',NULL,'GXZZZZQ','156'),('460000','海南省',NULL,'HNS','156'),('500000','重庆市',NULL,'ZQS','156'),('510000','四川省',NULL,'SCS','156'),('520000','贵州省',NULL,'GZS','156'),('530000','云南省',NULL,'YNS','156'),('540000','西藏自治区',NULL,'XCZZQ','156'),('610000','陕西省',NULL,'SXS','156'),('620000','甘肃省',NULL,'GSS','156'),('630000','青海省',NULL,'QHS','156'),('640000','宁夏回族自治区',NULL,'NXHZZZQ','156'),('650000','新疆维吾尔自治区',NULL,'XJWWEZZQ','156'),('710000','台湾省',NULL,'TWS','156'),('810000','香港特别行政区',NULL,'XGTBXZQ','156'),('820000','澳门特别行政区',NULL,'AMTBXZQ','156'),('999999','境外',NULL,'JW','156');
/*!40000 ALTER TABLE `d_province` ENABLE KEYS */;
UNLOCK TABLES;

--
-- Table structure for table `d_rate_table_alias`
--

DROP TABLE IF EXISTS `d_rate_table_alias`;
/*!40101 SET @saved_cs_client     = @@character_set_client */;
/*!40101 SET character_set_client = utf8 */;
CREATE TABLE `d_rate_table_alias` (
  `CODE` varchar(30) COLLATE utf8_bin DEFAULT NULL,
  `NAME` varchar(200) COLLATE utf8_bin DEFAULT NULL,
  `ENUM_NAME` varchar(30) COLLATE utf8_bin DEFAULT NULL,
  `PINYIN` varchar(10) COLLATE utf8_bin DEFAULT NULL,
  `PARENT_CODE` varchar(30) COLLATE utf8_bin DEFAULT NULL
) ENGINE=InnoDB DEFAULT CHARSET=utf8 COLLATE=utf8_bin COMMENT='费率表别名代码表';
/*!40101 SET character_set_client = @saved_cs_client */;

--
-- Dumping data for table `d_rate_table_alias`
--

LOCK TABLES `d_rate_table_alias` WRITE;
/*!40000 ALTER TABLE `d_rate_table_alias` DISABLE KEYS */;
INSERT INTO `d_rate_table_alias` VALUES ('RATE_PROD_PREM_BY_AMOUNT','保额保费费率表（按被保人年龄）','','BEBFFLBABB','PREM_CAL'),('RATE_PROD_PREM_BY_AMOUNT_2','保额保费费率表（通用）','','BEBFFLBTY','PREM_CAL'),('RATE_PROD_PREM_BY_AMOUNT_3','保额保费费率表（按社保）','','BEBFFLBASB','PREM_CAL'),('RATE_PROD_PREM_BY_AMOUNT_4','保额保费费率表（按职业类别）','','BEBFFLBAZY','PREM_CAL'),('RATE_PROD_PREM_BY_LEVEL','份数保费费率表','','FSBFFLB','PREM_CAL');
/*!40000 ALTER TABLE `d_rate_table_alias` ENABLE KEYS */;
UNLOCK TABLES;

--
-- Table structure for table `d_rejectreason_type`
--

DROP TABLE IF EXISTS `d_rejectreason_type`;
/*!40101 SET @saved_cs_client     = @@character_set_client */;
/*!40101 SET character_set_client = utf8 */;
CREATE TABLE `d_rejectreason_type` (
  `CODE` varchar(30) COLLATE utf8_bin NOT NULL,
  `name` varchar(600) COLLATE utf8_bin DEFAULT NULL,
  `PINYIN` varchar(30) COLLATE utf8_bin DEFAULT NULL,
  `PARENT_CODE` varchar(30) COLLATE utf8_bin DEFAULT NULL,
  PRIMARY KEY (`CODE`)
) ENGINE=InnoDB DEFAULT CHARSET=utf8 COLLATE=utf8_bin;
/*!40101 SET character_set_client = @saved_cs_client */;

--
-- Dumping data for table `d_rejectreason_type`
--

LOCK TABLES `d_rejectreason_type` WRITE;
/*!40000 ALTER TABLE `d_rejectreason_type` DISABLE KEYS */;
INSERT INTO `d_rejectreason_type` VALUES ('01','材料不齐全','CLBQQ',NULL),('02','客户撤销','KHCX',NULL),('03','违规理赔','WGLP',NULL);
/*!40000 ALTER TABLE `d_rejectreason_type` ENABLE KEYS */;
UNLOCK TABLES;

--
-- Table structure for table `d_religion`
--

DROP TABLE IF EXISTS `d_religion`;
/*!40101 SET @saved_cs_client     = @@character_set_client */;
/*!40101 SET character_set_client = utf8 */;
CREATE TABLE `d_religion` (
  `CODE` varchar(10) NOT NULL,
  `NAME` varchar(200) DEFAULT NULL,
  `ENUM_NAME` varchar(30) DEFAULT NULL,
  `PINYIN` varchar(10) DEFAULT NULL,
  `PARENT_CODE` varchar(10) DEFAULT NULL,
  PRIMARY KEY (`CODE`)
) ENGINE=InnoDB DEFAULT CHARSET=utf8mb4 COMMENT='宗教信仰代码';
/*!40101 SET character_set_client = @saved_cs_client */;

--
-- Dumping data for table `d_religion`
--

LOCK TABLES `d_religion` WRITE;
/*!40000 ALTER TABLE `d_religion` DISABLE KEYS */;
INSERT INTO `d_religion` VALUES ('1','佛教','','FJ',''),('2','基督教','','JDJ',''),('3','印度教','','YDJ',''),('4','穆斯林教','','MSLJ',''),('5','印度锡克教','','YDXKJ',''),('6','道教','','DJ',''),('9','其他','','QT','');
/*!40000 ALTER TABLE `d_religion` ENABLE KEYS */;
UNLOCK TABLES;

--
-- Table structure for table `d_reserve_type`
--

DROP TABLE IF EXISTS `d_reserve_type`;
/*!40101 SET @saved_cs_client     = @@character_set_client */;
/*!40101 SET character_set_client = utf8 */;
CREATE TABLE `d_reserve_type` (
  `CODE` varchar(10) COLLATE utf8_bin DEFAULT NULL,
  `NAME` varchar(200) COLLATE utf8_bin DEFAULT NULL,
  `ENUM_NAME` varchar(30) COLLATE utf8_bin DEFAULT NULL,
  `PINYIN` varchar(10) COLLATE utf8_bin DEFAULT NULL,
  `PARENT_CODE` varchar(10) COLLATE utf8_bin DEFAULT NULL
) ENGINE=InnoDB DEFAULT CHARSET=utf8 COLLATE=utf8_bin COMMENT='准备金类型代码';
/*!40101 SET character_set_client = @saved_cs_client */;

--
-- Dumping data for table `d_reserve_type`
--

LOCK TABLES `d_reserve_type` WRITE;
/*!40000 ALTER TABLE `d_reserve_type` DISABLE KEYS */;
INSERT INTO `d_reserve_type` VALUES ('1','赔款准备金','','PKZBJ','');
/*!40000 ALTER TABLE `d_reserve_type` ENABLE KEYS */;
UNLOCK TABLES;

--
-- Table structure for table `d_sales_channel`
--

DROP TABLE IF EXISTS `d_sales_channel`;
/*!40101 SET @saved_cs_client     = @@character_set_client */;
/*!40101 SET character_set_client = utf8 */;
CREATE TABLE `d_sales_channel` (
  `CODE` varchar(10) COLLATE utf8_bin NOT NULL DEFAULT '',
  `NAME` varchar(200) COLLATE utf8_bin DEFAULT NULL,
  `ENUM_NAME` varchar(30) COLLATE utf8_bin DEFAULT NULL,
  `PINYIN` varchar(10) COLLATE utf8_bin DEFAULT NULL,
  `PARENT_CODE` varchar(10) COLLATE utf8_bin DEFAULT NULL,
  PRIMARY KEY (`CODE`)
) ENGINE=InnoDB DEFAULT CHARSET=utf8 COLLATE=utf8_bin COMMENT='保单业务所属的保险销售渠道代码';
/*!40101 SET character_set_client = @saved_cs_client */;

--
-- Dumping data for table `d_sales_channel`
--

LOCK TABLES `d_sales_channel` WRITE;
/*!40000 ALTER TABLE `d_sales_channel` DISABLE KEYS */;
INSERT INTO `d_sales_channel` VALUES ('1','官网','CHANNEL_WEBSITE','GW',''),('2','微信','CHANNEL_WECHAT','WX',''),('3','APP','CHANNEL_APP','APP',''),('4','柜面','CHANNEL_COUNTER','GM',''),('5','网银','CHANNEL_NETBANK','WY','');
/*!40000 ALTER TABLE `d_sales_channel` ENABLE KEYS */;
UNLOCK TABLES;

--
-- Table structure for table `d_sales_mode`
--

DROP TABLE IF EXISTS `d_sales_mode`;
/*!40101 SET @saved_cs_client     = @@character_set_client */;
/*!40101 SET character_set_client = utf8 */;
CREATE TABLE `d_sales_mode` (
  `CODE` varchar(10) COLLATE utf8_bin NOT NULL DEFAULT '',
  `NAME` varchar(200) COLLATE utf8_bin DEFAULT NULL,
  `ENUM_NAME` varchar(30) COLLATE utf8_bin DEFAULT NULL,
  `PINYIN` varchar(10) COLLATE utf8_bin DEFAULT NULL,
  `PARENT_CODE` varchar(10) COLLATE utf8_bin DEFAULT NULL,
  PRIMARY KEY (`CODE`)
) ENGINE=InnoDB DEFAULT CHARSET=utf8 COLLATE=utf8_bin COMMENT='保监会要求的统一渠道标识';
/*!40101 SET character_set_client = @saved_cs_client */;

--
-- Dumping data for table `d_sales_mode`
--

LOCK TABLES `d_sales_mode` WRITE;
/*!40000 ALTER TABLE `d_sales_mode` DISABLE KEYS */;
INSERT INTO `d_sales_mode` VALUES ('11','传统直销业务','','CTZXYW',''),('12','新渠道直销业务','','XQDZXYW',''),('120','电话营销','','DHYX',''),('121','其他新渠道直销业务','','QTXQDZXYW',''),('21','个人代理','','GRDL',''),('22','兼业代理','','JYDL',''),('220','银行邮政兼业代理','','YXYZJYDL',''),('221','车商类兼业代理','','CSLJYDL',''),('222','其他兼业代理','','QTJYDL',''),('23','专业代理','','ZYDL',''),('30','经纪业务','','JJYW',''),('99','其他','','QT','');
/*!40000 ALTER TABLE `d_sales_mode` ENABLE KEYS */;
UNLOCK TABLES;

--
-- Table structure for table `d_sales_org_class`
--

DROP TABLE IF EXISTS `d_sales_org_class`;
/*!40101 SET @saved_cs_client     = @@character_set_client */;
/*!40101 SET character_set_client = utf8 */;
CREATE TABLE `d_sales_org_class` (
  `CODE` varchar(10) COLLATE utf8_bin NOT NULL DEFAULT '',
  `NAME` varchar(200) COLLATE utf8_bin DEFAULT NULL,
  `ENUM_NAME` varchar(30) COLLATE utf8_bin DEFAULT NULL,
  `PINYIN` varchar(10) COLLATE utf8_bin DEFAULT NULL,
  `PARENT_CODE` varchar(10) COLLATE utf8_bin DEFAULT NULL,
  PRIMARY KEY (`CODE`)
) ENGINE=InnoDB DEFAULT CHARSET=utf8 COLLATE=utf8_bin COMMENT='销售组织级别';
/*!40101 SET character_set_client = @saved_cs_client */;

--
-- Dumping data for table `d_sales_org_class`
--

LOCK TABLES `d_sales_org_class` WRITE;
/*!40000 ALTER TABLE `d_sales_org_class` DISABLE KEYS */;
INSERT INTO `d_sales_org_class` VALUES ('01','区','CLASS_AREA','Q',''),('02','部','CLASS_DEPT','B',''),('03','组','CLASS_GROUP','Z','');
/*!40000 ALTER TABLE `d_sales_org_class` ENABLE KEYS */;
UNLOCK TABLES;

--
-- Table structure for table `d_service_code`
--

DROP TABLE IF EXISTS `d_service_code`;
/*!40101 SET @saved_cs_client     = @@character_set_client */;
/*!40101 SET character_set_client = utf8 */;
CREATE TABLE `d_service_code` (
  `CODE` varchar(30) COLLATE utf8_bin NOT NULL,
  `NAME` varchar(600) COLLATE utf8_bin DEFAULT NULL,
  `PINYIN` varchar(30) COLLATE utf8_bin DEFAULT NULL,
  `PARENT_CODE` varchar(30) COLLATE utf8_bin DEFAULT NULL,
  PRIMARY KEY (`CODE`)
) ENGINE=InnoDB DEFAULT CHARSET=utf8 COLLATE=utf8_bin COMMENT='保全变更代码表';
/*!40101 SET character_set_client = @saved_cs_client */;

--
-- Dumping data for table `d_service_code`
--

LOCK TABLES `d_service_code` WRITE;
/*!40000 ALTER TABLE `d_service_code` DISABLE KEYS */;
/*!40000 ALTER TABLE `d_service_code` ENABLE KEYS */;
UNLOCK TABLES;

--
-- Table structure for table `d_surgery_code`
--

DROP TABLE IF EXISTS `d_surgery_code`;
/*!40101 SET @saved_cs_client     = @@character_set_client */;
/*!40101 SET character_set_client = utf8 */;
CREATE TABLE `d_surgery_code` (
  `CODE` varchar(20) COLLATE utf8_bin DEFAULT NULL,
  `NAME` varchar(200) COLLATE utf8_bin DEFAULT NULL,
  `ENUM_NAME` varchar(30) COLLATE utf8_bin DEFAULT NULL,
  `PINYIN` varchar(10) COLLATE utf8_bin DEFAULT NULL,
  `PARENT_CODE` varchar(10) COLLATE utf8_bin DEFAULT NULL
) ENGINE=InnoDB DEFAULT CHARSET=utf8 COLLATE=utf8_bin COMMENT='手术代码';
/*!40101 SET character_set_client = @saved_cs_client */;

--
-- Dumping data for table `d_surgery_code`
--

LOCK TABLES `d_surgery_code` WRITE;
/*!40000 ALTER TABLE `d_surgery_code` DISABLE KEYS */;
/*!40000 ALTER TABLE `d_surgery_code` ENABLE KEYS */;
UNLOCK TABLES;

--
-- Table structure for table `d_system`
--

DROP TABLE IF EXISTS `d_system`;
/*!40101 SET @saved_cs_client     = @@character_set_client */;
/*!40101 SET character_set_client = utf8 */;
CREATE TABLE `d_system` (
  `CODE` varchar(10) COLLATE utf8_bin NOT NULL COMMENT '系统代码',
  `NAME` varchar(200) COLLATE utf8_bin NOT NULL COMMENT '系统名称',
  `PINYIN` varchar(10) COLLATE utf8_bin DEFAULT NULL COMMENT '拼音简称',
  PRIMARY KEY (`CODE`)
) ENGINE=InnoDB DEFAULT CHARSET=utf8 COLLATE=utf8_bin COMMENT='系统定义代码表';
/*!40101 SET character_set_client = @saved_cs_client */;

--
-- Dumping data for table `d_system`
--

LOCK TABLES `d_system` WRITE;
/*!40000 ALTER TABLE `d_system` DISABLE KEYS */;
/*!40000 ALTER TABLE `d_system` ENABLE KEYS */;
UNLOCK TABLES;

--
-- Table structure for table `d_test_failure_action`
--

DROP TABLE IF EXISTS `d_test_failure_action`;
/*!40101 SET @saved_cs_client     = @@character_set_client */;
/*!40101 SET character_set_client = utf8 */;
CREATE TABLE `d_test_failure_action` (
  `ACTION_CODE` varchar(10) COLLATE utf8_bin NOT NULL COMMENT 'ACTION_CODE',
  `ACTION_DESC` varchar(300) COLLATE utf8_bin DEFAULT NULL COMMENT '策略说明',
  PRIMARY KEY (`ACTION_CODE`)
) ENGINE=InnoDB DEFAULT CHARSET=utf8 COLLATE=utf8_bin COMMENT='问卷测试不及格处理策略';
/*!40101 SET character_set_client = @saved_cs_client */;

--
-- Dumping data for table `d_test_failure_action`
--

LOCK TABLES `d_test_failure_action` WRITE;
/*!40000 ALTER TABLE `d_test_failure_action` DISABLE KEYS */;
/*!40000 ALTER TABLE `d_test_failure_action` ENABLE KEYS */;
UNLOCK TABLES;

--
-- Table structure for table `d_test_pape_purpose`
--

DROP TABLE IF EXISTS `d_test_pape_purpose`;
/*!40101 SET @saved_cs_client     = @@character_set_client */;
/*!40101 SET character_set_client = utf8 */;
CREATE TABLE `d_test_pape_purpose` (
  `TEST_PURPOSE` varchar(10) COLLATE utf8_bin NOT NULL COMMENT '用途',
  `PURPOSE_DESC` varchar(300) COLLATE utf8_bin DEFAULT NULL COMMENT '用途说明',
  PRIMARY KEY (`TEST_PURPOSE`)
) ENGINE=InnoDB DEFAULT CHARSET=utf8 COLLATE=utf8_bin COMMENT='测试问卷用途';
/*!40101 SET character_set_client = @saved_cs_client */;

--
-- Dumping data for table `d_test_pape_purpose`
--

LOCK TABLES `d_test_pape_purpose` WRITE;
/*!40000 ALTER TABLE `d_test_pape_purpose` DISABLE KEYS */;
/*!40000 ALTER TABLE `d_test_pape_purpose` ENABLE KEYS */;
UNLOCK TABLES;

--
-- Table structure for table `d_yes_no`
--

DROP TABLE IF EXISTS `d_yes_no`;
/*!40101 SET @saved_cs_client     = @@character_set_client */;
/*!40101 SET character_set_client = utf8 */;
CREATE TABLE `d_yes_no` (
  `CODE` varchar(10) COLLATE utf8_bin NOT NULL DEFAULT '',
  `NAME` varchar(200) COLLATE utf8_bin DEFAULT NULL,
  `ENUM_NAME` varchar(30) COLLATE utf8_bin DEFAULT NULL,
  `PINYIN` varchar(10) COLLATE utf8_bin DEFAULT NULL,
  `PARENT_CODE` varchar(10) COLLATE utf8_bin DEFAULT NULL,
  PRIMARY KEY (`CODE`)
) ENGINE=InnoDB DEFAULT CHARSET=utf8 COLLATE=utf8_bin COMMENT='是否代码';
/*!40101 SET character_set_client = @saved_cs_client */;

--
-- Dumping data for table `d_yes_no`
--

LOCK TABLES `d_yes_no` WRITE;
/*!40000 ALTER TABLE `d_yes_no` DISABLE KEYS */;
INSERT INTO `d_yes_no` VALUES ('0','否','','F',''),('1','是','','S','');
/*!40000 ALTER TABLE `d_yes_no` ENABLE KEYS */;
UNLOCK TABLES;

--
-- Table structure for table `rate_126_prem_cal_1`
--

DROP TABLE IF EXISTS `rate_126_prem_cal_1`;
/*!40101 SET @saved_cs_client     = @@character_set_client */;
/*!40101 SET character_set_client = utf8 */;
CREATE TABLE `rate_126_prem_cal_1` (
  `RATETABLE_ID` varchar(400) DEFAULT NULL,
  `GRADE` bigint(2) DEFAULT NULL,
  `RATE` decimal(14,0) DEFAULT NULL
) ENGINE=InnoDB DEFAULT CHARSET=utf8mb4;
/*!40101 SET character_set_client = @saved_cs_client */;

--
-- Dumping data for table `rate_126_prem_cal_1`
--

LOCK TABLES `rate_126_prem_cal_1` WRITE;
/*!40000 ALTER TABLE `rate_126_prem_cal_1` DISABLE KEYS */;
INSERT INTO `rate_126_prem_cal_1` VALUES ('1',1,100);
/*!40000 ALTER TABLE `rate_126_prem_cal_1` ENABLE KEYS */;
UNLOCK TABLES;

--
-- Table structure for table `rate_127_prem_cal_2`
--

DROP TABLE IF EXISTS `rate_127_prem_cal_2`;
/*!40101 SET @saved_cs_client     = @@character_set_client */;
/*!40101 SET character_set_client = utf8 */;
CREATE TABLE `rate_127_prem_cal_2` (
  `RATETABLE_ID` varchar(400) DEFAULT NULL,
  `COVERAGE_PERIOD_TYPE` varchar(40) DEFAULT NULL,
  `COVERAGE_PERIOD_VALUE` bigint(10) DEFAULT NULL,
  `RATE` decimal(14,0) DEFAULT NULL
) ENGINE=InnoDB DEFAULT CHARSET=utf8mb4;
/*!40101 SET character_set_client = @saved_cs_client */;

--
-- Dumping data for table `rate_127_prem_cal_2`
--

LOCK TABLES `rate_127_prem_cal_2` WRITE;
/*!40000 ALTER TABLE `rate_127_prem_cal_2` DISABLE KEYS */;
INSERT INTO `rate_127_prem_cal_2` VALUES ('1_1','1',1,10);
/*!40000 ALTER TABLE `rate_127_prem_cal_2` ENABLE KEYS */;
UNLOCK TABLES;

--
-- Table structure for table `rate_129_prem_cal_4`
--

DROP TABLE IF EXISTS `rate_129_prem_cal_4`;
/*!40101 SET @saved_cs_client     = @@character_set_client */;
/*!40101 SET character_set_client = utf8 */;
CREATE TABLE `rate_129_prem_cal_4` (
  `RATETABLE_ID` varchar(100) COLLATE utf8_bin NOT NULL,
  `HAS_SOCIAL_SECURITY` varchar(10) COLLATE utf8_bin NOT NULL,
  `COVERAGE_PERIOD_TYPE` varchar(10) COLLATE utf8_bin NOT NULL,
  `COVERAGE_PERIOD_VALUE` bigint(10) NOT NULL,
  `RATE` decimal(12,4) NOT NULL,
  PRIMARY KEY (`RATETABLE_ID`)
) ENGINE=InnoDB DEFAULT CHARSET=utf8 COLLATE=utf8_bin;
/*!40101 SET character_set_client = @saved_cs_client */;

--
-- Dumping data for table `rate_129_prem_cal_4`
--

LOCK TABLES `rate_129_prem_cal_4` WRITE;
/*!40000 ALTER TABLE `rate_129_prem_cal_4` DISABLE KEYS */;
INSERT INTO `rate_129_prem_cal_4` VALUES ('0_Y_1','0','Y',1,11.5000),('1_Y_1','1','Y',1,9.5000);
/*!40000 ALTER TABLE `rate_129_prem_cal_4` ENABLE KEYS */;
UNLOCK TABLES;

--
-- Table structure for table `rate_130_prem_cal_2`
--

DROP TABLE IF EXISTS `rate_130_prem_cal_2`;
/*!40101 SET @saved_cs_client     = @@character_set_client */;
/*!40101 SET character_set_client = utf8 */;
CREATE TABLE `rate_130_prem_cal_2` (
  `RATETABLE_ID` varchar(100) COLLATE utf8_bin NOT NULL,
  `HAS_SOCIAL_SECURITY` varchar(10) COLLATE utf8_bin NOT NULL,
  `COVERAGE_PERIOD_TYPE` varchar(10) COLLATE utf8_bin NOT NULL,
  `COVERAGE_PERIOD_VALUE` bigint(10) NOT NULL,
  `RATE` decimal(12,4) NOT NULL,
  PRIMARY KEY (`RATETABLE_ID`)
) ENGINE=InnoDB DEFAULT CHARSET=utf8 COLLATE=utf8_bin;
/*!40101 SET character_set_client = @saved_cs_client */;

--
-- Dumping data for table `rate_130_prem_cal_2`
--

LOCK TABLES `rate_130_prem_cal_2` WRITE;
/*!40000 ALTER TABLE `rate_130_prem_cal_2` DISABLE KEYS */;
INSERT INTO `rate_130_prem_cal_2` VALUES ('0_Y_1','0','Y',1,11.5000),('1_Y_1','1','Y',1,9.5000);
/*!40000 ALTER TABLE `rate_130_prem_cal_2` ENABLE KEYS */;
UNLOCK TABLES;

--
-- Table structure for table `rate_131_prem_cal_2`
--

DROP TABLE IF EXISTS `rate_131_prem_cal_2`;
/*!40101 SET @saved_cs_client     = @@character_set_client */;
/*!40101 SET character_set_client = utf8 */;
CREATE TABLE `rate_131_prem_cal_2` (
  `RATETABLE_ID` varchar(100) COLLATE utf8_bin NOT NULL,
  `HAS_SOCIAL_SECURITY` varchar(10) COLLATE utf8_bin NOT NULL,
  `COVERAGE_PERIOD_TYPE` varchar(10) COLLATE utf8_bin NOT NULL,
  `COVERAGE_PERIOD_VALUE` bigint(10) NOT NULL,
  `RATE` decimal(12,4) NOT NULL,
  PRIMARY KEY (`RATETABLE_ID`)
) ENGINE=InnoDB DEFAULT CHARSET=utf8 COLLATE=utf8_bin;
/*!40101 SET character_set_client = @saved_cs_client */;

--
-- Dumping data for table `rate_131_prem_cal_2`
--

LOCK TABLES `rate_131_prem_cal_2` WRITE;
/*!40000 ALTER TABLE `rate_131_prem_cal_2` DISABLE KEYS */;
INSERT INTO `rate_131_prem_cal_2` VALUES ('0_Y_1','0','Y',1,11.5000),('1_Y_1','1','Y',1,9.5000);
/*!40000 ALTER TABLE `rate_131_prem_cal_2` ENABLE KEYS */;
UNLOCK TABLES;

--
-- Table structure for table `rate_132_prem_cal_7`
--

DROP TABLE IF EXISTS `rate_132_prem_cal_7`;
/*!40101 SET @saved_cs_client     = @@character_set_client */;
/*!40101 SET character_set_client = utf8 */;
CREATE TABLE `rate_132_prem_cal_7` (
  `RATETABLE_ID` varchar(400) DEFAULT NULL,
  `COVERAGE_PERIOD_TYPE` varchar(40) DEFAULT NULL,
  `JOB_CATEGORY` decimal(14,0) DEFAULT NULL,
  `COVERAGE_PERIOD_VALUE` bigint(10) DEFAULT NULL,
  `RATE` decimal(14,0) DEFAULT NULL
) ENGINE=InnoDB DEFAULT CHARSET=utf8mb4;
/*!40101 SET character_set_client = @saved_cs_client */;

--
-- Dumping data for table `rate_132_prem_cal_7`
--

LOCK TABLES `rate_132_prem_cal_7` WRITE;
/*!40000 ALTER TABLE `rate_132_prem_cal_7` DISABLE KEYS */;
INSERT INTO `rate_132_prem_cal_7` VALUES ('D_1.0000_1','D',1,1,0),('D_1.0000_10','D',1,10,0),('D_1.0000_100','D',1,100,3),('D_1.0000_101','D',1,101,3),('D_1.0000_102','D',1,102,3),('D_1.0000_103','D',1,103,3),('D_1.0000_104','D',1,104,3),('D_1.0000_105','D',1,105,3),('D_1.0000_106','D',1,106,3),('D_1.0000_107','D',1,107,3),('D_1.0000_108','D',1,108,3),('D_1.0000_109','D',1,109,3),('D_1.0000_11','D',1,11,0),('D_1.0000_110','D',1,110,3),('D_1.0000_111','D',1,111,3),('D_1.0000_112','D',1,112,3),('D_1.0000_113','D',1,113,3),('D_1.0000_114','D',1,114,3),('D_1.0000_115','D',1,115,3),('D_1.0000_116','D',1,116,3),('D_1.0000_117','D',1,117,3),('D_1.0000_118','D',1,118,4),('D_1.0000_119','D',1,119,4),('D_1.0000_12','D',1,12,0),('D_1.0000_120','D',1,120,4),('D_1.0000_121','D',1,121,4),('D_1.0000_122','D',1,122,4),('D_1.0000_123','D',1,123,4),('D_1.0000_124','D',1,124,4),('D_1.0000_125','D',1,125,4),('D_1.0000_126','D',1,126,4),('D_1.0000_127','D',1,127,4),('D_1.0000_128','D',1,128,4),('D_1.0000_129','D',1,129,4),('D_1.0000_13','D',1,13,0),('D_1.0000_130','D',1,130,4),('D_1.0000_131','D',1,131,4),('D_1.0000_132','D',1,132,4),('D_1.0000_133','D',1,133,4),('D_1.0000_134','D',1,134,4),('D_1.0000_135','D',1,135,4),('D_1.0000_136','D',1,136,4),('D_1.0000_137','D',1,137,4),('D_1.0000_138','D',1,138,4),('D_1.0000_139','D',1,139,4),('D_1.0000_14','D',1,14,0),('D_1.0000_140','D',1,140,4),('D_1.0000_141','D',1,141,4),('D_1.0000_142','D',1,142,4),('D_1.0000_143','D',1,143,4),('D_1.0000_144','D',1,144,4),('D_1.0000_145','D',1,145,4),('D_1.0000_146','D',1,146,4),('D_1.0000_147','D',1,147,4),('D_1.0000_148','D',1,148,4),('D_1.0000_149','D',1,149,4),('D_1.0000_15','D',1,15,0),('D_1.0000_150','D',1,150,4),('D_1.0000_151','D',1,151,5),('D_1.0000_152','D',1,152,5),('D_1.0000_153','D',1,153,5),('D_1.0000_154','D',1,154,5),('D_1.0000_155','D',1,155,5),('D_1.0000_156','D',1,156,5),('D_1.0000_157','D',1,157,5),('D_1.0000_158','D',1,158,5),('D_1.0000_159','D',1,159,5),('D_1.0000_16','D',1,16,0),('D_1.0000_160','D',1,160,5),('D_1.0000_161','D',1,161,5),('D_1.0000_162','D',1,162,5),('D_1.0000_163','D',1,163,5),('D_1.0000_164','D',1,164,5),('D_1.0000_165','D',1,165,5),('D_1.0000_166','D',1,166,5),('D_1.0000_167','D',1,167,5),('D_1.0000_168','D',1,168,5),('D_1.0000_169','D',1,169,5),('D_1.0000_17','D',1,17,1),('D_1.0000_170','D',1,170,5),('D_1.0000_171','D',1,171,5),('D_1.0000_172','D',1,172,5),('D_1.0000_173','D',1,173,5),('D_1.0000_174','D',1,174,5),('D_1.0000_175','D',1,175,5),('D_1.0000_176','D',1,176,5),('D_1.0000_177','D',1,177,5),('D_1.0000_178','D',1,178,5),('D_1.0000_179','D',1,179,5),('D_1.0000_18','D',1,18,1),('D_1.0000_180','D',1,180,5),('D_1.0000_181','D',1,181,5),('D_1.0000_182','D',1,182,5),('D_1.0000_183','D',1,183,5),('D_1.0000_184','D',1,184,5),('D_1.0000_185','D',1,185,6),('D_1.0000_186','D',1,186,6),('D_1.0000_187','D',1,187,6),('D_1.0000_188','D',1,188,6),('D_1.0000_189','D',1,189,6),('D_1.0000_19','D',1,19,1),('D_1.0000_190','D',1,190,6),('D_1.0000_191','D',1,191,6),('D_1.0000_192','D',1,192,6),('D_1.0000_193','D',1,193,6),('D_1.0000_194','D',1,194,6),('D_1.0000_195','D',1,195,6),('D_1.0000_196','D',1,196,6),('D_1.0000_197','D',1,197,6),('D_1.0000_198','D',1,198,6),('D_1.0000_199','D',1,199,6),('D_1.0000_2','D',1,2,0),('D_1.0000_20','D',1,20,1),('D_1.0000_200','D',1,200,6),('D_1.0000_201','D',1,201,6),('D_1.0000_202','D',1,202,6),('D_1.0000_203','D',1,203,6),('D_1.0000_204','D',1,204,6),('D_1.0000_205','D',1,205,6),('D_1.0000_206','D',1,206,6),('D_1.0000_207','D',1,207,6),('D_1.0000_208','D',1,208,6),('D_1.0000_209','D',1,209,6),('D_1.0000_21','D',1,21,1),('D_1.0000_210','D',1,210,6),('D_1.0000_211','D',1,211,6),('D_1.0000_212','D',1,212,6),('D_1.0000_213','D',1,213,6),('D_1.0000_214','D',1,214,6),('D_1.0000_215','D',1,215,6),('D_1.0000_216','D',1,216,6),('D_1.0000_217','D',1,217,6),('D_1.0000_218','D',1,218,7),('D_1.0000_219','D',1,219,7),('D_1.0000_22','D',1,22,1),('D_1.0000_220','D',1,220,7),('D_1.0000_221','D',1,221,7),('D_1.0000_222','D',1,222,7),('D_1.0000_223','D',1,223,7),('D_1.0000_224','D',1,224,7),('D_1.0000_225','D',1,225,7),('D_1.0000_226','D',1,226,7),('D_1.0000_227','D',1,227,7),('D_1.0000_228','D',1,228,7),('D_1.0000_229','D',1,229,7),('D_1.0000_23','D',1,23,1),('D_1.0000_230','D',1,230,7),('D_1.0000_231','D',1,231,7),('D_1.0000_232','D',1,232,7),('D_1.0000_233','D',1,233,7),('D_1.0000_234','D',1,234,7),('D_1.0000_235','D',1,235,7),('D_1.0000_236','D',1,236,7),('D_1.0000_237','D',1,237,7),('D_1.0000_238','D',1,238,7),('D_1.0000_239','D',1,239,7),('D_1.0000_24','D',1,24,1),('D_1.0000_240','D',1,240,7),('D_1.0000_241','D',1,241,7),('D_1.0000_242','D',1,242,7),('D_1.0000_243','D',1,243,7),('D_1.0000_244','D',1,244,7),('D_1.0000_245','D',1,245,7),('D_1.0000_246','D',1,246,7),('D_1.0000_247','D',1,247,7),('D_1.0000_248','D',1,248,7),('D_1.0000_249','D',1,249,7),('D_1.0000_25','D',1,25,1),('D_1.0000_250','D',1,250,7),('D_1.0000_251','D',1,251,7),('D_1.0000_252','D',1,252,8),('D_1.0000_253','D',1,253,8),('D_1.0000_254','D',1,254,8),('D_1.0000_255','D',1,255,8),('D_1.0000_256','D',1,256,8),('D_1.0000_257','D',1,257,8),('D_1.0000_258','D',1,258,8),('D_1.0000_259','D',1,259,8),('D_1.0000_26','D',1,26,1),('D_1.0000_260','D',1,260,8),('D_1.0000_261','D',1,261,8),('D_1.0000_262','D',1,262,8),('D_1.0000_263','D',1,263,8),('D_1.0000_264','D',1,264,8),('D_1.0000_265','D',1,265,8),('D_1.0000_266','D',1,266,8),('D_1.0000_267','D',1,267,8),('D_1.0000_268','D',1,268,8),('D_1.0000_269','D',1,269,8),('D_1.0000_27','D',1,27,1),('D_1.0000_270','D',1,270,8),('D_1.0000_271','D',1,271,8),('D_1.0000_272','D',1,272,8),('D_1.0000_273','D',1,273,8),('D_1.0000_274','D',1,274,8),('D_1.0000_275','D',1,275,8),('D_1.0000_276','D',1,276,8),('D_1.0000_277','D',1,277,8),('D_1.0000_278','D',1,278,8),('D_1.0000_279','D',1,279,8),('D_1.0000_28','D',1,28,1),('D_1.0000_280','D',1,280,8),('D_1.0000_281','D',1,281,8),('D_1.0000_282','D',1,282,8),('D_1.0000_283','D',1,283,8),('D_1.0000_284','D',1,284,8),('D_1.0000_285','D',1,285,9),('D_1.0000_286','D',1,286,9),('D_1.0000_287','D',1,287,9),('D_1.0000_288','D',1,288,9),('D_1.0000_289','D',1,289,9),('D_1.0000_29','D',1,29,1),('D_1.0000_290','D',1,290,9),('D_1.0000_291','D',1,291,9),('D_1.0000_292','D',1,292,9),('D_1.0000_293','D',1,293,9),('D_1.0000_294','D',1,294,9),('D_1.0000_295','D',1,295,9),('D_1.0000_296','D',1,296,9),('D_1.0000_297','D',1,297,9),('D_1.0000_298','D',1,298,9),('D_1.0000_299','D',1,299,9),('D_1.0000_3','D',1,3,0),('D_1.0000_30','D',1,30,1),('D_1.0000_300','D',1,300,9),('D_1.0000_301','D',1,301,9),('D_1.0000_302','D',1,302,9),('D_1.0000_303','D',1,303,9),('D_1.0000_304','D',1,304,9),('D_1.0000_305','D',1,305,9),('D_1.0000_306','D',1,306,9),('D_1.0000_307','D',1,307,9),('D_1.0000_308','D',1,308,9),('D_1.0000_309','D',1,309,9),('D_1.0000_31','D',1,31,1),('D_1.0000_310','D',1,310,9),('D_1.0000_311','D',1,311,9),('D_1.0000_312','D',1,312,9),('D_1.0000_313','D',1,313,9),('D_1.0000_314','D',1,314,9),('D_1.0000_315','D',1,315,9),('D_1.0000_316','D',1,316,9),('D_1.0000_317','D',1,317,9),('D_1.0000_318','D',1,318,9),('D_1.0000_319','D',1,319,10),('D_1.0000_32','D',1,32,1),('D_1.0000_320','D',1,320,10),('D_1.0000_321','D',1,321,10),('D_1.0000_322','D',1,322,10),('D_1.0000_323','D',1,323,10),('D_1.0000_324','D',1,324,10),('D_1.0000_325','D',1,325,10),('D_1.0000_326','D',1,326,10),('D_1.0000_327','D',1,327,10),('D_1.0000_328','D',1,328,10),('D_1.0000_329','D',1,329,10),('D_1.0000_33','D',1,33,1),('D_1.0000_330','D',1,330,10),('D_1.0000_331','D',1,331,10),('D_1.0000_332','D',1,332,10),('D_1.0000_333','D',1,333,10),('D_1.0000_334','D',1,334,10),('D_1.0000_335','D',1,335,10),('D_1.0000_336','D',1,336,10),('D_1.0000_337','D',1,337,10),('D_1.0000_338','D',1,338,10),('D_1.0000_339','D',1,339,10),('D_1.0000_34','D',1,34,1),('D_1.0000_340','D',1,340,10),('D_1.0000_341','D',1,341,10),('D_1.0000_342','D',1,342,10),('D_1.0000_343','D',1,343,10),('D_1.0000_344','D',1,344,10),('D_1.0000_345','D',1,345,10),('D_1.0000_346','D',1,346,10),('D_1.0000_347','D',1,347,10),('D_1.0000_348','D',1,348,10),('D_1.0000_349','D',1,349,10),('D_1.0000_35','D',1,35,1),('D_1.0000_350','D',1,350,10),('D_1.0000_351','D',1,351,10),('D_1.0000_352','D',1,352,11),('D_1.0000_353','D',1,353,11),('D_1.0000_354','D',1,354,11),('D_1.0000_355','D',1,355,11),('D_1.0000_356','D',1,356,11),('D_1.0000_357','D',1,357,11),('D_1.0000_358','D',1,358,11),('D_1.0000_359','D',1,359,11),('D_1.0000_36','D',1,36,1),('D_1.0000_360','D',1,360,11),('D_1.0000_361','D',1,361,11),('D_1.0000_362','D',1,362,11),('D_1.0000_363','D',1,363,11),('D_1.0000_364','D',1,364,11),('D_1.0000_365','D',1,365,11),('D_1.0000_37','D',1,37,1),('D_1.0000_38','D',1,38,1),('D_1.0000_39','D',1,39,1),('D_1.0000_4','D',1,4,0),('D_1.0000_40','D',1,40,1),('D_1.0000_41','D',1,41,1),('D_1.0000_42','D',1,42,1),('D_1.0000_43','D',1,43,1),('D_1.0000_44','D',1,44,1),('D_1.0000_45','D',1,45,1),('D_1.0000_46','D',1,46,1),('D_1.0000_47','D',1,47,1),('D_1.0000_48','D',1,48,1),('D_1.0000_49','D',1,49,1),('D_1.0000_5','D',1,5,0),('D_1.0000_50','D',1,50,1),('D_1.0000_51','D',1,51,2),('D_1.0000_52','D',1,52,2),('D_1.0000_53','D',1,53,2),('D_1.0000_54','D',1,54,2),('D_1.0000_55','D',1,55,2),('D_1.0000_56','D',1,56,2),('D_1.0000_57','D',1,57,2),('D_1.0000_58','D',1,58,2),('D_1.0000_59','D',1,59,2),('D_1.0000_6','D',1,6,0),('D_1.0000_60','D',1,60,2),('D_1.0000_61','D',1,61,2),('D_1.0000_62','D',1,62,2),('D_1.0000_63','D',1,63,2),('D_1.0000_64','D',1,64,2),('D_1.0000_65','D',1,65,2),('D_1.0000_66','D',1,66,2),('D_1.0000_67','D',1,67,2),('D_1.0000_68','D',1,68,2),('D_1.0000_69','D',1,69,2),('D_1.0000_7','D',1,7,0),('D_1.0000_70','D',1,70,2),('D_1.0000_71','D',1,71,2),('D_1.0000_72','D',1,72,2),('D_1.0000_73','D',1,73,2),('D_1.0000_74','D',1,74,2),('D_1.0000_75','D',1,75,2),('D_1.0000_76','D',1,76,2),('D_1.0000_77','D',1,77,2),('D_1.0000_78','D',1,78,2),('D_1.0000_79','D',1,79,2),('D_1.0000_8','D',1,8,0),('D_1.0000_80','D',1,80,2),('D_1.0000_81','D',1,81,2),('D_1.0000_82','D',1,82,2),('D_1.0000_83','D',1,83,2),('D_1.0000_84','D',1,84,3),('D_1.0000_85','D',1,85,3),('D_1.0000_86','D',1,86,3),('D_1.0000_87','D',1,87,3),('D_1.0000_88','D',1,88,3),('D_1.0000_89','D',1,89,3),('D_1.0000_9','D',1,9,0),('D_1.0000_90','D',1,90,3),('D_1.0000_91','D',1,91,3),('D_1.0000_92','D',1,92,3),('D_1.0000_93','D',1,93,3),('D_1.0000_94','D',1,94,3),('D_1.0000_95','D',1,95,3),('D_1.0000_96','D',1,96,3),('D_1.0000_97','D',1,97,3),('D_1.0000_98','D',1,98,3),('D_1.0000_99','D',1,99,3),('D_2.0000_1','D',2,1,0),('D_2.0000_10','D',2,10,0),('D_2.0000_100','D',2,100,4),('D_2.0000_101','D',2,101,4),('D_2.0000_102','D',2,102,4),('D_2.0000_103','D',2,103,4),('D_2.0000_104','D',2,104,4),('D_2.0000_105','D',2,105,4),('D_2.0000_106','D',2,106,4),('D_2.0000_107','D',2,107,4),('D_2.0000_108','D',2,108,4),('D_2.0000_109','D',2,109,4),('D_2.0000_11','D',2,11,0),('D_2.0000_110','D',2,110,4),('D_2.0000_111','D',2,111,4),('D_2.0000_112','D',2,112,4),('D_2.0000_113','D',2,113,4),('D_2.0000_114','D',2,114,5),('D_2.0000_115','D',2,115,5),('D_2.0000_116','D',2,116,5),('D_2.0000_117','D',2,117,5),('D_2.0000_118','D',2,118,5),('D_2.0000_119','D',2,119,5),('D_2.0000_12','D',2,12,0),('D_2.0000_120','D',2,120,5),('D_2.0000_121','D',2,121,5),('D_2.0000_122','D',2,122,5),('D_2.0000_123','D',2,123,5),('D_2.0000_124','D',2,124,5),('D_2.0000_125','D',2,125,5),('D_2.0000_126','D',2,126,5),('D_2.0000_127','D',2,127,5),('D_2.0000_128','D',2,128,5),('D_2.0000_129','D',2,129,5),('D_2.0000_13','D',2,13,1),('D_2.0000_130','D',2,130,5),('D_2.0000_131','D',2,131,5),('D_2.0000_132','D',2,132,5),('D_2.0000_133','D',2,133,5),('D_2.0000_134','D',2,134,5),('D_2.0000_135','D',2,135,5),('D_2.0000_136','D',2,136,5),('D_2.0000_137','D',2,137,5),('D_2.0000_138','D',2,138,5),('D_2.0000_139','D',2,139,6),('D_2.0000_14','D',2,14,1),('D_2.0000_140','D',2,140,6),('D_2.0000_141','D',2,141,6),('D_2.0000_142','D',2,142,6),('D_2.0000_143','D',2,143,6),('D_2.0000_144','D',2,144,6),('D_2.0000_145','D',2,145,6),('D_2.0000_146','D',2,146,6),('D_2.0000_147','D',2,147,6),('D_2.0000_148','D',2,148,6),('D_2.0000_149','D',2,149,6),('D_2.0000_15','D',2,15,1),('D_2.0000_150','D',2,150,6),('D_2.0000_151','D',2,151,6),('D_2.0000_152','D',2,152,6),('D_2.0000_153','D',2,153,6),('D_2.0000_154','D',2,154,6),('D_2.0000_155','D',2,155,6),('D_2.0000_156','D',2,156,6),('D_2.0000_157','D',2,157,6),('D_2.0000_158','D',2,158,6),('D_2.0000_159','D',2,159,6),('D_2.0000_16','D',2,16,1),('D_2.0000_160','D',2,160,6),('D_2.0000_161','D',2,161,6),('D_2.0000_162','D',2,162,6),('D_2.0000_163','D',2,163,6),('D_2.0000_164','D',2,164,7),('D_2.0000_165','D',2,165,7),('D_2.0000_166','D',2,166,7),('D_2.0000_167','D',2,167,7),('D_2.0000_168','D',2,168,7),('D_2.0000_169','D',2,169,7),('D_2.0000_17','D',2,17,1),('D_2.0000_170','D',2,170,7),('D_2.0000_171','D',2,171,7),('D_2.0000_172','D',2,172,7),('D_2.0000_173','D',2,173,7),('D_2.0000_174','D',2,174,7),('D_2.0000_175','D',2,175,7),('D_2.0000_176','D',2,176,7),('D_2.0000_177','D',2,177,7),('D_2.0000_178','D',2,178,7),('D_2.0000_179','D',2,179,7),('D_2.0000_18','D',2,18,1),('D_2.0000_180','D',2,180,7),('D_2.0000_181','D',2,181,7),('D_2.0000_182','D',2,182,7),('D_2.0000_183','D',2,183,7),('D_2.0000_184','D',2,184,7),('D_2.0000_185','D',2,185,7),('D_2.0000_186','D',2,186,7),('D_2.0000_187','D',2,187,7),('D_2.0000_188','D',2,188,7),('D_2.0000_189','D',2,189,8),('D_2.0000_19','D',2,19,1),('D_2.0000_190','D',2,190,8),('D_2.0000_191','D',2,191,8),('D_2.0000_192','D',2,192,8),('D_2.0000_193','D',2,193,8),('D_2.0000_194','D',2,194,8),('D_2.0000_195','D',2,195,8),('D_2.0000_196','D',2,196,8),('D_2.0000_197','D',2,197,8),('D_2.0000_198','D',2,198,8),('D_2.0000_199','D',2,199,8),('D_2.0000_2','D',2,2,0),('D_2.0000_20','D',2,20,1),('D_2.0000_200','D',2,200,8),('D_2.0000_201','D',2,201,8),('D_2.0000_202','D',2,202,8),('D_2.0000_203','D',2,203,8),('D_2.0000_204','D',2,204,8),('D_2.0000_205','D',2,205,8),('D_2.0000_206','D',2,206,8),('D_2.0000_207','D',2,207,8),('D_2.0000_208','D',2,208,8),('D_2.0000_209','D',2,209,8),('D_2.0000_21','D',2,21,1),('D_2.0000_210','D',2,210,8),('D_2.0000_211','D',2,211,8),('D_2.0000_212','D',2,212,8),('D_2.0000_213','D',2,213,8),('D_2.0000_214','D',2,214,9),('D_2.0000_215','D',2,215,9),('D_2.0000_216','D',2,216,9),('D_2.0000_217','D',2,217,9),('D_2.0000_218','D',2,218,9),('D_2.0000_219','D',2,219,9),('D_2.0000_22','D',2,22,1),('D_2.0000_220','D',2,220,9),('D_2.0000_221','D',2,221,9),('D_2.0000_222','D',2,222,9),('D_2.0000_223','D',2,223,9),('D_2.0000_224','D',2,224,9),('D_2.0000_225','D',2,225,9),('D_2.0000_226','D',2,226,9),('D_2.0000_227','D',2,227,9),('D_2.0000_228','D',2,228,9),('D_2.0000_229','D',2,229,9),('D_2.0000_23','D',2,23,1),('D_2.0000_230','D',2,230,9),('D_2.0000_231','D',2,231,9),('D_2.0000_232','D',2,232,9),('D_2.0000_233','D',2,233,9),('D_2.0000_234','D',2,234,9),('D_2.0000_235','D',2,235,9),('D_2.0000_236','D',2,236,9),('D_2.0000_237','D',2,237,9),('D_2.0000_238','D',2,238,9),('D_2.0000_239','D',2,239,9),('D_2.0000_24','D',2,24,1),('D_2.0000_240','D',2,240,10),('D_2.0000_241','D',2,241,10),('D_2.0000_242','D',2,242,10),('D_2.0000_243','D',2,243,10),('D_2.0000_244','D',2,244,10),('D_2.0000_245','D',2,245,10),('D_2.0000_246','D',2,246,10),('D_2.0000_247','D',2,247,10),('D_2.0000_248','D',2,248,10),('D_2.0000_249','D',2,249,10),('D_2.0000_25','D',2,25,1),('D_2.0000_250','D',2,250,10),('D_2.0000_251','D',2,251,10),('D_2.0000_252','D',2,252,10),('D_2.0000_253','D',2,253,10),('D_2.0000_254','D',2,254,10),('D_2.0000_255','D',2,255,10),('D_2.0000_256','D',2,256,10),('D_2.0000_257','D',2,257,10),('D_2.0000_258','D',2,258,10),('D_2.0000_259','D',2,259,10),('D_2.0000_26','D',2,26,1),('D_2.0000_260','D',2,260,10),('D_2.0000_261','D',2,261,10),('D_2.0000_262','D',2,262,10),('D_2.0000_263','D',2,263,10),('D_2.0000_264','D',2,264,10),('D_2.0000_265','D',2,265,11),('D_2.0000_266','D',2,266,11),('D_2.0000_267','D',2,267,11),('D_2.0000_268','D',2,268,11),('D_2.0000_269','D',2,269,11),('D_2.0000_27','D',2,27,1),('D_2.0000_270','D',2,270,11),('D_2.0000_271','D',2,271,11),('D_2.0000_272','D',2,272,11),('D_2.0000_273','D',2,273,11),('D_2.0000_274','D',2,274,11),('D_2.0000_275','D',2,275,11),('D_2.0000_276','D',2,276,11),('D_2.0000_277','D',2,277,11),('D_2.0000_278','D',2,278,11),('D_2.0000_279','D',2,279,11),('D_2.0000_28','D',2,28,1),('D_2.0000_280','D',2,280,11),('D_2.0000_281','D',2,281,11),('D_2.0000_282','D',2,282,11),('D_2.0000_283','D',2,283,11),('D_2.0000_284','D',2,284,11),('D_2.0000_285','D',2,285,11),('D_2.0000_286','D',2,286,11),('D_2.0000_287','D',2,287,11),('D_2.0000_288','D',2,288,11),('D_2.0000_289','D',2,289,11),('D_2.0000_29','D',2,29,1),('D_2.0000_290','D',2,290,12),('D_2.0000_291','D',2,291,12),('D_2.0000_292','D',2,292,12),('D_2.0000_293','D',2,293,12),('D_2.0000_294','D',2,294,12),('D_2.0000_295','D',2,295,12),('D_2.0000_296','D',2,296,12),('D_2.0000_297','D',2,297,12),('D_2.0000_298','D',2,298,12),('D_2.0000_299','D',2,299,12),('D_2.0000_3','D',2,3,0),('D_2.0000_30','D',2,30,1),('D_2.0000_300','D',2,300,12),('D_2.0000_301','D',2,301,12),('D_2.0000_302','D',2,302,12),('D_2.0000_303','D',2,303,12),('D_2.0000_304','D',2,304,12),('D_2.0000_305','D',2,305,12),('D_2.0000_306','D',2,306,12),('D_2.0000_307','D',2,307,12),('D_2.0000_308','D',2,308,12),('D_2.0000_309','D',2,309,12),('D_2.0000_31','D',2,31,1),('D_2.0000_310','D',2,310,12),('D_2.0000_311','D',2,311,12),('D_2.0000_312','D',2,312,12),('D_2.0000_313','D',2,313,12),('D_2.0000_314','D',2,314,12),('D_2.0000_315','D',2,315,13),('D_2.0000_316','D',2,316,13),('D_2.0000_317','D',2,317,13),('D_2.0000_318','D',2,318,13),('D_2.0000_319','D',2,319,13),('D_2.0000_32','D',2,32,1),('D_2.0000_320','D',2,320,13),('D_2.0000_321','D',2,321,13),('D_2.0000_322','D',2,322,13),('D_2.0000_323','D',2,323,13),('D_2.0000_324','D',2,324,13),('D_2.0000_325','D',2,325,13),('D_2.0000_326','D',2,326,13),('D_2.0000_327','D',2,327,13),('D_2.0000_328','D',2,328,13),('D_2.0000_329','D',2,329,13),('D_2.0000_33','D',2,33,1),('D_2.0000_330','D',2,330,13),('D_2.0000_331','D',2,331,13),('D_2.0000_332','D',2,332,13),('D_2.0000_333','D',2,333,13),('D_2.0000_334','D',2,334,13),('D_2.0000_335','D',2,335,13),('D_2.0000_336','D',2,336,13),('D_2.0000_337','D',2,337,13),('D_2.0000_338','D',2,338,13),('D_2.0000_339','D',2,339,13),('D_2.0000_34','D',2,34,1),('D_2.0000_340','D',2,340,14),('D_2.0000_341','D',2,341,14),('D_2.0000_342','D',2,342,14),('D_2.0000_343','D',2,343,14),('D_2.0000_344','D',2,344,14),('D_2.0000_345','D',2,345,14),('D_2.0000_346','D',2,346,14),('D_2.0000_347','D',2,347,14),('D_2.0000_348','D',2,348,14),('D_2.0000_349','D',2,349,14),('D_2.0000_35','D',2,35,1),('D_2.0000_350','D',2,350,14),('D_2.0000_351','D',2,351,14),('D_2.0000_352','D',2,352,14),('D_2.0000_353','D',2,353,14),('D_2.0000_354','D',2,354,14),('D_2.0000_355','D',2,355,14),('D_2.0000_356','D',2,356,14),('D_2.0000_357','D',2,357,14),('D_2.0000_358','D',2,358,14),('D_2.0000_359','D',2,359,14),('D_2.0000_36','D',2,36,1),('D_2.0000_360','D',2,360,14),('D_2.0000_361','D',2,361,14),('D_2.0000_362','D',2,362,14),('D_2.0000_363','D',2,363,14),('D_2.0000_364','D',2,364,14),('D_2.0000_365','D',2,365,15),('D_2.0000_37','D',2,37,1),('D_2.0000_38','D',2,38,2),('D_2.0000_39','D',2,39,2),('D_2.0000_4','D',2,4,0),('D_2.0000_40','D',2,40,2),('D_2.0000_41','D',2,41,2),('D_2.0000_42','D',2,42,2),('D_2.0000_43','D',2,43,2),('D_2.0000_44','D',2,44,2),('D_2.0000_45','D',2,45,2),('D_2.0000_46','D',2,46,2),('D_2.0000_47','D',2,47,2),('D_2.0000_48','D',2,48,2),('D_2.0000_49','D',2,49,2),('D_2.0000_5','D',2,5,0),('D_2.0000_50','D',2,50,2),('D_2.0000_51','D',2,51,2),('D_2.0000_52','D',2,52,2),('D_2.0000_53','D',2,53,2),('D_2.0000_54','D',2,54,2),('D_2.0000_55','D',2,55,2),('D_2.0000_56','D',2,56,2),('D_2.0000_57','D',2,57,2),('D_2.0000_58','D',2,58,2),('D_2.0000_59','D',2,59,2),('D_2.0000_6','D',2,6,0),('D_2.0000_60','D',2,60,2),('D_2.0000_61','D',2,61,2),('D_2.0000_62','D',2,62,2),('D_2.0000_63','D',2,63,3),('D_2.0000_64','D',2,64,3),('D_2.0000_65','D',2,65,3),('D_2.0000_66','D',2,66,3),('D_2.0000_67','D',2,67,3),('D_2.0000_68','D',2,68,3),('D_2.0000_69','D',2,69,3),('D_2.0000_7','D',2,7,0),('D_2.0000_70','D',2,70,3),('D_2.0000_71','D',2,71,3),('D_2.0000_72','D',2,72,3),('D_2.0000_73','D',2,73,3),('D_2.0000_74','D',2,74,3),('D_2.0000_75','D',2,75,3),('D_2.0000_76','D',2,76,3),('D_2.0000_77','D',2,77,3),('D_2.0000_78','D',2,78,3),('D_2.0000_79','D',2,79,3),('D_2.0000_8','D',2,8,0),('D_2.0000_80','D',2,80,3),('D_2.0000_81','D',2,81,3),('D_2.0000_82','D',2,82,3),('D_2.0000_83','D',2,83,3),('D_2.0000_84','D',2,84,3),('D_2.0000_85','D',2,85,3),('D_2.0000_86','D',2,86,3),('D_2.0000_87','D',2,87,3),('D_2.0000_88','D',2,88,3),('D_2.0000_89','D',2,89,4),('D_2.0000_9','D',2,9,0),('D_2.0000_90','D',2,90,4),('D_2.0000_91','D',2,91,4),('D_2.0000_92','D',2,92,4),('D_2.0000_93','D',2,93,4),('D_2.0000_94','D',2,94,4),('D_2.0000_95','D',2,95,4),('D_2.0000_96','D',2,96,4),('D_2.0000_97','D',2,97,4),('D_2.0000_98','D',2,98,4),('D_2.0000_99','D',2,99,4),('D_3.0000_1','D',3,1,0),('D_3.0000_10','D',3,10,0),('D_3.0000_100','D',3,100,5),('D_3.0000_101','D',3,101,5),('D_3.0000_102','D',3,102,5),('D_3.0000_103','D',3,103,5),('D_3.0000_104','D',3,104,5),('D_3.0000_105','D',3,105,5),('D_3.0000_106','D',3,106,5),('D_3.0000_107','D',3,107,5),('D_3.0000_108','D',3,108,5),('D_3.0000_109','D',3,109,5),('D_3.0000_11','D',3,11,1),('D_3.0000_110','D',3,110,5),('D_3.0000_111','D',3,111,5),('D_3.0000_112','D',3,112,5),('D_3.0000_113','D',3,113,5),('D_3.0000_114','D',3,114,5),('D_3.0000_115','D',3,115,6),('D_3.0000_116','D',3,116,6),('D_3.0000_117','D',3,117,6),('D_3.0000_118','D',3,118,6),('D_3.0000_119','D',3,119,6),('D_3.0000_12','D',3,12,1),('D_3.0000_120','D',3,120,6),('D_3.0000_121','D',3,121,6),('D_3.0000_122','D',3,122,6),('D_3.0000_123','D',3,123,6),('D_3.0000_124','D',3,124,6),('D_3.0000_125','D',3,125,6),('D_3.0000_126','D',3,126,6),('D_3.0000_127','D',3,127,6),('D_3.0000_128','D',3,128,6),('D_3.0000_129','D',3,129,6),('D_3.0000_13','D',3,13,1),('D_3.0000_130','D',3,130,6),('D_3.0000_131','D',3,131,6),('D_3.0000_132','D',3,132,6),('D_3.0000_133','D',3,133,6),('D_3.0000_134','D',3,134,6),('D_3.0000_135','D',3,135,6),('D_3.0000_136','D',3,136,7),('D_3.0000_137','D',3,137,7),('D_3.0000_138','D',3,138,7),('D_3.0000_139','D',3,139,7),('D_3.0000_14','D',3,14,1),('D_3.0000_140','D',3,140,7),('D_3.0000_141','D',3,141,7),('D_3.0000_142','D',3,142,7),('D_3.0000_143','D',3,143,7),('D_3.0000_144','D',3,144,7),('D_3.0000_145','D',3,145,7),('D_3.0000_146','D',3,146,7),('D_3.0000_147','D',3,147,7),('D_3.0000_148','D',3,148,7),('D_3.0000_149','D',3,149,7),('D_3.0000_15','D',3,15,1),('D_3.0000_150','D',3,150,7),('D_3.0000_151','D',3,151,7),('D_3.0000_152','D',3,152,7),('D_3.0000_153','D',3,153,7),('D_3.0000_154','D',3,154,7),('D_3.0000_155','D',3,155,7),('D_3.0000_156','D',3,156,7),('D_3.0000_157','D',3,157,8),('D_3.0000_158','D',3,158,8),('D_3.0000_159','D',3,159,8),('D_3.0000_16','D',3,16,1),('D_3.0000_160','D',3,160,8),('D_3.0000_161','D',3,161,8),('D_3.0000_162','D',3,162,8),('D_3.0000_163','D',3,163,8),('D_3.0000_164','D',3,164,8),('D_3.0000_165','D',3,165,8),('D_3.0000_166','D',3,166,8),('D_3.0000_167','D',3,167,8),('D_3.0000_168','D',3,168,8),('D_3.0000_169','D',3,169,8),('D_3.0000_17','D',3,17,1),('D_3.0000_170','D',3,170,8),('D_3.0000_171','D',3,171,8),('D_3.0000_172','D',3,172,8),('D_3.0000_173','D',3,173,8),('D_3.0000_174','D',3,174,8),('D_3.0000_175','D',3,175,8),('D_3.0000_176','D',3,176,8),('D_3.0000_177','D',3,177,8),('D_3.0000_178','D',3,178,9),('D_3.0000_179','D',3,179,9),('D_3.0000_18','D',3,18,1),('D_3.0000_180','D',3,180,9),('D_3.0000_181','D',3,181,9),('D_3.0000_182','D',3,182,9),('D_3.0000_183','D',3,183,9),('D_3.0000_184','D',3,184,9),('D_3.0000_185','D',3,185,9),('D_3.0000_186','D',3,186,9),('D_3.0000_187','D',3,187,9),('D_3.0000_188','D',3,188,9),('D_3.0000_189','D',3,189,9),('D_3.0000_19','D',3,19,1),('D_3.0000_190','D',3,190,9),('D_3.0000_191','D',3,191,9),('D_3.0000_192','D',3,192,9),('D_3.0000_193','D',3,193,9),('D_3.0000_194','D',3,194,9),('D_3.0000_195','D',3,195,9),('D_3.0000_196','D',3,196,9),('D_3.0000_197','D',3,197,9),('D_3.0000_198','D',3,198,9),('D_3.0000_199','D',3,199,10),('D_3.0000_2','D',3,2,0),('D_3.0000_20','D',3,20,1),('D_3.0000_200','D',3,200,10),('D_3.0000_201','D',3,201,10),('D_3.0000_202','D',3,202,10),('D_3.0000_203','D',3,203,10),('D_3.0000_204','D',3,204,10),('D_3.0000_205','D',3,205,10),('D_3.0000_206','D',3,206,10),('D_3.0000_207','D',3,207,10),('D_3.0000_208','D',3,208,10),('D_3.0000_209','D',3,209,10),('D_3.0000_21','D',3,21,1),('D_3.0000_210','D',3,210,10),('D_3.0000_211','D',3,211,10),('D_3.0000_212','D',3,212,10),('D_3.0000_213','D',3,213,10),('D_3.0000_214','D',3,214,10),('D_3.0000_215','D',3,215,10),('D_3.0000_216','D',3,216,10),('D_3.0000_217','D',3,217,10),('D_3.0000_218','D',3,218,10),('D_3.0000_219','D',3,219,11),('D_3.0000_22','D',3,22,1),('D_3.0000_220','D',3,220,11),('D_3.0000_221','D',3,221,11),('D_3.0000_222','D',3,222,11),('D_3.0000_223','D',3,223,11),('D_3.0000_224','D',3,224,11),('D_3.0000_225','D',3,225,11),('D_3.0000_226','D',3,226,11),('D_3.0000_227','D',3,227,11),('D_3.0000_228','D',3,228,11),('D_3.0000_229','D',3,229,11),('D_3.0000_23','D',3,23,1),('D_3.0000_230','D',3,230,11),('D_3.0000_231','D',3,231,11),('D_3.0000_232','D',3,232,11),('D_3.0000_233','D',3,233,11),('D_3.0000_234','D',3,234,11),('D_3.0000_235','D',3,235,11),('D_3.0000_236','D',3,236,11),('D_3.0000_237','D',3,237,11),('D_3.0000_238','D',3,238,11),('D_3.0000_239','D',3,239,11),('D_3.0000_24','D',3,24,1),('D_3.0000_240','D',3,240,12),('D_3.0000_241','D',3,241,12),('D_3.0000_242','D',3,242,12),('D_3.0000_243','D',3,243,12),('D_3.0000_244','D',3,244,12),('D_3.0000_245','D',3,245,12),('D_3.0000_246','D',3,246,12),('D_3.0000_247','D',3,247,12),('D_3.0000_248','D',3,248,12),('D_3.0000_249','D',3,249,12),('D_3.0000_25','D',3,25,1),('D_3.0000_250','D',3,250,12),('D_3.0000_251','D',3,251,12),('D_3.0000_252','D',3,252,12),('D_3.0000_253','D',3,253,12),('D_3.0000_254','D',3,254,12),('D_3.0000_255','D',3,255,12),('D_3.0000_256','D',3,256,12),('D_3.0000_257','D',3,257,12),('D_3.0000_258','D',3,258,12),('D_3.0000_259','D',3,259,12),('D_3.0000_26','D',3,26,1),('D_3.0000_260','D',3,260,12),('D_3.0000_261','D',3,261,13),('D_3.0000_262','D',3,262,13),('D_3.0000_263','D',3,263,13),('D_3.0000_264','D',3,264,13),('D_3.0000_265','D',3,265,13),('D_3.0000_266','D',3,266,13),('D_3.0000_267','D',3,267,13),('D_3.0000_268','D',3,268,13),('D_3.0000_269','D',3,269,13),('D_3.0000_27','D',3,27,1),('D_3.0000_270','D',3,270,13),('D_3.0000_271','D',3,271,13),('D_3.0000_272','D',3,272,13),('D_3.0000_273','D',3,273,13),('D_3.0000_274','D',3,274,13),('D_3.0000_275','D',3,275,13),('D_3.0000_276','D',3,276,13),('D_3.0000_277','D',3,277,13),('D_3.0000_278','D',3,278,13),('D_3.0000_279','D',3,279,13),('D_3.0000_28','D',3,28,1),('D_3.0000_280','D',3,280,13),('D_3.0000_281','D',3,281,13),('D_3.0000_282','D',3,282,14),('D_3.0000_283','D',3,283,14),('D_3.0000_284','D',3,284,14),('D_3.0000_285','D',3,285,14),('D_3.0000_286','D',3,286,14),('D_3.0000_287','D',3,287,14),('D_3.0000_288','D',3,288,14),('D_3.0000_289','D',3,289,14),('D_3.0000_29','D',3,29,1),('D_3.0000_290','D',3,290,14),('D_3.0000_291','D',3,291,14),('D_3.0000_292','D',3,292,14),('D_3.0000_293','D',3,293,14),('D_3.0000_294','D',3,294,14),('D_3.0000_295','D',3,295,14),('D_3.0000_296','D',3,296,14),('D_3.0000_297','D',3,297,14),('D_3.0000_298','D',3,298,14),('D_3.0000_299','D',3,299,14),('D_3.0000_3','D',3,3,0),('D_3.0000_30','D',3,30,1),('D_3.0000_300','D',3,300,14),('D_3.0000_301','D',3,301,14),('D_3.0000_302','D',3,302,14),('D_3.0000_303','D',3,303,15),('D_3.0000_304','D',3,304,15),('D_3.0000_305','D',3,305,15),('D_3.0000_306','D',3,306,15),('D_3.0000_307','D',3,307,15),('D_3.0000_308','D',3,308,15),('D_3.0000_309','D',3,309,15),('D_3.0000_31','D',3,31,1),('D_3.0000_310','D',3,310,15),('D_3.0000_311','D',3,311,15),('D_3.0000_312','D',3,312,15),('D_3.0000_313','D',3,313,15),('D_3.0000_314','D',3,314,15),('D_3.0000_315','D',3,315,15),('D_3.0000_316','D',3,316,15),('D_3.0000_317','D',3,317,15),('D_3.0000_318','D',3,318,15),('D_3.0000_319','D',3,319,15),('D_3.0000_32','D',3,32,2),('D_3.0000_320','D',3,320,15),('D_3.0000_321','D',3,321,15),('D_3.0000_322','D',3,322,15),('D_3.0000_323','D',3,323,15),('D_3.0000_324','D',3,324,16),('D_3.0000_325','D',3,325,16),('D_3.0000_326','D',3,326,16),('D_3.0000_327','D',3,327,16),('D_3.0000_328','D',3,328,16),('D_3.0000_329','D',3,329,16),('D_3.0000_33','D',3,33,2),('D_3.0000_330','D',3,330,16),('D_3.0000_331','D',3,331,16),('D_3.0000_332','D',3,332,16),('D_3.0000_333','D',3,333,16),('D_3.0000_334','D',3,334,16),('D_3.0000_335','D',3,335,16),('D_3.0000_336','D',3,336,16),('D_3.0000_337','D',3,337,16),('D_3.0000_338','D',3,338,16),('D_3.0000_339','D',3,339,16),('D_3.0000_34','D',3,34,2),('D_3.0000_340','D',3,340,16),('D_3.0000_341','D',3,341,16);
/*!40000 ALTER TABLE `rate_132_prem_cal_7` ENABLE KEYS */;
UNLOCK TABLES;

--
-- Table structure for table `rate_133_prem_cal_2`
--

DROP TABLE IF EXISTS `rate_133_prem_cal_2`;
/*!40101 SET @saved_cs_client     = @@character_set_client */;
/*!40101 SET character_set_client = utf8 */;
CREATE TABLE `rate_133_prem_cal_2` (
  `RATETABLE_ID` varchar(400) DEFAULT NULL,
  `HAS_SOCIAL_SECURITY` varchar(40) DEFAULT NULL,
  `COVERAGE_PERIOD_TYPE` varchar(40) DEFAULT NULL,
  `COVERAGE_PERIOD_VALUE` bigint(10) DEFAULT NULL,
  `RATE` decimal(14,0) DEFAULT NULL
) ENGINE=InnoDB DEFAULT CHARSET=utf8mb4;
/*!40101 SET character_set_client = @saved_cs_client */;

--
-- Dumping data for table `rate_133_prem_cal_2`
--

LOCK TABLES `rate_133_prem_cal_2` WRITE;
/*!40000 ALTER TABLE `rate_133_prem_cal_2` DISABLE KEYS */;
INSERT INTO `rate_133_prem_cal_2` VALUES ('0_D_1','0','D',1,0),('0_D_10','0','D',10,0),('0_D_100','0','D',100,3),('0_D_101','0','D',101,3),('0_D_102','0','D',102,3),('0_D_103','0','D',103,3),('0_D_104','0','D',104,3),('0_D_105','0','D',105,3),('0_D_106','0','D',106,3),('0_D_107','0','D',107,3),('0_D_108','0','D',108,3),('0_D_109','0','D',109,3),('0_D_11','0','D',11,0),('0_D_110','0','D',110,3),('0_D_111','0','D',111,3),('0_D_112','0','D',112,4),('0_D_113','0','D',113,4),('0_D_114','0','D',114,4),('0_D_115','0','D',115,4),('0_D_116','0','D',116,4),('0_D_117','0','D',117,4),('0_D_118','0','D',118,4),('0_D_119','0','D',119,4),('0_D_12','0','D',12,0),('0_D_120','0','D',120,4),('0_D_121','0','D',121,4),('0_D_122','0','D',122,4),('0_D_123','0','D',123,4),('0_D_124','0','D',124,4),('0_D_125','0','D',125,4),('0_D_126','0','D',126,4),('0_D_127','0','D',127,4),('0_D_128','0','D',128,4),('0_D_129','0','D',129,4),('0_D_13','0','D',13,0),('0_D_130','0','D',130,4),('0_D_131','0','D',131,4),('0_D_132','0','D',132,4),('0_D_133','0','D',133,4),('0_D_134','0','D',134,4),('0_D_135','0','D',135,4),('0_D_136','0','D',136,4),('0_D_137','0','D',137,4),('0_D_138','0','D',138,4),('0_D_139','0','D',139,4),('0_D_14','0','D',14,0),('0_D_140','0','D',140,4),('0_D_141','0','D',141,4),('0_D_142','0','D',142,4),('0_D_143','0','D',143,5),('0_D_144','0','D',144,5),('0_D_145','0','D',145,5),('0_D_146','0','D',146,5),('0_D_147','0','D',147,5),('0_D_148','0','D',148,5),('0_D_149','0','D',149,5),('0_D_15','0','D',15,0),('0_D_150','0','D',150,5),('0_D_151','0','D',151,5),('0_D_152','0','D',152,5),('0_D_153','0','D',153,5),('0_D_154','0','D',154,5),('0_D_155','0','D',155,5),('0_D_156','0','D',156,5),('0_D_157','0','D',157,5),('0_D_158','0','D',158,5),('0_D_159','0','D',159,5),('0_D_16','0','D',16,1),('0_D_160','0','D',160,5),('0_D_161','0','D',161,5),('0_D_162','0','D',162,5),('0_D_163','0','D',163,5),('0_D_164','0','D',164,5),('0_D_165','0','D',165,5),('0_D_166','0','D',166,5),('0_D_167','0','D',167,5),('0_D_168','0','D',168,5),('0_D_169','0','D',169,5),('0_D_17','0','D',17,1),('0_D_170','0','D',170,5),('0_D_171','0','D',171,5),('0_D_172','0','D',172,5),('0_D_173','0','D',173,5),('0_D_174','0','D',174,5),('0_D_175','0','D',175,6),('0_D_176','0','D',176,6),('0_D_177','0','D',177,6),('0_D_178','0','D',178,6),('0_D_179','0','D',179,6),('0_D_18','0','D',18,1),('0_D_180','0','D',180,6),('0_D_181','0','D',181,6),('0_D_182','0','D',182,6),('0_D_183','0','D',183,6),('0_D_184','0','D',184,6),('0_D_185','0','D',185,6),('0_D_186','0','D',186,6),('0_D_187','0','D',187,6),('0_D_188','0','D',188,6),('0_D_189','0','D',189,6),('0_D_19','0','D',19,1),('0_D_190','0','D',190,6),('0_D_191','0','D',191,6),('0_D_192','0','D',192,6),('0_D_193','0','D',193,6),('0_D_194','0','D',194,6),('0_D_195','0','D',195,6),('0_D_196','0','D',196,6),('0_D_197','0','D',197,6),('0_D_198','0','D',198,6),('0_D_199','0','D',199,6),('0_D_2','0','D',2,0),('0_D_20','0','D',20,1),('0_D_200','0','D',200,6),('0_D_201','0','D',201,6),('0_D_202','0','D',202,6),('0_D_203','0','D',203,6),('0_D_204','0','D',204,6),('0_D_205','0','D',205,6),('0_D_206','0','D',206,6),('0_D_207','0','D',207,7),('0_D_208','0','D',208,7),('0_D_209','0','D',209,7),('0_D_21','0','D',21,1),('0_D_210','0','D',210,7),('0_D_211','0','D',211,7),('0_D_212','0','D',212,7),('0_D_213','0','D',213,7),('0_D_214','0','D',214,7),('0_D_215','0','D',215,7),('0_D_216','0','D',216,7),('0_D_217','0','D',217,7),('0_D_218','0','D',218,7),('0_D_219','0','D',219,7),('0_D_22','0','D',22,1),('0_D_220','0','D',220,7),('0_D_221','0','D',221,7),('0_D_222','0','D',222,7),('0_D_223','0','D',223,7),('0_D_224','0','D',224,7),('0_D_225','0','D',225,7),('0_D_226','0','D',226,7),('0_D_227','0','D',227,7),('0_D_228','0','D',228,7),('0_D_229','0','D',229,7),('0_D_23','0','D',23,1),('0_D_230','0','D',230,7),('0_D_231','0','D',231,7),('0_D_232','0','D',232,7),('0_D_233','0','D',233,7),('0_D_234','0','D',234,7),('0_D_235','0','D',235,7),('0_D_236','0','D',236,7),('0_D_237','0','D',237,7),('0_D_238','0','D',238,7),('0_D_239','0','D',239,8),('0_D_24','0','D',24,1),('0_D_240','0','D',240,8),('0_D_241','0','D',241,8),('0_D_242','0','D',242,8),('0_D_243','0','D',243,8),('0_D_244','0','D',244,8),('0_D_245','0','D',245,8),('0_D_246','0','D',246,8),('0_D_247','0','D',247,8),('0_D_248','0','D',248,8),('0_D_249','0','D',249,8),('0_D_25','0','D',25,1),('0_D_250','0','D',250,8),('0_D_251','0','D',251,8),('0_D_252','0','D',252,8),('0_D_253','0','D',253,8),('0_D_254','0','D',254,8),('0_D_255','0','D',255,8),('0_D_256','0','D',256,8),('0_D_257','0','D',257,8),('0_D_258','0','D',258,8),('0_D_259','0','D',259,8),('0_D_26','0','D',26,1),('0_D_260','0','D',260,8),('0_D_261','0','D',261,8),('0_D_262','0','D',262,8),('0_D_263','0','D',263,8),('0_D_264','0','D',264,8),('0_D_265','0','D',265,8),('0_D_266','0','D',266,8),('0_D_267','0','D',267,8),('0_D_268','0','D',268,8),('0_D_269','0','D',269,8),('0_D_27','0','D',27,1),('0_D_270','0','D',270,9),('0_D_271','0','D',271,9),('0_D_272','0','D',272,9),('0_D_273','0','D',273,9),('0_D_274','0','D',274,9),('0_D_275','0','D',275,9),('0_D_276','0','D',276,9),('0_D_277','0','D',277,9),('0_D_278','0','D',278,9),('0_D_279','0','D',279,9),('0_D_28','0','D',28,1),('0_D_280','0','D',280,9),('0_D_281','0','D',281,9),('0_D_282','0','D',282,9),('0_D_283','0','D',283,9),('0_D_284','0','D',284,9),('0_D_285','0','D',285,9),('0_D_286','0','D',286,9),('0_D_287','0','D',287,9),('0_D_288','0','D',288,9),('0_D_289','0','D',289,9),('0_D_29','0','D',29,1),('0_D_290','0','D',290,9),('0_D_291','0','D',291,9),('0_D_292','0','D',292,9),('0_D_293','0','D',293,9),('0_D_294','0','D',294,9),('0_D_295','0','D',295,9),('0_D_296','0','D',296,9),('0_D_297','0','D',297,9),('0_D_298','0','D',298,9),('0_D_299','0','D',299,9),('0_D_3','0','D',3,0),('0_D_30','0','D',30,1),('0_D_300','0','D',300,9),('0_D_301','0','D',301,9),('0_D_302','0','D',302,10),('0_D_303','0','D',303,10),('0_D_304','0','D',304,10),('0_D_305','0','D',305,10),('0_D_306','0','D',306,10),('0_D_307','0','D',307,10),('0_D_308','0','D',308,10),('0_D_309','0','D',309,10),('0_D_31','0','D',31,1),('0_D_310','0','D',310,10),('0_D_311','0','D',311,10),('0_D_312','0','D',312,10),('0_D_313','0','D',313,10),('0_D_314','0','D',314,10),('0_D_315','0','D',315,10),('0_D_316','0','D',316,10),('0_D_317','0','D',317,10),('0_D_318','0','D',318,10),('0_D_319','0','D',319,10),('0_D_32','0','D',32,1),('0_D_320','0','D',320,10),('0_D_321','0','D',321,10),('0_D_322','0','D',322,10),('0_D_323','0','D',323,10),('0_D_324','0','D',324,10),('0_D_325','0','D',325,10),('0_D_326','0','D',326,10),('0_D_327','0','D',327,10),('0_D_328','0','D',328,10),('0_D_329','0','D',329,10),('0_D_33','0','D',33,1),('0_D_330','0','D',330,10),('0_D_331','0','D',331,10),('0_D_332','0','D',332,10),('0_D_333','0','D',333,10),('0_D_334','0','D',334,11),('0_D_335','0','D',335,11),('0_D_336','0','D',336,11),('0_D_337','0','D',337,11),('0_D_338','0','D',338,11),('0_D_339','0','D',339,11),('0_D_34','0','D',34,1),('0_D_340','0','D',340,11),('0_D_341','0','D',341,11),('0_D_342','0','D',342,11),('0_D_343','0','D',343,11),('0_D_344','0','D',344,11),('0_D_345','0','D',345,11),('0_D_346','0','D',346,11),('0_D_347','0','D',347,11),('0_D_348','0','D',348,11),('0_D_349','0','D',349,11),('0_D_35','0','D',35,1),('0_D_350','0','D',350,11),('0_D_351','0','D',351,11),('0_D_352','0','D',352,11),('0_D_353','0','D',353,11),('0_D_354','0','D',354,11),('0_D_355','0','D',355,11),('0_D_356','0','D',356,11),('0_D_357','0','D',357,11),('0_D_358','0','D',358,11),('0_D_359','0','D',359,11),('0_D_36','0','D',36,1),('0_D_360','0','D',360,11),('0_D_361','0','D',361,11),('0_D_362','0','D',362,11),('0_D_363','0','D',363,11),('0_D_364','0','D',364,11),('0_D_365','0','D',365,12),('0_D_37','0','D',37,1),('0_D_38','0','D',38,1),('0_D_39','0','D',39,1),('0_D_4','0','D',4,0),('0_D_40','0','D',40,1),('0_D_41','0','D',41,1),('0_D_42','0','D',42,1),('0_D_43','0','D',43,1),('0_D_44','0','D',44,1),('0_D_45','0','D',45,1),('0_D_46','0','D',46,1),('0_D_47','0','D',47,1),('0_D_48','0','D',48,2),('0_D_49','0','D',49,2),('0_D_5','0','D',5,0),('0_D_50','0','D',50,2),('0_D_51','0','D',51,2),('0_D_52','0','D',52,2),('0_D_53','0','D',53,2),('0_D_54','0','D',54,2),('0_D_55','0','D',55,2),('0_D_56','0','D',56,2),('0_D_57','0','D',57,2),('0_D_58','0','D',58,2),('0_D_59','0','D',59,2),('0_D_6','0','D',6,0),('0_D_60','0','D',60,2),('0_D_61','0','D',61,2),('0_D_62','0','D',62,2),('0_D_63','0','D',63,2),('0_D_64','0','D',64,2),('0_D_65','0','D',65,2),('0_D_66','0','D',66,2),('0_D_67','0','D',67,2),('0_D_68','0','D',68,2),('0_D_69','0','D',69,2),('0_D_7','0','D',7,0),('0_D_70','0','D',70,2),('0_D_71','0','D',71,2),('0_D_72','0','D',72,2),('0_D_73','0','D',73,2),('0_D_74','0','D',74,2),('0_D_75','0','D',75,2),('0_D_76','0','D',76,2),('0_D_77','0','D',77,2),('0_D_78','0','D',78,2),('0_D_79','0','D',79,2),('0_D_8','0','D',8,0),('0_D_80','0','D',80,3),('0_D_81','0','D',81,3),('0_D_82','0','D',82,3),('0_D_83','0','D',83,3),('0_D_84','0','D',84,3),('0_D_85','0','D',85,3),('0_D_86','0','D',86,3),('0_D_87','0','D',87,3),('0_D_88','0','D',88,3),('0_D_89','0','D',89,3),('0_D_9','0','D',9,0),('0_D_90','0','D',90,3),('0_D_91','0','D',91,3),('0_D_92','0','D',92,3),('0_D_93','0','D',93,3),('0_D_94','0','D',94,3),('0_D_95','0','D',95,3),('0_D_96','0','D',96,3),('0_D_97','0','D',97,3),('0_D_98','0','D',98,3),('0_D_99','0','D',99,3),('0_Y_1','0','Y',1,12),('1_D_1','1','D',1,0),('1_D_10','1','D',10,0),('1_D_100','1','D',100,3),('1_D_101','1','D',101,3),('1_D_102','1','D',102,3),('1_D_103','1','D',103,3),('1_D_104','1','D',104,3),('1_D_105','1','D',105,3),('1_D_106','1','D',106,3),('1_D_107','1','D',107,3),('1_D_108','1','D',108,3),('1_D_109','1','D',109,3),('1_D_11','1','D',11,0),('1_D_110','1','D',110,3),('1_D_111','1','D',111,3),('1_D_112','1','D',112,3),('1_D_113','1','D',113,3),('1_D_114','1','D',114,3),('1_D_115','1','D',115,3),('1_D_116','1','D',116,3),('1_D_117','1','D',117,3),('1_D_118','1','D',118,3),('1_D_119','1','D',119,3),('1_D_12','1','D',12,0),('1_D_120','1','D',120,3),('1_D_121','1','D',121,3),('1_D_122','1','D',122,3),('1_D_123','1','D',123,3),('1_D_124','1','D',124,3),('1_D_125','1','D',125,3),('1_D_126','1','D',126,3),('1_D_127','1','D',127,3),('1_D_128','1','D',128,3),('1_D_129','1','D',129,3),('1_D_13','1','D',13,0),('1_D_130','1','D',130,3),('1_D_131','1','D',131,3),('1_D_132','1','D',132,3),('1_D_133','1','D',133,3),('1_D_134','1','D',134,3),('1_D_135','1','D',135,4),('1_D_136','1','D',136,4),('1_D_137','1','D',137,4),('1_D_138','1','D',138,4),('1_D_139','1','D',139,4),('1_D_14','1','D',14,0),('1_D_140','1','D',140,4),('1_D_141','1','D',141,4),('1_D_142','1','D',142,4),('1_D_143','1','D',143,4),('1_D_144','1','D',144,4),('1_D_145','1','D',145,4),('1_D_146','1','D',146,4),('1_D_147','1','D',147,4),('1_D_148','1','D',148,4),('1_D_149','1','D',149,4),('1_D_15','1','D',15,0),('1_D_150','1','D',150,4),('1_D_151','1','D',151,4),('1_D_152','1','D',152,4),('1_D_153','1','D',153,4),('1_D_154','1','D',154,4),('1_D_155','1','D',155,4),('1_D_156','1','D',156,4),('1_D_157','1','D',157,4),('1_D_158','1','D',158,4),('1_D_159','1','D',159,4),('1_D_16','1','D',16,0),('1_D_160','1','D',160,4),('1_D_161','1','D',161,4),('1_D_162','1','D',162,4),('1_D_163','1','D',163,4),('1_D_164','1','D',164,4),('1_D_165','1','D',165,4),('1_D_166','1','D',166,4),('1_D_167','1','D',167,4),('1_D_168','1','D',168,4),('1_D_169','1','D',169,4),('1_D_17','1','D',17,0),('1_D_170','1','D',170,4),('1_D_171','1','D',171,4),('1_D_172','1','D',172,4),('1_D_173','1','D',173,5),('1_D_174','1','D',174,5),('1_D_175','1','D',175,5),('1_D_176','1','D',176,5),('1_D_177','1','D',177,5),('1_D_178','1','D',178,5),('1_D_179','1','D',179,5),('1_D_18','1','D',18,0),('1_D_180','1','D',180,5),('1_D_181','1','D',181,5),('1_D_182','1','D',182,5),('1_D_183','1','D',183,5),('1_D_184','1','D',184,5),('1_D_185','1','D',185,5),('1_D_186','1','D',186,5),('1_D_187','1','D',187,5),('1_D_188','1','D',188,5),('1_D_189','1','D',189,5),('1_D_19','1','D',19,0),('1_D_190','1','D',190,5),('1_D_191','1','D',191,5),('1_D_192','1','D',192,5),('1_D_193','1','D',193,5),('1_D_194','1','D',194,5),('1_D_195','1','D',195,5),('1_D_196','1','D',196,5),('1_D_197','1','D',197,5),('1_D_198','1','D',198,5),('1_D_199','1','D',199,5),('1_D_2','1','D',2,0),('1_D_20','1','D',20,1),('1_D_200','1','D',200,5),('1_D_201','1','D',201,5),('1_D_202','1','D',202,5),('1_D_203','1','D',203,5),('1_D_204','1','D',204,5),('1_D_205','1','D',205,5),('1_D_206','1','D',206,5),('1_D_207','1','D',207,5),('1_D_208','1','D',208,5),('1_D_209','1','D',209,5),('1_D_21','1','D',21,1),('1_D_210','1','D',210,5),('1_D_211','1','D',211,5),('1_D_212','1','D',212,6),('1_D_213','1','D',213,6),('1_D_214','1','D',214,6),('1_D_215','1','D',215,6),('1_D_216','1','D',216,6),('1_D_217','1','D',217,6),('1_D_218','1','D',218,6),('1_D_219','1','D',219,6),('1_D_22','1','D',22,1),('1_D_220','1','D',220,6),('1_D_221','1','D',221,6),('1_D_222','1','D',222,6),('1_D_223','1','D',223,6),('1_D_224','1','D',224,6),('1_D_225','1','D',225,6),('1_D_226','1','D',226,6),('1_D_227','1','D',227,6),('1_D_228','1','D',228,6),('1_D_229','1','D',229,6),('1_D_23','1','D',23,1),('1_D_230','1','D',230,6),('1_D_231','1','D',231,6),('1_D_232','1','D',232,6),('1_D_233','1','D',233,6),('1_D_234','1','D',234,6),('1_D_235','1','D',235,6),('1_D_236','1','D',236,6),('1_D_237','1','D',237,6),('1_D_238','1','D',238,6),('1_D_239','1','D',239,6),('1_D_24','1','D',24,1),('1_D_240','1','D',240,6),('1_D_241','1','D',241,6),('1_D_242','1','D',242,6),('1_D_243','1','D',243,6),('1_D_244','1','D',244,6),('1_D_245','1','D',245,6),('1_D_246','1','D',246,6),('1_D_247','1','D',247,6),('1_D_248','1','D',248,6),('1_D_249','1','D',249,6),('1_D_25','1','D',25,1),('1_D_250','1','D',250,7),('1_D_251','1','D',251,7),('1_D_252','1','D',252,7),('1_D_253','1','D',253,7),('1_D_254','1','D',254,7),('1_D_255','1','D',255,7),('1_D_256','1','D',256,7),('1_D_257','1','D',257,7),('1_D_258','1','D',258,7),('1_D_259','1','D',259,7),('1_D_26','1','D',26,1),('1_D_260','1','D',260,7),('1_D_261','1','D',261,7),('1_D_262','1','D',262,7),('1_D_263','1','D',263,7),('1_D_264','1','D',264,7),('1_D_265','1','D',265,7),('1_D_266','1','D',266,7),('1_D_267','1','D',267,7),('1_D_268','1','D',268,7),('1_D_269','1','D',269,7),('1_D_27','1','D',27,1),('1_D_270','1','D',270,7),('1_D_271','1','D',271,7),('1_D_272','1','D',272,7),('1_D_273','1','D',273,7),('1_D_274','1','D',274,7),('1_D_275','1','D',275,7),('1_D_276','1','D',276,7),('1_D_277','1','D',277,7),('1_D_278','1','D',278,7),('1_D_279','1','D',279,7),('1_D_28','1','D',28,1),('1_D_280','1','D',280,7),('1_D_281','1','D',281,7),('1_D_282','1','D',282,7),('1_D_283','1','D',283,7),('1_D_284','1','D',284,7),('1_D_285','1','D',285,7),('1_D_286','1','D',286,7),('1_D_287','1','D',287,7),('1_D_288','1','D',288,7),('1_D_289','1','D',289,8),('1_D_29','1','D',29,1),('1_D_290','1','D',290,8),('1_D_291','1','D',291,8),('1_D_292','1','D',292,8),('1_D_293','1','D',293,8),('1_D_294','1','D',294,8),('1_D_295','1','D',295,8),('1_D_296','1','D',296,8),('1_D_297','1','D',297,8),('1_D_298','1','D',298,8),('1_D_299','1','D',299,8),('1_D_3','1','D',3,0),('1_D_30','1','D',30,1),('1_D_300','1','D',300,8),('1_D_301','1','D',301,8),('1_D_302','1','D',302,8),('1_D_303','1','D',303,8),('1_D_304','1','D',304,8),('1_D_305','1','D',305,8),('1_D_306','1','D',306,8),('1_D_307','1','D',307,8),('1_D_308','1','D',308,8),('1_D_309','1','D',309,8),('1_D_31','1','D',31,1),('1_D_310','1','D',310,8),('1_D_311','1','D',311,8),('1_D_312','1','D',312,8),('1_D_313','1','D',313,8),('1_D_314','1','D',314,8),('1_D_315','1','D',315,8),('1_D_316','1','D',316,8),('1_D_317','1','D',317,8),('1_D_318','1','D',318,8),('1_D_319','1','D',319,8),('1_D_32','1','D',32,1),('1_D_320','1','D',320,8),('1_D_321','1','D',321,8),('1_D_322','1','D',322,8),('1_D_323','1','D',323,8),('1_D_324','1','D',324,8),('1_D_325','1','D',325,8),('1_D_326','1','D',326,8),('1_D_327','1','D',327,9),('1_D_328','1','D',328,9),('1_D_329','1','D',329,9),('1_D_33','1','D',33,1),('1_D_330','1','D',330,9),('1_D_331','1','D',331,9),('1_D_332','1','D',332,9),('1_D_333','1','D',333,9),('1_D_334','1','D',334,9),('1_D_335','1','D',335,9),('1_D_336','1','D',336,9),('1_D_337','1','D',337,9),('1_D_338','1','D',338,9),('1_D_339','1','D',339,9),('1_D_34','1','D',34,1),('1_D_340','1','D',340,9),('1_D_341','1','D',341,9),('1_D_342','1','D',342,9),('1_D_343','1','D',343,9),('1_D_344','1','D',344,9),('1_D_345','1','D',345,9),('1_D_346','1','D',346,9),('1_D_347','1','D',347,9),('1_D_348','1','D',348,9),('1_D_349','1','D',349,9),('1_D_35','1','D',35,1),('1_D_350','1','D',350,9),('1_D_351','1','D',351,9),('1_D_352','1','D',352,9),('1_D_353','1','D',353,9),('1_D_354','1','D',354,9),('1_D_355','1','D',355,9),('1_D_356','1','D',356,9),('1_D_357','1','D',357,9),('1_D_358','1','D',358,9),('1_D_359','1','D',359,9),('1_D_36','1','D',36,1),('1_D_360','1','D',360,9),('1_D_361','1','D',361,9),('1_D_362','1','D',362,9),('1_D_363','1','D',363,9),('1_D_364','1','D',364,9),('1_D_365','1','D',365,10),('1_D_37','1','D',37,1),('1_D_38','1','D',38,1),('1_D_39','1','D',39,1),('1_D_4','1','D',4,0),('1_D_40','1','D',40,1),('1_D_41','1','D',41,1),('1_D_42','1','D',42,1),('1_D_43','1','D',43,1),('1_D_44','1','D',44,1),('1_D_45','1','D',45,1),('1_D_46','1','D',46,1),('1_D_47','1','D',47,1),('1_D_48','1','D',48,1),('1_D_49','1','D',49,1),('1_D_5','1','D',5,0),('1_D_50','1','D',50,1),('1_D_51','1','D',51,1),('1_D_52','1','D',52,1),('1_D_53','1','D',53,1),('1_D_54','1','D',54,1),('1_D_55','1','D',55,1),('1_D_56','1','D',56,1),('1_D_57','1','D',57,1),('1_D_58','1','D',58,2),('1_D_59','1','D',59,2),('1_D_6','1','D',6,0),('1_D_60','1','D',60,2),('1_D_61','1','D',61,2),('1_D_62','1','D',62,2),('1_D_63','1','D',63,2),('1_D_64','1','D',64,2),('1_D_65','1','D',65,2),('1_D_66','1','D',66,2),('1_D_67','1','D',67,2),('1_D_68','1','D',68,2),('1_D_69','1','D',69,2),('1_D_7','1','D',7,0),('1_D_70','1','D',70,2),('1_D_71','1','D',71,2),('1_D_72','1','D',72,2),('1_D_73','1','D',73,2),('1_D_74','1','D',74,2),('1_D_75','1','D',75,2),('1_D_76','1','D',76,2),('1_D_77','1','D',77,2),('1_D_78','1','D',78,2),('1_D_79','1','D',79,2),('1_D_8','1','D',8,0),('1_D_80','1','D',80,2),('1_D_81','1','D',81,2),('1_D_82','1','D',82,2),('1_D_83','1','D',83,2),('1_D_84','1','D',84,2),('1_D_85','1','D',85,2),('1_D_86','1','D',86,2),('1_D_87','1','D',87,2),('1_D_88','1','D',88,2),('1_D_89','1','D',89,2),('1_D_9','1','D',9,0),('1_D_90','1','D',90,2),('1_D_91','1','D',91,2),('1_D_92','1','D',92,2),('1_D_93','1','D',93,2),('1_D_94','1','D',94,2),('1_D_95','1','D',95,2),('1_D_96','1','D',96,2),('1_D_97','1','D',97,3),('1_D_98','1','D',98,3),('1_D_99','1','D',99,3),('1_Y_1','1','Y',1,10);
/*!40000 ALTER TABLE `rate_133_prem_cal_2` ENABLE KEYS */;
UNLOCK TABLES;

--
-- Table structure for table `rate_134_prem_cal_3`
--

DROP TABLE IF EXISTS `rate_134_prem_cal_3`;
/*!40101 SET @saved_cs_client     = @@character_set_client */;
/*!40101 SET character_set_client = utf8 */;
CREATE TABLE `rate_134_prem_cal_3` (
  `RATETABLE_ID` varchar(400) DEFAULT NULL,
  `COVERAGE_PERIOD_TYPE` varchar(40) DEFAULT NULL,
  `COVERAGE_PERIOD_VALUE` bigint(10) DEFAULT NULL,
  `RATE` decimal(14,0) DEFAULT NULL
) ENGINE=InnoDB DEFAULT CHARSET=utf8mb4;
/*!40101 SET character_set_client = @saved_cs_client */;

--
-- Dumping data for table `rate_134_prem_cal_3`
--

LOCK TABLES `rate_134_prem_cal_3` WRITE;
/*!40000 ALTER TABLE `rate_134_prem_cal_3` DISABLE KEYS */;
INSERT INTO `rate_134_prem_cal_3` VALUES ('D_1','D',1,0),('D_10','D',10,0),('D_100','D',100,3),('D_101','D',101,3),('D_102','D',102,3),('D_103','D',103,3),('D_104','D',104,3),('D_105','D',105,3),('D_106','D',106,3),('D_107','D',107,3),('D_108','D',108,3),('D_109','D',109,3),('D_11','D',11,0),('D_110','D',110,3),('D_111','D',111,3),('D_112','D',112,3),('D_113','D',113,3),('D_114','D',114,3),('D_115','D',115,3),('D_116','D',116,3),('D_117','D',117,3),('D_118','D',118,3),('D_119','D',119,3),('D_12','D',12,0),('D_120','D',120,3),('D_121','D',121,3),('D_122','D',122,3),('D_123','D',123,3),('D_124','D',124,3),('D_125','D',125,3),('D_126','D',126,3),('D_127','D',127,3),('D_128','D',128,4),('D_129','D',129,4),('D_13','D',13,0),('D_130','D',130,4),('D_131','D',131,4),('D_132','D',132,4),('D_133','D',133,4),('D_134','D',134,4),('D_135','D',135,4),('D_136','D',136,4),('D_137','D',137,4),('D_138','D',138,4),('D_139','D',139,4),('D_14','D',14,0),('D_140','D',140,4),('D_141','D',141,4),('D_142','D',142,4),('D_143','D',143,4),('D_144','D',144,4),('D_145','D',145,4),('D_146','D',146,4),('D_147','D',147,4),('D_148','D',148,4),('D_149','D',149,4),('D_15','D',15,0),('D_150','D',150,4),('D_151','D',151,4),('D_152','D',152,4),('D_153','D',153,4),('D_154','D',154,4),('D_155','D',155,4),('D_156','D',156,4),('D_157','D',157,4),('D_158','D',158,4),('D_159','D',159,4),('D_16','D',16,0),('D_160','D',160,4),('D_161','D',161,4),('D_162','D',162,4),('D_163','D',163,4),('D_164','D',164,4),('D_165','D',165,5),('D_166','D',166,5),('D_167','D',167,5),('D_168','D',168,5),('D_169','D',169,5),('D_17','D',17,0),('D_170','D',170,5),('D_171','D',171,5),('D_172','D',172,5),('D_173','D',173,5),('D_174','D',174,5),('D_175','D',175,5),('D_176','D',176,5),('D_177','D',177,5),('D_178','D',178,5),('D_179','D',179,5),('D_18','D',18,0),('D_180','D',180,5),('D_181','D',181,5),('D_182','D',182,5),('D_183','D',183,5),('D_184','D',184,5),('D_185','D',185,5),('D_186','D',186,5),('D_187','D',187,5),('D_188','D',188,5),('D_189','D',189,5),('D_19','D',19,1),('D_190','D',190,5),('D_191','D',191,5),('D_192','D',192,5),('D_193','D',193,5),('D_194','D',194,5),('D_195','D',195,5),('D_196','D',196,5),('D_197','D',197,5),('D_198','D',198,5),('D_199','D',199,5),('D_2','D',2,0),('D_20','D',20,1),('D_200','D',200,5),('D_201','D',201,6),('D_202','D',202,6),('D_203','D',203,6),('D_204','D',204,6),('D_205','D',205,6),('D_206','D',206,6),('D_207','D',207,6),('D_208','D',208,6),('D_209','D',209,6),('D_21','D',21,1),('D_210','D',210,6),('D_211','D',211,6),('D_212','D',212,6),('D_213','D',213,6),('D_214','D',214,6),('D_215','D',215,6),('D_216','D',216,6),('D_217','D',217,6),('D_218','D',218,6),('D_219','D',219,6),('D_22','D',22,1),('D_220','D',220,6),('D_221','D',221,6),('D_222','D',222,6),('D_223','D',223,6),('D_224','D',224,6),('D_225','D',225,6),('D_226','D',226,6),('D_227','D',227,6),('D_228','D',228,6),('D_229','D',229,6),('D_23','D',23,1),('D_230','D',230,6),('D_231','D',231,6),('D_232','D',232,6),('D_233','D',233,6),('D_234','D',234,6),('D_235','D',235,6),('D_236','D',236,6),('D_237','D',237,6),('D_238','D',238,7),('D_239','D',239,7),('D_24','D',24,1),('D_240','D',240,7),('D_241','D',241,7),('D_242','D',242,7),('D_243','D',243,7),('D_244','D',244,7),('D_245','D',245,7),('D_246','D',246,7),('D_247','D',247,7),('D_248','D',248,7),('D_249','D',249,7),('D_25','D',25,1),('D_250','D',250,7),('D_251','D',251,7),('D_252','D',252,7),('D_253','D',253,7),('D_254','D',254,7),('D_255','D',255,7),('D_256','D',256,7),('D_257','D',257,7),('D_258','D',258,7),('D_259','D',259,7),('D_26','D',26,1),('D_260','D',260,7),('D_261','D',261,7),('D_262','D',262,7),('D_263','D',263,7),('D_264','D',264,7),('D_265','D',265,7),('D_266','D',266,7),('D_267','D',267,7),('D_268','D',268,7),('D_269','D',269,7),('D_27','D',27,1),('D_270','D',270,7),('D_271','D',271,7),('D_272','D',272,7),('D_273','D',273,7),('D_274','D',274,8),('D_275','D',275,8),('D_276','D',276,8),('D_277','D',277,8),('D_278','D',278,8),('D_279','D',279,8),('D_28','D',28,1),('D_280','D',280,8),('D_281','D',281,8),('D_282','D',282,8),('D_283','D',283,8),('D_284','D',284,8),('D_285','D',285,8),('D_286','D',286,8),('D_287','D',287,8),('D_288','D',288,8),('D_289','D',289,8),('D_29','D',29,1),('D_290','D',290,8),('D_291','D',291,8),('D_292','D',292,8),('D_293','D',293,8),('D_294','D',294,8),('D_295','D',295,8),('D_296','D',296,8),('D_297','D',297,8),('D_298','D',298,8),('D_299','D',299,8),('D_3','D',3,0),('D_30','D',30,1),('D_300','D',300,8),('D_301','D',301,8),('D_302','D',302,8),('D_303','D',303,8),('D_304','D',304,8),('D_305','D',305,8),('D_306','D',306,8),('D_307','D',307,8),('D_308','D',308,8),('D_309','D',309,8),('D_31','D',31,1),('D_310','D',310,8),('D_311','D',311,9),('D_312','D',312,9),('D_313','D',313,9),('D_314','D',314,9),('D_315','D',315,9),('D_316','D',316,9),('D_317','D',317,9),('D_318','D',318,9),('D_319','D',319,9),('D_32','D',32,1),('D_320','D',320,9),('D_321','D',321,9),('D_322','D',322,9),('D_323','D',323,9),('D_324','D',324,9),('D_325','D',325,9),('D_326','D',326,9),('D_327','D',327,9),('D_328','D',328,9),('D_329','D',329,9),('D_33','D',33,1),('D_330','D',330,9),('D_331','D',331,9),('D_332','D',332,9),('D_333','D',333,9),('D_334','D',334,9),('D_335','D',335,9),('D_336','D',336,9),('D_337','D',337,9),('D_338','D',338,9),('D_339','D',339,9),('D_34','D',34,1),('D_340','D',340,9),('D_341','D',341,9),('D_342','D',342,9),('D_343','D',343,9),('D_344','D',344,9),('D_345','D',345,9),('D_346','D',346,9),('D_347','D',347,10),('D_348','D',348,10),('D_349','D',349,10),('D_35','D',35,1),('D_350','D',350,10),('D_351','D',351,10),('D_352','D',352,10),('D_353','D',353,10),('D_354','D',354,10),('D_355','D',355,10),('D_356','D',356,10),('D_357','D',357,10),('D_358','D',358,10),('D_359','D',359,10),('D_36','D',36,1),('D_360','D',360,10),('D_361','D',361,10),('D_362','D',362,10),('D_363','D',363,10),('D_364','D',364,10),('D_365','D',365,10),('D_37','D',37,1),('D_38','D',38,1),('D_39','D',39,1),('D_4','D',4,0),('D_40','D',40,1),('D_41','D',41,1),('D_42','D',42,1),('D_43','D',43,1),('D_44','D',44,1),('D_45','D',45,1),('D_46','D',46,1),('D_47','D',47,1),('D_48','D',48,1),('D_49','D',49,1),('D_5','D',5,0),('D_50','D',50,1),('D_51','D',51,1),('D_52','D',52,1),('D_53','D',53,1),('D_54','D',54,1),('D_55','D',55,2),('D_56','D',56,2),('D_57','D',57,2),('D_58','D',58,2),('D_59','D',59,2),('D_6','D',6,0),('D_60','D',60,2),('D_61','D',61,2),('D_62','D',62,2),('D_63','D',63,2),('D_64','D',64,2),('D_65','D',65,2),('D_66','D',66,2),('D_67','D',67,2),('D_68','D',68,2),('D_69','D',69,2),('D_7','D',7,0),('D_70','D',70,2),('D_71','D',71,2),('D_72','D',72,2),('D_73','D',73,2),('D_74','D',74,2),('D_75','D',75,2),('D_76','D',76,2),('D_77','D',77,2),('D_78','D',78,2),('D_79','D',79,2),('D_8','D',8,0),('D_80','D',80,2),('D_81','D',81,2),('D_82','D',82,2),('D_83','D',83,2),('D_84','D',84,2),('D_85','D',85,2),('D_86','D',86,2),('D_87','D',87,2),('D_88','D',88,2),('D_89','D',89,2),('D_9','D',9,0),('D_90','D',90,2),('D_91','D',91,2),('D_92','D',92,3),('D_93','D',93,3),('D_94','D',94,3),('D_95','D',95,3),('D_96','D',96,3),('D_97','D',97,3),('D_98','D',98,3),('D_99','D',99,3),('Y_1','Y',1,10);
/*!40000 ALTER TABLE `rate_134_prem_cal_3` ENABLE KEYS */;
UNLOCK TABLES;

--
-- Table structure for table `rate_135_prem_cal_1`
--

DROP TABLE IF EXISTS `rate_135_prem_cal_1`;
/*!40101 SET @saved_cs_client     = @@character_set_client */;
/*!40101 SET character_set_client = utf8 */;
CREATE TABLE `rate_135_prem_cal_1` (
  `RATETABLE_ID` varchar(400) DEFAULT NULL,
  `GENDER` varchar(48) DEFAULT NULL,
  `COVERAGE_PERIOD_TYPE` varchar(40) DEFAULT NULL,
  `COVERAGE_PERIOD_VALUE` bigint(10) DEFAULT NULL,
  `AGE` bigint(5) DEFAULT NULL,
  `RATE` decimal(14,0) DEFAULT NULL
) ENGINE=InnoDB DEFAULT CHARSET=utf8mb4;
/*!40101 SET character_set_client = @saved_cs_client */;

--
-- Dumping data for table `rate_135_prem_cal_1`
--

LOCK TABLES `rate_135_prem_cal_1` WRITE;
/*!40000 ALTER TABLE `rate_135_prem_cal_1` DISABLE KEYS */;
INSERT INTO `rate_135_prem_cal_1` VALUES ('1_Y_1_0','1','Y',1,0,17),('1_Y_1_1','1','Y',1,1,12),('1_Y_1_10','1','Y',1,10,5),('1_Y_1_11','1','Y',1,11,5),('1_Y_1_12','1','Y',1,12,5),('1_Y_1_13','1','Y',1,13,5),('1_Y_1_14','1','Y',1,14,5),('1_Y_1_15','1','Y',1,15,5),('1_Y_1_16','1','Y',1,16,5),('1_Y_1_17','1','Y',1,17,5),('1_Y_1_18','1','Y',1,18,6),('1_Y_1_2','1','Y',1,2,10),('1_Y_1_3','1','Y',1,3,9),('1_Y_1_4','1','Y',1,4,8),('1_Y_1_5','1','Y',1,5,7),('1_Y_1_6','1','Y',1,6,7),('1_Y_1_7','1','Y',1,7,6),('1_Y_1_8','1','Y',1,8,6),('1_Y_1_9','1','Y',1,9,6),('2_Y_1_0','2','Y',1,0,14),('2_Y_1_1','2','Y',1,1,10),('2_Y_1_10','2','Y',1,10,4),('2_Y_1_11','2','Y',1,11,4),('2_Y_1_12','2','Y',1,12,5),('2_Y_1_13','2','Y',1,13,5),('2_Y_1_14','2','Y',1,14,5),('2_Y_1_15','2','Y',1,15,5),('2_Y_1_16','2','Y',1,16,5),('2_Y_1_17','2','Y',1,17,5),('2_Y_1_18','2','Y',1,18,5),('2_Y_1_2','2','Y',1,2,8),('2_Y_1_3','2','Y',1,3,7),('2_Y_1_4','2','Y',1,4,7),('2_Y_1_5','2','Y',1,5,5),('2_Y_1_6','2','Y',1,6,5),('2_Y_1_7','2','Y',1,7,5),('2_Y_1_8','2','Y',1,8,4),('2_Y_1_9','2','Y',1,9,4);
/*!40000 ALTER TABLE `rate_135_prem_cal_1` ENABLE KEYS */;
UNLOCK TABLES;

--
-- Table structure for table `rate_136_prem_cal_2`
--

DROP TABLE IF EXISTS `rate_136_prem_cal_2`;
/*!40101 SET @saved_cs_client     = @@character_set_client */;
/*!40101 SET character_set_client = utf8 */;
CREATE TABLE `rate_136_prem_cal_2` (
  `RATETABLE_ID` varchar(400) DEFAULT NULL,
  `HAS_SOCIAL_SECURITY` varchar(40) DEFAULT NULL,
  `COVERAGE_PERIOD_TYPE` varchar(40) DEFAULT NULL,
  `COVERAGE_PERIOD_VALUE` bigint(10) DEFAULT NULL,
  `RATE` decimal(14,0) DEFAULT NULL
) ENGINE=InnoDB DEFAULT CHARSET=utf8mb4;
/*!40101 SET character_set_client = @saved_cs_client */;

--
-- Dumping data for table `rate_136_prem_cal_2`
--

LOCK TABLES `rate_136_prem_cal_2` WRITE;
/*!40000 ALTER TABLE `rate_136_prem_cal_2` DISABLE KEYS */;
INSERT INTO `rate_136_prem_cal_2` VALUES ('0_Y_1','0','Y',1,8),('1_Y_1','1','Y',1,4);
/*!40000 ALTER TABLE `rate_136_prem_cal_2` ENABLE KEYS */;
UNLOCK TABLES;

--
-- Table structure for table `rate_139_prem_cal_1`
--

DROP TABLE IF EXISTS `rate_139_prem_cal_1`;
/*!40101 SET @saved_cs_client     = @@character_set_client */;
/*!40101 SET character_set_client = utf8 */;
CREATE TABLE `rate_139_prem_cal_1` (
  `RATETABLE_ID` varchar(400) DEFAULT NULL,
  `COVERAGE_PERIOD_TYPE` varchar(40) DEFAULT NULL,
  `COVERAGE_PERIOD_VALUE` bigint(10) DEFAULT NULL,
  `AGE` bigint(5) DEFAULT NULL,
  `RATE` decimal(14,0) DEFAULT NULL
) ENGINE=InnoDB DEFAULT CHARSET=utf8mb4;
/*!40101 SET character_set_client = @saved_cs_client */;

--
-- Dumping data for table `rate_139_prem_cal_1`
--

LOCK TABLES `rate_139_prem_cal_1` WRITE;
/*!40000 ALTER TABLE `rate_139_prem_cal_1` DISABLE KEYS */;
INSERT INTO `rate_139_prem_cal_1` VALUES ('Y_1_0','Y',1,0,702),('Y_1_1','Y',1,1,702),('Y_1_10','Y',1,10,327),('Y_1_11','Y',1,11,177),('Y_1_12','Y',1,12,177),('Y_1_13','Y',1,13,177),('Y_1_14','Y',1,14,177),('Y_1_15','Y',1,15,177),('Y_1_16','Y',1,16,177),('Y_1_17','Y',1,17,177),('Y_1_18','Y',1,18,177),('Y_1_19','Y',1,19,177),('Y_1_2','Y',1,2,702),('Y_1_20','Y',1,20,177),('Y_1_21','Y',1,21,312),('Y_1_22','Y',1,22,312),('Y_1_23','Y',1,23,312),('Y_1_24','Y',1,24,312),('Y_1_25','Y',1,25,312),('Y_1_26','Y',1,26,432),('Y_1_27','Y',1,27,432),('Y_1_28','Y',1,28,432),('Y_1_29','Y',1,29,432),('Y_1_3','Y',1,3,702),('Y_1_30','Y',1,30,432),('Y_1_31','Y',1,31,477),('Y_1_32','Y',1,32,477),('Y_1_33','Y',1,33,477),('Y_1_34','Y',1,34,477),('Y_1_35','Y',1,35,477),('Y_1_36','Y',1,36,657),('Y_1_37','Y',1,37,657),('Y_1_38','Y',1,38,657),('Y_1_39','Y',1,39,657),('Y_1_4','Y',1,4,702),('Y_1_40','Y',1,40,657),('Y_1_41','Y',1,41,807),('Y_1_42','Y',1,42,807),('Y_1_43','Y',1,43,807),('Y_1_44','Y',1,44,807),('Y_1_45','Y',1,45,807),('Y_1_46','Y',1,46,1032),('Y_1_47','Y',1,47,1032),('Y_1_48','Y',1,48,1032),('Y_1_49','Y',1,49,1032),('Y_1_5','Y',1,5,327),('Y_1_50','Y',1,50,1032),('Y_1_6','Y',1,6,327),('Y_1_7','Y',1,7,327),('Y_1_8','Y',1,8,327),('Y_1_9','Y',1,9,327);
/*!40000 ALTER TABLE `rate_139_prem_cal_1` ENABLE KEYS */;
UNLOCK TABLES;

--
-- Table structure for table `rate_140_prem_cal_3`
--

DROP TABLE IF EXISTS `rate_140_prem_cal_3`;
/*!40101 SET @saved_cs_client     = @@character_set_client */;
/*!40101 SET character_set_client = utf8 */;
CREATE TABLE `rate_140_prem_cal_3` (
  `RATETABLE_ID` varchar(400) DEFAULT NULL,
  `COVERAGE_PERIOD_TYPE` varchar(40) DEFAULT NULL,
  `COVERAGE_PERIOD_VALUE` bigint(10) DEFAULT NULL,
  `AGE` bigint(5) DEFAULT NULL,
  `RATE` decimal(14,0) DEFAULT NULL
) ENGINE=InnoDB DEFAULT CHARSET=utf8mb4;
/*!40101 SET character_set_client = @saved_cs_client */;

--
-- Dumping data for table `rate_140_prem_cal_3`
--

LOCK TABLES `rate_140_prem_cal_3` WRITE;
/*!40000 ALTER TABLE `rate_140_prem_cal_3` DISABLE KEYS */;
INSERT INTO `rate_140_prem_cal_3` VALUES ('18_2_1','Y',1,18,2),('19_2_1','Y',1,19,2),('20_2_1','Y',1,20,2),('21_2_1','Y',1,21,2),('22_2_1','Y',1,22,2),('23_2_1','Y',1,23,2),('24_2_1','Y',1,24,2),('25_2_1','Y',1,25,2),('26_2_1','Y',1,26,2),('27_2_1','Y',1,27,2),('28_2_1','Y',1,28,2),('29_2_1','Y',1,29,2),('30_2_1','Y',1,30,2),('31_2_1','Y',1,31,2),('32_2_1','Y',1,32,2),('33_2_1','Y',1,33,2),('34_2_1','Y',1,34,2),('35_2_1','Y',1,35,2),('36_2_1','Y',1,36,2),('37_2_1','Y',1,37,2),('38_2_1','Y',1,38,2),('39_2_1','Y',1,39,2),('40_2_1','Y',1,40,2),('41_2_1','Y',1,41,7),('42_2_1','Y',1,42,7),('43_2_1','Y',1,43,7),('44_2_1','Y',1,44,7),('45_2_1','Y',1,45,7),('46_2_1','Y',1,46,7),('47_2_1','Y',1,47,7),('48_2_1','Y',1,48,7),('49_2_1','Y',1,49,7),('50_2_1','Y',1,50,7),('51_2_1','Y',1,51,7),('52_2_1','Y',1,52,7),('53_2_1','Y',1,53,7),('54_2_1','Y',1,54,7),('55_2_1','Y',1,55,7),('56_2_1','Y',1,56,7),('57_2_1','Y',1,57,7),('58_2_1','Y',1,58,7),('59_2_1','Y',1,59,7),('60_2_1','Y',1,60,7);
/*!40000 ALTER TABLE `rate_140_prem_cal_3` ENABLE KEYS */;
UNLOCK TABLES;

--
-- Table structure for table `rate_142_prem_cal_1`
--

DROP TABLE IF EXISTS `rate_142_prem_cal_1`;
/*!40101 SET @saved_cs_client     = @@character_set_client */;
/*!40101 SET character_set_client = utf8 */;
CREATE TABLE `rate_142_prem_cal_1` (
  `RATETABLE_ID` varchar(400) DEFAULT NULL,
  `COVERAGE_PERIOD_TYPE` varchar(40) DEFAULT NULL,
  `COVERAGE_PERIOD_VALUE` bigint(10) DEFAULT NULL,
  `RATE` decimal(14,0) DEFAULT NULL
) ENGINE=InnoDB DEFAULT CHARSET=utf8mb4;
/*!40101 SET character_set_client = @saved_cs_client */;

--
-- Dumping data for table `rate_142_prem_cal_1`
--

LOCK TABLES `rate_142_prem_cal_1` WRITE;
/*!40000 ALTER TABLE `rate_142_prem_cal_1` DISABLE KEYS */;
INSERT INTO `rate_142_prem_cal_1` VALUES ('D_1','D',1,1),('D_10','D',10,1),('D_100','D',100,6),('D_101','D',101,6),('D_102','D',102,6),('D_103','D',103,6),('D_104','D',104,6),('D_105','D',105,6),('D_106','D',106,6),('D_107','D',107,6),('D_108','D',108,6),('D_109','D',109,6),('D_11','D',11,2),('D_110','D',110,6),('D_111','D',111,7),('D_112','D',112,7),('D_113','D',113,7),('D_114','D',114,7),('D_115','D',115,7),('D_116','D',116,7),('D_117','D',117,7),('D_118','D',118,7),('D_119','D',119,7),('D_12','D',12,2),('D_120','D',120,7),('D_121','D',121,7),('D_122','D',122,7),('D_123','D',123,7),('D_124','D',124,7),('D_125','D',125,7),('D_126','D',126,7),('D_127','D',127,7),('D_128','D',128,7),('D_129','D',129,7),('D_13','D',13,2),('D_130','D',130,7),('D_131','D',131,8),('D_132','D',132,8),('D_133','D',133,8),('D_134','D',134,8),('D_135','D',135,8),('D_136','D',136,8),('D_137','D',137,8),('D_138','D',138,8),('D_139','D',139,8),('D_14','D',14,2),('D_140','D',140,8),('D_141','D',141,8),('D_142','D',142,8),('D_143','D',143,8),('D_144','D',144,8),('D_145','D',145,8),('D_146','D',146,8),('D_147','D',147,8),('D_148','D',148,8),('D_149','D',149,8),('D_15','D',15,2),('D_150','D',150,8),('D_151','D',151,9),('D_152','D',152,9),('D_153','D',153,9),('D_154','D',154,9),('D_155','D',155,9),('D_156','D',156,9),('D_157','D',157,9),('D_158','D',158,9),('D_159','D',159,9),('D_16','D',16,2),('D_160','D',160,9),('D_161','D',161,9),('D_162','D',162,9),('D_163','D',163,9),('D_164','D',164,9),('D_165','D',165,9),('D_166','D',166,9),('D_167','D',167,9),('D_168','D',168,9),('D_169','D',169,9),('D_17','D',17,2),('D_170','D',170,9),('D_171','D',171,10),('D_172','D',172,10),('D_173','D',173,10),('D_174','D',174,10),('D_175','D',175,10),('D_176','D',176,10),('D_177','D',177,10),('D_178','D',178,10),('D_179','D',179,10),('D_18','D',18,2),('D_180','D',180,10),('D_181','D',181,10),('D_182','D',182,10),('D_183','D',183,10),('D_184','D',184,10),('D_185','D',185,10),('D_186','D',186,10),('D_187','D',187,10),('D_188','D',188,10),('D_189','D',189,10),('D_19','D',19,2),('D_190','D',190,10),('D_191','D',191,11),('D_192','D',192,11),('D_193','D',193,11),('D_194','D',194,11),('D_195','D',195,11),('D_196','D',196,11),('D_197','D',197,11),('D_198','D',198,11),('D_199','D',199,11),('D_2','D',2,1),('D_20','D',20,2),('D_200','D',200,11),('D_201','D',201,11),('D_202','D',202,11),('D_203','D',203,11),('D_204','D',204,11),('D_205','D',205,11),('D_206','D',206,11),('D_207','D',207,11),('D_208','D',208,11),('D_209','D',209,11),('D_21','D',21,2),('D_210','D',210,11),('D_211','D',211,12),('D_212','D',212,12),('D_213','D',213,12),('D_214','D',214,12),('D_215','D',215,12),('D_216','D',216,12),('D_217','D',217,12),('D_218','D',218,12),('D_219','D',219,12),('D_22','D',22,2),('D_220','D',220,12),('D_221','D',221,12),('D_222','D',222,12),('D_223','D',223,12),('D_224','D',224,12),('D_225','D',225,12),('D_226','D',226,12),('D_227','D',227,12),('D_228','D',228,12),('D_229','D',229,12),('D_23','D',23,2),('D_230','D',230,12),('D_231','D',231,13),('D_232','D',232,13),('D_233','D',233,13),('D_234','D',234,13),('D_235','D',235,13),('D_236','D',236,13),('D_237','D',237,13),('D_238','D',238,13),('D_239','D',239,13),('D_24','D',24,2),('D_240','D',240,13),('D_241','D',241,13),('D_242','D',242,13),('D_243','D',243,13),('D_244','D',244,13),('D_245','D',245,13),('D_246','D',246,13),('D_247','D',247,13),('D_248','D',248,13),('D_249','D',249,13),('D_25','D',25,2),('D_250','D',250,13),('D_251','D',251,14),('D_252','D',252,14),('D_253','D',253,14),('D_254','D',254,14),('D_255','D',255,14),('D_256','D',256,14),('D_257','D',257,14),('D_258','D',258,14),('D_259','D',259,14),('D_26','D',26,2),('D_260','D',260,14),('D_261','D',261,14),('D_262','D',262,14),('D_263','D',263,14),('D_264','D',264,14),('D_265','D',265,14),('D_266','D',266,14),('D_267','D',267,14),('D_268','D',268,14),('D_269','D',269,14),('D_27','D',27,2),('D_270','D',270,14),('D_271','D',271,15),('D_272','D',272,15),('D_273','D',273,15),('D_274','D',274,15),('D_275','D',275,15),('D_276','D',276,15),('D_277','D',277,15),('D_278','D',278,15),('D_279','D',279,15),('D_28','D',28,2),('D_280','D',280,15),('D_281','D',281,15),('D_282','D',282,15),('D_283','D',283,15),('D_284','D',284,15),('D_285','D',285,15),('D_286','D',286,15),('D_287','D',287,15),('D_288','D',288,15),('D_289','D',289,15),('D_29','D',29,2),('D_290','D',290,15),('D_291','D',291,16),('D_292','D',292,16),('D_293','D',293,16),('D_294','D',294,16),('D_295','D',295,16),('D_296','D',296,16),('D_297','D',297,16),('D_298','D',298,16),('D_299','D',299,16),('D_3','D',3,1),('D_30','D',30,2),('D_300','D',300,16),('D_301','D',301,16),('D_302','D',302,16),('D_303','D',303,16),('D_304','D',304,16),('D_305','D',305,16),('D_306','D',306,16),('D_307','D',307,16),('D_308','D',308,16),('D_309','D',309,16),('D_31','D',31,3),('D_310','D',310,16),('D_311','D',311,17),('D_312','D',312,17),('D_313','D',313,17),('D_314','D',314,17),('D_315','D',315,17),('D_316','D',316,17),('D_317','D',317,17),('D_318','D',318,17),('D_319','D',319,17),('D_32','D',32,3),('D_320','D',320,17),('D_321','D',321,17),('D_322','D',322,17),('D_323','D',323,17),('D_324','D',324,17),('D_325','D',325,17),('D_326','D',326,17),('D_327','D',327,17),('D_328','D',328,17),('D_329','D',329,17),('D_33','D',33,3),('D_330','D',330,17),('D_331','D',331,18),('D_332','D',332,18),('D_333','D',333,18),('D_334','D',334,18),('D_335','D',335,18),('D_336','D',336,18),('D_337','D',337,18),('D_338','D',338,18),('D_339','D',339,18),('D_34','D',34,3),('D_340','D',340,18),('D_341','D',341,18),('D_342','D',342,18),('D_343','D',343,18),('D_344','D',344,18),('D_345','D',345,18),('D_346','D',346,18),('D_347','D',347,18),('D_348','D',348,18),('D_349','D',349,18),('D_35','D',35,3),('D_350','D',350,18),('D_351','D',351,19),('D_352','D',352,19),('D_353','D',353,19),('D_354','D',354,19),('D_355','D',355,19),('D_356','D',356,19),('D_357','D',357,19),('D_358','D',358,19),('D_359','D',359,19),('D_36','D',36,3),('D_360','D',360,19),('D_361','D',361,19),('D_362','D',362,19),('D_363','D',363,19),('D_364','D',364,19),('D_365','D',365,19),('D_37','D',37,3),('D_38','D',38,3),('D_39','D',39,3),('D_4','D',4,1),('D_40','D',40,3),('D_41','D',41,3),('D_42','D',42,3),('D_43','D',43,3),('D_44','D',44,3),('D_45','D',45,3),('D_46','D',46,3),('D_47','D',47,3),('D_48','D',48,3),('D_49','D',49,3),('D_5','D',5,1),('D_50','D',50,3),('D_51','D',51,4),('D_52','D',52,4),('D_53','D',53,4),('D_54','D',54,4),('D_55','D',55,4),('D_56','D',56,4),('D_57','D',57,4),('D_58','D',58,4),('D_59','D',59,4),('D_6','D',6,1),('D_60','D',60,4),('D_61','D',61,4),('D_62','D',62,4),('D_63','D',63,4),('D_64','D',64,4),('D_65','D',65,4),('D_66','D',66,4),('D_67','D',67,4),('D_68','D',68,4),('D_69','D',69,4),('D_7','D',7,1),('D_70','D',70,4),('D_71','D',71,5),('D_72','D',72,5),('D_73','D',73,5),('D_74','D',74,5),('D_75','D',75,5),('D_76','D',76,5),('D_77','D',77,5),('D_78','D',78,5),('D_79','D',79,5),('D_8','D',8,1),('D_80','D',80,5),('D_81','D',81,5),('D_82','D',82,5),('D_83','D',83,5),('D_84','D',84,5),('D_85','D',85,5),('D_86','D',86,5),('D_87','D',87,5),('D_88','D',88,5),('D_89','D',89,5),('D_9','D',9,1),('D_90','D',90,5),('D_91','D',91,6),('D_92','D',92,6),('D_93','D',93,6),('D_94','D',94,6),('D_95','D',95,6),('D_96','D',96,6),('D_97','D',97,6),('D_98','D',98,6),('D_99','D',99,6);
/*!40000 ALTER TABLE `rate_142_prem_cal_1` ENABLE KEYS */;
UNLOCK TABLES;

--
-- Table structure for table `rate_143_prem_cal_1`
--

DROP TABLE IF EXISTS `rate_143_prem_cal_1`;
/*!40101 SET @saved_cs_client     = @@character_set_client */;
/*!40101 SET character_set_client = utf8 */;
CREATE TABLE `rate_143_prem_cal_1` (
  `RATETABLE_ID` varchar(400) DEFAULT NULL,
  `GRADE` bigint(2) DEFAULT NULL,
  `RATE` decimal(14,0) DEFAULT NULL
) ENGINE=InnoDB DEFAULT CHARSET=utf8mb4;
/*!40101 SET character_set_client = @saved_cs_client */;

--
-- Dumping data for table `rate_143_prem_cal_1`
--

LOCK TABLES `rate_143_prem_cal_1` WRITE;
/*!40000 ALTER TABLE `rate_143_prem_cal_1` DISABLE KEYS */;
INSERT INTO `rate_143_prem_cal_1` VALUES ('1',1,100);
/*!40000 ALTER TABLE `rate_143_prem_cal_1` ENABLE KEYS */;
UNLOCK TABLES;

--
-- Table structure for table `rate_1_prem_cal_2`
--

DROP TABLE IF EXISTS `rate_1_prem_cal_2`;
/*!40101 SET @saved_cs_client     = @@character_set_client */;
/*!40101 SET character_set_client = utf8 */;
CREATE TABLE `rate_1_prem_cal_2` (
  `RATETABLE_ID` varchar(100) COLLATE utf8_bin NOT NULL,
  `COVERAGE_PERIOD_TYPE` varchar(10) COLLATE utf8_bin NOT NULL,
  `COVERAGE_PERIOD_VALUE` bigint(10) NOT NULL,
  `RATE` decimal(12,4) NOT NULL,
  PRIMARY KEY (`RATETABLE_ID`)
) ENGINE=InnoDB DEFAULT CHARSET=utf8 COLLATE=utf8_bin;
/*!40101 SET character_set_client = @saved_cs_client */;

--
-- Dumping data for table `rate_1_prem_cal_2`
--

LOCK TABLES `rate_1_prem_cal_2` WRITE;
/*!40000 ALTER TABLE `rate_1_prem_cal_2` DISABLE KEYS */;
INSERT INTO `rate_1_prem_cal_2` VALUES ('1_1','1',1,8.0000);
/*!40000 ALTER TABLE `rate_1_prem_cal_2` ENABLE KEYS */;
UNLOCK TABLES;

--
-- Table structure for table `rate_3_prem_cal_1`
--

DROP TABLE IF EXISTS `rate_3_prem_cal_1`;
/*!40101 SET @saved_cs_client     = @@character_set_client */;
/*!40101 SET character_set_client = utf8 */;
CREATE TABLE `rate_3_prem_cal_1` (
  `RATETABLE_ID` varchar(100) COLLATE utf8_bin NOT NULL,
  `HAS_SOCIAL_SECURITY` varchar(10) COLLATE utf8_bin NOT NULL,
  `COVERAGE_PERIOD_TYPE` varchar(10) COLLATE utf8_bin NOT NULL,
  `COVERAGE_PERIOD_VALUE` bigint(10) NOT NULL,
  `RATE` decimal(12,4) NOT NULL,
  PRIMARY KEY (`RATETABLE_ID`)
) ENGINE=InnoDB DEFAULT CHARSET=utf8 COLLATE=utf8_bin;
/*!40101 SET character_set_client = @saved_cs_client */;

--
-- Dumping data for table `rate_3_prem_cal_1`
--

LOCK TABLES `rate_3_prem_cal_1` WRITE;
/*!40000 ALTER TABLE `rate_3_prem_cal_1` DISABLE KEYS */;
/*!40000 ALTER TABLE `rate_3_prem_cal_1` ENABLE KEYS */;
UNLOCK TABLES;

--
-- Table structure for table `rate_4_prem_cal_1`
--

DROP TABLE IF EXISTS `rate_4_prem_cal_1`;
/*!40101 SET @saved_cs_client     = @@character_set_client */;
/*!40101 SET character_set_client = utf8 */;
CREATE TABLE `rate_4_prem_cal_1` (
  `RATETABLE_ID` varchar(100) COLLATE utf8_bin NOT NULL,
  `HAS_SOCIAL_SECURITY` varchar(10) COLLATE utf8_bin NOT NULL,
  `COVERAGE_PERIOD_TYPE` varchar(10) COLLATE utf8_bin NOT NULL,
  `COVERAGE_PERIOD_VALUE` bigint(10) NOT NULL,
  `RATE` decimal(12,4) NOT NULL,
  PRIMARY KEY (`RATETABLE_ID`)
) ENGINE=InnoDB DEFAULT CHARSET=utf8 COLLATE=utf8_bin;
/*!40101 SET character_set_client = @saved_cs_client */;

--
-- Dumping data for table `rate_4_prem_cal_1`
--

LOCK TABLES `rate_4_prem_cal_1` WRITE;
/*!40000 ALTER TABLE `rate_4_prem_cal_1` DISABLE KEYS */;
/*!40000 ALTER TABLE `rate_4_prem_cal_1` ENABLE KEYS */;
UNLOCK TABLES;

--
-- Table structure for table `rate_6_prem_cal_1`
--

DROP TABLE IF EXISTS `rate_6_prem_cal_1`;
/*!40101 SET @saved_cs_client     = @@character_set_client */;
/*!40101 SET character_set_client = utf8 */;
CREATE TABLE `rate_6_prem_cal_1` (
  `RATETABLE_ID` varchar(100) COLLATE utf8_bin NOT NULL,
  `COVERAGE_PERIOD_TYPE` varchar(10) COLLATE utf8_bin NOT NULL,
  `COVERAGE_PERIOD_VALUE` bigint(10) NOT NULL,
  `RATE` decimal(12,4) NOT NULL,
  PRIMARY KEY (`RATETABLE_ID`)
) ENGINE=InnoDB DEFAULT CHARSET=utf8 COLLATE=utf8_bin;
/*!40101 SET character_set_client = @saved_cs_client */;

--
-- Dumping data for table `rate_6_prem_cal_1`
--

LOCK TABLES `rate_6_prem_cal_1` WRITE;
/*!40000 ALTER TABLE `rate_6_prem_cal_1` DISABLE KEYS */;
/*!40000 ALTER TABLE `rate_6_prem_cal_1` ENABLE KEYS */;
UNLOCK TABLES;

--
-- Table structure for table `t_answer_option`
--

DROP TABLE IF EXISTS `t_answer_option`;
/*!40101 SET @saved_cs_client     = @@character_set_client */;
/*!40101 SET character_set_client = utf8 */;
CREATE TABLE `t_answer_option` (
  `QUESTION_ID` bigint(20) NOT NULL COMMENT '试题ID',
  `OPTION_CODE` char(1) COLLATE utf8_bin NOT NULL DEFAULT 'A' COMMENT '答案代码',
  `OPTION_DESC` varchar(300) COLLATE utf8_bin NOT NULL COMMENT '答案描述',
  `OPTION_SCORE` int(11) DEFAULT '0' COMMENT '答案选项分值',
  `OPTION_TEXT_FLAG` char(1) COLLATE utf8_bin DEFAULT '1' COMMENT '答案选项含有填空\n             1-含有\n             0-不含有',
  `OPTION_TEXT_COUNT` int(11) DEFAULT NULL COMMENT '答案含有几个填空OPTION_TEXT_COUNT',
  PRIMARY KEY (`QUESTION_ID`,`OPTION_CODE`),
  CONSTRAINT `FK_T_ANSWER_OPTION_1` FOREIGN KEY (`QUESTION_ID`) REFERENCES `t_question` (`QUESTION_ID`)
) ENGINE=InnoDB DEFAULT CHARSET=utf8 COLLATE=utf8_bin COMMENT='答案选项';
/*!40101 SET character_set_client = @saved_cs_client */;

--
-- Dumping data for table `t_answer_option`
--

LOCK TABLES `t_answer_option` WRITE;
/*!40000 ALTER TABLE `t_answer_option` DISABLE KEYS */;
/*!40000 ALTER TABLE `t_answer_option` ENABLE KEYS */;
UNLOCK TABLES;

--
-- Table structure for table `t_base_pinyin`
--

DROP TABLE IF EXISTS `t_base_pinyin`;
/*!40101 SET @saved_cs_client     = @@character_set_client */;
/*!40101 SET character_set_client = utf8 */;
CREATE TABLE `t_base_pinyin` (
  `pin_yin` varchar(255) CHARACTER SET gbk NOT NULL,
  `code` int(11) NOT NULL,
  PRIMARY KEY (`code`)
) ENGINE=InnoDB DEFAULT CHARSET=utf8 COLLATE=utf8_bin;
/*!40101 SET character_set_client = @saved_cs_client */;

--
-- Dumping data for table `t_base_pinyin`
--

LOCK TABLES `t_base_pinyin` WRITE;
/*!40000 ALTER TABLE `t_base_pinyin` DISABLE KEYS */;
/*!40000 ALTER TABLE `t_base_pinyin` ENABLE KEYS */;
UNLOCK TABLES;

--
-- Table structure for table `t_batch_job`
--

DROP TABLE IF EXISTS `t_batch_job`;
/*!40101 SET @saved_cs_client     = @@character_set_client */;
/*!40101 SET character_set_client = utf8 */;
CREATE TABLE `t_batch_job` (
  `JOB_ID` bigint(20) NOT NULL AUTO_INCREMENT COMMENT '批处理ID',
  `PARENT_ID` bigint(20) DEFAULT NULL COMMENT '父级ID',
  `JOB_CODE` varchar(20) COLLATE utf8_bin DEFAULT NULL COMMENT '批处理Job代码',
  `JOB_NAME` varchar(100) COLLATE utf8_bin DEFAULT NULL COMMENT '批处理Job名称',
  `PRIORITY` int(11) DEFAULT NULL COMMENT 'JOB执行优先级',
  `JOB_TYPE` char(1) COLLATE utf8_bin DEFAULT NULL COMMENT 'Job类型',
  `CRON_EXPRESSION` varchar(20) COLLATE utf8_bin DEFAULT NULL COMMENT '定时任务表达式',
  `SPRING_BEAN` varchar(100) COLLATE utf8_bin DEFAULT NULL COMMENT '业务处理的beanNam',
  `SYSTEM_CODE` varchar(20) COLLATE utf8_bin DEFAULT NULL COMMENT '所属系统代码',
  `IS_CONCURRENT` char(1) COLLATE utf8_bin DEFAULT NULL COMMENT '是否支持并发',
  `CONCURRENT_SIZE` int(11) DEFAULT NULL COMMENT '并发数量',
  `JOB_DESC` varchar(200) COLLATE utf8_bin DEFAULT NULL COMMENT 'JOB描述',
  `IS_ENABLE` char(1) COLLATE utf8_bin DEFAULT 'Y',
  PRIMARY KEY (`JOB_ID`)
) ENGINE=InnoDB AUTO_INCREMENT=3 DEFAULT CHARSET=utf8 COLLATE=utf8_bin;
/*!40101 SET character_set_client = @saved_cs_client */;

--
-- Dumping data for table `t_batch_job`
--

LOCK TABLES `t_batch_job` WRITE;
/*!40000 ALTER TABLE `t_batch_job` DISABLE KEYS */;
INSERT INTO `t_batch_job` VALUES (1,NULL,'IssueProposal','定时发起承保请求',1,'1','0 0/1 * * * ?','issueProposalBatchService',NULL,'0',NULL,'定时发起承保请求 每1分钟跑一次','Y'),(2,NULL,'IssueProposal','定时发起承保请求',1,'1','0 0/5 * * * ?','issueProposalBatchService',NULL,'0',NULL,'定时发起承保请求 每1分钟跑一次','Y');
/*!40000 ALTER TABLE `t_batch_job` ENABLE KEYS */;
UNLOCK TABLES;

--
-- Table structure for table `t_batch_job_submit`
--

DROP TABLE IF EXISTS `t_batch_job_submit`;
/*!40101 SET @saved_cs_client     = @@character_set_client */;
/*!40101 SET character_set_client = utf8 */;
CREATE TABLE `t_batch_job_submit` (
  `SUBMIT_ID` bigint(20) NOT NULL AUTO_INCREMENT,
  `JOB_ID` bigint(20) DEFAULT NULL COMMENT '批处理ID',
  `SUBMIT_BY` bigint(20) DEFAULT NULL COMMENT '提交人ID',
  `STATUS` varchar(30) COLLATE utf8_bin DEFAULT NULL COMMENT '提交任务状态',
  `SUBMIT_TIME` datetime DEFAULT NULL COMMENT '任务提交时间',
  `END_TIME` datetime DEFAULT NULL COMMENT '任务结束时间',
  PRIMARY KEY (`SUBMIT_ID`),
  KEY `FK_FK_SUBMIT__JOB_ID` (`JOB_ID`),
  CONSTRAINT `FK_FK_SUBMIT__JOB_ID` FOREIGN KEY (`JOB_ID`) REFERENCES `t_batch_job` (`JOB_ID`)
) ENGINE=InnoDB DEFAULT CHARSET=utf8 COLLATE=utf8_bin COMMENT='提交的Adhoc任务';
/*!40101 SET character_set_client = @saved_cs_client */;

--
-- Dumping data for table `t_batch_job_submit`
--

LOCK TABLES `t_batch_job_submit` WRITE;
/*!40000 ALTER TABLE `t_batch_job_submit` DISABLE KEYS */;
/*!40000 ALTER TABLE `t_batch_job_submit` ENABLE KEYS */;
UNLOCK TABLES;

--
-- Table structure for table `t_batch_job_submit_param`
--

DROP TABLE IF EXISTS `t_batch_job_submit_param`;
/*!40101 SET @saved_cs_client     = @@character_set_client */;
/*!40101 SET character_set_client = utf8 */;
CREATE TABLE `t_batch_job_submit_param` (
  `PARAM_ID` bigint(20) NOT NULL AUTO_INCREMENT COMMENT '参数ID',
  `SUBMIT_ID` bigint(20) DEFAULT NULL COMMENT '提交流水',
  `PARAM_NAME` varchar(20) COLLATE utf8_bin DEFAULT NULL COMMENT '参数名称',
  `PARAM_VALUE` varchar(20) COLLATE utf8_bin DEFAULT NULL COMMENT '参数值',
  PRIMARY KEY (`PARAM_ID`),
  KEY `FK_PK_JOB_SUMBIT_PARAM__SUBMIT_ID` (`SUBMIT_ID`),
  CONSTRAINT `FK_PK_JOB_SUMBIT_PARAM__SUBMIT_ID` FOREIGN KEY (`SUBMIT_ID`) REFERENCES `t_batch_job_submit` (`SUBMIT_ID`)
) ENGINE=InnoDB DEFAULT CHARSET=utf8 COLLATE=utf8_bin COMMENT='提交的参数表';
/*!40101 SET character_set_client = @saved_cs_client */;

--
-- Dumping data for table `t_batch_job_submit_param`
--

LOCK TABLES `t_batch_job_submit_param` WRITE;
/*!40000 ALTER TABLE `t_batch_job_submit_param` DISABLE KEYS */;
/*!40000 ALTER TABLE `t_batch_job_submit_param` ENABLE KEYS */;
UNLOCK TABLES;

--
-- Table structure for table `t_batch_job_task`
--

DROP TABLE IF EXISTS `t_batch_job_task`;
/*!40101 SET @saved_cs_client     = @@character_set_client */;
/*!40101 SET character_set_client = utf8 */;
CREATE TABLE `t_batch_job_task` (
  `TASK_ID` bigint(20) NOT NULL AUTO_INCREMENT COMMENT '批处理任务流水',
  `JOB_ID` bigint(20) DEFAULT NULL COMMENT '批处理主键',
  `SUBMIT_ID` bigint(20) DEFAULT NULL COMMENT 'SUBMIT_ID',
  `TASK_STATUS` varchar(30) COLLATE utf8_bin DEFAULT NULL COMMENT '任务状态',
  `DATA_STRATAGE` varchar(100) COLLATE utf8_bin DEFAULT NULL COMMENT '读取数据的策略和生成任务的策略相对应',
  `TASK_RESULT` varchar(30) COLLATE utf8_bin DEFAULT NULL COMMENT '任务执行结果',
  `CREATE_TIME` datetime DEFAULT NULL COMMENT '任务提交时间',
  `START_TIME` datetime DEFAULT NULL COMMENT '任务开始时间',
  `END_TIME` datetime DEFAULT NULL COMMENT '任务结束时间',
  `ERROR_MSG` varchar(300) COLLATE utf8_bin DEFAULT NULL COMMENT '错误信息',
  PRIMARY KEY (`TASK_ID`),
  KEY `FK_TASK__JOB_ID` (`JOB_ID`),
  KEY `FK_TASK__SUBMIT_ID` (`SUBMIT_ID`),
  CONSTRAINT `FK_TASK__JOB_ID` FOREIGN KEY (`JOB_ID`) REFERENCES `t_batch_job` (`JOB_ID`),
  CONSTRAINT `FK_TASK__SUBMIT_ID` FOREIGN KEY (`SUBMIT_ID`) REFERENCES `t_batch_job_submit` (`SUBMIT_ID`)
) ENGINE=InnoDB DEFAULT CHARSET=utf8 COLLATE=utf8_bin COMMENT='批处理执行任务';
/*!40101 SET character_set_client = @saved_cs_client */;

--
-- Dumping data for table `t_batch_job_task`
--

LOCK TABLES `t_batch_job_task` WRITE;
/*!40000 ALTER TABLE `t_batch_job_task` DISABLE KEYS */;
/*!40000 ALTER TABLE `t_batch_job_task` ENABLE KEYS */;
UNLOCK TABLES;

--
-- Table structure for table `t_batch_job_task_error`
--

DROP TABLE IF EXISTS `t_batch_job_task_error`;
/*!40101 SET @saved_cs_client     = @@character_set_client */;
/*!40101 SET character_set_client = utf8 */;
CREATE TABLE `t_batch_job_task_error` (
  `ERROR_ID` bigint(20) NOT NULL AUTO_INCREMENT COMMENT '错误信息主键',
  `TASK_ID` bigint(20) DEFAULT NULL COMMENT '批处理任务流水',
  `ERROR_DATE` datetime DEFAULT NULL COMMENT '错误发生时间',
  `ERROR_MSG` varchar(8000) COLLATE utf8_bin DEFAULT NULL COMMENT '错误信息',
  PRIMARY KEY (`ERROR_ID`),
  KEY `FK_TASK_ERROR__TASK_ID` (`TASK_ID`),
  CONSTRAINT `FK_TASK_ERROR__TASK_ID` FOREIGN KEY (`TASK_ID`) REFERENCES `t_batch_job_task` (`TASK_ID`)
) ENGINE=InnoDB DEFAULT CHARSET=utf8 COLLATE=utf8_bin;
/*!40101 SET character_set_client = @saved_cs_client */;

--
-- Dumping data for table `t_batch_job_task_error`
--

LOCK TABLES `t_batch_job_task_error` WRITE;
/*!40000 ALTER TABLE `t_batch_job_task_error` DISABLE KEYS */;
/*!40000 ALTER TABLE `t_batch_job_task_error` ENABLE KEYS */;
UNLOCK TABLES;

--
-- Table structure for table `t_busi_prod_audit_opinion`
--

DROP TABLE IF EXISTS `t_busi_prod_audit_opinion`;
/*!40101 SET @saved_cs_client     = @@character_set_client */;
/*!40101 SET character_set_client = utf8 */;
CREATE TABLE `t_busi_prod_audit_opinion` (
  `LIST_ID` bigint(20) NOT NULL AUTO_INCREMENT COMMENT '主键',
  `PRODUCT_ID` bigint(20) DEFAULT NULL COMMENT '产品id',
  `BUSINESS_PRD_ID` bigint(20) NOT NULL COMMENT '产品ID',
  `OPINION_RECORD_STAGE` varchar(50) COLLATE utf8_bin NOT NULL COMMENT '审核意见记录阶段',
  `AUDIT_REPLY_TXT` varchar(3000) COLLATE utf8_bin NOT NULL COMMENT '审核意见',
  `DEL_FLAG` decimal(1,0) NOT NULL COMMENT '删除标志',
  `OPERATOR_ID` bigint(20) NOT NULL COMMENT '操作人',
  `OPERAT_TIME` datetime NOT NULL DEFAULT CURRENT_TIMESTAMP COMMENT '操作时间',
  `UPDATE_BY` bigint(20) DEFAULT NULL COMMENT '更新记录人',
  `UPDATE_TIME` datetime NOT NULL DEFAULT CURRENT_TIMESTAMP COMMENT '更新记录时间',
  `UPDATE_TIMESTAMP` datetime NOT NULL DEFAULT CURRENT_TIMESTAMP ON UPDATE CURRENT_TIMESTAMP COMMENT '更新记录时间戳',
  `INSERT_BY` bigint(20) DEFAULT NULL COMMENT '插入记录人',
  `INSERT_TIME` datetime NOT NULL DEFAULT CURRENT_TIMESTAMP COMMENT '插入记录时间',
  `INSERT_TIMESTAMP` datetime NOT NULL DEFAULT CURRENT_TIMESTAMP COMMENT '记录插入时间戳',
  PRIMARY KEY (`LIST_ID`),
  KEY `fk_BUSI_PROD_AUDIT_OPINION__prod_id` (`PRODUCT_ID`),
  CONSTRAINT `fk_BUSI_PROD_AUDIT_OPINION__prod_id` FOREIGN KEY (`PRODUCT_ID`) REFERENCES `t_product` (`PRODUCT_ID`)
) ENGINE=InnoDB DEFAULT CHARSET=utf8 COLLATE=utf8_bin COMMENT='产品审核意见表';
/*!40101 SET character_set_client = @saved_cs_client */;

--
-- Dumping data for table `t_busi_prod_audit_opinion`
--

LOCK TABLES `t_busi_prod_audit_opinion` WRITE;
/*!40000 ALTER TABLE `t_busi_prod_audit_opinion` DISABLE KEYS */;
/*!40000 ALTER TABLE `t_busi_prod_audit_opinion` ENABLE KEYS */;
UNLOCK TABLES;

--
-- Table structure for table `t_business_prod_audit`
--

DROP TABLE IF EXISTS `t_business_prod_audit`;
/*!40101 SET @saved_cs_client     = @@character_set_client */;
/*!40101 SET character_set_client = utf8 */;
CREATE TABLE `t_business_prod_audit` (
  `LIST_ID` bigint(20) NOT NULL AUTO_INCREMENT COMMENT '主键、序列号',
  `PRODUCT_ID` bigint(20) DEFAULT NULL COMMENT '产品id',
  `AUDIT_SUMITTER` bigint(20) DEFAULT NULL COMMENT '审核提交人',
  `ADUIT_SUBMIT_TIME` datetime DEFAULT CURRENT_TIMESTAMP COMMENT '审核提交时间',
  `AUDIT_REPLY_TXT` varchar(3000) COLLATE utf8_bin DEFAULT NULL COMMENT '审核结论意见',
  `AUDIT_CONCLUSION` char(2) COLLATE utf8_bin DEFAULT NULL COMMENT '审核结论(0-不通过  1 -通过)',
  `AUDIT_APPROVER` bigint(20) DEFAULT NULL COMMENT '审核复核人',
  `AUDIT_APPROVE_TIME` datetime DEFAULT CURRENT_TIMESTAMP COMMENT '审核复核结论给出时间',
  `INSERT_TIME` datetime NOT NULL DEFAULT CURRENT_TIMESTAMP COMMENT '创建时间',
  `UPDATE_TIME` datetime NOT NULL DEFAULT CURRENT_TIMESTAMP COMMENT '最新更新时间',
  `INSERT_TIMESTAMP` datetime NOT NULL DEFAULT CURRENT_TIMESTAMP ON UPDATE CURRENT_TIMESTAMP COMMENT '最新新增时间戳',
  `UPDATE_TIMESTAMP` datetime NOT NULL DEFAULT CURRENT_TIMESTAMP ON UPDATE CURRENT_TIMESTAMP COMMENT '最新更新时间戳',
  `PROCESS_STATE` decimal(1,0) DEFAULT NULL COMMENT '审核状态',
  `CHECK_STATUS` char(1) COLLATE utf8_bin DEFAULT NULL COMMENT '检入/检出 0- 检出 1-检入',
  `CHECKOUT_USER_ID` bigint(20) DEFAULT NULL COMMENT '检出人',
  `CHECKOUT_TIME` datetime DEFAULT CURRENT_TIMESTAMP COMMENT '检出时间',
  `CHECKIN_TIME` datetime DEFAULT CURRENT_TIMESTAMP COMMENT '检入时间',
  PRIMARY KEY (`LIST_ID`),
  KEY `fk_BUSINESS_PROD_AUDIT__prod_id` (`PRODUCT_ID`),
  CONSTRAINT `fk_BUSINESS_PROD_AUDIT__prod_id` FOREIGN KEY (`PRODUCT_ID`) REFERENCES `t_product` (`PRODUCT_ID`)
) ENGINE=InnoDB DEFAULT CHARSET=utf8 COLLATE=utf8_bin COMMENT='产品审核信息表';
/*!40101 SET character_set_client = @saved_cs_client */;

--
-- Dumping data for table `t_business_prod_audit`
--

LOCK TABLES `t_business_prod_audit` WRITE;
/*!40000 ALTER TABLE `t_business_prod_audit` DISABLE KEYS */;
/*!40000 ALTER TABLE `t_business_prod_audit` ENABLE KEYS */;
UNLOCK TABLES;

--
-- Table structure for table `t_business_product_trace`
--

DROP TABLE IF EXISTS `t_business_product_trace`;
/*!40101 SET @saved_cs_client     = @@character_set_client */;
/*!40101 SET character_set_client = utf8 */;
CREATE TABLE `t_business_product_trace` (
  `TRACE_ID` bigint(20) NOT NULL AUTO_INCREMENT COMMENT '轨迹ID',
  `PRODUCT_ID` bigint(20) DEFAULT NULL COMMENT '产品id',
  `CHANGE_TIME` datetime DEFAULT CURRENT_TIMESTAMP COMMENT '修改时间',
  `INSERT_TIMESTAMP` datetime NOT NULL DEFAULT CURRENT_TIMESTAMP COMMENT '插入时间戳',
  `OPERAT_TIME` datetime NOT NULL DEFAULT CURRENT_TIMESTAMP ON UPDATE CURRENT_TIMESTAMP COMMENT '操作时间',
  `OPERATOR_ID` bigint(20) NOT NULL COMMENT '操作人',
  `MODIFY_INFO` varchar(1000) COLLATE utf8_bin NOT NULL COMMENT '修改信息',
  `MODIFY_BY` bigint(20) DEFAULT NULL COMMENT '修改人',
  `CHANGE_STEP` varchar(30) COLLATE utf8_bin DEFAULT NULL COMMENT '修改阶段',
  `NOTES` varchar(3000) COLLATE utf8_bin DEFAULT NULL COMMENT '修订说明',
  `UPDATE_BY` bigint(20) DEFAULT NULL COMMENT '更新记录人',
  `UPDATE_TIME` datetime NOT NULL DEFAULT CURRENT_TIMESTAMP ON UPDATE CURRENT_TIMESTAMP COMMENT '更新记录时间',
  `UPDATE_TIMESTAMP` datetime NOT NULL DEFAULT CURRENT_TIMESTAMP ON UPDATE CURRENT_TIMESTAMP COMMENT '更新记录时间戳',
  `INSERT_BY` bigint(20) DEFAULT NULL COMMENT '插入记录人',
  `INSERT_TIME` datetime NOT NULL DEFAULT CURRENT_TIMESTAMP COMMENT '插入记录时间',
  PRIMARY KEY (`TRACE_ID`),
  KEY `fk_BUSINESS_PRODUCT_TRACE__prod_id` (`PRODUCT_ID`),
  CONSTRAINT `fk_BUSINESS_PRODUCT_TRACE__prod_id` FOREIGN KEY (`PRODUCT_ID`) REFERENCES `t_product` (`PRODUCT_ID`)
) ENGINE=InnoDB DEFAULT CHARSET=utf8 COLLATE=utf8_bin COMMENT='产品修改跟踪表\n';
/*!40101 SET character_set_client = @saved_cs_client */;

--
-- Dumping data for table `t_business_product_trace`
--

LOCK TABLES `t_business_product_trace` WRITE;
/*!40000 ALTER TABLE `t_business_product_trace` DISABLE KEYS */;
/*!40000 ALTER TABLE `t_business_product_trace` ENABLE KEYS */;
UNLOCK TABLES;

--
-- Table structure for table `t_cfg_prod_test_paper`
--

DROP TABLE IF EXISTS `t_cfg_prod_test_paper`;
/*!40101 SET @saved_cs_client     = @@character_set_client */;
/*!40101 SET character_set_client = utf8 */;
CREATE TABLE `t_cfg_prod_test_paper` (
  `PRODUCT_ID` bigint(20) NOT NULL,
  `PAPER_ID` bigint(20) NOT NULL COMMENT '问卷ID',
  PRIMARY KEY (`PRODUCT_ID`,`PAPER_ID`)
) ENGINE=InnoDB DEFAULT CHARSET=utf8 COLLATE=utf8_bin COMMENT='产品测试问卷';
/*!40101 SET character_set_client = @saved_cs_client */;

--
-- Dumping data for table `t_cfg_prod_test_paper`
--

LOCK TABLES `t_cfg_prod_test_paper` WRITE;
/*!40000 ALTER TABLE `t_cfg_prod_test_paper` DISABLE KEYS */;
/*!40000 ALTER TABLE `t_cfg_prod_test_paper` ENABLE KEYS */;
UNLOCK TABLES;

--
-- Table structure for table `t_channel_agreement`
--

DROP TABLE IF EXISTS `t_channel_agreement`;
/*!40101 SET @saved_cs_client     = @@character_set_client */;
/*!40101 SET character_set_client = utf8 */;
CREATE TABLE `t_channel_agreement` (
  `AGREEMENT_ID` bigint(20) NOT NULL AUTO_INCREMENT COMMENT '协议ID',
  `ORGAN_ID` bigint(20) NOT NULL COMMENT '渠道组织ID',
  `CHANNEL_ID` bigint(20) NOT NULL COMMENT '渠道实例ID',
  `AGREEMENT_STATUS` varchar(10) COLLATE utf8_bin DEFAULT NULL COMMENT '营销授权状态（D_AGREEMENT_STATUS）',
  `AGREEMENT_DATE` date NOT NULL COMMENT '授权日期',
  `START_DATE` date NOT NULL COMMENT '起售日期',
  `END_DATE` date NOT NULL COMMENT '停售日期',
  `CREATE_BY` bigint(20) NOT NULL COMMENT '创建人',
  `CREATE_TIME` datetime NOT NULL COMMENT '创建用户时间',
  `CREATE_TIMESTAMP` datetime NOT NULL DEFAULT CURRENT_TIMESTAMP COMMENT '创建系统时间',
  `UPDATE_BY` bigint(20) NOT NULL COMMENT '更新人',
  `UPDATE_TIME` datetime NOT NULL COMMENT '更新用户时间',
  `UPDATE_TIMESTAMP` datetime NOT NULL DEFAULT CURRENT_TIMESTAMP ON UPDATE CURRENT_TIMESTAMP COMMENT '更新系统时间',
  PRIMARY KEY (`AGREEMENT_ID`),
  KEY `FK_CHANNEL_AGREEMENT__ORGAN_ID` (`ORGAN_ID`),
  KEY `FK_CHANNEL_AGREEMENT__CHANNEL_` (`CHANNEL_ID`),
  CONSTRAINT `FK_CHANNEL_AGREEMENT__CHANNEL_` FOREIGN KEY (`CHANNEL_ID`) REFERENCES `t_sales_channel` (`CHANNEL_ID`),
  CONSTRAINT `FK_CHANNEL_AGREEMENT__ORGAN_ID` FOREIGN KEY (`ORGAN_ID`) REFERENCES `t_channel_organ` (`ORGAN_ID`)
) ENGINE=InnoDB AUTO_INCREMENT=5 DEFAULT CHARSET=utf8 COLLATE=utf8_bin COMMENT='产品销售渠道协议表';
/*!40101 SET character_set_client = @saved_cs_client */;

--
-- Dumping data for table `t_channel_agreement`
--

LOCK TABLES `t_channel_agreement` WRITE;
/*!40000 ALTER TABLE `t_channel_agreement` DISABLE KEYS */;
INSERT INTO `t_channel_agreement` VALUES (3,2,1,NULL,'2016-05-31','2015-01-01','2015-10-10',400,'2016-05-31 15:37:19','2016-05-31 15:38:25',400,'2016-05-31 15:37:19','2016-05-31 15:38:25'),(4,2,1,NULL,'2016-05-31','2015-01-01','2015-03-01',400,'2016-05-31 15:38:16','2016-05-31 15:39:22',400,'2016-05-31 15:38:16','2016-05-31 15:39:22');
/*!40000 ALTER TABLE `t_channel_agreement` ENABLE KEYS */;
UNLOCK TABLES;

--
-- Table structure for table `t_channel_organ`
--

DROP TABLE IF EXISTS `t_channel_organ`;
/*!40101 SET @saved_cs_client     = @@character_set_client */;
/*!40101 SET character_set_client = utf8 */;
CREATE TABLE `t_channel_organ` (
  `ORGAN_ID` bigint(20) NOT NULL AUTO_INCREMENT COMMENT '组织ID',
  `ORGAN_CODE` varchar(60) COLLATE utf8_bin NOT NULL COMMENT '组织CODE',
  `ORGAN_NAME` varchar(300) COLLATE utf8_bin NOT NULL COMMENT '组织名',
  `ADMIN_ORGAN_ID` bigint(20) NOT NULL COMMENT '所属管理机构',
  `MARKETING_TYPE` varchar(10) COLLATE utf8_bin NOT NULL COMMENT '展业类型（D_MARKETING_TYPE）',
  `SALES_ORG_CLASS` varchar(10) COLLATE utf8_bin NOT NULL COMMENT '销售组织层级（D_SALES_ORG_CLASS）',
  `PARENT_ID` bigint(20) DEFAULT NULL COMMENT '上级销售组织ID',
  `CREATE_BY` bigint(20) NOT NULL COMMENT '创建人',
  `CREATE_TIME` datetime NOT NULL COMMENT '创建用户时间',
  `CREATE_TIMESTAMP` datetime NOT NULL DEFAULT CURRENT_TIMESTAMP COMMENT '创建系统时间',
  `UPDATE_BY` bigint(20) NOT NULL COMMENT '更新人',
  `UPDATE_TIME` datetime NOT NULL COMMENT '更新用户时间',
  `UPDATE_TIMESTAMP` datetime NOT NULL DEFAULT CURRENT_TIMESTAMP ON UPDATE CURRENT_TIMESTAMP COMMENT '更新系统时间',
  PRIMARY KEY (`ORGAN_ID`),
  KEY `FK_CHANNEL_ORGAN__ADMIN_ORGAN_` (`ADMIN_ORGAN_ID`),
  KEY `FK_CHANNEL_ORGAN__PARENT_ID` (`PARENT_ID`),
  CONSTRAINT `FK_CHANNEL_ORGAN__ADMIN_ORGAN_` FOREIGN KEY (`ADMIN_ORGAN_ID`) REFERENCES `t_company_organ` (`organ_id`),
  CONSTRAINT `FK_CHANNEL_ORGAN__PARENT_ID` FOREIGN KEY (`PARENT_ID`) REFERENCES `t_channel_organ` (`ORGAN_ID`)
) ENGINE=InnoDB AUTO_INCREMENT=3 DEFAULT CHARSET=utf8 COLLATE=utf8_bin COMMENT='销售组织表';
/*!40101 SET character_set_client = @saved_cs_client */;

--
-- Dumping data for table `t_channel_organ`
--

LOCK TABLES `t_channel_organ` WRITE;
/*!40000 ALTER TABLE `t_channel_organ` DISABLE KEYS */;
INSERT INTO `t_channel_organ` VALUES (2,'1002','微保金服电商事业部',400,'01','01',NULL,400,'2016-04-25 14:27:51','2016-04-25 14:27:53',400,'2016-05-31 15:31:00','2016-05-31 15:32:06');
/*!40000 ALTER TABLE `t_channel_organ` ENABLE KEYS */;
UNLOCK TABLES;

--
-- Table structure for table `t_claim_calc_config`
--

DROP TABLE IF EXISTS `t_claim_calc_config`;
/*!40101 SET @saved_cs_client     = @@character_set_client */;
/*!40101 SET character_set_client = utf8 */;
CREATE TABLE `t_claim_calc_config` (
  `LIST_ID` bigint(20) NOT NULL AUTO_INCREMENT COMMENT '序列号',
  `PARAM_CODE` varchar(200) COLLATE utf8_bin NOT NULL COMMENT '参数代码',
  `DEFAULT_VALUE` varchar(40) COLLATE utf8_bin DEFAULT NULL COMMENT '默认值',
  `DEL_FLAG` int(11) NOT NULL COMMENT '删除标志',
  `BILL_LIAB_FLAG` int(11) NOT NULL COMMENT '是否账单类责任',
  `IS_DISPLAY` int(11) NOT NULL DEFAULT '0' COMMENT '是否在页面显示',
  `PRODUCT_ID` bigint(20) DEFAULT NULL COMMENT '责任组id',
  `LIAB_ID` bigint(20) NOT NULL COMMENT '责任id',
  `INSERT_BY` bigint(20) DEFAULT NULL COMMENT '记录插入人',
  `UPDATE_BY` bigint(20) DEFAULT NULL COMMENT '记录更新人',
  `INSERT_TIME` datetime NOT NULL DEFAULT CURRENT_TIMESTAMP COMMENT '记录插入时间',
  `UPDATE_TIME` datetime NOT NULL DEFAULT CURRENT_TIMESTAMP COMMENT '记录更新时间',
  `INSERT_TIMESTAMP` datetime NOT NULL DEFAULT CURRENT_TIMESTAMP COMMENT '记录插入时间戳',
  `UPDATE_TIMESTAMP` datetime NOT NULL DEFAULT CURRENT_TIMESTAMP COMMENT '记录更新时间戳',
  PRIMARY KEY (`LIST_ID`),
  KEY `IDX_CCC__PRODUCT_ID_LIAB_ID` (`PRODUCT_ID`,`LIAB_ID`)
) ENGINE=InnoDB DEFAULT CHARSET=utf8 COLLATE=utf8_bin COMMENT='理赔计算配置';
/*!40101 SET character_set_client = @saved_cs_client */;

--
-- Dumping data for table `t_claim_calc_config`
--

LOCK TABLES `t_claim_calc_config` WRITE;
/*!40000 ALTER TABLE `t_claim_calc_config` DISABLE KEYS */;
/*!40000 ALTER TABLE `t_claim_calc_config` ENABLE KEYS */;
UNLOCK TABLES;

--
-- Table structure for table `t_clm_biz_obj_input`
--

DROP TABLE IF EXISTS `t_clm_biz_obj_input`;
/*!40101 SET @saved_cs_client     = @@character_set_client */;
/*!40101 SET character_set_client = utf8 */;
CREATE TABLE `t_clm_biz_obj_input` (
  `BIZ_OBJ` varchar(10) COLLATE utf8_bin NOT NULL DEFAULT '' COMMENT '理赔对象（D_CLM_BIZ_OBJ）',
  `OBJ_LEVEL` tinyint(1) DEFAULT NULL COMMENT '对象级别',
  `OBJ_ORDER` tinyint(2) DEFAULT NULL COMMENT '对象顺序',
  PRIMARY KEY (`BIZ_OBJ`)
) ENGINE=InnoDB DEFAULT CHARSET=utf8 COLLATE=utf8_bin COMMENT='理赔理算输入模板对象配置表';
/*!40101 SET character_set_client = @saved_cs_client */;

--
-- Dumping data for table `t_clm_biz_obj_input`
--

LOCK TABLES `t_clm_biz_obj_input` WRITE;
/*!40000 ALTER TABLE `t_clm_biz_obj_input` DISABLE KEYS */;
/*!40000 ALTER TABLE `t_clm_biz_obj_input` ENABLE KEYS */;
UNLOCK TABLES;

--
-- Table structure for table `t_clm_checklist`
--

DROP TABLE IF EXISTS `t_clm_checklist`;
/*!40101 SET @saved_cs_client     = @@character_set_client */;
/*!40101 SET character_set_client = utf8 */;
CREATE TABLE `t_clm_checklist` (
  `LIST_ID` bigint(20) NOT NULL AUTO_INCREMENT COMMENT '记录ID',
  `CLAIM_TYPE` varchar(10) DEFAULT NULL COMMENT '理赔类型（D_CLAIM_TYPE）',
  `CLAIM_SUB_TYPE` varchar(10) DEFAULT NULL COMMENT '出险原因（D_CLAIM_SUB_TYPE）',
  `CLAIM_NATURE` varchar(10) DEFAULT NULL COMMENT '出险原因（D_CLAIM_NATURE）',
  `CHECKLIST` varchar(100) DEFAULT NULL COMMENT '应备资料代码的列表字符串（D_CHECKLIST）',
  PRIMARY KEY (`LIST_ID`)
) ENGINE=InnoDB AUTO_INCREMENT=11 DEFAULT CHARSET=utf8mb4 COMMENT='理赔应备资料配置表';
/*!40101 SET character_set_client = @saved_cs_client */;

--
-- Dumping data for table `t_clm_checklist`
--

LOCK TABLES `t_clm_checklist` WRITE;
/*!40000 ALTER TABLE `t_clm_checklist` DISABLE KEYS */;
INSERT INTO `t_clm_checklist` VALUES (1,'04','02','1','1,2,3,4,5,13'),(2,'04','02','2','1,2,3,4,5,10,13'),(3,'04','01','1','1,2,3,4,6,7,8,13'),(4,'04','01','2','1,2,3,4,6,7,13'),(5,'03','','1','1,2,3,4,8,13'),(6,'03','','2','1,2,3,4,8,10,13'),(7,'01','','2','1,2,10,11,12,13'),(8,'01','','1','1,2,11,12,13'),(9,'02','','2','1,2,3,9,10,13'),(10,'02','','1','1,2,3,9,13');
/*!40000 ALTER TABLE `t_clm_checklist` ENABLE KEYS */;
UNLOCK TABLES;

--
-- Table structure for table `t_clm_liab_cate`
--

DROP TABLE IF EXISTS `t_clm_liab_cate`;
/*!40101 SET @saved_cs_client     = @@character_set_client */;
/*!40101 SET character_set_client = utf8 */;
CREATE TABLE `t_clm_liab_cate` (
  `LIST_ID` bigint(20) NOT NULL AUTO_INCREMENT COMMENT '记录ID',
  `CLAIM_TYPE` varchar(10) DEFAULT NULL COMMENT '理赔类型（D_CLAIM_TYPE）',
  `LIAB_CATE_LIST` varchar(100) DEFAULT NULL COMMENT '理赔责任分类列表字符串（D_LIABILITY_CATEGORY）',
  PRIMARY KEY (`LIST_ID`)
) ENGINE=InnoDB AUTO_INCREMENT=5 DEFAULT CHARSET=utf8mb4 COMMENT='理赔责任分类配置表';
/*!40101 SET character_set_client = @saved_cs_client */;

--
-- Dumping data for table `t_clm_liab_cate`
--

LOCK TABLES `t_clm_liab_cate` WRITE;
/*!40000 ALTER TABLE `t_clm_liab_cate` DISABLE KEYS */;
INSERT INTO `t_clm_liab_cate` VALUES (1,'01','0,1,2,7,8'),(2,'02','0,1,2,7,9'),(3,'03','10'),(4,'04','0,1,2,3,4,7');
/*!40000 ALTER TABLE `t_clm_liab_cate` ENABLE KEYS */;
UNLOCK TABLES;

--
-- Table structure for table `t_cms_print_task`
--

DROP TABLE IF EXISTS `t_cms_print_task`;
/*!40101 SET @saved_cs_client     = @@character_set_client */;
/*!40101 SET character_set_client = utf8 */;
CREATE TABLE `t_cms_print_task` (
  `TASK_ID` bigint(20) NOT NULL COMMENT '任务ID',
  `TEMPLATE_ID` bigint(20) NOT NULL COMMENT '模板ID',
  `BUSI_TYPE` varchar(30) COLLATE utf8_bin DEFAULT NULL COMMENT '业务类型',
  `BUSI_NO` varchar(30) COLLATE utf8_bin DEFAULT NULL COMMENT '业务号码',
  `SEND_TYPE` varchar(30) COLLATE utf8_bin NOT NULL COMMENT '打印任务类型',
  `CMS_PARAM` blob NOT NULL COMMENT '发送的短信参数',
  `TASK_STATUS` varchar(30) COLLATE utf8_bin NOT NULL COMMENT ' 任务处理状态\n            --d_common_status',
  `TASK_NAME` varchar(30) COLLATE utf8_bin NOT NULL COMMENT '打印任务名称',
  `PRINT_TIME` datetime NOT NULL DEFAULT CURRENT_TIMESTAMP COMMENT '打印时间',
  `REPEAT_TIMES` int(11) DEFAULT NULL COMMENT '任务重发次数',
  `CREATE_BY` bigint(20) NOT NULL COMMENT '创建人',
  `CREATE_TIME` datetime NOT NULL DEFAULT CURRENT_TIMESTAMP COMMENT '创建时间',
  `UPDATE_BY` bigint(20) NOT NULL COMMENT '更新记录人',
  `UPDATE_TIME` datetime NOT NULL DEFAULT CURRENT_TIMESTAMP ON UPDATE CURRENT_TIMESTAMP COMMENT '更新记录时间',
  PRIMARY KEY (`TASK_ID`)
) ENGINE=InnoDB DEFAULT CHARSET=utf8 COLLATE=utf8_bin;
/*!40101 SET character_set_client = @saved_cs_client */;

--
-- Dumping data for table `t_cms_print_task`
--

LOCK TABLES `t_cms_print_task` WRITE;
/*!40000 ALTER TABLE `t_cms_print_task` DISABLE KEYS */;
/*!40000 ALTER TABLE `t_cms_print_task` ENABLE KEYS */;
UNLOCK TABLES;

--
-- Table structure for table `t_cms_print_task_err_log`
--

DROP TABLE IF EXISTS `t_cms_print_task_err_log`;
/*!40101 SET @saved_cs_client     = @@character_set_client */;
/*!40101 SET character_set_client = utf8 */;
CREATE TABLE `t_cms_print_task_err_log` (
  `LOG_ID` bigint(20) NOT NULL COMMENT '日志ID',
  `TASK_ID` bigint(20) NOT NULL COMMENT '任务ID',
  `SEND_TIME` datetime NOT NULL DEFAULT CURRENT_TIMESTAMP COMMENT '消息发送时间',
  `ERR_MESSAG` text COLLATE utf8_bin NOT NULL COMMENT '日志内容',
  `CREATE_TIME` datetime NOT NULL DEFAULT CURRENT_TIMESTAMP COMMENT '创建时间',
  PRIMARY KEY (`LOG_ID`)
) ENGINE=InnoDB DEFAULT CHARSET=utf8 COLLATE=utf8_bin COMMENT='打印错误日志记录表';
/*!40101 SET character_set_client = @saved_cs_client */;

--
-- Dumping data for table `t_cms_print_task_err_log`
--

LOCK TABLES `t_cms_print_task_err_log` WRITE;
/*!40000 ALTER TABLE `t_cms_print_task_err_log` DISABLE KEYS */;
/*!40000 ALTER TABLE `t_cms_print_task_err_log` ENABLE KEYS */;
UNLOCK TABLES;

--
-- Table structure for table `t_cms_template`
--

DROP TABLE IF EXISTS `t_cms_template`;
/*!40101 SET @saved_cs_client     = @@character_set_client */;
/*!40101 SET character_set_client = utf8 */;
CREATE TABLE `t_cms_template` (
  `TEMPLATE_ID` bigint(20) NOT NULL AUTO_INCREMENT COMMENT '消息模板ID',
  `TEMPLATE_CODE` varchar(30) COLLATE utf8_bin NOT NULL COMMENT '模板代码',
  `TEMPLATE_NAME` varchar(30) COLLATE utf8_bin NOT NULL COMMENT '模板名称',
  `TEMPLATE_STATUS` varchar(30) COLLATE utf8_bin NOT NULL COMMENT '模板状态(--D_COMM_STATUS)',
  `SYSTEM_CODE` varchar(30) COLLATE utf8_bin NOT NULL COMMENT '所属系统',
  `ORGAN_ID` bigint(20) NOT NULL COMMENT '所属机构',
  `CMS_TYPE` varchar(30) COLLATE utf8_bin NOT NULL COMMENT '内容类型(D_CMS_TYPE)',
  `SEND_TYPE` varchar(30) COLLATE utf8_bin NOT NULL COMMENT '内容发送类型\n            --0-即时短信\n            --1-定时短信',
  `TEMPLATE_PATH` varchar(200) COLLATE utf8_bin DEFAULT NULL COMMENT '模板文件存储路径',
  `TEMPLATE_BODY` text COLLATE utf8_bin COMMENT '模板内容',
  `REPEAT_TIMES` int(11) NOT NULL COMMENT '失败重发次数',
  `CREATE_BY` bigint(20) NOT NULL COMMENT '创建人',
  `CREATE_TIME` datetime NOT NULL COMMENT '创建用户时间',
  `CREATE_TIMESTAMP` datetime NOT NULL DEFAULT CURRENT_TIMESTAMP ON UPDATE CURRENT_TIMESTAMP COMMENT '创建系统时间',
  `UPDATE_BY` bigint(20) NOT NULL COMMENT '更新记录人',
  `UPDATE_TIME` datetime NOT NULL COMMENT '更新用户时间',
  `UPDATE_TIMESTAMP` datetime NOT NULL DEFAULT CURRENT_TIMESTAMP ON UPDATE CURRENT_TIMESTAMP COMMENT '更新系统时间',
  PRIMARY KEY (`TEMPLATE_ID`)
) ENGINE=InnoDB DEFAULT CHARSET=utf8 COLLATE=utf8_bin COMMENT=' 内容管理模板定义表';
/*!40101 SET character_set_client = @saved_cs_client */;

--
-- Dumping data for table `t_cms_template`
--

LOCK TABLES `t_cms_template` WRITE;
/*!40000 ALTER TABLE `t_cms_template` DISABLE KEYS */;
/*!40000 ALTER TABLE `t_cms_template` ENABLE KEYS */;
UNLOCK TABLES;

--
-- Table structure for table `t_code`
--

DROP TABLE IF EXISTS `t_code`;
/*!40101 SET @saved_cs_client     = @@character_set_client */;
/*!40101 SET character_set_client = utf8 */;
CREATE TABLE `t_code` (
  `LABEL_NAME` varchar(50) COLLATE utf8_bin NOT NULL DEFAULT '',
  `TABLE_NAME` varchar(40) COLLATE utf8_bin NOT NULL,
  `TABLE_DESC` varchar(200) COLLATE utf8_bin DEFAULT NULL,
  `ID_COLUMN` varchar(40) COLLATE utf8_bin DEFAULT NULL,
  `ID_COLUMN_TYPE` varchar(40) COLLATE utf8_bin DEFAULT NULL,
  `DESC_COLUMN` varchar(40) COLLATE utf8_bin DEFAULT NULL,
  `ORDER_COLUMN` varchar(40) COLLATE utf8_bin DEFAULT NULL,
  `CODE_COLUMN` varchar(40) COLLATE utf8_bin DEFAULT NULL,
  `NEED_CACHE` char(1) COLLATE utf8_bin DEFAULT 'Y',
  `NOT_EXISTS_MSG` varchar(200) COLLATE utf8_bin DEFAULT NULL,
  `INSERT_TIME` datetime NOT NULL DEFAULT CURRENT_TIMESTAMP,
  `UPDATE_TIME` datetime NOT NULL DEFAULT CURRENT_TIMESTAMP,
  `DATA_FILTER` varchar(200) COLLATE utf8_bin DEFAULT NULL,
  PRIMARY KEY (`LABEL_NAME`)
) ENGINE=InnoDB DEFAULT CHARSET=utf8 COLLATE=utf8_bin;
/*!40101 SET character_set_client = @saved_cs_client */;

--
-- Dumping data for table `t_code`
--

LOCK TABLES `t_code` WRITE;
/*!40000 ALTER TABLE `t_code` DISABLE KEYS */;
INSERT INTO `t_code` VALUES ('D_ACCIDENT_STATUS','D_ACCIDENT_STATUS','出险人状态','CODE','S','NAME','CODE','CODE','Y',NULL,'2016-04-06 17:17:28','2016-04-06 17:17:30',NULL),('D_ACCOUNT_TYPE','D_ACCOUNT_TYPE','账户类型表','CODE','S','NAME','CODE','CODE','Y',NULL,'2016-05-30 07:19:00','2016-05-30 07:19:00',NULL),('D_API_TYPE','D_API_TYPE','API类型','CODE','S','NAME','CODE','CODE','Y',NULL,'2016-02-05 14:12:49','2016-02-05 14:12:49',NULL),('D_APPRAISAL_AGENCY','D_APPRAISAL_AGENCY','伤残鉴定机构代码','CODE','S','NAME','CODE','CODE','Y',NULL,'2016-04-06 19:52:45','2016-04-06 19:52:46',NULL),('D_APP_SYSTEM','D_APP_SYSTEM','系统','CODE','S','NAME','CODE','CODE','Y',NULL,'2016-02-05 14:12:49','2016-02-05 14:12:49',NULL),('D_BANK','D_BANK','银行编码','CODE','S','NAME',NULL,'CODE','Y',NULL,'2016-04-27 16:50:05','2016-04-27 16:50:05',NULL),('D_CAPITAL_TYPE','D_CAPITAL_TYPE','企业资本类型表','CODE','S','NAME','CODE','CODE','Y',NULL,'2015-12-30 15:47:02','2015-12-30 15:47:02',NULL),('D_CASE_LEVEL','D_CASE_LEVEL','案件等级','CODE','S','NAME','CODE','CODE','Y',NULL,'2016-04-18 17:46:56','2016-04-18 17:46:56',NULL),('D_CASE_STATUS','D_CASE_STATUS','案件状态','CODE','S','NAME','CODE','CODE','Y',NULL,'2016-05-03 15:18:37','2016-05-03 15:18:37',NULL),('D_CERTI_TYPE','D_CERTI_TYPE','证件类型','CODE','S','NAME','CODE','CODE','Y','Null','2016-01-08 10:47:09','2016-01-08 10:47:13',NULL),('D_CHARGE_MODE','D_CHARGE_MODE','缴费频率','CODE','S','NAME','CODE','CODE','Y',NULL,'2015-12-31 11:59:39','2015-12-31 11:59:39',NULL),('D_CHECKLIST','D_CHECKLIST','单证类型','CODE','S','NAME','CODE','CODE','Y',NULL,'2016-05-04 14:59:01','2016-05-04 14:59:01',NULL),('D_CHECKLIST_CLASS','D_CHECKLIST_CLASS','材料类型','CODE','S','NAME','CODE','CODE','Y',NULL,'2016-05-20 10:41:45','2016-05-20 10:41:46',NULL),('D_CHECKLIST_ITEM_STATUS','D_CHECKLIST_ITEM_STATUS','审核材料状态','CODE','S','NAME','CODE','CODE','Y',NULL,'2016-04-06 13:53:53','2016-04-06 13:53:55',NULL),('D_CHECKLIST_STATUS','D_CHECKLIST_STATUS','材料状态','CODE','S','NAME','CODE','CODE','Y',NULL,'2016-03-31 00:00:00','2016-03-31 00:00:00',NULL),('D_CITY','D_CITY','城市','CODE','S','NAME','CODE','CODE','Y',NULL,'2015-12-31 11:58:58','2015-12-31 11:58:58',NULL),('D_CLAIM_ADJUST_TYPE','D_CLAIM_ADJUST_TYPE','理赔金栏目','CODE','S','NAME','CODE','CODE','Y',NULL,'2015-12-31 11:44:58','2015-12-31 11:44:58',NULL),('D_CLAIM_DATA','D_CLAIM_TYPE','资料类型','CODE','S','NAME','CODE','CODE','Y',NULL,'2016-04-19 19:11:21','2016-04-19 19:11:25',NULL),('D_CLAIM_NATURE','D_CLAIM_NATURE','出险原因','CODE','S','NAME','CODE','CODE','Y',NULL,'2016-04-06 16:25:29','2016-04-06 16:25:31',NULL),('D_CLAIM_REAL','D_CUST_RELA','与出险人关系','CODE','S','NAME','CODE','CODE','Y',NULL,'2016-03-18 11:32:44','2016-03-18 11:32:46',NULL),('D_CLAIM_TYPE','D_CLAIM_TYPE','案件类型','CODE','S','NAME','CODE','CODE','Y',NULL,'2016-04-06 15:46:40','2016-04-06 15:46:42',NULL),('D_CMS_TYPE','D_CMS_TYPE','消息类型','CODE','S','NAME','CODE','CODE','Y',NULL,'2016-03-28 17:49:51','2016-03-28 17:49:51',NULL),('D_COMMON_STATUS','D_COMMON_STATUS','统一状态表','CODE','S','NAME','CODE','CODE','Y',NULL,'2016-02-24 00:00:00','2016-02-24 00:00:00',NULL),('D_CURE_TYPE','D_CURE_TYPE','治疗类型','CODE','S','NAME','CODE','CODE','Y',NULL,'2016-05-11 15:01:16','2016-05-11 15:01:18',NULL),('D_CUST_RELA','D_CUST_RELA','关系表','CODE','S','NAME','CODE','CODE','Y',NULL,'2016-04-18 18:17:23','2016-04-18 18:17:23',NULL),('D_DEFORMITY_GRADE','D_DEFORMITY_GRADE','伤残等级','CODE','S','NAME','CODE','CODE','Y',NULL,'2016-04-06 19:46:32','2016-04-06 19:46:38',NULL),('D_DEFORMITY_ITEM','D_DEFORMITY_ITEM','伤残代码','CODE','S','NAME','CODE','CODE','Y',NULL,'2016-04-06 19:46:35','2016-04-06 19:46:40',NULL),('D_DEFORMITY_STD','D_DEFORMITY_STD','伤残标准代码','CODE','S','NAME','CODE','CODE','Y',NULL,'2016-05-24 09:43:16','2016-05-24 09:43:18',NULL),('D_DEFORMITY_TYPE','D_DEFORMITY_STD','伤残类型','CODE','S','NAME','CODE','CODE','Y',NULL,'2016-04-06 19:46:30','2016-04-06 19:46:37',NULL),('D_DIAGNOSE_CODE','D_DIAGNOSE_CODE','疾病代码','CODE','S','NAME','CODE','CODE','Y',NULL,'2016-04-06 16:58:22','2016-04-06 16:58:23',NULL),('D_DISP_CONF_ITEM','D_DISP_CONF_ITEM','电商展示配置项','CODE','S','NAME','CODE',NULL,'Y',NULL,'2016-05-10 10:01:31','2016-05-10 10:01:31',NULL),('D_DISP_CONF_TYPE','D_DISP_CONF_TYPE','展示配置项类型代码','CODE','S','NAME','CODE','CODE','N',NULL,'2016-05-24 11:26:59','2016-05-24 11:26:59',NULL),('D_DISTRICT','D_DISTRICT','区县','CODE','S','NAME','CODE','CODE','Y',NULL,'2015-12-31 11:58:28','2015-12-31 11:58:28',NULL),('D_DOCUMENT_TYPE','D_DOCUMENT_TYPE','单证类型','CODE','S','NAME','CODE','CODE','Y','Null','2016-01-26 12:02:47','2016-01-26 12:02:47',NULL),('D_EC_CHANNEL_TYPE','D_EC_CHANNEL_TYPE','电商频道类型表','CODE','S','NAME','CODE','CODE','Y',NULL,'2016-04-14 09:44:35','2016-04-14 09:44:37',NULL),('D_EC_CHL_STATUS','D_COMMON_STATUS','频道状态','CODE','S','NAME','CODE','CODE','Y',NULL,'2016-04-18 14:00:27','2016-04-18 14:00:27','CODE = \'06\' or CODE = \'07\''),('D_EC_FILTER_TYPE','D_EC_FILTER_TYPE','电商频道筛选类型表','CODE','S','NAME','CODE','CODE','Y',NULL,'2016-04-14 11:14:21','2016-04-14 11:14:24',NULL),('D_EC_LINK_OPTION','D_EC_LINK_OPTION','链接选项','CODE','S','NAME','CODE','CODE','Y',NULL,'2016-03-02 14:30:27','2016-03-02 14:30:27',NULL),('D_EC_PRODUCT_DETAIL','D_EC_FEATURE_TYPE','电商商品特征类型表','CODE','S','NAME','CODE','CODE','Y',NULL,'2016-04-19 10:03:09','2016-04-19 10:03:10','PARENT_CODE=\'100\''),('D_EC_PRODUCT_DISPLAY','D_EC_FEATURE_TYPE','电商商品特征类型表','CODE','S','NAME','CODE','CODE','Y',NULL,'2016-04-18 17:29:24','2016-04-18 17:29:26','PARENT_CODE=\'000\''),('D_EDUCATION','D_EDUCATION','学历','CODE','S','NAME','CODE','CODE','Y',NULL,'2016-01-06 14:52:26','2016-01-06 14:52:26',NULL),('D_FEE_STATUS','D_FEE_STATUS','费用状态','CODE','S','NAME','CODE','CODE','Y',NULL,'2016-05-23 11:31:27','2016-05-23 11:31:29',NULL),('D_FEE_TABLE','D_FEE_TABLE','费用类型表','CODE','S','NAME','CODE','CODE','N',NULL,'2016-04-13 20:08:07','2016-04-13 20:08:09',NULL),('D_HOSPITAL','D_HOSPITAL','医院代码','CODE','S','NAME','CODE','CODE','Y',NULL,'2016-04-06 16:46:39','2016-04-06 16:46:42',NULL),('D_INDUSTRY','D_INDUSTRY','行业','CODE','S','NAME','CODE','CODE','N',NULL,'2015-12-31 11:57:58','2015-12-31 11:57:58',NULL),('D_INPUT_STYLE','D_INPUT_STYLE','数据录入形式表','STYLE_CODE','S','STYLE_NAME','STYLE_CODE','STYLE_CODE','Y',NULL,'2015-12-28 15:45:54','2015-12-28 15:45:54',NULL),('D_LIABILITY_STATE','D_LIABILITY_STATUS','险种状态','CODE','S','NAME','CODE','CODE','Y',NULL,'2016-05-09 17:45:46','2016-05-09 17:45:46',NULL),('D_LIABILITY_TYPE','D_LIABILITY_TYPE','责任类型','CODE','S','NAME','CODE','CODE','Y',NULL,'2016-03-31 10:47:50','2016-03-31 10:47:52',NULL),('D_LIAB_CLAUSE_PARAM','D_LIAB_CLAUSE_PARAM','责任参数','CODE','S','NAME','CODE','CODE','Y',NULL,'2016-03-11 17:14:53','2016-03-11 17:15:00',NULL),('D_MARKETING_TYPE','D_MARKETING_TYPE','展业类型','CODE','S','NAME','CODE','CODE','Y',NULL,'2016-04-25 17:56:48','2016-04-25 17:56:50',NULL),('D_MATERIAL_TYPE','D_MATERIAL_TYPE','材料类型','CODE','S','NAME','CODE','CODE','Y',NULL,'2016-05-19 16:31:14','2016-05-19 16:31:15',NULL),('D_MKT_ACT','D_MKT_ACT','营销子活动','CODE','S','NAME','CODE','CODE','N',NULL,'2016-03-23 16:58:55','2016-03-23 16:58:57',NULL),('D_MKT_ACT_ELEMENT','D_MKT_ACT_ELEMENT','营销元素','CODE','S','NAME','CODE','CODE','N',NULL,'2015-12-31 11:44:58','2015-12-31 11:44:58',NULL),('D_MKT_PROD_ELEMENT','D_MKT_PROD_ELEMENT','产品元素字典表','CODE','L','NAME','CODE','CODE','N',NULL,'2016-03-24 14:37:41','2016-03-24 14:37:44',NULL),('D_MKT_PROD_LIMIT_TYPE','D_MKT_PROD_LIMIT_TYPE','规模限制类型','CODE','S','NAME','CODE','CODE','Y',NULL,'2016-03-25 12:54:22','2016-03-25 12:54:24',NULL),('D_MKT_PROD_STATUS','D_MKT_PROD_STATUS','营销产品状态','CODE','S','NAME','CODE','CODE','Y',NULL,'2016-03-15 09:41:52','2016-03-15 09:41:54',NULL),('D_MKT_SHARE_MODE','D_MKT_SHARE_MODE','分摊模式表','CODE','L','NAME','CODE','CODE','N',NULL,'2016-04-05 16:01:20','2016-04-05 16:01:21',NULL),('D_NATIONALITY','D_NATIONALITY','国籍','CODE','S','NAME','CODE','CODE','Y',NULL,'2016-04-19 16:43:35','2016-04-19 16:43:41',NULL),('D_PAYMENT_FREQUENCY','D_CHARGE_MODE','缴费方式','CODE','S','NAME','CODE','CODE','Y',NULL,'2016-05-20 14:24:42','2016-05-20 14:24:45',NULL),('D_PAY_MODE','D_PAY_MODE','支付方式','CODE','S','NAME','CODE','CODE','Y',NULL,'2016-05-16 15:38:52','2016-05-16 15:38:54',NULL),('D_POLICYCHANNEL_TYPE','D_POLICYCHANNEL_TYPE','保单所属渠道','CODE','S','NAME','CODE','CODE','Y',NULL,'2016-07-01 14:03:54','2016-05-13 14:03:59',NULL),('D_PROP_STATUS','D_PROP_STATUS','投保单状态','CODE','S','NAME','CODE','CODE','Y',NULL,'2015-12-31 11:56:17','2015-12-31 11:56:17',NULL),('D_PROVINCE','D_PROVINCE','省份','CODE','S','NAME','CODE','CODE','Y',NULL,'2015-12-31 11:55:54','2015-12-31 11:55:54',NULL),('D_RATE_TABLE_ALIAS','D_RATE_TABLE_ALIAS','费率表别名表','CODE','S','NAME','CODE','CODE','Y',NULL,'2016-03-28 18:09:07','2016-03-28 18:09:11',NULL),('D_REJECTREASON_TYPE','D_REJECTREASON_TYPE','拒绝原因','CODE','S','NAME','CODE','CODE','Y',NULL,'2016-08-01 14:19:14','2016-05-13 14:19:19',NULL),('D_SALES_CHANNEL','D_SALES_CHANNEL','渠道类型表','CODE','S','NAME','CODE','CODE','Y',NULL,'2016-01-06 14:54:45','2016-01-06 14:54:45',NULL),('D_SALES_MODE','D_SALES_MODE','销售模式','CODE','S','NAME','CODE','CODE','Y',NULL,'2016-03-24 11:49:45','2016-03-24 11:49:47',NULL),('D_SALES_ORG_CLASS','D_SALES_ORG_CLASS','销售组织层级','CODE','S','NAME','CODE','CODE','Y',NULL,'2016-04-25 17:57:38','2016-04-25 17:57:39',NULL),('D_SERVICE','D_SERVICE','保全责任','CODE','S','NAME','CODE','CODE','Y',NULL,'2016-01-06 14:54:45','2016-01-06 14:54:45',NULL),('D_SERVICE_CODE','D_SERVICE_CODE','保全变更项','CODE','S','NAME','CODE','CODE','Y',NULL,'2016-05-17 12:06:25','2016-05-17 12:06:25',NULL),('D_SMS_TASK_STATUS','D_COMMON_STATUS','短信任务处理状态','CODE','S','NAME','CODE','CODE','Y',NULL,'2016-03-02 14:30:27','2016-03-02 14:30:27','CODE = \'01\' or CODE = \'04\' or CODE = \'05\''),('D_SMS_TMPL_STATUS','D_COMMON_STATUS','短信模板状态','CODE','S','NAME','CODE','CODE','Y',NULL,'2016-03-02 14:30:27','2016-03-02 14:30:27','CODE = \'06\' or CODE = \'07\''),('D_SYSTEM','D_SYSTEM','所属系统','CODE','S','NAME','CODE','CODE','Y',NULL,'2016-03-03 21:01:44','2016-03-03 21:01:44',NULL),('D_TEST_FAILURE_ACTION','D_TEST_FAILURE_ACTION','问卷测试不及格处理策略','ACTION_CODE','S','ACTION_DESC','ACTION_CODE','ACTION_CODE','Y',NULL,'2016-05-23 11:06:25','2016-05-23 11:06:25',NULL),('D_TEST_PAPE_PURPOSE','D_TEST_PAPE_PURPOSE','测试问卷用途','TEST_PURPOSE','S','PURPOSE_DESC','TEST_PURPOSE','TEST_PURPOSE','Y',NULL,'2016-05-23 11:06:25','2016-05-23 11:06:25',NULL),('D_TRANS_HANDLER_TYPE','D_TRANS_HANDLER_TYPE','渠道服务处理程序类型','CODE','S','NAME','CODE','CODE','Y',NULL,'2016-02-24 17:16:31','2016-02-24 17:16:31',NULL),('EC_PRODUCT_CATE','T_EC_CHANNEL','电商产品归属频道','CHANNEL_ID','L','CHANNEL_NAME','CHANNEL_ID','CHANNEL_ID','N',NULL,'2016-04-13 15:59:32','2016-04-13 15:59:32','CHANNEL_TYPE=\'001\' and CLASS_ORDER = 1'),('T_AGREE','D_AGREE','是否同意','CODE','S','NAME','CODE','CODE','Y',NULL,'2016-05-16 13:07:19','2016-05-16 13:07:21',NULL),('T_CMS_TYPE','T_CMS_TYPE','内容类型','CODE','S','NAME','CODE','CODE','Y',NULL,'2016-03-21 16:46:31','2016-03-21 16:46:31',NULL),('T_COMPANY_ORGAN','T_COMPANY_ORGAN','机构信息','ORGAN_ID','L','ORGAN_NAME','ORGAN_ID','ORGAN_ID','N',NULL,'2016-01-08 15:53:13','2016-01-08 15:53:13',NULL),('T_CONF_DOMAIN','T_CONF_DOMAIN','领域表','DOMAIN_CODE','S','DOMAIN_NAME',NULL,'DOMAIN_CODE',NULL,NULL,'2015-12-28 11:59:11','2015-12-28 11:59:11',NULL),('T_CONF_FORMULA','T_CONF_FORMULA','公式','FORMULA_ID','L','FORMULA_NAME',NULL,'FORMULA_NAME','N',NULL,'2015-12-03 13:57:04','2015-12-03 13:57:04',NULL),('T_CONF_TOPIC','T_CONF_TOPIC','主题表','TOPIC_CODE','S','TOPIC_NAME','TOPIC_CODE','TOPIC_CODE','N',NULL,'2015-12-03 03:00:15','2015-12-03 03:00:15','DEPRECATED_YN = \'N\''),('T_CURRENCY','T_CURRENCY','币种','CURRENCY_CODE','S','CURRENCY_NAME','CURRENCY_CODE','CURRENCY_CODE','Y',NULL,'2015-12-31 11:54:32','2015-12-31 11:54:32',NULL),('T_DATA_TEMPLATE','T_DATA_TEMPLATE','产品模板表','DATA_TEMPLATE_ID','L','TEMPLATE_NAME',NULL,'DATA_TEMPLATE_ID','N',NULL,'2015-12-28 10:58:08','2015-12-28 10:58:08',NULL),('T_DEPARTMENT','T_DEPARTMENT','部门信息','DEPART_ID','L','NAME','DEPART_ID','DEPART_ID','Y','','2016-01-08 13:37:19','2016-01-08 13:37:19',NULL),('T_EC_CHANNEL','T_EC_CHANNEL','电商频道类型','CHANNEL_ID','L','CHANNEL_NAME','CHANNEL_ID','CHANNEL_ID','N',NULL,'2016-04-14 10:01:53','2016-04-14 10:01:58',NULL),('T_EC_TEMPLATE','T_EC_TEMPLATE','电商模板','TEMPLATE_ID','L','TEMPLATE_NAME','TEMPLATE_ID','TEMPLATE_ID','N',NULL,'2016-04-18 18:17:23','2016-04-18 18:17:23',NULL),('T_GENDER','D_GENDER','性别','CODE','S','NAME','CODE','CODE','Y',NULL,'2015-12-31 11:53:21','2015-12-31 11:53:21',NULL),('T_GRP_PRODUCT','T_GRP_PRODUCT','产品组合与产品关系表','GRP_PROD_ID','L','PRODUCT_ID','PRODUCT_ID','PRODUCT_ID','Y',NULL,'2016-03-16 10:57:22','2016-03-16 10:57:24',NULL),('T_INSURANCE_OBJECT','T_INSURANCE_OBJECT','标的类型','OBJECT_CODE','S','OBJECT_NAME',NULL,'OBJECT_CODE','Y',NULL,'2015-12-03 10:47:06','2015-12-03 10:47:06',NULL),('T_JOB_CATEGORY','T_JOB_CATEGORY','职业代码表','JOB_CODE','S','JOB_NAME','JOB_CODE','JOB_CODE','Y',NULL,'2015-12-31 11:52:44','2015-12-31 11:52:44',NULL),('T_JOB_NATURE','T_JOB_NATURE','工作性质','NATURE_ID','S','NATURE_DESC','NATURE_ID','NATURE_ID','Y',NULL,'2015-12-31 11:51:58','2015-12-31 11:51:58',NULL),('T_LIABILITY_CATEGORY','D_LIABILITY_CATEGORY','责任类别','CODE','S','NAME','CODE','CODE','Y',NULL,'2015-12-08 10:55:48','2015-12-08 10:55:48',NULL),('T_LIABILITY_TYPE','D_LIABILITY_TYPE','责任类型','CODE','S','NAME','CODE','CODE','Y',NULL,'2015-12-04 18:22:51','2015-12-04 18:22:51',NULL),('T_MKT_PEODUCT_ID_NAME','T_MKT_PRODUCT','营销产品ID对应NAME','MKT_PROD_ID','L','MKT_PROD_NAME','MKT_PROD_ID','MKT_PROD_ID','N',NULL,'2016-04-25 21:34:58','2016-04-25 21:35:01',NULL),('T_MKT_PRODUCT','T_MKT_PRODUCT','营销产品名称','MKT_PROD_ID','L','MKT_PROD_NAME','MKT_PROD_ID','MKT_PROD_ID','N',NULL,'2016-03-14 19:02:25','2016-03-29 19:02:28',NULL),('T_MKT_PRODUCT_CODE_NAME','T_MKT_PRODUCT','营销产品代码对应名称','MKT_PROD_CODE','L','MKT_PROD_NAME','MKT_PROD_CODE','MKT_PROD_CODE','N',NULL,'2016-04-13 11:57:21','2016-04-13 11:57:23',NULL),('T_MKT_PROD_NAME','T_MKT_PROD_NAME','营销产品','MKT_PROD_ID','L','MKT_PROD_NAME','MKT_PROD_ID','MKT_PROD_ID','N',NULL,'2016-04-13 16:28:49','2016-04-13 16:28:49',NULL),('T_NATIONALITY','D_COUNTRY','国籍','CODE','S','NAME','CODE','CODE','Y',NULL,'2015-12-31 11:51:37','2015-12-31 11:51:37',NULL),('T_ORGAN_TYPE','T_ORGAN_TYPE','机构类型','ORGAN_TYPE','S','TYPE_NAME','ORGAN_TYPE','ORGAN_TYPE','Y',NULL,'2015-12-31 11:50:29','2015-12-31 11:50:29',NULL),('T_PERIOD_TYPE','T_PERIOD_TYPE','保障类型','PERIOD_TYPE','L','TYPE_NAME','PERIOD_TYPE','TYPE_NAME','Y',NULL,'2015-12-04 02:32:47','2015-12-04 02:32:47',NULL),('T_PERSON_RELATIONSHIP','T_PERSON_RELATIONSHIP','人群关系表','TYPE','S','NAME','TYPE','TYPE','Y',NULL,'2015-12-31 11:49:18','2015-12-31 11:49:18',NULL),('T_PRODUCT_ATTCH','T_PRODUCT_ATTCH','主附类别','ATTCH_TYPE','S','TYPE_NAME','ATTCH_TYPE','TYPE_NAME','Y',NULL,'2015-12-04 02:25:31','2015-12-04 02:25:31',NULL),('T_PRODUCT_CODE','T_PRODUCT','产品表','PRODUCT_ID','L','PRODUCT_CODE','PRODUCT_CODE','PRODUCT_CODE','N',NULL,'2016-03-15 14:28:51','2016-03-15 14:28:55',NULL),('T_PRODUCT_LINE','T_PRODUCT_LINE','产品线','PROD_LINE_CODE','S','PROD_LINE_NAME',NULL,'PROD_LINE_NAME','Y',NULL,'2015-12-03 10:37:25','2015-12-03 10:37:25',NULL),('T_PRODUCT_NAME','T_PRODUCT','产品表','PRODUCT_ID','L','PRODUCT_NAME','PRODUCT_NAME','PRODUCT_CODE','N',NULL,'2016-03-15 14:28:51','2016-03-15 14:28:55',NULL),('T_PROD_BIZ_CATEGORY','T_PROD_BIZ_CATEGORY','产品业务类型','CATEGORY_ID','S','CATEGORY_NAME','CATEGORY_ID','CATEGORY_NAME','Y',NULL,'2015-12-03 13:06:53','2015-12-03 13:06:53',NULL),('T_PROD_GROUP_CODE','T_PROD_GROUP','产品组合代码','GROUP_ID','L','GROUP_CODE','GROUP_ID','GROUP_ID','N',NULL,'2016-03-16 13:39:43','2016-03-16 13:39:45',NULL),('T_PROD_GROUP_NAME','T_PROD_GROUP','产品组合名称','GROUP_ID','L','GROUP_NAME','GROUP_ID','GROUP_ID','N',NULL,'2016-03-16 11:45:04','2016-03-16 11:45:07',NULL),('T_PROPOSAL_TYPE','T_PROPOSAL_TYPE','投保单类型','TYPE','S','NAME','TYPE','TYPE','Y',NULL,'2015-12-31 11:48:32','2015-12-31 11:48:32',NULL),('T_PWD_ARITHMETIC','T_PWD_ARITHMETIC','密码加密算法表 ','ARITHMETIC_ID','L','NAME','ARITHMETIC_ID','ARITHMETIC_ID','N',NULL,'2016-01-04 19:16:03','2016-01-04 19:16:03',NULL),('T_RULE_NAME','t_conf_rule_template','规则模板','RULE_ID','S','RULE_NAME','RULE_ID','RULE_ID','N',NULL,'2016-04-14 14:47:56','2016-04-14 14:47:58',NULL),('T_SALES_CHANNEL','T_SALES_CHANNEL','销售渠道','CHANNEL_ID','S','CHANNEL_DESC','CHANNEL_ID','CHANNEL_ID','Y',NULL,'2015-12-31 11:46:24','2015-12-31 11:46:24',NULL),('T_SMS_SEND_TYPE','D_CMS_SEND_TYPE','发送类型','CODE','S','NAME','CODE','CODE','Y',NULL,'2016-03-04 11:37:10','2016-03-04 11:37:10',NULL),('T_SMS_TYPE','d_cms_type','消息类型','CODE','S','NAME','CODE','CODE','Y',NULL,'2016-03-04 11:37:10','2016-03-04 11:37:10',NULL),('T_TEMPLATE_TYPE','T_TEMPLATE_TYPE','模板类型','\r\nTEMPLATE_TYPE','S','TYPE_NAME','TEMPLATE_TYPE','TEMPLATE_TYPE','N',NULL,'2015-12-15 16:57:25','2015-12-15 16:57:25',NULL),('T_TITLE','T_TITLE','职称','TITLE_CODE','S','TITLE_NAME',NULL,'TITLE_CODE','Y',NULL,'2016-01-06 14:54:45','2016-01-06 14:54:47',NULL),('T_USER','T_USER','USER_NAME','USER_ID','USER_ID','USER_NAME','USER_ID','USER_ID','N',NULL,'2016-04-05 11:32:55','2016-04-05 11:32:59',NULL),('T_VALUE_TYPE','T_VALUE_TYPE','数值类型字典表','VALUE_TYPE','S','VALUE_TYPE_NAME','VALUE_TYPE','VALUE_TYPE','Y',NULL,'2015-12-09 03:12:12','2015-12-09 03:12:12',NULL),('T_YES_NO','D_YES_NO','是否','CODE','S','NAME','CODE','CODE','Y',NULL,'2015-12-31 11:44:58','2015-12-31 11:44:58',NULL),('d_claim_nature','d_claim_nature','事故原因','CODE','S','NAME','CODE','CODE','Y',NULL,'2016-05-17 12:06:25','2016-05-17 12:06:26',NULL);
/*!40000 ALTER TABLE `t_code` ENABLE KEYS */;
UNLOCK TABLES;

--
-- Table structure for table `t_comp_platform_secu`
--

DROP TABLE IF EXISTS `t_comp_platform_secu`;
/*!40101 SET @saved_cs_client     = @@character_set_client */;
/*!40101 SET character_set_client = utf8 */;
CREATE TABLE `t_comp_platform_secu` (
  `ORGAN_ID` bigint(20) NOT NULL COMMENT '机构id',
  `ARITHMETIC_ID` bigint(20) DEFAULT NULL COMMENT '算法id',
  `ENTERING_DATE` date DEFAULT NULL COMMENT '入驻时间',
  `CONTRACT_DATE` date DEFAULT NULL COMMENT '合同签订日期',
  `SECRET_KEY_FILE` varchar(300) COLLATE utf8_bin DEFAULT NULL COMMENT '密钥地址',
  `SECRET_KEY_DATE` date DEFAULT NULL COMMENT '密钥启用日期',
  `SECRET_KEY_EXPIRY_DATE` date DEFAULT NULL COMMENT '密钥过期日',
  `SECRET_KEY_CHANGE_DATE` date DEFAULT NULL COMMENT '密钥最近更换日期',
  `SECRET_KEY_MAIL` varchar(40) COLLATE utf8_bin DEFAULT NULL COMMENT '密钥接受邮件',
  `SECRET_KEY_PHONE` varchar(30) COLLATE utf8_bin DEFAULT NULL COMMENT '密钥通知电话',
  PRIMARY KEY (`ORGAN_ID`),
  KEY `fk_company_EXTENDS__ARITHMETIC_ID` (`ARITHMETIC_ID`),
  CONSTRAINT `FK_COMPANY_EXTENDS__ORGAN_ID` FOREIGN KEY (`ORGAN_ID`) REFERENCES `t_company_organ` (`organ_id`),
  CONSTRAINT `fk_company_EXTENDS__ARITHMETIC_ID` FOREIGN KEY (`ARITHMETIC_ID`) REFERENCES `t_pwd_arithmetic` (`ARITHMETIC_ID`)
) ENGINE=InnoDB DEFAULT CHARSET=utf8 COLLATE=utf8_bin COMMENT='机构平台属性';
/*!40101 SET character_set_client = @saved_cs_client */;

--
-- Dumping data for table `t_comp_platform_secu`
--

LOCK TABLES `t_comp_platform_secu` WRITE;
/*!40000 ALTER TABLE `t_comp_platform_secu` DISABLE KEYS */;
INSERT INTO `t_comp_platform_secu` VALUES (1,2,'2015-05-01','2015-05-01','url','2015-05-01','2015-05-30',NULL,'handsome@e-tianrong.com','021-9699821'),(400,2,'2015-05-01','2015-05-01','url','2015-05-01','2015-05-30',NULL,'handsome@e-tianrong.com','021-9699821'),(401,2,'2015-05-01','2015-05-01','URL','2015-05-01','2015-05-30',NULL,'JG@E-TIANDON.COM','021-96998001');
/*!40000 ALTER TABLE `t_comp_platform_secu` ENABLE KEYS */;
UNLOCK TABLES;

--
-- Table structure for table `t_comp_platform_secu_his`
--

DROP TABLE IF EXISTS `t_comp_platform_secu_his`;
/*!40101 SET @saved_cs_client     = @@character_set_client */;
/*!40101 SET character_set_client = utf8 */;
CREATE TABLE `t_comp_platform_secu_his` (
  `HISTORY_ID` bigint(20) NOT NULL AUTO_INCREMENT,
  `ORGAN_ID` bigint(20) DEFAULT NULL COMMENT '机构id',
  `ARITHMETIC_ID` bigint(20) DEFAULT NULL COMMENT '算法id',
  `ENTERING_DATE` date DEFAULT NULL COMMENT '入驻时间',
  `CONTRACT_DATE` date DEFAULT NULL COMMENT '合同签订日期',
  `SECRET_KEY_FILE` varchar(300) COLLATE utf8_bin DEFAULT NULL COMMENT '密钥地址',
  `SECRET_KEY_DATE` date DEFAULT NULL COMMENT '密钥启用日期',
  `SECRET_KEY_EXPIRY_DATE` date DEFAULT NULL COMMENT '密钥过期日',
  `SECRET_KEY_CHANGE_DATE` date DEFAULT NULL COMMENT '密钥最近更换日期',
  `SECRET_KEY_MAIL` varchar(40) COLLATE utf8_bin DEFAULT NULL COMMENT '密钥接受邮件',
  `SECRET_KEY_PHONE` varchar(30) COLLATE utf8_bin DEFAULT NULL COMMENT '密钥通知电话',
  PRIMARY KEY (`HISTORY_ID`),
  KEY `FK_COMP_PLATFORM_SECU_HIS__ORG` (`ORGAN_ID`),
  CONSTRAINT `FK_COMP_PLATFORM_SECU_HIS__ORG` FOREIGN KEY (`ORGAN_ID`) REFERENCES `t_comp_platform_secu` (`ORGAN_ID`)
) ENGINE=InnoDB AUTO_INCREMENT=2 DEFAULT CHARSET=utf8 COLLATE=utf8_bin COMMENT='安全属性变更历史';
/*!40101 SET character_set_client = @saved_cs_client */;

--
-- Dumping data for table `t_comp_platform_secu_his`
--

LOCK TABLES `t_comp_platform_secu_his` WRITE;
/*!40000 ALTER TABLE `t_comp_platform_secu_his` DISABLE KEYS */;
INSERT INTO `t_comp_platform_secu_his` VALUES (1,401,2,'2015-05-01','2015-05-01','URL','2015-05-01','2015-05-30',NULL,'JG@E-TIANDON.COM','021-96998001');
/*!40000 ALTER TABLE `t_comp_platform_secu_his` ENABLE KEYS */;
UNLOCK TABLES;

--
-- Table structure for table `t_company_organ`
--

DROP TABLE IF EXISTS `t_company_organ`;
/*!40101 SET @saved_cs_client     = @@character_set_client */;
/*!40101 SET character_set_client = utf8 */;
CREATE TABLE `t_company_organ` (
  `organ_id` bigint(20) NOT NULL AUTO_INCREMENT,
  `ORGAN_CODE` varchar(20) COLLATE utf8_bin DEFAULT NULL,
  `ORGAN_NAME` varchar(100) COLLATE utf8_bin DEFAULT NULL,
  `ABBR_NAME` varchar(100) COLLATE utf8_bin DEFAULT NULL,
  `COMPANY_CODE` varchar(20) COLLATE utf8_bin DEFAULT NULL,
  `ORGAN_TYPE` varchar(2) COLLATE utf8_bin DEFAULT NULL,
  `CLASS_ID` decimal(2,0) NOT NULL,
  `CONFIRMED` char(1) COLLATE utf8_bin DEFAULT NULL,
  `TELEPHONE` varchar(50) COLLATE utf8_bin DEFAULT NULL,
  `EMAIL` varchar(50) COLLATE utf8_bin DEFAULT NULL,
  `FAX` varchar(50) COLLATE utf8_bin DEFAULT NULL,
  `ADDRESS` varchar(200) COLLATE utf8_bin DEFAULT NULL,
  `POST_CODE` varchar(20) COLLATE utf8_bin DEFAULT NULL,
  `CONTACT_PERSON` varchar(20) COLLATE utf8_bin DEFAULT NULL,
  `CONTACT_TEL` varchar(20) COLLATE utf8_bin DEFAULT NULL,
  `DISTRICT_CODE` varchar(15) COLLATE utf8_bin DEFAULT NULL,
  `PARENT_ID` bigint(20) DEFAULT NULL,
  `CAPITAL_TYPE` varchar(10) COLLATE utf8_bin DEFAULT NULL,
  `SALT_SIGN` varchar(512) COLLATE utf8_bin DEFAULT NULL,
  `CREATE_BY` bigint(20) DEFAULT NULL,
  `UPDATE_BY` bigint(20) DEFAULT NULL,
  `INSERT_TIME` datetime NOT NULL DEFAULT CURRENT_TIMESTAMP,
  `UPDATE_TIME` datetime NOT NULL DEFAULT CURRENT_TIMESTAMP,
  PRIMARY KEY (`organ_id`),
  KEY `fk_company_organ__organ_id` (`PARENT_ID`),
  KEY `fk_company_organ__capital_type` (`CAPITAL_TYPE`),
  CONSTRAINT `fk_company_organ__organ_id` FOREIGN KEY (`PARENT_ID`) REFERENCES `t_company_organ` (`organ_id`)
) ENGINE=InnoDB AUTO_INCREMENT=405 DEFAULT CHARSET=utf8 COLLATE=utf8_bin COMMENT='机构';
/*!40101 SET character_set_client = @saved_cs_client */;

--
-- Dumping data for table `t_company_organ`
--

LOCK TABLES `t_company_organ` WRITE;
/*!40000 ALTER TABLE `t_company_organ` DISABLE KEYS */;
INSERT INTO `t_company_organ` VALUES (1,'0001','微保保险','微保保险','310001','1',1,'Y','13800130001','meyer.lu@e-tainrong.com',NULL,'政学路88号5号楼702','200433','Meyer Lu','021-55667788','110000',NULL,'3',NULL,400,400,'2016-05-24 21:55:31','2016-05-24 21:55:31'),(400,'WEIBAO','北京微保金融信息服务有限责任公司','微保金服','310001','1',1,'Y','13800130001','trsh@e-tainrong.com','CIITC','政学路88号5号楼702','200433','TRSH_CONTACTOR','021-55667788','110000',NULL,'3',NULL,NULL,NULL,'2015-08-21 14:46:51','2015-08-21 14:46:51'),(401,'BXGS','保险公司2',NULL,NULL,NULL,1,NULL,NULL,'JG@E-TIANDON.COM',NULL,NULL,NULL,'JACK.GAO','021-96998001',NULL,NULL,NULL,NULL,400,400,'2016-05-29 11:08:13','2016-05-29 11:08:13'),(402,'FOUNDATION','QQQ基金公司','QQQ基金公司','F_0101','2',2,NULL,'021-96998002','QQQ@FOUDATION.COM','','杨浦区政学路666号','','Q','021-96998002','SH',400,'2',NULL,400,400,'2016-05-29 11:17:48','2016-05-29 11:17:48'),(403,'11','abc','','223344','9',3,NULL,'021-89898989','ab@sina.com','','上海市','','cc','021-89898989','上海市',402,'2',NULL,402,402,'2016-06-01 14:10:48','2016-06-01 14:10:48'),(404,'min','min','','0101','9',4,NULL,'021-89898989','ab@qq.com','','上海市','','mm','021-89898989','上海市',403,'5',NULL,402,402,'2016-06-01 14:19:01','2016-06-01 14:19:01');
/*!40000 ALTER TABLE `t_company_organ` ENABLE KEYS */;
UNLOCK TABLES;

--
-- Table structure for table `t_conf_data_input_style`
--

DROP TABLE IF EXISTS `t_conf_data_input_style`;
/*!40101 SET @saved_cs_client     = @@character_set_client */;
/*!40101 SET character_set_client = utf8 */;
CREATE TABLE `t_conf_data_input_style` (
  `INPUT_STYLE` varchar(5) NOT NULL COMMENT '输入域方式    TXT       文本输入  VTXT    大文本输入   DROP   下拉   MDROP 多选下拉   CHCK    CHECKBOX   RADIO 单选框',
  `INPUT_STYLE_NAME` varchar(200) DEFAULT NULL COMMENT '输入域方式解释',
  PRIMARY KEY (`INPUT_STYLE`)
) ENGINE=InnoDB DEFAULT CHARSET=latin1 COMMENT='页面数值输入方式\n';
/*!40101 SET character_set_client = @saved_cs_client */;

--
-- Dumping data for table `t_conf_data_input_style`
--

LOCK TABLES `t_conf_data_input_style` WRITE;
/*!40000 ALTER TABLE `t_conf_data_input_style` DISABLE KEYS */;
/*!40000 ALTER TABLE `t_conf_data_input_style` ENABLE KEYS */;
UNLOCK TABLES;

--
-- Table structure for table `t_conf_dmn_obj_opera_param`
--

DROP TABLE IF EXISTS `t_conf_dmn_obj_opera_param`;
/*!40101 SET @saved_cs_client     = @@character_set_client */;
/*!40101 SET character_set_client = utf8 */;
CREATE TABLE `t_conf_dmn_obj_opera_param` (
  `PARAM_ID` bigint(20) NOT NULL AUTO_INCREMENT COMMENT '属性ID',
  `OPERATION_ID` bigint(20) DEFAULT NULL COMMENT '操作ID',
  `PARAM_NAME` varchar(60) COLLATE utf8_bin DEFAULT NULL COMMENT 'FIELD_NAME',
  `PARAM_NAME_DSL` varchar(60) COLLATE utf8_bin DEFAULT NULL COMMENT '属性别名',
  `PARAM_VALUE_TYPE` char(3) COLLATE utf8_bin DEFAULT NULL COMMENT '属性类型 1 基本类型  2 领域对象',
  `PARAM_TYPE` varchar(30) COLLATE utf8_bin DEFAULT NULL COMMENT '如 String,Date,Timestamp',
  PRIMARY KEY (`PARAM_ID`),
  KEY `fk_conf_param__OBJ` (`OPERATION_ID`),
  CONSTRAINT `fk_conf_param__OBJ` FOREIGN KEY (`OPERATION_ID`) REFERENCES `t_conf_domain_object_opera` (`OPERATION_ID`)
) ENGINE=InnoDB AUTO_INCREMENT=1945 DEFAULT CHARSET=utf8 COLLATE=utf8_bin COMMENT='操作参数';
/*!40101 SET character_set_client = @saved_cs_client */;

--
-- Dumping data for table `t_conf_dmn_obj_opera_param`
--

LOCK TABLES `t_conf_dmn_obj_opera_param` WRITE;
/*!40000 ALTER TABLE `t_conf_dmn_obj_opera_param` DISABLE KEYS */;
INSERT INTO `t_conf_dmn_obj_opera_param` VALUES (1394,444,'arg0','','1','1'),(1395,446,'arg0','','1',NULL),(1396,448,'arg0','','1','5'),(1397,449,'arg0','','1','5'),(1398,451,'arg0','','1',NULL),(1399,453,'arg0','','1','5'),(1400,454,'arg0','','1','1'),(1401,456,'arg0','','1',NULL),(1402,458,'arg0','','1',NULL),(1403,460,'arg0','','1','1'),(1404,462,'arg0','','1','2'),(1405,464,'arg0','','1','2'),(1406,466,'arg0','','1','2'),(1407,468,'arg0','','1','1'),(1408,470,'arg0','','1','1'),(1409,472,'arg0','','1','1'),(1410,474,'arg0','','1',NULL),(1411,476,'arg0','','1','1'),(1412,479,'arg0','','1',NULL),(1413,481,'arg0','','1','1'),(1414,483,'arg0','','1','1'),(1415,485,'arg0','','1','2'),(1416,487,'arg0','','1','2'),(1417,489,'arg0','','1','2'),(1418,491,'arg0','','1','1'),(1419,493,'arg0','','1','1'),(1420,495,'arg0','','1',NULL),(1421,497,'arg0','','1',NULL),(1422,499,'arg0','','1',NULL),(1423,501,'arg0','','1','1'),(1424,503,'arg0','','1',NULL),(1425,507,'arg0','1','1',NULL),(1426,509,'arg0','1','1',NULL),(1427,510,'arg0','1','1',NULL),(1428,511,'arg0','1','1',NULL),(1429,513,'arg0','','1','2'),(1430,513,'arg1','','1',NULL),(1431,514,'arg0','','1',NULL),(1432,515,'arg0','','1',NULL),(1433,516,'arg1','','1',NULL),(1434,516,'arg0','','1',NULL),(1435,518,'arg0','','1','2'),(1436,520,'arg0','','1','1'),(1437,522,'arg0','1','1','1'),(1438,524,'arg0','1','1','1'),(1439,526,'arg0','','1','1'),(1440,528,'arg0','','1','1'),(1441,531,'arg0','','1',NULL),(1442,533,'arg0','','1',NULL),(1443,534,'arg0','','1',NULL),(1444,535,'arg0','','1',NULL),(1445,537,'arg0','','1','2'),(1446,537,'arg1','','1',NULL),(1447,538,'arg0','','1',NULL),(1448,539,'arg0','','1',NULL),(1449,540,'arg1','','1',NULL),(1450,540,'arg0','','1','2'),(1451,542,'arg0','','1','2'),(1452,544,'arg0','','1','1'),(1453,546,'arg0','','1','1'),(1454,548,'arg0','','1','1'),(1455,550,'arg0','','1','1'),(1456,552,'arg0','','1','1'),(1457,554,'arg0','','1','5'),(1458,556,'arg0','','1',NULL),(1459,558,'arg0','','1',NULL),(1460,561,'arg0','','1','1'),(1461,563,'arg0','','1','2'),(1462,565,'arg0','','1','2'),(1463,567,'arg0','','1','2'),(1464,569,'arg0','','1','1'),(1465,571,'arg0','','1','1'),(1466,573,'arg0','','1',NULL),(1467,575,'arg0','','1',NULL),(1468,577,'arg0','','1',NULL),(1469,579,'arg0','','1','1'),(1470,581,'arg0','','1','1'),(1471,582,'arg0','','1','1'),(1472,585,'arg0','','1','1'),(1473,587,'arg0','','1','1'),(1474,589,'arg0','','1',NULL),(1475,591,'arg0','','1',NULL),(1476,593,'arg0','','1','1'),(1477,595,'arg0','','1','1'),(1478,596,'arg0','','1','2'),(1479,599,'arg0','','1','2'),(1480,601,'arg0','','1','2'),(1481,602,'arg0','','1','1'),(1482,605,'arg0','','1','1'),(1483,607,'arg0','','1','1'),(1484,609,'arg0','','1',NULL),(1485,611,'arg0','','1',NULL),(1486,613,'arg0','','1','1'),(1487,615,'arg0','','1','1'),(1488,616,'arg0','','1','2'),(1489,619,'arg0','','1','2'),(1490,621,'arg0','','1','2'),(1491,622,'arg0','','1',NULL),(1492,625,'arg0','','1',NULL),(1493,627,'arg0','','1',NULL),(1494,628,'arg0','','1',NULL),(1495,631,'arg0','','1','2'),(1496,633,'arg0','','1','2'),(1497,635,'arg0','','1','1'),(1498,637,'arg0','','1','1'),(1499,639,'arg0','','1','5'),(1500,640,'arg0','','1','5'),(1501,642,'arg0','','1',NULL),(1502,644,'arg0','','1','1'),(1503,646,'arg0','','1','1'),(1504,648,'arg0','','1','1'),(1505,650,'arg0','','1','1'),(1506,652,'arg0','','1','1'),(1507,654,'arg0','','1','1'),(1508,656,'arg0','','1','1'),(1509,658,'arg0','','1','1'),(1510,660,'arg0','','1','1'),(1511,662,'arg0','','1','1'),(1512,664,'arg0','','1',NULL),(1513,666,'arg0','','1','1'),(1514,668,'arg0','','1','1'),(1515,670,'arg0','','1','1'),(1516,672,'arg0','','1','1'),(1517,674,'arg0','','1','1'),(1518,676,'arg0','','1','1'),(1519,678,'arg0','','1','1'),(1520,680,'arg0','','1','1'),(1521,682,'arg0','','1','1'),(1522,684,'arg0','','1',NULL),(1523,686,'arg0','','1','2'),(1524,688,'arg0','','1','1'),(1525,690,'arg0','','1','1'),(1526,692,'arg0','','1','1'),(1527,694,'arg0','','1','1'),(1528,696,'arg0','','1','1'),(1529,698,'arg0','','1','1'),(1530,699,'arg0','','1','1'),(1531,703,'arg0','','1','1'),(1532,705,'arg0','','1',NULL),(1533,707,'arg0','','1','1'),(1534,709,'arg0','','1','1'),(1535,710,'arg0','','1','2'),(1536,711,'arg0','','1',NULL),(1537,711,'arg1','','1',NULL),(1538,712,'arg0','','1',NULL),(1539,713,'arg0','','1','2'),(1540,713,'arg1','','1',NULL),(1541,715,'arg0','','1','2'),(1542,717,'arg0','','1','1'),(1543,719,'arg0','','1','1'),(1544,721,'arg0','','1','1'),(1545,723,'arg0','','1','1'),(1546,725,'arg0','','1','1'),(1547,727,'arg0','','1',NULL),(1548,728,'arg0','','1','2'),(1549,730,'arg0','','1','2'),(1550,733,'arg0','','1','1'),(1551,735,'arg0','','1',NULL),(1552,737,'arg0','','1','5'),(1553,738,'arg0','','1','5'),(1554,740,'arg0','','1',NULL),(1555,742,'arg0','','1','5'),(1556,744,'arg0','','1','1'),(1557,746,'arg0','','1',NULL),(1558,748,'arg0','','1',NULL),(1559,750,'arg0','','1','1'),(1560,752,'arg0','','1','2'),(1561,754,'arg0','','1','1'),(1562,756,'arg0','','1','1'),(1563,758,'arg0','','1','1'),(1564,760,'arg0','','1',NULL),(1565,762,'arg0','','1','1'),(1566,764,'arg0','','1','5'),(1567,766,'arg0','','1',NULL),(1568,769,'arg0','','1','1'),(1569,771,'arg0','','1',NULL),(1570,773,'arg0','','1',NULL),(1571,775,'arg0','','1','2'),(1572,777,'arg0','','1','2'),(1573,779,'arg0','','1','1'),(1574,781,'arg0','','1','1'),(1575,783,'arg0','','1','5'),(1576,784,'arg0','','1','5'),(1577,786,'arg0','','1',NULL),(1578,788,'arg0','','1','1'),(1579,790,'arg0','','1','1'),(1580,792,'arg0','','1','1'),(1581,794,'arg0','','1','1'),(1582,796,'arg0','','1','1'),(1583,798,'arg0','','1','1'),(1584,800,'arg0','','1','1'),(1585,802,'arg0','','1','1'),(1586,804,'arg0','','1','1'),(1587,806,'arg0','','1','1'),(1588,808,'arg0','','1',NULL),(1589,810,'arg0','','1','1'),(1590,812,'arg0','','1','1'),(1591,814,'arg0','','1','1'),(1592,816,'arg0','','1','1'),(1593,818,'arg0','','1','1'),(1594,820,'arg0','','1','1'),(1595,822,'arg0','','1','1'),(1596,824,'arg0','','1','1'),(1597,826,'arg0','','1','1'),(1598,828,'arg0','','1',NULL),(1599,830,'arg0','','1','2'),(1600,832,'arg0','','1','1'),(1601,834,'arg0','','1','1'),(1602,836,'arg0','','1','1'),(1603,838,'arg0','','1','1'),(1604,840,'arg0','','1','1'),(1605,842,'arg0','','1','1'),(1606,843,'arg0','','1','1'),(1607,847,'arg0','','1','1'),(1608,849,'arg0','','1',NULL),(1609,851,'arg0','','1','1'),(1610,853,'arg0','','1','1'),(1611,854,'arg0','','1','2'),(1612,855,'arg0','','1',NULL),(1613,855,'arg1','','1',NULL),(1614,856,'arg0','','1',NULL),(1615,857,'arg0','','1','2'),(1616,857,'arg1','','1',NULL),(1617,859,'arg0','','1','2'),(1618,861,'arg0','','1','1'),(1619,863,'arg0','','1','1'),(1620,865,'arg0','','1','1'),(1621,867,'arg0','','1','1'),(1622,869,'arg0','','1','1'),(1623,871,'arg0','','1','1'),(1624,872,'arg0','','1','2'),(1625,874,'arg0','','1','2'),(1626,877,'arg0','','1','1'),(1627,879,'arg0','','1',NULL),(1628,881,'arg0','','1','5'),(1629,882,'arg0','','1','5'),(1630,884,'arg0','','1',NULL),(1631,886,'arg0','','1','5'),(1632,888,'arg0','','1','1'),(1633,890,'arg0','','1',NULL),(1634,892,'arg0','','1',NULL),(1635,894,'arg0','','1','1'),(1636,896,'arg0','','1','2'),(1637,898,'arg0','','1','1'),(1638,900,'arg0','','1','1'),(1639,902,'arg0','','1','1'),(1640,904,'arg0','','1',NULL),(1641,906,'arg0','','1','1'),(1642,908,'arg0','','1','5'),(1643,911,'arg0','','1','1'),(1644,913,'arg0','','1',NULL),(1645,915,'arg0','','1','1'),(1646,917,'arg0','','1','2'),(1647,919,'arg0','','1','1'),(1648,921,'arg0','','1','1'),(1649,923,'arg0','','1',NULL),(1650,925,'arg0','','1',NULL),(1651,927,'arg0','','1','1'),(1652,929,'arg0','','1','1'),(1653,931,'arg0','','1','1'),(1654,933,'arg0','1','1','2'),(1655,935,'arg0','1','1','2'),(1656,937,'arg0','1','1','1'),(1657,939,'arg0','1','1','1'),(1658,941,'arg0','1','1','5'),(1659,942,'arg0','1','1','5'),(1660,944,'arg0','1','1',NULL),(1661,946,'arg0','1','1','1'),(1662,948,'arg0','1','1','1'),(1663,950,'arg0','1','1','1'),(1664,952,'arg0','1','1','1'),(1665,954,'arg0','1','1','1'),(1666,956,'arg0','1','1','1'),(1667,958,'arg0','1','1','1'),(1668,960,'arg0','1','1','1'),(1669,962,'arg0','1','1',NULL),(1670,964,'arg0','1','1','1'),(1671,966,'arg0','1','1','1'),(1672,968,'arg0','1','1','1'),(1673,970,'arg0','1','1','1'),(1674,972,'arg0','1','1','1'),(1675,974,'arg0','1','1','1'),(1676,976,'arg0','1','1','1'),(1677,978,'arg0','1','1','1'),(1678,980,'arg0','1','1','1'),(1679,982,'arg0','1','1',NULL),(1680,984,'arg0','1','1','2'),(1681,986,'arg0','1','1','1'),(1682,988,'arg0','1','1','1'),(1683,990,'arg0','1','1','1'),(1684,992,'arg0','1','1','1'),(1685,994,'arg0','1','1','1'),(1686,996,'arg0','1','1','1'),(1687,997,'arg0','1','1','1'),(1688,1001,'arg0','','1','1'),(1689,1003,'arg0','','1',NULL),(1690,1005,'arg0','','1','1'),(1691,1007,'arg0','','1','1'),(1692,1009,'arg0','','1',NULL),(1693,1011,'arg0','','1','1'),(1694,1013,'arg0','','1',NULL),(1695,1015,'arg0','','1','5'),(1696,1016,'arg0','','1','5'),(1697,1018,'arg0','','1',NULL),(1698,1020,'arg0','','1','5'),(1699,1022,'arg0','','1','1'),(1700,1024,'arg0','','1',NULL),(1701,1026,'arg0','','1',NULL),(1702,1028,'arg0','','1','1'),(1703,1030,'arg0','','1','2'),(1704,1032,'arg0','','1','1'),(1705,1034,'arg0','','1','1'),(1706,1036,'arg0','','1','1'),(1707,1038,'arg0','','1',NULL),(1708,1040,'arg0','','1','1'),(1709,1042,'arg0','','1','5'),(1710,1044,'arg0','','1',NULL),(1711,1046,'arg0','','1','1'),(1712,1048,'arg0','','1','1'),(1713,1050,'arg0','','1','2'),(1714,1052,'arg0','','1','1'),(1715,1054,'arg0','','1','1'),(1716,1056,'arg0','','1',NULL),(1717,1058,'arg0','','1',NULL),(1718,1060,'arg0','','1','1'),(1719,1063,'arg0','','1','2'),(1720,1065,'arg0','','1','2'),(1721,1067,'arg0','','1',NULL),(1722,1069,'arg0','','1',NULL),(1723,1071,'arg0','','1',NULL),(1724,1072,'arg0','','1',NULL),(1725,1075,'arg0','','1','2'),(1726,1077,'arg0','','1','2'),(1727,1079,'arg0','','1','1'),(1728,1081,'arg0','','1','1'),(1729,1083,'arg0','','1','5'),(1730,1084,'arg0','','1','5'),(1731,1086,'arg0','','1',NULL),(1732,1088,'arg0','','1','1'),(1733,1090,'arg0','','1','1'),(1734,1092,'arg0','','1','1'),(1735,1094,'arg0','','1','1'),(1736,1096,'arg0','','1','1'),(1737,1098,'arg0','','1','1'),(1738,1100,'arg0','','1','1'),(1739,1102,'arg0','','1','1'),(1740,1104,'arg0','','1','1'),(1741,1106,'arg0','','1','1'),(1742,1108,'arg0','','1',NULL),(1743,1110,'arg0','','1','1'),(1744,1112,'arg0','','1','1'),(1745,1114,'arg0','','1','1'),(1746,1116,'arg0','','1','1'),(1747,1118,'arg0','','1','1'),(1748,1120,'arg0','','1','1'),(1749,1122,'arg0','','1','1'),(1750,1124,'arg0','','1','1'),(1751,1126,'arg0','','1','1'),(1752,1128,'arg0','','1',NULL),(1753,1130,'arg0','','1','2'),(1754,1132,'arg0','','1','1'),(1755,1134,'arg0','','1','1'),(1756,1136,'arg0','','1','1'),(1757,1138,'arg0','','1','1'),(1758,1140,'arg0','','1','1'),(1759,1142,'arg0','','1','1'),(1760,1143,'arg0','','1','1'),(1761,1147,'arg0','','1','1'),(1762,1149,'arg0','','1',NULL),(1763,1151,'arg0','','1','1'),(1764,1153,'arg0','','1','1'),(1765,1154,'arg0','','1','2'),(1766,1155,'arg0','','1',NULL),(1767,1155,'arg1','','1',NULL),(1768,1156,'arg0','','1',NULL),(1769,1157,'arg0','','1','2'),(1770,1157,'arg1','','1',NULL),(1771,1159,'arg0','','1','2'),(1772,1161,'arg0','','1','1'),(1773,1163,'arg0','','1','1'),(1774,1165,'arg0','','1','1'),(1775,1167,'arg0','','1','1'),(1776,1169,'arg0','','1','1'),(1777,1171,'arg0','','1',NULL),(1778,1173,'arg0','','1',NULL),(1779,1175,'arg0','','1',NULL),(1780,1176,'arg0','','1',NULL),(1781,1179,'arg0','','1','2'),(1782,1181,'arg0','','1','2'),(1783,1183,'arg0','','1','1'),(1784,1185,'arg0','','1','1'),(1785,1187,'arg0','','1','5'),(1786,1188,'arg0','','1','5'),(1787,1190,'arg0','','1',NULL),(1788,1192,'arg0','','1','1'),(1789,1194,'arg0','','1','1'),(1790,1196,'arg0','','1','1'),(1791,1198,'arg0','','1','1'),(1792,1200,'arg0','','1','1'),(1793,1202,'arg0','','1','1'),(1794,1204,'arg0','','1','1'),(1795,1206,'arg0','','1','1'),(1796,1208,'arg0','','1','1'),(1797,1210,'arg0','','1','1'),(1798,1212,'arg0','','1',NULL),(1799,1214,'arg0','','1','1'),(1800,1216,'arg0','','1','1'),(1801,1218,'arg0','','1','1'),(1802,1220,'arg0','','1','1'),(1803,1222,'arg0','','1','1'),(1804,1224,'arg0','','1','1'),(1805,1226,'arg0','','1','1'),(1806,1228,'arg0','','1','1'),(1807,1230,'arg0','','1','1'),(1808,1232,'arg0','','1',NULL),(1809,1234,'arg0','','1','2'),(1810,1236,'arg0','','1','1'),(1811,1238,'arg0','','1','1'),(1812,1240,'arg0','','1','1'),(1813,1242,'arg0','','1','1'),(1814,1244,'arg0','','1','1'),(1815,1246,'arg0','','1','1'),(1816,1247,'arg0','','1','1'),(1817,1251,'arg0','','1','1'),(1818,1253,'arg0','','1',NULL),(1819,1255,'arg0','','1','1'),(1820,1257,'arg0','','1','1'),(1821,1258,'arg0','','1','2'),(1822,1259,'arg0','','1',NULL),(1823,1259,'arg1','','1',NULL),(1824,1260,'arg0','','1',NULL),(1825,1261,'arg0','','1','2'),(1826,1261,'arg1','','1',NULL),(1827,1263,'arg0','','1','2'),(1828,1265,'arg0','','1','1'),(1829,1267,'arg0','','1','1'),(1830,1269,'arg0','','1','1'),(1831,1271,'arg0','','1','1'),(1832,1273,'arg0','','1','1'),(1833,1275,'arg0','','1',NULL),(1834,1277,'arg0','','1',NULL),(1835,1279,'arg0','','1',NULL),(1836,1280,'arg0','','1',NULL),(1837,1283,'arg0','','1','2'),(1838,1285,'arg0','','1','2'),(1839,1287,'arg0','','1','1'),(1840,1289,'arg0','','1','1'),(1841,1291,'arg0','','1','5'),(1842,1292,'arg0','','1','5'),(1843,1294,'arg0','','1',NULL),(1844,1296,'arg0','','1','1'),(1845,1298,'arg0','','1','1'),(1846,1300,'arg0','','1','1'),(1847,1302,'arg0','','1','1'),(1848,1304,'arg0','','1','1'),(1849,1306,'arg0','','1','1'),(1850,1308,'arg0','','1','1'),(1851,1310,'arg0','','1','1'),(1852,1312,'arg0','','1','1'),(1853,1314,'arg0','','1','1'),(1854,1316,'arg0','','1',NULL),(1855,1318,'arg0','','1','1'),(1856,1320,'arg0','','1','1'),(1857,1322,'arg0','','1','1'),(1858,1324,'arg0','','1','1'),(1859,1326,'arg0','','1','1'),(1860,1328,'arg0','','1','1'),(1861,1330,'arg0','','1','1'),(1862,1332,'arg0','','1','1'),(1863,1334,'arg0','','1','1'),(1864,1336,'arg0','','1',NULL),(1865,1338,'arg0','','1','2'),(1866,1340,'arg0','','1','1'),(1867,1342,'arg0','','1','1'),(1868,1344,'arg0','','1','1'),(1869,1346,'arg0','','1','1'),(1870,1348,'arg0','','1','1'),(1871,1350,'arg0','','1','1'),(1872,1351,'arg0','','1','1'),(1873,1355,'arg0','','1','1'),(1874,1357,'arg0','','1',NULL),(1875,1359,'arg0','','1','1'),(1876,1361,'arg0','','1','1'),(1877,1362,'arg0','','1','2'),(1878,1363,'arg0','','1',NULL),(1879,1363,'arg1','','1',NULL),(1880,1364,'arg0','','1',NULL),(1881,1365,'arg0','','1','2'),(1882,1365,'arg1','','1',NULL),(1883,1367,'arg0','','1','2'),(1884,1369,'arg0','','1','1'),(1885,1371,'arg0','','1','1'),(1886,1373,'arg0','','1','1'),(1887,1375,'arg0','','1','1'),(1888,1377,'arg0','','1','1'),(1889,1379,'arg0','','1',NULL),(1890,1381,'arg0','','1',NULL),(1891,1383,'arg0','','1',NULL),(1892,1384,'arg0','','1',NULL),(1893,1386,'arg0','','1','2'),(1894,1387,'arg0','','1','1'),(1895,1389,'arg0','','1','1'),(1896,1391,'arg0','','1','5'),(1897,1392,'arg0','','1','5'),(1898,1394,'arg0','','1',NULL),(1899,1396,'arg0','','1','1'),(1900,1398,'arg0','','1','1'),(1901,1400,'arg0','','1','1'),(1902,1402,'arg0','','1','1'),(1903,1404,'arg0','','1','1'),(1904,1406,'arg0','','1','1'),(1905,1408,'arg0','','1','1'),(1906,1410,'arg0','','1','1'),(1907,1412,'arg0','','1','1'),(1908,1414,'arg0','','1','1'),(1909,1416,'arg0','','1',NULL),(1910,1418,'arg0','','1','1'),(1911,1420,'arg0','','1','1'),(1912,1422,'arg0','','1','1'),(1913,1424,'arg0','','1','1'),(1914,1426,'arg0','','1','1'),(1915,1428,'arg0','','1','1'),(1916,1430,'arg0','','1','1'),(1917,1432,'arg0','','1','1'),(1918,1434,'arg0','','1','1'),(1919,1436,'arg0','','1',NULL),(1920,1438,'arg0','','1','2'),(1921,1440,'arg0','','1','1'),(1922,1442,'arg0','','1','1'),(1923,1444,'arg0','','1','1'),(1924,1446,'arg0','','1','1'),(1925,1448,'arg0','','1','1'),(1926,1450,'arg0','','1','1'),(1927,1452,'arg0','','1','2'),(1928,1455,'arg0','','1','1'),(1929,1459,'arg0','','1','1'),(1930,1461,'arg0','','1',NULL),(1931,1463,'arg0','','1','1'),(1932,1465,'arg0','','1','1'),(1933,1466,'arg0','','1','2'),(1934,1467,'arg0','','1',NULL),(1935,1467,'arg1','','1',NULL),(1936,1468,'arg0','','1','2'),(1937,1468,'arg1','','1',NULL),(1938,1469,'arg0','','1',NULL),(1939,1470,'arg0','','1','2'),(1940,1472,'arg0','','1','1'),(1941,1474,'arg0','','1','1'),(1942,1476,'arg0','','1','1'),(1943,1479,'arg0','','1','1'),(1944,1481,'arg0','','1','1');
/*!40000 ALTER TABLE `t_conf_dmn_obj_opera_param` ENABLE KEYS */;
UNLOCK TABLES;

--
-- Table structure for table `t_conf_domain`
--

DROP TABLE IF EXISTS `t_conf_domain`;
/*!40101 SET @saved_cs_client     = @@character_set_client */;
/*!40101 SET character_set_client = utf8 */;
CREATE TABLE `t_conf_domain` (
  `DOMAIN_CODE` varchar(20) COLLATE utf8_bin NOT NULL COMMENT '领域CODE',
  `DOMAIN_NAME` varchar(300) COLLATE utf8_bin DEFAULT NULL COMMENT '领域名称',
  `DOMAIN_DESC` varchar(300) COLLATE utf8_bin DEFAULT NULL COMMENT '领域描述',
  `ENCYCLOP_LINK` varchar(300) COLLATE utf8_bin DEFAULT NULL COMMENT '百科地址',
  PRIMARY KEY (`DOMAIN_CODE`)
) ENGINE=InnoDB DEFAULT CHARSET=utf8 COLLATE=utf8_bin COMMENT='领域';
/*!40101 SET character_set_client = @saved_cs_client */;

--
-- Dumping data for table `t_conf_domain`
--

LOCK TABLES `t_conf_domain` WRITE;
/*!40000 ALTER TABLE `t_conf_domain` DISABLE KEYS */;
INSERT INTO `t_conf_domain` VALUES ('CLM','理赔','理赔',NULL),('CS','保全','理赔',NULL),('NB','新契约','新契约',NULL),('RISK','风险保额','风险保额计算',NULL),('UW','核保','核保',NULL);
/*!40000 ALTER TABLE `t_conf_domain` ENABLE KEYS */;
UNLOCK TABLES;

--
-- Table structure for table `t_conf_domain_object`
--

DROP TABLE IF EXISTS `t_conf_domain_object`;
/*!40101 SET @saved_cs_client     = @@character_set_client */;
/*!40101 SET character_set_client = utf8 */;
CREATE TABLE `t_conf_domain_object` (
  `DOMAIN_OBJECT_CODE` varchar(20) COLLATE utf8_bin NOT NULL COMMENT '领域对象CODE',
  `DOMAIN_OBJECT_NAME` varchar(150) COLLATE utf8_bin DEFAULT NULL COMMENT '领域对象名称',
  `DOMAIN_CODE` varchar(20) COLLATE utf8_bin NOT NULL COMMENT '领域CODE',
  `JAVA_CLASS_NAME` varchar(150) COLLATE utf8_bin NOT NULL COMMENT '领域对象Java类',
  `DEPRECATED_YN` char(1) COLLATE utf8_bin DEFAULT NULL COMMENT '是否停用',
  `LAST_UPDATE_ID` decimal(10,0) DEFAULT NULL COMMENT '更新人',
  `LAST_UPDATE_TIME` datetime DEFAULT CURRENT_TIMESTAMP COMMENT '更新时间',
  PRIMARY KEY (`DOMAIN_OBJECT_CODE`),
  KEY `FK_CONF_DOMAIN_OBJECT__DOMAIN` (`DOMAIN_CODE`),
  CONSTRAINT `FK_CONF_DOMAIN_OBJECT__DOMAIN` FOREIGN KEY (`DOMAIN_CODE`) REFERENCES `t_conf_domain` (`DOMAIN_CODE`)
) ENGINE=InnoDB DEFAULT CHARSET=utf8 COLLATE=utf8_bin COMMENT='领域对象';
/*!40101 SET character_set_client = @saved_cs_client */;

--
-- Dumping data for table `t_conf_domain_object`
--

LOCK TABLES `t_conf_domain_object` WRITE;
/*!40000 ALTER TABLE `t_conf_domain_object` DISABLE KEYS */;
INSERT INTO `t_conf_domain_object` VALUES ('1','1','CS','com.ins.core.model.newbiz.ProposalHolder','N',NULL,NULL),('CLM_LY_004','理赔险种信息','CLM','com.ins.core.model.newbiz.ProposalCoverage','Y',NULL,NULL),('Cccc','投保单','NB','com.ins.core.model.newbiz.ProposalPolicy','Y',NULL,NULL),('Holder','投保人','NB','com.ins.core.model.newbiz.ProposalHolder','Y',NULL,NULL),('Policy','投保人','NB','com.ins.core.model.newbiz.ProposalPolicy','Y',NULL,'2016-02-26 11:33:53'),('aa','aa','CS','com.ins.core.model.newbiz.ProposalHolder','N',NULL,NULL),('alan001','alan001','CLM','com.ins.core.model.newbiz.ProposalCoverage','N',NULL,NULL),('alan002','alan002','CLM','com.ins.core.model.newbiz.ProposalPolicy','Y',NULL,'2016-04-05 12:07:31'),('bb','bb','CS','com.ins.core.model.newbiz.ProposalHolder','N',NULL,'2016-04-06 10:22:19'),('nbCoverage','投保险种','NB','com.ins.core.model.newbiz.ProposalCoverage','N',NULL,NULL),('nbHolder','投保人','NB','com.ins.core.model.newbiz.ProposalHolder','N',NULL,NULL),('nbInsured','被保险人','NB','com.ins.core.model.newbiz.ProposalInsured','N',NULL,'2016-02-26 11:37:02'),('nbPolicy','投保单','NB','com.ins.core.model.newbiz.ProposalPolicy','N',NULL,NULL),('nbproposalPolicy','新契约投保单','NB','com.ins.core.model.newbiz.ProposalPolicy','Y',NULL,'2015-12-11 17:32:18'),('nbproposalcoverage','投保单险种','NB','com.ins.core.model.newbiz.ProposalCoverage','Y',NULL,NULL),('proposal','投保单险种','NB','com.ins.core.model.newbiz.ProposalBeneficiary','Y',NULL,'2015-12-11 16:00:49'),('proposalBeneficiary','投保单受益人','NB','com.ins.core.model.newbiz.ProposalBeneficiary','Y',NULL,'2015-12-11 15:54:57'),('ss','ss001','RISK','com.ins.core.model.newposalInsured','Y',NULL,NULL),('ss001','test','CLM','com.ins.core.model.newbiz.ProposalHolder','N',NULL,'2016-04-25 17:09:09'),('test001','test001','CLM','com.ins.core.model.newbiz.ProposalHolder','N',NULL,NULL),('test002','test002','RISK','com.ins.core.moposaPolicy','Y',NULL,NULL),('test003','测试003','RISK','com.ins.core.model.newbiz.ProposalHolder','N',NULL,NULL),('理赔001','出险人','CLM','com.ins.core.model.newbiz.ProposalCoverage','Y',NULL,NULL);
/*!40000 ALTER TABLE `t_conf_domain_object` ENABLE KEYS */;
UNLOCK TABLES;

--
-- Table structure for table `t_conf_domain_object_field`
--

DROP TABLE IF EXISTS `t_conf_domain_object_field`;
/*!40101 SET @saved_cs_client     = @@character_set_client */;
/*!40101 SET character_set_client = utf8 */;
CREATE TABLE `t_conf_domain_object_field` (
  `FIELD_ID` bigint(20) NOT NULL AUTO_INCREMENT COMMENT '属性ID',
  `FIELD_NAME` varchar(60) COLLATE utf8_bin DEFAULT NULL COMMENT 'FIELD_NAME',
  `FIELD_NAME_DSL` varchar(60) COLLATE utf8_bin DEFAULT NULL COMMENT '属性别名',
  `DOMAIN_OBJECT_CODE` varchar(20) COLLATE utf8_bin DEFAULT NULL COMMENT '领域对象CODE',
  `FIELD_VALUE_TYPE` char(3) COLLATE utf8_bin DEFAULT NULL COMMENT '属性类型 1 基本类型  2 领域对象',
  `FIELD_TYPE` varchar(30) COLLATE utf8_bin DEFAULT NULL COMMENT '如 String,Date,Timestamp',
  PRIMARY KEY (`FIELD_ID`),
  KEY `FK_DOMAIN_OBJECT_FIELD__OBJECT` (`DOMAIN_OBJECT_CODE`),
  CONSTRAINT `FK_DOMAIN_OBJECT_FIELD__OBJECT` FOREIGN KEY (`DOMAIN_OBJECT_CODE`) REFERENCES `t_conf_domain_object` (`DOMAIN_OBJECT_CODE`)
) ENGINE=InnoDB AUTO_INCREMENT=695 DEFAULT CHARSET=utf8 COLLATE=utf8_bin COMMENT='领域对象属性';
/*!40101 SET character_set_client = @saved_cs_client */;

--
-- Dumping data for table `t_conf_domain_object_field`
--

LOCK TABLES `t_conf_domain_object_field` WRITE;
/*!40000 ALTER TABLE `t_conf_domain_object_field` DISABLE KEYS */;
INSERT INTO `t_conf_domain_object_field` VALUES (2,'mobile','手机','Holder','1','1'),(3,'serialVersionUID','序列号','Holder','1','1'),(4,'CALC_TYPE__AGES','age','Holder','1',NULL),(5,'CALC_TYPE__DAYS','day','Holder','1',NULL),(6,'name','姓名','Holder','1','1'),(7,'gender','性别','Holder','1','1'),(8,'birthday','生日','Holder','1','2'),(9,'jobCode','职业代码','Holder','1','1'),(10,'smoking','是否抽烟','Holder','1','1'),(11,'nationality','国籍','Holder','1','1'),(12,'serialVersionUID','序列号','Cccc','1','long'),(13,'policyNo','保单号','Cccc','1','1'),(14,'policyType','保单类型','Cccc','1','1'),(15,'applicationDate','投保日期','Cccc','1','2'),(16,'effectiveDate','生效日','Cccc','1','2'),(17,'expireDate','到期日','Cccc','1','2'),(18,'provinceArea','省份','Cccc','1','1'),(19,'salesChannel','销售渠道','Cccc','1','1'),(20,'salesArea','销售地区','Cccc','1','1'),(21,'scenarioId','场景id','Cccc','1','4'),(22,'policySource','保单来源','Cccc','1','1'),(23,'policyHolder','投保人','Cccc','1',NULL),(24,'insuredList','被保人列表','Cccc','1',NULL),(25,'coverageList','险种列表','Cccc','1',NULL),(26,'beneType','受益人类型','proposalBeneficiary','1','String'),(27,'name','姓名','proposalBeneficiary','1','String'),(28,'gender','性别','proposalBeneficiary','1','String'),(29,'birthday','生日','proposalBeneficiary','1','Date'),(30,'certiType','证件类型','proposalBeneficiary','1','String'),(31,'certiNo','证件号码','proposalBeneficiary','1','String'),(32,'nationality','国籍','proposalBeneficiary','1','String'),(33,'relationToPI','和投保人关系','proposalBeneficiary','1','String'),(34,'priority','顺位','proposalBeneficiary','1','BigDecimal'),(35,'beneType','','proposal','1','String'),(36,'name','','proposal','1','String'),(37,'gender','','proposal','1','String'),(38,'birthday','','proposal','1','Date'),(39,'certiType','','proposal','1','String'),(40,'certiNo','','proposal','1','String'),(41,'nationality','','proposal','1','String'),(42,'relationToPI','','proposal','1','String'),(43,'priority','','proposal','1','BigDecimal'),(44,'applicationDate','投保日','nbproposalcoverage','1','2'),(45,'effectiveDate','生效日','nbproposalcoverage','1','2'),(46,'expireDate','到期日','nbproposalcoverage','1','2'),(47,'mainRider','主附险标志','nbproposalcoverage','1','1'),(48,'chargeMode','缴费频率','nbproposalcoverage','1','1'),(49,'chargePeriod','缴费期','nbproposalcoverage','1','4'),(50,'coveragePeriod','保障年期','nbproposalcoverage','1','4'),(51,'phAge','投保年龄','nbproposalcoverage','1','4'),(52,'sumAssured','保额','nbproposalcoverage','1','5'),(53,'initialPremium','保费','nbproposalcoverage','1','5'),(54,'liabilityStatus','状态','nbproposalcoverage','1','1'),(55,'policyNo','投保单号','nbproposalPolicy','1','String'),(56,'policyType','保单类型','nbproposalPolicy','1','String'),(57,'applicationDate','投保日期','nbproposalPolicy','1','Date'),(58,'effectiveDate','生效日','nbproposalPolicy','1','Date'),(59,'expireDate','失效日','nbproposalPolicy','1','Date'),(60,'provinceArea','省份','nbproposalPolicy','1','String'),(61,'salesChannel','销售渠道','nbproposalPolicy','1','String'),(62,'salesArea','销售地区','nbproposalPolicy','1','String'),(63,'scenarioId','场景','nbproposalPolicy','1','int'),(64,'policySource','保单来源','nbproposalPolicy','1','String'),(65,'policyHolder','投保人','nbproposalPolicy','1','ProposalHolder'),(66,'insuredList','','nbproposalPolicy','1','List'),(67,'coverageList','','nbproposalPolicy','1','List'),(69,'effectiveDate','生效日','理赔001','1','Date'),(70,'expireDate','失效日','理赔001','1','Date'),(71,'mainRider','mainRider','理赔001','1','String'),(72,'chargeMode','chargeMode','理赔001','1','String'),(73,'chargePeriod','chargePeriod','理赔001','1','int'),(74,'coveragePeriod',' coveragePeriod','理赔001','1','int'),(75,'phAge','phAge','理赔001','1','int'),(76,'sumAssured','sumAssured','理赔001','1','BigDecimal'),(77,'initialPremium','initialPremium','理赔001','1','BigDecimal'),(78,'liabilityStatus','liabilityStatus','理赔001','1','String'),(79,'applicationDate','22','CLM_LY_004','1','2'),(80,'effectiveDate','','CLM_LY_004','1','2'),(81,'expireDate','','CLM_LY_004','1','2'),(82,'mainRider','','CLM_LY_004','1','1'),(83,'chargeMode','','CLM_LY_004','1','1'),(84,'chargePeriod','','CLM_LY_004','1','4'),(85,'coveragePeriod','','CLM_LY_004','1','4'),(86,'phAge','','CLM_LY_004','1','4'),(87,'sumAssured','保额','CLM_LY_004','1','5'),(88,'initialPremium','','CLM_LY_004','1','5'),(89,'liabilityStatus','','CLM_LY_004','1','1'),(90,'policyType','投保单类型','Policy','1','1'),(91,'applicationDate','生效日期','Policy','1','2'),(92,'effectiveDate','','Policy','1','2'),(93,'expireDate','','Policy','1','2'),(94,'salesChannel','','Policy','1','1'),(95,'salesArea','','Policy','1','1'),(96,'policyChannel','','Policy','1','1'),(97,'policyHolder','','Policy','1',NULL),(98,'insuredList','','Policy','1',NULL),(99,'coverageList','','Policy','1',NULL),(100,'proposalId','','nbInsured','1','1'),(101,'relationToHolder','','nbInsured','1','1'),(102,'customerId','','nbInsured','1',NULL),(103,'name','','nbInsured','1','1'),(104,'gender','','nbInsured','1','1'),(105,'birthday','','nbInsured','1','2'),(106,'certiType','','nbInsured','1','1'),(107,'certiCode','','nbInsured','1','1'),(108,'certiValidStartDate','','nbInsured','1','2'),(109,'certiValidEndDate','','nbInsured','1','2'),(110,'marriageId','','nbInsured','1','1'),(111,'educationId','','nbInsured','1','1'),(112,'height','','nbInsured','1','5'),(113,'weight','','nbInsured','1','5'),(114,'income','','nbInsured','1',NULL),(115,'nationality','','nbInsured','1','1'),(116,'companyName','','nbInsured','1','1'),(117,'jobName','','nbInsured','1','1'),(118,'industryId','','nbInsured','1','1'),(119,'jobCateId','','nbInsured','1','1'),(120,'companyKind','','nbInsured','1','1'),(121,'academicTitle','','nbInsured','1','1'),(122,'smoking','','nbInsured','1','1'),(123,'socialSecurityNumber','','nbInsured','1','1'),(124,'isRetired','','nbInsured','1','1'),(125,'level','','nbInsured','1','1'),(126,'addressId','','nbInsured','1',NULL),(127,'mobile','','nbInsured','1','1'),(128,'officeTel','','nbInsured','1','1'),(129,'homeTel','','nbInsured','1','1'),(130,'fax','','nbInsured','1','1'),(131,'firstName','','nbInsured','1','1'),(132,'midName','','nbInsured','1','1'),(133,'lastName','','nbInsured','1','1'),(134,'aliasName','','nbInsured','1','1'),(135,'religionCode','','nbInsured','1','1'),(136,'childCount','','nbInsured','1',NULL),(137,'status','','nbInsured','1','1'),(138,'deathDate','','nbInsured','1','2'),(139,'email1','','nbInsured','1','1'),(140,'email2','','nbInsured','1','1'),(141,'qq','','nbInsured','1','1'),(142,'weixin','','nbInsured','1','1'),(143,'weibo','','nbInsured','1','1'),(144,'web','','nbInsured','1','1'),(145,'insertTime','','nbInsured','1','2'),(146,'updateTime','','nbInsured','1','2'),(147,'insertBy','','nbInsured','1',NULL),(148,'updateBy','','nbInsured','1',NULL),(149,'policyType','投保单类型','nbPolicy','1','1'),(150,'applicationDate','','nbPolicy','1','2'),(151,'effectiveDate','','nbPolicy','1','2'),(152,'expireDate','','nbPolicy','1','2'),(153,'salesChannel','','nbPolicy','1','1'),(154,'salesArea','','nbPolicy','1','1'),(155,'policyChannel','','nbPolicy','1','1'),(156,'policyHolder','','nbPolicy','1',NULL),(157,'insuredList','','nbPolicy','1',NULL),(158,'coverageList','','nbPolicy','1',NULL),(159,'customerId','','nbHolder','1',NULL),(160,'name','','nbHolder','1','1'),(161,'gender','','nbHolder','1','1'),(162,'birthday','','nbHolder','1','2'),(163,'certiType','','nbHolder','1','1'),(164,'certiCode','','nbHolder','1','1'),(165,'certiValidStartDate','','nbHolder','1','2'),(166,'certiValidEndDate','','nbHolder','1','2'),(167,'marriageId','','nbHolder','1','1'),(168,'educationId','','nbHolder','1','1'),(169,'height','','nbHolder','1','5'),(170,'weight','','nbHolder','1','5'),(171,'income','','nbHolder','1',NULL),(172,'nationality','','nbHolder','1','1'),(173,'companyName','','nbHolder','1','1'),(174,'jobName','','nbHolder','1','1'),(175,'industryId','','nbHolder','1','1'),(176,'jobCateId','','nbHolder','1','1'),(177,'companyKind','','nbHolder','1','1'),(178,'academicTitle','','nbHolder','1','1'),(179,'smoking','','nbHolder','1','1'),(180,'socialSecurityNumber','','nbHolder','1','1'),(181,'isRetired','','nbHolder','1','1'),(182,'level','','nbHolder','1','1'),(183,'addressId','','nbHolder','1',NULL),(184,'mobile','','nbHolder','1','1'),(185,'officeTel','','nbHolder','1','1'),(186,'homeTel','','nbHolder','1','1'),(187,'fax','','nbHolder','1','1'),(188,'firstName','','nbHolder','1','1'),(189,'midName','','nbHolder','1','1'),(190,'lastName','','nbHolder','1','1'),(191,'aliasName','','nbHolder','1','1'),(192,'religionCode','','nbHolder','1','1'),(193,'childCount','','nbHolder','1',NULL),(194,'status','','nbHolder','1','1'),(195,'deathDate','','nbHolder','1','2'),(196,'email1','','nbHolder','1','1'),(197,'email2','','nbHolder','1','1'),(198,'qq','','nbHolder','1','1'),(199,'weixin','','nbHolder','1','1'),(200,'weibo','','nbHolder','1','1'),(201,'web','','nbHolder','1','1'),(202,'insertTime','','nbHolder','1','2'),(203,'updateTime','','nbHolder','1','2'),(204,'insertBy','','nbHolder','1',NULL),(205,'updateBy','','nbHolder','1',NULL),(206,'itemId','险种ID','nbCoverage','1','1'),(207,'listOrder','','nbCoverage','1',NULL),(208,'sumAssured','保额','nbCoverage','1','5'),(209,'units','投保份数','nbCoverage','1','5'),(210,'benefitLevel','','nbCoverage','1',NULL),(211,'periodPrem','','nbCoverage','1','5'),(212,'coverPeriodType','','nbCoverage','1','1'),(213,'coveragePeriod','','nbCoverage','1',NULL),(214,'chargePeriod','','nbCoverage','1',NULL),(215,'chargeMode','','nbCoverage','1','1'),(216,'applicationDate','','nbCoverage','1','2'),(217,'effectiveDate','','nbCoverage','1','2'),(218,'expiryDate','','nbCoverage','1','2'),(219,'mainItemId','','nbCoverage','1','1'),(220,'proposalId','','nbCoverage','1','1'),(221,'insurantId','','nbCoverage','1','1'),(222,'organId','','nbCoverage','1',NULL),(223,'productId','','nbCoverage','1',NULL),(224,'jointLifeYn','','nbCoverage','1','1'),(225,'proposalType','投保单类型','nbPolicy','1','1'),(226,'MKTProdId','','nbPolicy','1','1'),(227,'proposalBeneficiary','','nbPolicy','1',NULL),(228,'organId','113','test001','1',NULL),(229,'globalCustId','113','test001','1',NULL),(230,'partitionIndi','113','test001','1',NULL),(231,'propsoalAddress','113','test001','1',NULL),(232,'name','1','test001','1','1'),(233,'gender','1','test001','1','1'),(234,'birthday','1','test001','1','2'),(235,'jobCode','1','test001','1','1'),(236,'smoking','1','test001','1','1'),(237,'nationality','11','test001','1','1'),(238,'organId','','nbHolder','1',NULL),(239,'globalCustId','','nbHolder','1',NULL),(240,'partitionIndi','','nbHolder','1',NULL),(241,'propsoalAddress','','nbHolder','1',NULL),(242,'jobCode','','nbHolder','1','1'),(243,'partitionIndi','','nbCoverage','1',NULL),(244,'globalCustId','','nbCoverage','1',NULL),(245,'totalPremAf','','nbCoverage','1','5'),(246,'proposalType','tt','test002','1','1'),(247,'applicationDate','','test002','1','2'),(248,'effectiveDate','','test002','1','2'),(249,'expireDate','','test002','1','2'),(250,'salesChannel','','test002','1','1'),(251,'salesArea','','test002','1','1'),(252,'policyChannel','','test002','1','1'),(253,'MKTProdId','','test002','1','1'),(254,'policyHolder','','test002','1',NULL),(255,'insuredList','','test002','1',NULL),(256,'coverageList','','test002','1',NULL),(257,'proposalType','xxx','alan001','1','1'),(258,'applicationDate','xxx','alan001','1','2'),(259,'effectiveDate','xxx','alan001','1','2'),(260,'expireDate','xxx','alan001','1','2'),(261,'salesChannel','xxxx','alan001','1','1'),(262,'salesArea','xx','alan001','1','1'),(263,'policyChannel','x','alan001','1','1'),(264,'mktProdInfo','x','alan001','1','1'),(265,'policyHolder','','alan001','1',NULL),(266,'insuredList','x','alan001','1',NULL),(267,'proposalType','1','alan002','1','1'),(268,'applicationDate','','alan002','1','2'),(269,'effectiveDate','','alan002','1','2'),(270,'expireDate','','alan002','1','2'),(271,'salesChannel','','alan002','1','1'),(272,'salesArea','','alan002','1','1'),(273,'policyChannel','','alan002','1','1'),(274,'mktProdInfo','','alan002','1','1'),(275,'policyHolder','','alan002','1',NULL),(276,'insuredList','','alan002','1',NULL),(277,'organId','','test003','1',NULL),(278,'globalCustId','','test003','1',NULL),(279,'partitionIndi','','test003','1',NULL),(280,'propsoalAddress','','test003','1',NULL),(281,'customerId','','test003','1',NULL),(282,'certiValidStartDate','','test003','1','2'),(283,'certiValidEndDate','','test003','1','2'),(284,'marriageId','','test003','1','1'),(285,'educationId','','test003','1','1'),(286,'height','','test003','1','5'),(287,'weight','','test003','1','5'),(288,'income','','test003','1',NULL),(289,'nationality','','test003','1','1'),(290,'companyName','','test003','1','1'),(291,'jobName','','test003','1','1'),(292,'industryId','','test003','1','1'),(293,'jobCateId','','test003','1','1'),(294,'companyKind','','test003','1','1'),(295,'academicTitle','','test003','1','1'),(296,'smoking','','test003','1','1'),(297,'socialSecurityNumber','','test003','1','1'),(298,'isRetired','','test003','1','1'),(299,'level','','test003','1','1'),(300,'addressId','','test003','1',NULL),(301,'mobile','','test003','1','1'),(302,'officeTel','','test003','1','1'),(303,'homeTel','','test003','1','1'),(304,'fax','','test003','1','1'),(305,'firstName','','test003','1','1'),(306,'midName','','test003','1','1'),(307,'lastName','','test003','1','1'),(308,'aliasName','','test003','1','1'),(309,'religionCode','','test003','1','1'),(310,'childCount','','test003','1',NULL),(311,'status','','test003','1','1'),(312,'deathDate','','test003','1','2'),(313,'email1','','test003','1','1'),(314,'email2','','test003','1','1'),(315,'qq','','test003','1','1'),(316,'weixin','','test003','1','1'),(317,'weibo','','test003','1','1'),(318,'web','','test003','1','1'),(319,'name','','test003','1','1'),(320,'gender','','test003','1','1'),(321,'birthday','','test003','1','2'),(322,'jobCode','','test003','1','1'),(323,'smoking','','test003','1','1'),(324,'nationality','','test003','1','1'),(325,'certiCode','','test003','1','1'),(326,'certiType','','test003','1','1'),(327,'itemId','','ss','1','1'),(328,'listOrder','','ss','1',NULL),(329,'sumAssured','','ss','1','5'),(330,'units','','ss','1','5'),(331,'benefitLevel','','ss','1',NULL),(332,'periodPrem','','ss','1','5'),(333,'coverPeriodType','','ss','1','1'),(334,'coveragePeriod','','ss','1',NULL),(335,'chargePeriod','','ss','1',NULL),(336,'chargeMode','','ss','1','1'),(337,'applicationDate','','ss','1','2'),(338,'effectiveDate','','ss','1','2'),(339,'expiryDate','','ss','1','2'),(340,'mainItemId','','ss','1','1'),(341,'proposalId','','ss','1','1'),(342,'insurantId','','ss','1','1'),(343,'organId','','ss','1',NULL),(344,'productId','','ss','1',NULL),(345,'jointLifeYn','','ss','1','1'),(346,'totalPremAf','','ss','1','5'),(347,'partitionIndi','','ss','1',NULL),(348,'relationToHolder','','ss','1','1'),(349,'propsoalAddress','','ss','1',NULL),(350,'proposalBeneficiaryList','','ss','1',NULL),(351,'customerId','','ss','1',NULL),(352,'certiValidStartDate','','ss','1','2'),(353,'certiValidEndDate','','ss','1','2'),(354,'marriageId','','ss','1','1'),(355,'educationId','','ss','1','1'),(356,'height','','ss','1','5'),(357,'weight','','ss','1','5'),(358,'income','','ss','1',NULL),(359,'nationality','','ss','1','1'),(360,'companyName','','ss','1','1'),(361,'jobName','','ss','1','1'),(362,'industryId','','ss','1','1'),(363,'jobCateId','','ss','1','1'),(364,'companyKind','','ss','1','1'),(365,'academicTitle','','ss','1','1'),(366,'smoking','','ss','1','1'),(367,'socialSecurityNumber','','ss','1','1'),(368,'isRetired','','ss','1','1'),(369,'level','','ss','1','1'),(370,'addressId','','ss','1',NULL),(371,'mobile','','ss','1','1'),(372,'officeTel','','ss','1','1'),(373,'homeTel','','ss','1','1'),(374,'fax','','ss','1','1'),(375,'firstName','','ss','1','1'),(376,'midName','','ss','1','1'),(377,'lastName','','ss','1','1'),(378,'aliasName','','ss','1','1'),(379,'religionCode','','ss','1','1'),(380,'childCount','','ss','1',NULL),(381,'status','','ss','1','1'),(382,'deathDate','','ss','1','2'),(383,'email1','','ss','1','1'),(384,'email2','','ss','1','1'),(385,'qq','','ss','1','1'),(386,'weixin','','ss','1','1'),(387,'weibo','','ss','1','1'),(388,'web','','ss','1','1'),(389,'name','','ss','1','1'),(390,'gender','','ss','1','1'),(391,'birthday','','ss','1','2'),(392,'jobCode','','ss','1','1'),(393,'smoking','','ss','1','1'),(394,'nationality','','ss','1','1'),(395,'certiCode','','ss','1','1'),(396,'certiType','','ss','1','1'),(397,'mktProdInfo','','test002','1','1'),(398,'itemId','11','test003','1','1'),(399,'listOrder','','test003','1',NULL),(400,'sumAssured','','test003','1','5'),(401,'units','','test003','1','5'),(402,'benefitLevel','','test003','1',NULL),(403,'periodPrem','','test003','1','5'),(404,'coverPeriodType','','test003','1','1'),(405,'coveragePeriod','','test003','1',NULL),(406,'chargePeriod','','test003','1',NULL),(407,'chargeMode','','test003','1','1'),(408,'applicationDate','','test003','1','2'),(409,'effectiveDate','','test003','1','2'),(410,'expiryDate','','test003','1','2'),(411,'mainItemId','','test003','1','1'),(412,'proposalId','','test003','1','1'),(413,'insurantId','','test003','1','1'),(414,'productId','','test003','1',NULL),(415,'jointLifeYn','','test003','1','1'),(416,'totalPremAf','','test003','1','5'),(417,'relationToHolder','','test003','1','1'),(418,'proposalBeneficiaryList','','test003','1',NULL),(419,'proposalType','','test003','1','1'),(420,'expireDate','','test003','1','2'),(421,'salesChannel','','test003','1','1'),(422,'salesArea','','test003','1','1'),(423,'policyChannel','','test003','1','1'),(424,'mktProdInfo','','test003','1','1'),(425,'policyHolder','','test003','1',NULL),(426,'insuredList','','test003','1',NULL),(427,'mktProdInfo','','nbPolicy','1','1'),(428,'customerId','113','test001','1',NULL),(429,'certiValidStartDate','11','test001','1','2'),(430,'certiValidEndDate','11','test001','1','2'),(431,'marriageId','11','test001','1','1'),(432,'educationId','11','test001','1','1'),(433,'height','11','test001','1','5'),(434,'weight','11','test001','1','5'),(435,'income','11','test001','1',NULL),(436,'companyName','11','test001','1','1'),(437,'jobName','1','test001','1','1'),(438,'industryId','1','test001','1','1'),(439,'jobCateId','1','test001','1','1'),(440,'companyKind','1','test001','1','1'),(441,'academicTitle','1','test001','1','1'),(442,'socialSecurityNumber','1','test001','1','1'),(443,'isRetired','1','test001','1','1'),(444,'level','1','test001','1','1'),(445,'addressId','1','test001','1',NULL),(446,'mobile','1','test001','1','1'),(447,'officeTel','1','test001','1','1'),(448,'homeTel','1','test001','1','1'),(449,'fax','1','test001','1','1'),(450,'firstName','1','test001','1','1'),(451,'midName','1','test001','1','1'),(452,'lastName','1','test001','1','1'),(453,'aliasName','','test001','1','1'),(454,'religionCode','1','test001','1','1'),(455,'childCount','1','test001','1',NULL),(456,'status','1','test001','1','1'),(457,'deathDate','1','test001','1','2'),(458,'email1','1','test001','1','1'),(459,'email2','1','test001','1','1'),(460,'qq','1','test001','1','1'),(461,'weixin','1','test001','1','1'),(462,'weibo','1','test001','1','1'),(463,'web','1','test001','1','1'),(464,'certiCode','1','test001','1','1'),(465,'certiType','1','test001','1','1'),(466,'itemId','3','alan001','1','1'),(467,'listOrder','3','alan001','1',NULL),(468,'sumAssured','3','alan001','1','5'),(469,'units','3','alan001','1','5'),(470,'benefitLevel','3','alan001','1',NULL),(471,'periodPrem','','alan001','1','5'),(472,'coverPeriodType','','alan001','1','1'),(473,'coveragePeriod','','alan001','1',NULL),(474,'chargePeriod','','alan001','1',NULL),(475,'chargeMode','','alan001','1','1'),(476,'expiryDate','','alan001','1','2'),(477,'mainItemId','','alan001','1','1'),(478,'proposalId','','alan001','1','1'),(479,'insurantId','','alan001','1','1'),(480,'organId','','alan001','1',NULL),(481,'productId','','alan001','1',NULL),(482,'jointLifeYn','','alan001','1','1'),(483,'totalPremAf','','alan001','1','5'),(484,'partitionIndi','','alan001','1',NULL),(485,'proposalType','222','test001','1','1'),(486,'applicationDate','22','test001','1','2'),(487,'effectiveDate','22','test001','1','2'),(488,'expireDate','22','test001','1','2'),(489,'salesChannel','22','test001','1','1'),(490,'salesArea','22','test001','1','1'),(491,'policyChannel','22','test001','1','1'),(492,'mktProdInfo','','test001','1','1'),(493,'policyHolder','','test001','1',NULL),(494,'insuredList','','test001','1',NULL),(495,'organId','a','aa','1',NULL),(496,'globalCustId','a','aa','1',NULL),(497,'partitionIndi','a','aa','1',NULL),(498,'propsoalAddress','','aa','1',NULL),(499,'customerId','','aa','1',NULL),(500,'certiValidStartDate','','aa','1','2'),(501,'certiValidEndDate','','aa','1','2'),(502,'marriageId','','aa','1','1'),(503,'educationId','','aa','1','1'),(504,'height','','aa','1','5'),(505,'weight','','aa','1','5'),(506,'income','','aa','1',NULL),(507,'nationality','','aa','1','1'),(508,'companyName','','aa','1','1'),(509,'jobName','','aa','1','1'),(510,'industryId','','aa','1','1'),(511,'jobCateId','','aa','1','1'),(512,'companyKind','','aa','1','1'),(513,'academicTitle','','aa','1','1'),(514,'smoking','','aa','1','1'),(515,'socialSecurityNumber','','aa','1','1'),(516,'isRetired','','aa','1','1'),(517,'level','','aa','1','1'),(518,'addressId','','aa','1',NULL),(519,'mobile','','aa','1','1'),(520,'officeTel','','aa','1','1'),(521,'homeTel','','aa','1','1'),(522,'fax','','aa','1','1'),(523,'firstName','','aa','1','1'),(524,'midName','','aa','1','1'),(525,'lastName','','aa','1','1'),(526,'aliasName','','aa','1','1'),(527,'religionCode','','aa','1','1'),(528,'childCount','','aa','1',NULL),(529,'status','','aa','1','1'),(530,'deathDate','','aa','1','2'),(531,'email1','','aa','1','1'),(532,'email2','','aa','1','1'),(533,'qq','','aa','1','1'),(534,'weixin','','aa','1','1'),(535,'weibo','','aa','1','1'),(536,'web','','aa','1','1'),(537,'name','','aa','1','1'),(538,'gender','','aa','1','1'),(539,'birthday','','aa','1','2'),(540,'jobCode','','aa','1','1'),(541,'smoking','','aa','1','1'),(542,'nationality','','aa','1','1'),(543,'certiCode','','aa','1','1'),(544,'certiType','','aa','1','1'),(545,'organId','b','bb','1',NULL),(546,'globalCustId','b','bb','1',NULL),(547,'partitionIndi','b','bb','1',NULL),(548,'propsoalAddress','b','bb','1',NULL),(549,'customerId','','bb','1',NULL),(550,'certiValidStartDate','','bb','1','2'),(551,'certiValidEndDate','','bb','1','2'),(552,'marriageId','','bb','1','1'),(553,'educationId','','bb','1','1'),(554,'height','','bb','1','5'),(555,'weight','','bb','1','5'),(556,'income','','bb','1',NULL),(557,'nationality','','bb','1','1'),(558,'companyName','','bb','1','1'),(559,'jobName','','bb','1','1'),(560,'industryId','','bb','1','1'),(561,'jobCateId','','bb','1','1'),(562,'companyKind','','bb','1','1'),(563,'academicTitle','','bb','1','1'),(564,'smoking','','bb','1','1'),(565,'socialSecurityNumber','','bb','1','1'),(566,'isRetired','','bb','1','1'),(567,'level','','bb','1','1'),(568,'addressId','','bb','1',NULL),(569,'mobile','','bb','1','1'),(570,'officeTel','','bb','1','1'),(571,'homeTel','','bb','1','1'),(572,'fax','','bb','1','1'),(573,'firstName','','bb','1','1'),(574,'midName','','bb','1','1'),(575,'lastName','','bb','1','1'),(576,'aliasName','','bb','1','1'),(577,'religionCode','','bb','1','1'),(578,'childCount','','bb','1',NULL),(579,'status','','bb','1','1'),(580,'deathDate','','bb','1','2'),(581,'email1','','bb','1','1'),(582,'email2','','bb','1','1'),(583,'qq','','bb','1','1'),(584,'weixin','','bb','1','1'),(585,'weibo','','bb','1','1'),(586,'web','','bb','1','1'),(587,'name','','bb','1','1'),(588,'gender','','bb','1','1'),(589,'birthday','','bb','1','2'),(590,'jobCode','','bb','1','1'),(591,'smoking','','bb','1','1'),(592,'nationality','','bb','1','1'),(593,'certiCode','','bb','1','1'),(594,'certiType','','bb','1','1'),(595,'organId','','1','1',NULL),(596,'globalCustId','','1','1',NULL),(597,'partitionIndi','','1','1',NULL),(598,'propsoalAddress','','1','1',NULL),(599,'customerId','','1','1',NULL),(600,'certiValidStartDate','','1','1','2'),(601,'certiValidEndDate','','1','1','2'),(602,'marriageId','','1','1','1'),(603,'educationId','','1','1','1'),(604,'height','','1','1','5'),(605,'weight','','1','1','5'),(606,'income','','1','1',NULL),(607,'nationality','','1','1','1'),(608,'companyName','','1','1','1'),(609,'jobName','','1','1','1'),(610,'industryId','','1','1','1'),(611,'jobCateId','','1','1','1'),(612,'companyKind','','1','1','1'),(613,'academicTitle','','1','1','1'),(614,'smoking','','1','1','1'),(615,'socialSecurityNumber','','1','1','1'),(616,'isRetired','','1','1','1'),(617,'level','','1','1','1'),(618,'addressId','','1','1',NULL),(619,'mobile','','1','1','1'),(620,'officeTel','','1','1','1'),(621,'homeTel','','1','1','1'),(622,'fax','','1','1','1'),(623,'firstName','','1','1','1'),(624,'midName','','1','1','1'),(625,'lastName','','1','1','1'),(626,'aliasName','','1','1','1'),(627,'religionCode','','1','1','1'),(628,'childCount','','1','1',NULL),(629,'status','','1','1','1'),(630,'deathDate','','1','1','2'),(631,'email1','','1','1','1'),(632,'email2','','1','1','1'),(633,'qq','','1','1','1'),(634,'weixin','','1','1','1'),(635,'weibo','','1','1','1'),(636,'web','','1','1','1'),(637,'name','','1','1','1'),(638,'gender','','1','1','1'),(639,'birthday','','1','1','2'),(640,'jobCode','','1','1','1'),(641,'smoking','','1','1','1'),(642,'nationality','','1','1','1'),(643,'certiCode','','1','1','1'),(644,'certiType','','1','1','1'),(645,'organId','','ss001','1',NULL),(646,'globalCustId','','ss001','1',NULL),(647,'partitionIndi','','ss001','1',NULL),(648,'propsoalAddress','','ss001','1',NULL),(649,'customerId','','ss001','1',NULL),(650,'certiValidStartDate','','ss001','1','2'),(651,'certiValidEndDate','','ss001','1','2'),(652,'marriageId','','ss001','1','1'),(653,'educationId','','ss001','1','1'),(654,'height','','ss001','1','5'),(655,'weight','','ss001','1','5'),(656,'income','','ss001','1',NULL),(657,'nationality','','ss001','1','1'),(658,'companyName','','ss001','1','1'),(659,'jobName','','ss001','1','1'),(660,'industryId','','ss001','1','1'),(661,'jobCateId','','ss001','1','1'),(662,'companyKind','','ss001','1','1'),(663,'academicTitle','','ss001','1','1'),(664,'smoking','','ss001','1','1'),(665,'socialSecurityNumber','','ss001','1','1'),(666,'isRetired','','ss001','1','1'),(667,'level','','ss001','1','1'),(668,'addressId','','ss001','1',NULL),(669,'mobile','','ss001','1','1'),(670,'officeTel','','ss001','1','1'),(671,'homeTel','','ss001','1','1'),(672,'fax','','ss001','1','1'),(673,'firstName','','ss001','1','1'),(674,'midName','','ss001','1','1'),(675,'lastName','','ss001','1','1'),(676,'aliasName','','ss001','1','1'),(677,'religionCode','','ss001','1','1'),(678,'childCount','','ss001','1',NULL),(679,'status','','ss001','1','1'),(680,'deathDate','','ss001','1','2'),(681,'email1','','ss001','1','1'),(682,'email2','','ss001','1','1'),(683,'qq','','ss001','1','1'),(684,'weixin','','ss001','1','1'),(685,'weibo','','ss001','1','1'),(686,'web','','ss001','1','1'),(687,'name','','ss001','1','1'),(688,'gender','','ss001','1','1'),(689,'birthday','','ss001','1','2'),(690,'jobCode','','ss001','1','1'),(691,'smoking','','ss001','1','1'),(692,'nationality','','ss001','1','1'),(693,'certiCode','','ss001','1','1'),(694,'certiType','','ss001','1','1');
/*!40000 ALTER TABLE `t_conf_domain_object_field` ENABLE KEYS */;
UNLOCK TABLES;

--
-- Table structure for table `t_conf_domain_object_opera`
--

DROP TABLE IF EXISTS `t_conf_domain_object_opera`;
/*!40101 SET @saved_cs_client     = @@character_set_client */;
/*!40101 SET character_set_client = utf8 */;
CREATE TABLE `t_conf_domain_object_opera` (
  `OPERATION_ID` bigint(20) NOT NULL AUTO_INCREMENT COMMENT '操作ID',
  `OPERATION_NAME` varchar(60) COLLATE utf8_bin DEFAULT NULL COMMENT 'FIELD_NAME',
  `OPERATION_NAME_DSL` varchar(60) COLLATE utf8_bin DEFAULT NULL COMMENT '操作别名',
  `RET_VALUE_TYPE` char(3) COLLATE utf8_bin DEFAULT NULL COMMENT '操作类型 1 基本类型  2 领域对象',
  `RET_TYPE` varchar(30) COLLATE utf8_bin DEFAULT NULL COMMENT '如 String,Date,Timestamp',
  `DOMAIN_OBJECT_CODE` varchar(20) COLLATE utf8_bin DEFAULT NULL COMMENT '领域对象CODE',
  PRIMARY KEY (`OPERATION_ID`),
  KEY `FK_CONF_DMAIN_OBJ_OPERA__DOMAIN_OBJ` (`DOMAIN_OBJECT_CODE`),
  CONSTRAINT `FK_CONF_DMAIN_OBJ_OPERA__DOMAIN_OBJ` FOREIGN KEY (`DOMAIN_OBJECT_CODE`) REFERENCES `t_conf_domain_object` (`DOMAIN_OBJECT_CODE`)
) ENGINE=InnoDB AUTO_INCREMENT=1482 DEFAULT CHARSET=utf8 COLLATE=utf8_bin COMMENT='领域对象操作';
/*!40101 SET character_set_client = @saved_cs_client */;

--
-- Dumping data for table `t_conf_domain_object_opera`
--

LOCK TABLES `t_conf_domain_object_opera` WRITE;
/*!40000 ALTER TABLE `t_conf_domain_object_opera` DISABLE KEYS */;
INSERT INTO `t_conf_domain_object_opera` VALUES (443,'getItemId','','1','1','nbCoverage'),(444,'setItemId','','1','8','nbCoverage'),(445,'getListOrder','','1',NULL,'nbCoverage'),(446,'setListOrder','','1','8','nbCoverage'),(447,'getSumAssured','','1','5','nbCoverage'),(448,'setSumAssured','','1','8','nbCoverage'),(449,'setUnits','','1','8','nbCoverage'),(450,'getBenefitLevel','','1',NULL,'nbCoverage'),(451,'setBenefitLevel','','1','8','nbCoverage'),(452,'getPeriodPrem','','1','5','nbCoverage'),(453,'setPeriodPrem','','1','8','nbCoverage'),(454,'setCoverPeriodType','','1','8','nbCoverage'),(455,'getCoveragePeriod','','1',NULL,'nbCoverage'),(456,'setCoveragePeriod','','1','8','nbCoverage'),(457,'getChargePeriod','','1',NULL,'nbCoverage'),(458,'setChargePeriod','','1','8','nbCoverage'),(459,'getChargeMode','','1','1','nbCoverage'),(460,'setChargeMode','','1','8','nbCoverage'),(461,'getApplicationDate','','1','2','nbCoverage'),(462,'setApplicationDate','','1','8','nbCoverage'),(463,'getEffectiveDate','','1','2','nbCoverage'),(464,'setEffectiveDate','','1','8','nbCoverage'),(465,'getExpiryDate','','1','2','nbCoverage'),(466,'setExpiryDate','','1','8','nbCoverage'),(467,'getMainItemId','','1','1','nbCoverage'),(468,'setMainItemId','','1','8','nbCoverage'),(469,'getProposalId','','1','1','nbCoverage'),(470,'setProposalId','','1','8','nbCoverage'),(471,'getInsurantId','','1','1','nbCoverage'),(472,'setInsurantId','','1','8','nbCoverage'),(473,'getProductId','','1',NULL,'nbCoverage'),(474,'setProductId','','1','8','nbCoverage'),(475,'getJointLifeYn','','1','1','nbCoverage'),(476,'setJointLifeYn','','1','8','nbCoverage'),(477,'getCoverPeriodType','','1','1','nbCoverage'),(478,'getUnits','','1','5','nbCoverage'),(479,'setOrganId','','1','8','nbCoverage'),(480,'getOrganId','','1',NULL,'nbCoverage'),(481,'setMKTProdId','','1','8','nbPolicy'),(482,'getProposalType','','1','1','nbPolicy'),(483,'setProposalType','','1','8','nbPolicy'),(484,'getApplicationDate','','1','2','nbPolicy'),(485,'setApplicationDate','','1','8','nbPolicy'),(486,'getEffectiveDate','','1','2','nbPolicy'),(487,'setEffectiveDate','','1','8','nbPolicy'),(488,'getExpireDate','','1','2','nbPolicy'),(489,'setExpireDate','','1','8','nbPolicy'),(490,'getSalesChannel','','1','1','nbPolicy'),(491,'setSalesChannel','','1','8','nbPolicy'),(492,'getSalesArea','','1','1','nbPolicy'),(493,'setSalesArea','','1','8','nbPolicy'),(494,'getPolicyHolder','','1',NULL,'nbPolicy'),(495,'setPolicyHolder','','1','8','nbPolicy'),(496,'getInsuredList','','1',NULL,'nbPolicy'),(497,'setInsuredList','','1','8','nbPolicy'),(498,'getCoverageList','','1',NULL,'nbPolicy'),(499,'setCoverageList','','1','8','nbPolicy'),(500,'getPolicyChannel','','1','1','nbPolicy'),(501,'setPolicyChannel','','1','8','nbPolicy'),(502,'getProposalBeneficiary','','1',NULL,'nbPolicy'),(503,'setProposalBeneficiary','','1','8','nbPolicy'),(504,'getMKTProdId','','1','1','nbPolicy'),(505,'getPropsoalAddress','1','1',NULL,'test001'),(506,'getGlobalCustId','1','1',NULL,'test001'),(507,'setGlobalCustId','1','1','8','test001'),(508,'getPartitionIndi','1','1',NULL,'test001'),(509,'setPartitionIndi','1','1','8','test001'),(510,'setPropsoalAddress','1','1','8','test001'),(511,'setOrganId','1','1','8','test001'),(512,'getOrganId','1','1',NULL,'test001'),(513,'calcAgeAndDay','','1','4','test001'),(514,'calcAgeAndDay','','1','4','test001'),(515,'calcAgeAndDay','','1','4','test001'),(516,'calcAgeAndDay','','1','4','test001'),(517,'getBirthday','','1','2','test001'),(518,'setBirthday','','1','8','test001'),(519,'getJobCode','','1','1','test001'),(520,'setJobCode','','1','8','test001'),(521,'getSmoking','1','1','1','test001'),(522,'setSmoking','1','1','8','test001'),(523,'getNationality','1','1','1','test001'),(524,'setNationality','1','1','8','test001'),(525,'getGender','','1','1','test001'),(526,'setGender','','1','8','test001'),(527,'getName','','1','1','test001'),(528,'setName','','1','8','test001'),(529,'getPropsoalAddress','','1',NULL,'nbHolder'),(530,'getGlobalCustId','','1',NULL,'nbHolder'),(531,'setGlobalCustId','','1','8','nbHolder'),(532,'getPartitionIndi','','1',NULL,'nbHolder'),(533,'setPartitionIndi','','1','8','nbHolder'),(534,'setPropsoalAddress','','1','8','nbHolder'),(535,'setOrganId','','1','8','nbHolder'),(536,'getOrganId','','1',NULL,'nbHolder'),(537,'calcAgeAndDay','','1','4','nbHolder'),(538,'calcAgeAndDay','','1','4','nbHolder'),(539,'calcAgeAndDay','','1','4','nbHolder'),(540,'calcAgeAndDay','','1','4','nbHolder'),(541,'getBirthday','','1','2','nbHolder'),(542,'setBirthday','','1','8','nbHolder'),(543,'getJobCode','','1','1','nbHolder'),(544,'setJobCode','','1','8','nbHolder'),(545,'getSmoking','','1','1','nbHolder'),(546,'setSmoking','','1','8','nbHolder'),(547,'getNationality','','1','1','nbHolder'),(548,'setNationality','','1','8','nbHolder'),(549,'getGender','','1','1','nbHolder'),(550,'setGender','','1','8','nbHolder'),(551,'getName','','1','1','nbHolder'),(552,'setName','','1','8','nbHolder'),(553,'getTotalPremAf','','1','5','nbCoverage'),(554,'setTotalPremAf','','1','8','nbCoverage'),(555,'getGlobalCustId','','1',NULL,'nbCoverage'),(556,'setGlobalCustId','','1','8','nbCoverage'),(557,'getPartitionIndi','','1',NULL,'nbCoverage'),(558,'setPartitionIndi','','1','8','nbCoverage'),(559,'toString','','1','1','nbCoverage'),(560,'getProposalType','','1','1','test002'),(561,'setProposalType','','1','8','test002'),(562,'getApplicationDate','','1','2','test002'),(563,'setApplicationDate','','1','8','test002'),(564,'getEffectiveDate','','1','2','test002'),(565,'setEffectiveDate','','1','8','test002'),(566,'getExpireDate','','1','2','test002'),(567,'setExpireDate','','1','8','test002'),(568,'getSalesChannel','','1','1','test002'),(569,'setSalesChannel','','1','8','test002'),(570,'getSalesArea','','1','1','test002'),(571,'setSalesArea','','1','8','test002'),(572,'getPolicyHolder','','1',NULL,'test002'),(573,'setPolicyHolder','','1','8','test002'),(574,'getInsuredList','','1',NULL,'test002'),(575,'setInsuredList','','1','8','test002'),(576,'getCoverageList','','1',NULL,'test002'),(577,'setCoverageList','','1','8','test002'),(578,'getPolicyChannel','','1','1','test002'),(579,'setPolicyChannel','','1','8','test002'),(580,'getMKTProdId','','1','1','test002'),(581,'setMKTProdId','','1','8','test002'),(582,'setProposalType','','1','8','alan001'),(583,'getExpireDate','','1','2','alan001'),(584,'getProposalType','x','1','1','alan001'),(585,'setSalesArea','','1','8','alan001'),(586,'getPolicyHolder','','1',NULL,'alan001'),(587,'setSalesChannel','','1','8','alan001'),(588,'getSalesArea','alan001','1','1','alan001'),(589,'setPolicyHolder','','1','8','alan001'),(590,'getInsuredList','x','1',NULL,'alan001'),(591,'setInsuredList','','1','8','alan001'),(592,'getPolicyChannel','','1','1','alan001'),(593,'setPolicyChannel','','1','8','alan001'),(594,'getMktProdInfo','x','1','1','alan001'),(595,'setMktProdInfo','','1','8','alan001'),(596,'setExpireDate','','1','8','alan001'),(597,'getSalesChannel','','1','1','alan001'),(598,'getApplicationDate','','1','2','alan001'),(599,'setEffectiveDate','','1','8','alan001'),(600,'getEffectiveDate','','1','2','alan001'),(601,'setApplicationDate','','1','8','alan001'),(602,'setProposalType','','1','8','alan002'),(603,'getExpireDate','','1','2','alan002'),(604,'getProposalType','','1','1','alan002'),(605,'setSalesArea','','1','8','alan002'),(606,'getPolicyHolder','','1',NULL,'alan002'),(607,'setSalesChannel','','1','8','alan002'),(608,'getSalesArea','','1','1','alan002'),(609,'setPolicyHolder','','1','8','alan002'),(610,'getInsuredList','','1',NULL,'alan002'),(611,'setInsuredList','','1','8','alan002'),(612,'getPolicyChannel','','1','1','alan002'),(613,'setPolicyChannel','','1','8','alan002'),(614,'getMktProdInfo','','1','1','alan002'),(615,'setMktProdInfo','','1','8','alan002'),(616,'setExpireDate','','1','8','alan002'),(617,'getSalesChannel','','1','1','alan002'),(618,'getApplicationDate','','1','2','alan002'),(619,'setEffectiveDate','','1','8','alan002'),(620,'getEffectiveDate','','1','2','alan002'),(621,'setApplicationDate','','1','8','alan002'),(622,'setGlobalCustId','','1','8','test003'),(623,'getGlobalCustId','','1',NULL,'test003'),(624,'getPartitionIndi','','1',NULL,'test003'),(625,'setPartitionIndi','','1','8','test003'),(626,'getPropsoalAddress','','1',NULL,'test003'),(627,'setPropsoalAddress','','1','8','test003'),(628,'setOrganId','','1','8','test003'),(629,'getOrganId','','1',NULL,'test003'),(630,'getCertiValidStartDate','','1','2','test003'),(631,'setCertiValidStartDate','','1','8','test003'),(632,'getCertiValidEndDate','','1','2','test003'),(633,'setCertiValidEndDate','','1','8','test003'),(634,'getMarriageId','','1','1','test003'),(635,'setMarriageId','','1','8','test003'),(636,'getEducationId','','1','1','test003'),(637,'setEducationId','','1','8','test003'),(638,'getHeight','','1','5','test003'),(639,'setHeight','','1','8','test003'),(640,'setWeight','','1','8','test003'),(641,'getIncome','','1',NULL,'test003'),(642,'setIncome','','1','8','test003'),(643,'getNationality','','1','1','test003'),(644,'setNationality','','1','8','test003'),(645,'getCompanyName','','1','1','test003'),(646,'setCompanyName','','1','8','test003'),(647,'getJobName','','1','1','test003'),(648,'setJobName','','1','8','test003'),(649,'getIndustryId','','1','1','test003'),(650,'setIndustryId','','1','8','test003'),(651,'getJobCateId','','1','1','test003'),(652,'setJobCateId','','1','8','test003'),(653,'getCompanyKind','','1','1','test003'),(654,'setCompanyKind','','1','8','test003'),(655,'getAcademicTitle','','1','1','test003'),(656,'setAcademicTitle','','1','8','test003'),(657,'getSmoking','','1','1','test003'),(658,'setSmoking','','1','8','test003'),(659,'getSocialSecurityNumber','','1','1','test003'),(660,'setSocialSecurityNumber','','1','8','test003'),(661,'getIsRetired','','1','1','test003'),(662,'setIsRetired','','1','8','test003'),(663,'getAddressId','','1',NULL,'test003'),(664,'setAddressId','','1','8','test003'),(665,'getMobile','','1','1','test003'),(666,'setMobile','','1','8','test003'),(667,'getOfficeTel','','1','1','test003'),(668,'setOfficeTel','','1','8','test003'),(669,'getHomeTel','','1','1','test003'),(670,'setHomeTel','','1','8','test003'),(671,'getFax','','1','1','test003'),(672,'setFax','','1','8','test003'),(673,'getFirstName','','1','1','test003'),(674,'setFirstName','','1','8','test003'),(675,'getMidName','','1','1','test003'),(676,'setMidName','','1','8','test003'),(677,'getLastName','','1','1','test003'),(678,'setLastName','','1','8','test003'),(679,'getAliasName','','1','1','test003'),(680,'setAliasName','','1','8','test003'),(681,'getReligionCode','','1','1','test003'),(682,'setReligionCode','','1','8','test003'),(683,'getChildCount','','1',NULL,'test003'),(684,'setChildCount','','1','8','test003'),(685,'getDeathDate','','1','2','test003'),(686,'setDeathDate','','1','8','test003'),(687,'getEmail1','','1','1','test003'),(688,'setEmail1','','1','8','test003'),(689,'getEmail2','','1','1','test003'),(690,'setEmail2','','1','8','test003'),(691,'getQq','','1','1','test003'),(692,'setQq','','1','8','test003'),(693,'getWeixin','','1','1','test003'),(694,'setWeixin','','1','8','test003'),(695,'getWeibo','','1','1','test003'),(696,'setWeibo','','1','8','test003'),(697,'getWeb','','1','1','test003'),(698,'setWeb','','1','8','test003'),(699,'setLevel','','1','8','test003'),(700,'getLevel','','1','1','test003'),(701,'getWeight','','1','5','test003'),(702,'getStatus','','1','1','test003'),(703,'setStatus','','1','8','test003'),(704,'getCustomerId','','1',NULL,'test003'),(705,'setCustomerId','','1','8','test003'),(706,'getNationality','','1','1','test003'),(707,'setNationality','','1','8','test003'),(708,'getSmoking','','1','1','test003'),(709,'setSmoking','','1','8','test003'),(710,'calcAgeAndDay','','1','4','test003'),(711,'calcAgeAndDay','','1','4','test003'),(712,'calcAgeAndDay','','1','4','test003'),(713,'calcAgeAndDay','','1','4','test003'),(714,'getBirthday','','1','2','test003'),(715,'setBirthday','','1','8','test003'),(716,'getJobCode','','1','1','test003'),(717,'setJobCode','','1','8','test003'),(718,'getCertiCode','','1','1','test003'),(719,'setCertiCode','','1','8','test003'),(720,'getCertiType','','1','1','test003'),(721,'setCertiType','','1','8','test003'),(722,'getGender','','1','1','test003'),(723,'setGender','','1','8','test003'),(724,'getName','','1','1','test003'),(725,'setName','','1','8','test003'),(726,'getPartitionIndi','','1',NULL,'ss'),(727,'setPartitionIndi','','1','8','ss'),(728,'setApplicationDate','','1','8','ss'),(729,'getEffectiveDate','','1','2','ss'),(730,'setEffectiveDate','','1','8','ss'),(731,'getApplicationDate','','1','2','ss'),(732,'getItemId','','1','1','ss'),(733,'setItemId','','1','8','ss'),(734,'getListOrder','','1',NULL,'ss'),(735,'setListOrder','','1','8','ss'),(736,'getSumAssured','','1','5','ss'),(737,'setSumAssured','','1','8','ss'),(738,'setUnits','','1','8','ss'),(739,'getBenefitLevel','','1',NULL,'ss'),(740,'setBenefitLevel','','1','8','ss'),(741,'getPeriodPrem','','1','5','ss'),(742,'setPeriodPrem','','1','8','ss'),(743,'getCoverPeriodType','','1','1','ss'),(744,'setCoverPeriodType','','1','8','ss'),(745,'getCoveragePeriod','','1',NULL,'ss'),(746,'setCoveragePeriod','','1','8','ss'),(747,'getChargePeriod','','1',NULL,'ss'),(748,'setChargePeriod','','1','8','ss'),(749,'getChargeMode','','1','1','ss'),(750,'setChargeMode','','1','8','ss'),(751,'getExpiryDate','','1','2','ss'),(752,'setExpiryDate','','1','8','ss'),(753,'getMainItemId','','1','1','ss'),(754,'setMainItemId','','1','8','ss'),(755,'getProposalId','','1','1','ss'),(756,'setProposalId','','1','8','ss'),(757,'getInsurantId','','1','1','ss'),(758,'setInsurantId','','1','8','ss'),(759,'getProductId','','1',NULL,'ss'),(760,'setProductId','','1','8','ss'),(761,'getJointLifeYn','','1','1','ss'),(762,'setJointLifeYn','','1','8','ss'),(763,'getTotalPremAf','','1','5','ss'),(764,'setTotalPremAf','','1','8','ss'),(765,'getUnits','','1','5','ss'),(766,'setOrganId','','1','8','ss'),(767,'getOrganId','','1',NULL,'ss'),(768,'getRelationToHolder','','1','1','ss'),(769,'setRelationToHolder','','1','8','ss'),(770,'getProposalBeneficiaryList','','1',NULL,'ss'),(771,'setProposalBeneficiaryList','','1','8','ss'),(772,'getPropsoalAddress','','1',NULL,'ss'),(773,'setPropsoalAddress','','1','8','ss'),(774,'getCertiValidStartDate','','1','2','ss'),(775,'setCertiValidStartDate','','1','8','ss'),(776,'getCertiValidEndDate','','1','2','ss'),(777,'setCertiValidEndDate','','1','8','ss'),(778,'getMarriageId','','1','1','ss'),(779,'setMarriageId','','1','8','ss'),(780,'getEducationId','','1','1','ss'),(781,'setEducationId','','1','8','ss'),(782,'getHeight','','1','5','ss'),(783,'setHeight','','1','8','ss'),(784,'setWeight','','1','8','ss'),(785,'getIncome','','1',NULL,'ss'),(786,'setIncome','','1','8','ss'),(787,'getNationality','','1','1','ss'),(788,'setNationality','','1','8','ss'),(789,'getCompanyName','','1','1','ss'),(790,'setCompanyName','','1','8','ss'),(791,'getJobName','','1','1','ss'),(792,'setJobName','','1','8','ss'),(793,'getIndustryId','','1','1','ss'),(794,'setIndustryId','','1','8','ss'),(795,'getJobCateId','','1','1','ss'),(796,'setJobCateId','','1','8','ss'),(797,'getCompanyKind','','1','1','ss'),(798,'setCompanyKind','','1','8','ss'),(799,'getAcademicTitle','','1','1','ss'),(800,'setAcademicTitle','','1','8','ss'),(801,'getSmoking','','1','1','ss'),(802,'setSmoking','','1','8','ss'),(803,'getSocialSecurityNumber','','1','1','ss'),(804,'setSocialSecurityNumber','','1','8','ss'),(805,'getIsRetired','','1','1','ss'),(806,'setIsRetired','','1','8','ss'),(807,'getAddressId','','1',NULL,'ss'),(808,'setAddressId','','1','8','ss'),(809,'getMobile','','1','1','ss'),(810,'setMobile','','1','8','ss'),(811,'getOfficeTel','','1','1','ss'),(812,'setOfficeTel','','1','8','ss'),(813,'getHomeTel','','1','1','ss'),(814,'setHomeTel','','1','8','ss'),(815,'getFax','','1','1','ss'),(816,'setFax','','1','8','ss'),(817,'getFirstName','','1','1','ss'),(818,'setFirstName','','1','8','ss'),(819,'getMidName','','1','1','ss'),(820,'setMidName','','1','8','ss'),(821,'getLastName','','1','1','ss'),(822,'setLastName','','1','8','ss'),(823,'getAliasName','','1','1','ss'),(824,'setAliasName','','1','8','ss'),(825,'getReligionCode','','1','1','ss'),(826,'setReligionCode','','1','8','ss'),(827,'getChildCount','','1',NULL,'ss'),(828,'setChildCount','','1','8','ss'),(829,'getDeathDate','','1','2','ss'),(830,'setDeathDate','','1','8','ss'),(831,'getEmail1','','1','1','ss'),(832,'setEmail1','','1','8','ss'),(833,'getEmail2','','1','1','ss'),(834,'setEmail2','','1','8','ss'),(835,'getQq','','1','1','ss'),(836,'setQq','','1','8','ss'),(837,'getWeixin','','1','1','ss'),(838,'setWeixin','','1','8','ss'),(839,'getWeibo','','1','1','ss'),(840,'setWeibo','','1','8','ss'),(841,'getWeb','','1','1','ss'),(842,'setWeb','','1','8','ss'),(843,'setLevel','','1','8','ss'),(844,'getLevel','','1','1','ss'),(845,'getWeight','','1','5','ss'),(846,'getStatus','','1','1','ss'),(847,'setStatus','','1','8','ss'),(848,'getCustomerId','','1',NULL,'ss'),(849,'setCustomerId','','1','8','ss'),(850,'getNationality','','1','1','ss'),(851,'setNationality','','1','8','ss'),(852,'getSmoking','','1','1','ss'),(853,'setSmoking','','1','8','ss'),(854,'calcAgeAndDay','','1','4','ss'),(855,'calcAgeAndDay','','1','4','ss'),(856,'calcAgeAndDay','','1','4','ss'),(857,'calcAgeAndDay','','1','4','ss'),(858,'getBirthday','','1','2','ss'),(859,'setBirthday','','1','8','ss'),(860,'getJobCode','','1','1','ss'),(861,'setJobCode','','1','8','ss'),(862,'getCertiCode','','1','1','ss'),(863,'setCertiCode','','1','8','ss'),(864,'getCertiType','','1','1','ss'),(865,'setCertiType','','1','8','ss'),(866,'getGender','','1','1','ss'),(867,'setGender','','1','8','ss'),(868,'getName','','1','1','ss'),(869,'setName','','1','8','ss'),(870,'getMktProdInfo','','1','1','test002'),(871,'setMktProdInfo','','1','8','test002'),(872,'setApplicationDate','','1','8','test003'),(873,'getEffectiveDate','','1','2','test003'),(874,'setEffectiveDate','','1','8','test003'),(875,'getApplicationDate','','1','2','test003'),(876,'getItemId','','1','1','test003'),(877,'setItemId','','1','8','test003'),(878,'getListOrder','','1',NULL,'test003'),(879,'setListOrder','','1','8','test003'),(880,'getSumAssured','','1','5','test003'),(881,'setSumAssured','','1','8','test003'),(882,'setUnits','','1','8','test003'),(883,'getBenefitLevel','','1',NULL,'test003'),(884,'setBenefitLevel','','1','8','test003'),(885,'getPeriodPrem','','1','5','test003'),(886,'setPeriodPrem','','1','8','test003'),(887,'getCoverPeriodType','','1','1','test003'),(888,'setCoverPeriodType','','1','8','test003'),(889,'getCoveragePeriod','','1',NULL,'test003'),(890,'setCoveragePeriod','','1','8','test003'),(891,'getChargePeriod','','1',NULL,'test003'),(892,'setChargePeriod','','1','8','test003'),(893,'getChargeMode','','1','1','test003'),(894,'setChargeMode','','1','8','test003'),(895,'getExpiryDate','','1','2','test003'),(896,'setExpiryDate','','1','8','test003'),(897,'getMainItemId','','1','1','test003'),(898,'setMainItemId','','1','8','test003'),(899,'getProposalId','','1','1','test003'),(900,'setProposalId','','1','8','test003'),(901,'getInsurantId','','1','1','test003'),(902,'setInsurantId','','1','8','test003'),(903,'getProductId','','1',NULL,'test003'),(904,'setProductId','','1','8','test003'),(905,'getJointLifeYn','','1','1','test003'),(906,'setJointLifeYn','','1','8','test003'),(907,'getTotalPremAf','','1','5','test003'),(908,'setTotalPremAf','','1','8','test003'),(909,'getUnits','','1','5','test003'),(910,'getRelationToHolder','','1','1','test003'),(911,'setRelationToHolder','','1','8','test003'),(912,'getProposalBeneficiaryList','','1',NULL,'test003'),(913,'setProposalBeneficiaryList','','1','8','test003'),(914,'getProposalType','','1','1','test003'),(915,'setProposalType','','1','8','test003'),(916,'getExpireDate','','1','2','test003'),(917,'setExpireDate','','1','8','test003'),(918,'getSalesChannel','','1','1','test003'),(919,'setSalesChannel','','1','8','test003'),(920,'getSalesArea','','1','1','test003'),(921,'setSalesArea','','1','8','test003'),(922,'getPolicyHolder','','1',NULL,'test003'),(923,'setPolicyHolder','','1','8','test003'),(924,'getInsuredList','','1',NULL,'test003'),(925,'setInsuredList','','1','8','test003'),(926,'getPolicyChannel','','1','1','test003'),(927,'setPolicyChannel','','1','8','test003'),(928,'getMktProdInfo','','1','1','test003'),(929,'setMktProdInfo','','1','8','test003'),(930,'getMktProdInfo','','1','1','nbPolicy'),(931,'setMktProdInfo','','1','8','nbPolicy'),(932,'getCertiValidStartDate','1','1','2','test001'),(933,'setCertiValidStartDate','1','1','8','test001'),(934,'getCertiValidEndDate','1','1','2','test001'),(935,'setCertiValidEndDate','1','1','8','test001'),(936,'getMarriageId','1','1','1','test001'),(937,'setMarriageId','1','1','8','test001'),(938,'getEducationId','1','1','1','test001'),(939,'setEducationId','1','1','8','test001'),(940,'getHeight','1','1','5','test001'),(941,'setHeight','1','1','8','test001'),(942,'setWeight','1','1','8','test001'),(943,'getIncome','1','1',NULL,'test001'),(944,'setIncome','1','1','8','test001'),(945,'getCompanyName','1','1','1','test001'),(946,'setCompanyName','1','1','8','test001'),(947,'getJobName','1','1','1','test001'),(948,'setJobName','1','1','8','test001'),(949,'getIndustryId','1','1','1','test001'),(950,'setIndustryId','1','1','8','test001'),(951,'getJobCateId','1','1','1','test001'),(952,'setJobCateId','1','1','8','test001'),(953,'getCompanyKind','1','1','1','test001'),(954,'setCompanyKind','1','1','8','test001'),(955,'getAcademicTitle','1','1','1','test001'),(956,'setAcademicTitle','1','1','8','test001'),(957,'getSocialSecurityNumber','1','1','1','test001'),(958,'setSocialSecurityNumber','11','1','8','test001'),(959,'getIsRetired','1','1','1','test001'),(960,'setIsRetired','1','1','8','test001'),(961,'getAddressId','1','1',NULL,'test001'),(962,'setAddressId','1','1','8','test001'),(963,'getMobile','1','1','1','test001'),(964,'setMobile','1','1','8','test001'),(965,'getOfficeTel','1','1','1','test001'),(966,'setOfficeTel','1','1','8','test001'),(967,'getHomeTel','1','1','1','test001'),(968,'setHomeTel','1','1','8','test001'),(969,'getFax','1','1','1','test001'),(970,'setFax','1','1','8','test001'),(971,'getFirstName','1','1','1','test001'),(972,'setFirstName','1','1','8','test001'),(973,'getMidName','1','1','1','test001'),(974,'setMidName','1','1','8','test001'),(975,'getLastName','1','1','1','test001'),(976,'setLastName','1','1','8','test001'),(977,'getAliasName','1','1','1','test001'),(978,'setAliasName','1','1','8','test001'),(979,'getReligionCode','1','1','1','test001'),(980,'setReligionCode','1','1','8','test001'),(981,'getChildCount','1','1',NULL,'test001'),(982,'setChildCount','1','1','8','test001'),(983,'getDeathDate','1','1','2','test001'),(984,'setDeathDate','1','1','8','test001'),(985,'getEmail1','1','1','1','test001'),(986,'setEmail1','1','1','8','test001'),(987,'getEmail2','1','1','1','test001'),(988,'setEmail2','1','1','8','test001'),(989,'getQq','1','1','1','test001'),(990,'setQq','1','1','8','test001'),(991,'getWeixin','1','1','1','test001'),(992,'setWeixin','1','1','8','test001'),(993,'getWeibo','1','1','1','test001'),(994,'setWeibo','1','1','8','test001'),(995,'getWeb','1','1','1','test001'),(996,'setWeb','1','1','8','test001'),(997,'setLevel','1','1','8','test001'),(998,'getLevel','','1','1','test001'),(999,'getWeight','','1','5','test001'),(1000,'getStatus','','1','1','test001'),(1001,'setStatus','','1','8','test001'),(1002,'getCustomerId','','1',NULL,'test001'),(1003,'setCustomerId','','1','8','test001'),(1004,'getCertiCode','','1','1','test001'),(1005,'setCertiCode','','1','8','test001'),(1006,'getCertiType','','1','1','test001'),(1007,'setCertiType','','1','8','test001'),(1008,'getPartitionIndi','','1',NULL,'alan001'),(1009,'setPartitionIndi','','1','8','alan001'),(1010,'getItemId','','1','1','alan001'),(1011,'setItemId','','1','8','alan001'),(1012,'getListOrder','','1',NULL,'alan001'),(1013,'setListOrder','','1','8','alan001'),(1014,'getSumAssured','','1','5','alan001'),(1015,'setSumAssured','','1','8','alan001'),(1016,'setUnits','','1','8','alan001'),(1017,'getBenefitLevel','','1',NULL,'alan001'),(1018,'setBenefitLevel','','1','8','alan001'),(1019,'getPeriodPrem','','1','5','alan001'),(1020,'setPeriodPrem','','1','8','alan001'),(1021,'getCoverPeriodType','','1','1','alan001'),(1022,'setCoverPeriodType','','1','8','alan001'),(1023,'getCoveragePeriod','','1',NULL,'alan001'),(1024,'setCoveragePeriod','','1','8','alan001'),(1025,'getChargePeriod','','1',NULL,'alan001'),(1026,'setChargePeriod','','1','8','alan001'),(1027,'getChargeMode','','1','1','alan001'),(1028,'setChargeMode','','1','8','alan001'),(1029,'getExpiryDate','','1','2','alan001'),(1030,'setExpiryDate','','1','8','alan001'),(1031,'getMainItemId','','1','1','alan001'),(1032,'setMainItemId','','1','8','alan001'),(1033,'getProposalId','','1','1','alan001'),(1034,'setProposalId','','1','8','alan001'),(1035,'getInsurantId','','1','1','alan001'),(1036,'setInsurantId','','1','8','alan001'),(1037,'getProductId','','1',NULL,'alan001'),(1038,'setProductId','','1','8','alan001'),(1039,'getJointLifeYn','','1','1','alan001'),(1040,'setJointLifeYn','','1','8','alan001'),(1041,'getTotalPremAf','','1','5','alan001'),(1042,'setTotalPremAf','','1','8','alan001'),(1043,'getUnits','','1','5','alan001'),(1044,'setOrganId','','1','8','alan001'),(1045,'getOrganId','','1',NULL,'alan001'),(1046,'setMktProdInfo','','1','8','test001'),(1047,'getProposalType','','1','1','test001'),(1048,'setProposalType','','1','8','test001'),(1049,'getExpireDate','','1','2','test001'),(1050,'setExpireDate','','1','8','test001'),(1051,'getSalesChannel','','1','1','test001'),(1052,'setSalesChannel','','1','8','test001'),(1053,'getSalesArea','','1','1','test001'),(1054,'setSalesArea','','1','8','test001'),(1055,'getPolicyHolder','','1',NULL,'test001'),(1056,'setPolicyHolder','','1','8','test001'),(1057,'getInsuredList','','1',NULL,'test001'),(1058,'setInsuredList','','1','8','test001'),(1059,'getPolicyChannel','','1','1','test001'),(1060,'setPolicyChannel','','1','8','test001'),(1061,'getMktProdInfo','','1','1','test001'),(1062,'getApplicationDate','','1','2','test001'),(1063,'setApplicationDate','','1','8','test001'),(1064,'getEffectiveDate','','1','2','test001'),(1065,'setEffectiveDate','','1','8','test001'),(1066,'getGlobalCustId','','1',NULL,'aa'),(1067,'setGlobalCustId','','1','8','aa'),(1068,'getPropsoalAddress','','1',NULL,'aa'),(1069,'setPropsoalAddress','','1','8','aa'),(1070,'getPartitionIndi','','1',NULL,'aa'),(1071,'setPartitionIndi','','1','8','aa'),(1072,'setOrganId','','1','8','aa'),(1073,'getOrganId','','1',NULL,'aa'),(1074,'getCertiValidStartDate','','1','2','aa'),(1075,'setCertiValidStartDate','','1','8','aa'),(1076,'getCertiValidEndDate','','1','2','aa'),(1077,'setCertiValidEndDate','','1','8','aa'),(1078,'getMarriageId','','1','1','aa'),(1079,'setMarriageId','','1','8','aa'),(1080,'getEducationId','','1','1','aa'),(1081,'setEducationId','','1','8','aa'),(1082,'getHeight','','1','5','aa'),(1083,'setHeight','','1','8','aa'),(1084,'setWeight','','1','8','aa'),(1085,'getIncome','','1',NULL,'aa'),(1086,'setIncome','','1','8','aa'),(1087,'getNationality','','1','1','aa'),(1088,'setNationality','','1','8','aa'),(1089,'getCompanyName','','1','1','aa'),(1090,'setCompanyName','','1','8','aa'),(1091,'getJobName','','1','1','aa'),(1092,'setJobName','','1','8','aa'),(1093,'getIndustryId','','1','1','aa'),(1094,'setIndustryId','','1','8','aa'),(1095,'getJobCateId','','1','1','aa'),(1096,'setJobCateId','','1','8','aa'),(1097,'getCompanyKind','','1','1','aa'),(1098,'setCompanyKind','','1','8','aa'),(1099,'getAcademicTitle','','1','1','aa'),(1100,'setAcademicTitle','','1','8','aa'),(1101,'getSmoking','','1','1','aa'),(1102,'setSmoking','','1','8','aa'),(1103,'getSocialSecurityNumber','','1','1','aa'),(1104,'setSocialSecurityNumber','','1','8','aa'),(1105,'getIsRetired','','1','1','aa'),(1106,'setIsRetired','','1','8','aa'),(1107,'getAddressId','','1',NULL,'aa'),(1108,'setAddressId','','1','8','aa'),(1109,'getMobile','','1','1','aa'),(1110,'setMobile','','1','8','aa'),(1111,'getOfficeTel','','1','1','aa'),(1112,'setOfficeTel','','1','8','aa'),(1113,'getHomeTel','','1','1','aa'),(1114,'setHomeTel','','1','8','aa'),(1115,'getFax','','1','1','aa'),(1116,'setFax','','1','8','aa'),(1117,'getFirstName','','1','1','aa'),(1118,'setFirstName','','1','8','aa'),(1119,'getMidName','','1','1','aa'),(1120,'setMidName','','1','8','aa'),(1121,'getLastName','','1','1','aa'),(1122,'setLastName','','1','8','aa'),(1123,'getAliasName','','1','1','aa'),(1124,'setAliasName','','1','8','aa'),(1125,'getReligionCode','','1','1','aa'),(1126,'setReligionCode','','1','8','aa'),(1127,'getChildCount','','1',NULL,'aa'),(1128,'setChildCount','','1','8','aa'),(1129,'getDeathDate','','1','2','aa'),(1130,'setDeathDate','','1','8','aa'),(1131,'getEmail1','','1','1','aa'),(1132,'setEmail1','','1','8','aa'),(1133,'getEmail2','','1','1','aa'),(1134,'setEmail2','','1','8','aa'),(1135,'getQq','','1','1','aa'),(1136,'setQq','','1','8','aa'),(1137,'getWeixin','','1','1','aa'),(1138,'setWeixin','','1','8','aa'),(1139,'getWeibo','','1','1','aa'),(1140,'setWeibo','','1','8','aa'),(1141,'getWeb','','1','1','aa'),(1142,'setWeb','','1','8','aa'),(1143,'setLevel','','1','8','aa'),(1144,'getLevel','','1','1','aa'),(1145,'getWeight','','1','5','aa'),(1146,'getStatus','','1','1','aa'),(1147,'setStatus','','1','8','aa'),(1148,'getCustomerId','','1',NULL,'aa'),(1149,'setCustomerId','','1','8','aa'),(1150,'getNationality','','1','1','aa'),(1151,'setNationality','','1','8','aa'),(1152,'getSmoking','','1','1','aa'),(1153,'setSmoking','','1','8','aa'),(1154,'calcAgeAndDay','','1','4','aa'),(1155,'calcAgeAndDay','','1','4','aa'),(1156,'calcAgeAndDay','','1','4','aa'),(1157,'calcAgeAndDay','','1','4','aa'),(1158,'getBirthday','','1','2','aa'),(1159,'setBirthday','','1','8','aa'),(1160,'getJobCode','','1','1','aa'),(1161,'setJobCode','','1','8','aa'),(1162,'getCertiCode','','1','1','aa'),(1163,'setCertiCode','','1','8','aa'),(1164,'getCertiType','','1','1','aa'),(1165,'setCertiType','','1','8','aa'),(1166,'getGender','','1','1','aa'),(1167,'setGender','','1','8','aa'),(1168,'getName','','1','1','aa'),(1169,'setName','','1','8','aa'),(1170,'getGlobalCustId','','1',NULL,'bb'),(1171,'setGlobalCustId','','1','8','bb'),(1172,'getPropsoalAddress','','1',NULL,'bb'),(1173,'setPropsoalAddress','','1','8','bb'),(1174,'getPartitionIndi','','1',NULL,'bb'),(1175,'setPartitionIndi','','1','8','bb'),(1176,'setOrganId','','1','8','bb'),(1177,'getOrganId','','1',NULL,'bb'),(1178,'getCertiValidStartDate','','1','2','bb'),(1179,'setCertiValidStartDate','','1','8','bb'),(1180,'getCertiValidEndDate','','1','2','bb'),(1181,'setCertiValidEndDate','','1','8','bb'),(1182,'getMarriageId','','1','1','bb'),(1183,'setMarriageId','','1','8','bb'),(1184,'getEducationId','','1','1','bb'),(1185,'setEducationId','','1','8','bb'),(1186,'getHeight','','1','5','bb'),(1187,'setHeight','','1','8','bb'),(1188,'setWeight','','1','8','bb'),(1189,'getIncome','','1',NULL,'bb'),(1190,'setIncome','','1','8','bb'),(1191,'getNationality','','1','1','bb'),(1192,'setNationality','','1','8','bb'),(1193,'getCompanyName','','1','1','bb'),(1194,'setCompanyName','','1','8','bb'),(1195,'getJobName','','1','1','bb'),(1196,'setJobName','','1','8','bb'),(1197,'getIndustryId','','1','1','bb'),(1198,'setIndustryId','','1','8','bb'),(1199,'getJobCateId','','1','1','bb'),(1200,'setJobCateId','','1','8','bb'),(1201,'getCompanyKind','','1','1','bb'),(1202,'setCompanyKind','','1','8','bb'),(1203,'getAcademicTitle','','1','1','bb'),(1204,'setAcademicTitle','','1','8','bb'),(1205,'getSmoking','','1','1','bb'),(1206,'setSmoking','','1','8','bb'),(1207,'getSocialSecurityNumber','','1','1','bb'),(1208,'setSocialSecurityNumber','','1','8','bb'),(1209,'getIsRetired','','1','1','bb'),(1210,'setIsRetired','','1','8','bb'),(1211,'getAddressId','','1',NULL,'bb'),(1212,'setAddressId','','1','8','bb'),(1213,'getMobile','','1','1','bb'),(1214,'setMobile','','1','8','bb'),(1215,'getOfficeTel','','1','1','bb'),(1216,'setOfficeTel','','1','8','bb'),(1217,'getHomeTel','','1','1','bb'),(1218,'setHomeTel','','1','8','bb'),(1219,'getFax','','1','1','bb'),(1220,'setFax','','1','8','bb'),(1221,'getFirstName','','1','1','bb'),(1222,'setFirstName','','1','8','bb'),(1223,'getMidName','','1','1','bb'),(1224,'setMidName','','1','8','bb'),(1225,'getLastName','','1','1','bb'),(1226,'setLastName','','1','8','bb'),(1227,'getAliasName','','1','1','bb'),(1228,'setAliasName','','1','8','bb'),(1229,'getReligionCode','','1','1','bb'),(1230,'setReligionCode','','1','8','bb'),(1231,'getChildCount','','1',NULL,'bb'),(1232,'setChildCount','','1','8','bb'),(1233,'getDeathDate','','1','2','bb'),(1234,'setDeathDate','','1','8','bb'),(1235,'getEmail1','','1','1','bb'),(1236,'setEmail1','','1','8','bb'),(1237,'getEmail2','','1','1','bb'),(1238,'setEmail2','','1','8','bb'),(1239,'getQq','','1','1','bb'),(1240,'setQq','','1','8','bb'),(1241,'getWeixin','','1','1','bb'),(1242,'setWeixin','','1','8','bb'),(1243,'getWeibo','','1','1','bb'),(1244,'setWeibo','','1','8','bb'),(1245,'getWeb','','1','1','bb'),(1246,'setWeb','','1','8','bb'),(1247,'setLevel','','1','8','bb'),(1248,'getLevel','','1','1','bb'),(1249,'getWeight','','1','5','bb'),(1250,'getStatus','','1','1','bb'),(1251,'setStatus','','1','8','bb'),(1252,'getCustomerId','','1',NULL,'bb'),(1253,'setCustomerId','','1','8','bb'),(1254,'getNationality','','1','1','bb'),(1255,'setNationality','','1','8','bb'),(1256,'getSmoking','','1','1','bb'),(1257,'setSmoking','','1','8','bb'),(1258,'calcAgeAndDay','','1','4','bb'),(1259,'calcAgeAndDay','','1','4','bb'),(1260,'calcAgeAndDay','','1','4','bb'),(1261,'calcAgeAndDay','','1','4','bb'),(1262,'getBirthday','','1','2','bb'),(1263,'setBirthday','','1','8','bb'),(1264,'getJobCode','','1','1','bb'),(1265,'setJobCode','','1','8','bb'),(1266,'getCertiCode','','1','1','bb'),(1267,'setCertiCode','','1','8','bb'),(1268,'getCertiType','','1','1','bb'),(1269,'setCertiType','','1','8','bb'),(1270,'getGender','','1','1','bb'),(1271,'setGender','','1','8','bb'),(1272,'getName','','1','1','bb'),(1273,'setName','','1','8','bb'),(1274,'getGlobalCustId','','1',NULL,'1'),(1275,'setGlobalCustId','','1','8','1'),(1276,'getPartitionIndi','','1',NULL,'1'),(1277,'setPartitionIndi','','1','8','1'),(1278,'getPropsoalAddress','','1',NULL,'1'),(1279,'setPropsoalAddress','','1','8','1'),(1280,'setOrganId','','1','8','1'),(1281,'getOrganId','','1',NULL,'1'),(1282,'getCertiValidStartDate','','1','2','1'),(1283,'setCertiValidStartDate','','1','8','1'),(1284,'getCertiValidEndDate','','1','2','1'),(1285,'setCertiValidEndDate','','1','8','1'),(1286,'getMarriageId','','1','1','1'),(1287,'setMarriageId','','1','8','1'),(1288,'getEducationId','','1','1','1'),(1289,'setEducationId','','1','8','1'),(1290,'getHeight','','1','5','1'),(1291,'setHeight','','1','8','1'),(1292,'setWeight','','1','8','1'),(1293,'getIncome','','1',NULL,'1'),(1294,'setIncome','','1','8','1'),(1295,'getNationality','','1','1','1'),(1296,'setNationality','','1','8','1'),(1297,'getCompanyName','','1','1','1'),(1298,'setCompanyName','','1','8','1'),(1299,'getJobName','','1','1','1'),(1300,'setJobName','','1','8','1'),(1301,'getIndustryId','','1','1','1'),(1302,'setIndustryId','','1','8','1'),(1303,'getJobCateId','','1','1','1'),(1304,'setJobCateId','','1','8','1'),(1305,'getCompanyKind','','1','1','1'),(1306,'setCompanyKind','','1','8','1'),(1307,'getAcademicTitle','','1','1','1'),(1308,'setAcademicTitle','','1','8','1'),(1309,'getSmoking','','1','1','1'),(1310,'setSmoking','','1','8','1'),(1311,'getSocialSecurityNumber','','1','1','1'),(1312,'setSocialSecurityNumber','','1','8','1'),(1313,'getIsRetired','','1','1','1'),(1314,'setIsRetired','','1','8','1'),(1315,'getAddressId','','1',NULL,'1'),(1316,'setAddressId','','1','8','1'),(1317,'getMobile','','1','1','1'),(1318,'setMobile','','1','8','1'),(1319,'getOfficeTel','','1','1','1'),(1320,'setOfficeTel','','1','8','1'),(1321,'getHomeTel','','1','1','1'),(1322,'setHomeTel','','1','8','1'),(1323,'getFax','','1','1','1'),(1324,'setFax','','1','8','1'),(1325,'getFirstName','','1','1','1'),(1326,'setFirstName','','1','8','1'),(1327,'getMidName','','1','1','1'),(1328,'setMidName','','1','8','1'),(1329,'getLastName','','1','1','1'),(1330,'setLastName','','1','8','1'),(1331,'getAliasName','','1','1','1'),(1332,'setAliasName','','1','8','1'),(1333,'getReligionCode','','1','1','1'),(1334,'setReligionCode','','1','8','1'),(1335,'getChildCount','','1',NULL,'1'),(1336,'setChildCount','','1','8','1'),(1337,'getDeathDate','','1','2','1'),(1338,'setDeathDate','','1','8','1'),(1339,'getEmail1','','1','1','1'),(1340,'setEmail1','','1','8','1'),(1341,'getEmail2','','1','1','1'),(1342,'setEmail2','','1','8','1'),(1343,'getQq','','1','1','1'),(1344,'setQq','','1','8','1'),(1345,'getWeixin','','1','1','1'),(1346,'setWeixin','','1','8','1'),(1347,'getWeibo','','1','1','1'),(1348,'setWeibo','','1','8','1'),(1349,'getWeb','','1','1','1'),(1350,'setWeb','','1','8','1'),(1351,'setLevel','','1','8','1'),(1352,'getLevel','','1','1','1'),(1353,'getWeight','','1','5','1'),(1354,'getStatus','','1','1','1'),(1355,'setStatus','','1','8','1'),(1356,'getCustomerId','','1',NULL,'1'),(1357,'setCustomerId','','1','8','1'),(1358,'getNationality','','1','1','1'),(1359,'setNationality','','1','8','1'),(1360,'getSmoking','','1','1','1'),(1361,'setSmoking','','1','8','1'),(1362,'calcAgeAndDay','','1','4','1'),(1363,'calcAgeAndDay','','1','4','1'),(1364,'calcAgeAndDay','','1','4','1'),(1365,'calcAgeAndDay','','1','4','1'),(1366,'getBirthday','','1','2','1'),(1367,'setBirthday','','1','8','1'),(1368,'getJobCode','','1','1','1'),(1369,'setJobCode','','1','8','1'),(1370,'getCertiCode','','1','1','1'),(1371,'setCertiCode','','1','8','1'),(1372,'getCertiType','','1','1','1'),(1373,'setCertiType','','1','8','1'),(1374,'getGender','','1','1','1'),(1375,'setGender','','1','8','1'),(1376,'getName','','1','1','1'),(1377,'setName','','1','8','1'),(1378,'getGlobalCustId','','1',NULL,'ss001'),(1379,'setGlobalCustId','','1','8','ss001'),(1380,'getPartitionIndi','','1',NULL,'ss001'),(1381,'setPartitionIndi','','1','8','ss001'),(1382,'getPropsoalAddress','','1',NULL,'ss001'),(1383,'setPropsoalAddress','','1','8','ss001'),(1384,'setOrganId','','1','8','ss001'),(1385,'getOrganId','','1',NULL,'ss001'),(1386,'setCertiValidEndDate','','1','8','ss001'),(1387,'setMarriageId','','1','8','ss001'),(1388,'getEducationId','','1','1','ss001'),(1389,'setEducationId','','1','8','ss001'),(1390,'getHeight','','1','5','ss001'),(1391,'setHeight','','1','8','ss001'),(1392,'setWeight','','1','8','ss001'),(1393,'getIncome','','1',NULL,'ss001'),(1394,'setIncome','','1','8','ss001'),(1395,'getNationality','','1','1','ss001'),(1396,'setNationality','','1','8','ss001'),(1397,'getCompanyName','','1','1','ss001'),(1398,'setCompanyName','','1','8','ss001'),(1399,'getJobName','','1','1','ss001'),(1400,'setJobName','','1','8','ss001'),(1401,'getIndustryId','','1','1','ss001'),(1402,'setIndustryId','','1','8','ss001'),(1403,'getJobCateId','','1','1','ss001'),(1404,'setJobCateId','','1','8','ss001'),(1405,'getCompanyKind','','1','1','ss001'),(1406,'setCompanyKind','','1','8','ss001'),(1407,'getAcademicTitle','','1','1','ss001'),(1408,'setAcademicTitle','','1','8','ss001'),(1409,'getSmoking','','1','1','ss001'),(1410,'setSmoking','','1','8','ss001'),(1411,'getSocialSecurityNumber','','1','1','ss001'),(1412,'setSocialSecurityNumber','','1','8','ss001'),(1413,'getIsRetired','','1','1','ss001'),(1414,'setIsRetired','','1','8','ss001'),(1415,'getAddressId','','1',NULL,'ss001'),(1416,'setAddressId','','1','8','ss001'),(1417,'getMobile','','1','1','ss001'),(1418,'setMobile','','1','8','ss001'),(1419,'getOfficeTel','','1','1','ss001'),(1420,'setOfficeTel','','1','8','ss001'),(1421,'getHomeTel','','1','1','ss001'),(1422,'setHomeTel','','1','8','ss001'),(1423,'getFax','','1','1','ss001'),(1424,'setFax','','1','8','ss001'),(1425,'getFirstName','','1','1','ss001'),(1426,'setFirstName','','1','8','ss001'),(1427,'getMidName','','1','1','ss001'),(1428,'setMidName','','1','8','ss001'),(1429,'getLastName','','1','1','ss001'),(1430,'setLastName','','1','8','ss001'),(1431,'getAliasName','','1','1','ss001'),(1432,'setAliasName','','1','8','ss001'),(1433,'getReligionCode','','1','1','ss001'),(1434,'setReligionCode','','1','8','ss001'),(1435,'getChildCount','','1',NULL,'ss001'),(1436,'setChildCount','','1','8','ss001'),(1437,'getDeathDate','','1','2','ss001'),(1438,'setDeathDate','','1','8','ss001'),(1439,'getEmail1','','1','1','ss001'),(1440,'setEmail1','','1','8','ss001'),(1441,'getEmail2','','1','1','ss001'),(1442,'setEmail2','','1','8','ss001'),(1443,'getQq','','1','1','ss001'),(1444,'setQq','','1','8','ss001'),(1445,'getWeixin','','1','1','ss001'),(1446,'setWeixin','','1','8','ss001'),(1447,'getWeibo','','1','1','ss001'),(1448,'setWeibo','','1','8','ss001'),(1449,'getWeb','','1','1','ss001'),(1450,'setWeb','','1','8','ss001'),(1451,'getCertiValidStartDate','','1','2','ss001'),(1452,'setCertiValidStartDate','','1','8','ss001'),(1453,'getCertiValidEndDate','','1','2','ss001'),(1454,'getMarriageId','','1','1','ss001'),(1455,'setLevel','','1','8','ss001'),(1456,'getLevel','','1','1','ss001'),(1457,'getWeight','','1','5','ss001'),(1458,'getStatus','','1','1','ss001'),(1459,'setStatus','','1','8','ss001'),(1460,'getCustomerId','','1',NULL,'ss001'),(1461,'setCustomerId','','1','8','ss001'),(1462,'getNationality','','1','1','ss001'),(1463,'setNationality','','1','8','ss001'),(1464,'getSmoking','','1','1','ss001'),(1465,'setSmoking','','1','8','ss001'),(1466,'calcAgeAndDay','','1','4','ss001'),(1467,'calcAgeAndDay','','1','4','ss001'),(1468,'calcAgeAndDay','','1','4','ss001'),(1469,'calcAgeAndDay','','1','4','ss001'),(1470,'setBirthday','','1','8','ss001'),(1471,'getJobCode','','1','1','ss001'),(1472,'setJobCode','','1','8','ss001'),(1473,'getCertiCode','','1','1','ss001'),(1474,'setCertiCode','','1','8','ss001'),(1475,'getCertiType','','1','1','ss001'),(1476,'setCertiType','','1','8','ss001'),(1477,'getBirthday','','1','2','ss001'),(1478,'getGender','','1','1','ss001'),(1479,'setGender','','1','8','ss001'),(1480,'getName','','1','1','ss001'),(1481,'setName','','1','8','ss001');
/*!40000 ALTER TABLE `t_conf_domain_object_opera` ENABLE KEYS */;
UNLOCK TABLES;

--
-- Table structure for table `t_conf_factor`
--

DROP TABLE IF EXISTS `t_conf_factor`;
/*!40101 SET @saved_cs_client     = @@character_set_client */;
/*!40101 SET character_set_client = utf8 */;
CREATE TABLE `t_conf_factor` (
  `FACTOR_ID` varchar(32) COLLATE utf8_bin NOT NULL COMMENT '因子id FACTOR_ID',
  `FIELD_ID` bigint(20) DEFAULT NULL COMMENT '属性ID',
  `TOPIC_CODE` varchar(20) COLLATE utf8_bin DEFAULT NULL COMMENT '主题CODE',
  `PROD_LINE_CODE` char(2) COLLATE utf8_bin DEFAULT NULL COMMENT '产品线代码',
  `FACTOR_LABEL` varchar(200) COLLATE utf8_bin NOT NULL COMMENT '因子标签',
  `FACTOR_NAME` varchar(200) COLLATE utf8_bin DEFAULT NULL COMMENT '因子名称，将来作为字段名称',
  `DATA_TYPE` char(5) COLLATE utf8_bin DEFAULT NULL COMMENT '数据类型',
  `DATA_LENGTH` int(11) DEFAULT NULL COMMENT '数据长度',
  `DATA_PRECISION` int(11) DEFAULT NULL COMMENT '数据精度',
  `DATA_FORMAT` varchar(200) COLLATE utf8_bin DEFAULT NULL COMMENT '数据格式',
  `DATA_CHECKER` varchar(200) COLLATE utf8_bin DEFAULT NULL COMMENT '数据格式校验(el表达式)',
  `CREATED_BY` bigint(20) DEFAULT NULL COMMENT '创建人',
  `CREATE_TIME` datetime DEFAULT CURRENT_TIMESTAMP COMMENT '创建时间',
  `UPDATE_BY` bigint(20) DEFAULT NULL COMMENT '更新记录人',
  `UPDATE_TIME` datetime NOT NULL DEFAULT CURRENT_TIMESTAMP ON UPDATE CURRENT_TIMESTAMP COMMENT '更新记录时间',
  PRIMARY KEY (`FACTOR_ID`),
  KEY `FK_CONF_FACTOR__PROD_LINE` (`PROD_LINE_CODE`),
  KEY `FK_CONF_FACTOR__TOPIC` (`TOPIC_CODE`),
  KEY `FK_DOMAIN_FACTOR__DOMAIN_OBJ_FIELD` (`FIELD_ID`),
  CONSTRAINT `FK_CONF_FACTOR__PROD_LINE` FOREIGN KEY (`PROD_LINE_CODE`) REFERENCES `t_product_line` (`PROD_LINE_CODE`),
  CONSTRAINT `FK_CONF_FACTOR__TOPIC` FOREIGN KEY (`TOPIC_CODE`) REFERENCES `t_conf_topic` (`TOPIC_CODE`),
  CONSTRAINT `FK_DOMAIN_FACTOR__DOMAIN_OBJ_FIELD` FOREIGN KEY (`FIELD_ID`) REFERENCES `t_conf_domain_object_field` (`FIELD_ID`)
) ENGINE=InnoDB DEFAULT CHARSET=utf8 COLLATE=utf8_bin COMMENT='公共因子定义';
/*!40101 SET character_set_client = @saved_cs_client */;

--
-- Dumping data for table `t_conf_factor`
--

LOCK TABLES `t_conf_factor` WRITE;
/*!40000 ALTER TABLE `t_conf_factor` DISABLE KEYS */;
INSERT INTO `t_conf_factor` VALUES ('077be3acdc4111e5bebb6c92bf178e06',167,'PREM_CAL','LF','性别','gender','1',12,NULL,'F/M','',NULL,'2016-02-26 12:25:56',NULL,'2016-04-26 13:35:17'),('0ead472911d111e687e06c92bf178e06',NULL,'PREM_CAL','LF','有无社保','HAS_SOCIAL_SECURITY','1',10,NULL,'Y/N','',NULL,'2016-05-04 16:20:27',NULL,'2016-05-04 16:20:27'),('264fc16ddc4811e5bebb6c92bf178e06',167,'PREM_CAL','LF','P_marriageId','投保人是否已婚','1',1,NULL,'Y/N','',NULL,'2016-02-26 13:16:54',NULL,'2016-02-26 13:16:54'),('2c754c02dc3f11e5bebb6c92bf178e06',209,'PREM_CAL','LF','UNITS','投保份数','5',6,NULL,'#000000','',NULL,'2016-02-26 12:12:39',NULL,'2016-02-26 12:12:39'),('4e661cf50dab11e687e06c92bf178e06',NULL,'PREM_CAL','LF','无医保',' NO HEALTH','1',6,NULL,'xxxxxx','',NULL,'2016-04-29 09:40:08',NULL,'2016-04-29 09:40:08'),('619a30b7dc5011e5bebb6c92bf178e06',208,'PREM_CAL','LF','SA','现在保额','5',12,NULL,'#000000000000','',NULL,'2016-02-26 14:15:49',NULL,'2016-02-26 14:15:49'),('7811ca930dab11e687e06c92bf178e06',NULL,'PREM_CAL','LF','有医保','HEALTH','1',6,NULL,'xxxxxx','',NULL,'2016-04-29 09:41:18',NULL,'2016-04-29 09:41:18'),('88144181060211e687e06c92bf178e06',NULL,'PREM_CAL','LF','age of insured','被保人年龄','4',3,NULL,'000','',NULL,'2016-04-19 15:44:22',NULL,'2016-04-19 15:44:22'),('a4e2883c10fd11e687e06c92bf178e06',NULL,'PREM_CAL','LF','保障期限类型','COVERAGE_PERIOD_TYPE','1',10,NULL,'1','',NULL,'2016-05-03 15:07:06',NULL,'2016-05-03 15:13:27'),('a6cf304bdc3f11e5bebb6c92bf178e06',161,'PREM_CAL','LF','GENDER','投保人年龄','1',1,NULL,'F/M','',NULL,'2016-02-26 12:16:04',NULL,'2016-02-26 12:16:04'),('c02be68f11db11e687e06c92bf178e06',NULL,'PREM_CAL','LF','职业类别','JOB_CATEGORY','5',12,4,'10','',NULL,'2016-05-04 17:37:00',NULL,'2016-05-12 09:28:18'),('cc3162d80df211e687e06c92bf178e06',NULL,'PREM_CAL','LF','社保','SOCIAL','1',4,NULL,'有','',NULL,'2016-04-29 18:11:54',NULL,'2016-04-29 18:13:26'),('d65eec3010fd11e687e06c92bf178e06',NULL,'PREM_CAL','LF','保障期限值','COVERAGE_PERIOD_VALUE','4',10,NULL,'10','',NULL,'2016-05-03 15:08:29',NULL,'2016-05-03 15:13:53'),('db3e74a6060c11e687e06c92bf178e06',NULL,'PREM_CAL','LF','被保人年龄','AGE','4',5,NULL,'000','',NULL,'2016-04-19 16:58:16',NULL,'2016-04-20 09:44:21'),('dcbec339f7af11e587e06c92bf178e06',NULL,'PREM_CAL','LF','SA','现在保额','5',12,NULL,'#000000000000','',NULL,'2016-04-01 10:17:19',NULL,'2016-04-01 10:18:28'),('e08f60a0dc3e11e5bebb6c92bf178e06',113,'PREM_CAL','LF','I_weight','被保人体重','5',3,2,'000.00','',NULL,'2016-02-26 12:10:31',NULL,'2016-02-26 12:24:14'),('f078256d060211e687e06c92bf178e06',NULL,'PREM_CAL','LF','档次','GRADE','4',2,NULL,'00','',NULL,'2016-04-19 15:47:17',NULL,'2016-04-19 15:56:03');
/*!40000 ALTER TABLE `t_conf_factor` ENABLE KEYS */;
UNLOCK TABLES;

--
-- Table structure for table `t_conf_formula`
--

DROP TABLE IF EXISTS `t_conf_formula`;
/*!40101 SET @saved_cs_client     = @@character_set_client */;
/*!40101 SET character_set_client = utf8 */;
CREATE TABLE `t_conf_formula` (
  `FORMULA_ID` bigint(20) NOT NULL AUTO_INCREMENT COMMENT '公式ID',
  `TOPIC_CODE` varchar(20) COLLATE utf8_bin DEFAULT NULL COMMENT '主题CODE',
  `PROD_LINE_CODE` char(2) COLLATE utf8_bin DEFAULT NULL COMMENT '产品线代码',
  `FORMULA_CODE` varchar(40) COLLATE utf8_bin DEFAULT NULL COMMENT '公式编号',
  `FORMULA_NAME` varchar(300) COLLATE utf8_bin DEFAULT NULL COMMENT '公式名称',
  `FORMULA_METHOD_NAME` varchar(300) COLLATE utf8_bin DEFAULT NULL COMMENT '对应的方法名称',
  `FORMULA_DSL` varchar(6000) COLLATE utf8_bin DEFAULT NULL COMMENT '公式描述DSL',
  `LOCKED` char(1) COLLATE utf8_bin DEFAULT NULL COMMENT '是否锁定',
  `FORMULA_BODY` varchar(6000) COLLATE utf8_bin DEFAULT NULL COMMENT '公式体',
  `SPECIAL_FORMULA_YN` char(1) COLLATE utf8_bin DEFAULT NULL COMMENT '是否定制化公式',
  `TESTED_YN` char(1) COLLATE utf8_bin DEFAULT NULL COMMENT '是否已测试',
  `LAST_UPDATE_ID` varchar(30) COLLATE utf8_bin DEFAULT NULL COMMENT '最近更新人',
  `LAST_UPDATE_TIME` datetime DEFAULT CURRENT_TIMESTAMP COMMENT '最近更新时间',
  PRIMARY KEY (`FORMULA_ID`),
  KEY `FK_CONF_FRML__PROD_LINE` (`PROD_LINE_CODE`),
  KEY `FK_FORMULA__TOPIC` (`TOPIC_CODE`),
  CONSTRAINT `FK_CONF_FRML__PROD_LINE` FOREIGN KEY (`PROD_LINE_CODE`) REFERENCES `t_product_line` (`PROD_LINE_CODE`),
  CONSTRAINT `FK_FORMULA__TOPIC` FOREIGN KEY (`TOPIC_CODE`) REFERENCES `t_conf_topic` (`TOPIC_CODE`)
) ENGINE=InnoDB AUTO_INCREMENT=79 DEFAULT CHARSET=utf8 COLLATE=utf8_bin COMMENT='计算公式表';
/*!40101 SET character_set_client = @saved_cs_client */;

--
-- Dumping data for table `t_conf_formula`
--

LOCK TABLES `t_conf_formula` WRITE;
/*!40000 ALTER TABLE `t_conf_formula` DISABLE KEYS */;
INSERT INTO `t_conf_formula` VALUES (43,'PROD_CLM_LIAB_ADJ','LF','PROD_CLM_LIAB_ADJ_F1','意外伤害残疾保险金','PROD_CLM_LIAB_ADJ_PROD_CLM_LIAB_ADJ_F1','  返回 赔付金=索赔额\r \r 若：','N','def days = ctx.getClaimCalculation().getClaimCalCase().getAssessDate() - ctx.getClaimCalculation().getClaimCalCase().getAccidentDate();\nif(days > Integer.parseInt( Integer.parseInt(ctx.getProduct().getClaim().getLiability(ctx.getClaimCalculation().getLiabId()).getLiabParam(\"accidentValidDays\"))))\n return new BigDecimal(0);\ndef rateTableName = ctx.getProduct().getFormula(ctx.getTopicCode()).getRateTableByAlias(\"T_DEFORMITY_GRADE_RATE\");\n\n//索赔额(伤残比例*保额)\ndef rate = RatetableHelper.getRate(ctx.getProductId(),rateTableName,ctx.getClaimCalculation().getClaimCalCase().getDeformityStd(),ctx.getClaimCalculation().getClaimCalCase().getDeformityGrade());\nSystem.err.println(rate);\ndef amount = Multiply.multiply(ctx.getClaimCalculation().getClaimCalCoverage().getSumAssured(),rate);\n//特定责任的历史赔付额\ndef payliabId = ctx.getProduct().getClaim().getLiability(\"意外伤害伤残保险金\").getLiabId();\ndef liabHistoryPayAmount = ctx.getClaimCalculation().getClaimCalCoverage().getLiabPayAmount(payliabId);\n\ndef tmpAmount = (BigDecimal)Add.add(amount,liabHistoryPayAmount);\nif(tmpAmount.compareTo(ctx.getClaimCalculation().getClaimCalCoverage().getSumAssured())<1){\n return amount;\n}else{\n return Subtract.subtract(ctx.getClaimCalculation().getClaimCalCoverage().getSumAssured(),liabHistoryPayAmount);\n}','N','N','400','2016-04-19 09:48:00'),(44,'PROD_CLM_LIAB_ADJ','LF','PROD_CLM_LIAB_ADJ_F2','意外伤害身故保险金','PROD_CLM_LIAB_ADJ_PROD_CLM_LIAB_ADJ_F2','单年度内【意外伤害伤残保险金】历史赔付值)','N','def days = ctx.getClaimCalculation().getClaimCalCase().getAssessDate() - ctx.getClaimCalculation().getClaimCalCase().getAccidentDate();\nif(days >  Integer.parseInt(ctx.getProduct().getClaim().getLiability(ctx.getClaimCalculation().getLiabId()).getLiabParam(\"accidentValidDays\")))\n return new BigDecimal(0);\n//保额\ndef amount = ctx.getClaimCalculation().getClaimCalCoverage().getSumAssured();\n//特定责任的历史赔付额\ndef payliabId = ctx.getProduct().getClaim().getLiability(\"意外伤害身故保险金\").getLiabId();\ndef liabHistoryPayAmount0 = ctx.getClaimCalculation().getClaimCalCoverage().getLiabPayAmount(payliabId);\npayliabId = ctx.getProduct().getClaim().getLiability(\"意外伤害伤残保险金\").getLiabId();\ndef liabHistoryPayAmount1 = ctx.getClaimCalculation().getClaimCalCoverage().getLiabPayAmount(payliabId);\ndef tmpAmount = (BigDecimal)Add.add(Add.add(amount,liabHistoryPayAmount0),liabHistoryPayAmount1);\n\nif(tmpAmount.compareTo(amount)<1){\n return amount;\n}else{\n return Subtract.subtract(amount,Add.add(liabHistoryPayAmount0,liabHistoryPayAmount1));\n}','N','N','400','2016-04-19 09:53:21'),(45,'PROD_CLM_LIAB_ADJ','LF','PROD_CLM_LIAB_ADJ__F1','意外伤害残疾保险金','PROD_CLM_LIAB_ADJ_PROD_CLM_LIAB_ADJ__F1','按保额*伤残等级对应的赔付比例-历史已赔付金额。','N','def days = ctx.getClaimCalculation().getClaimCalCase().getAssessDate() - ctx.getClaimCalculation().getClaimCalCase().getAccidentDate(); if(days >  Integer.parseInt(ctx.getProduct().getClaim().getLiability(ctx.getClaimCalculation().getLiabId()).getLiabParam(\"accidentValidDays\"))) return new BigDecimal(0); def rateTableName = ctx.getProduct().getFormula(ctx.getTopicCode()).getRateTableByAlias(\"T_DEFORMITY_GRADE_RATE\"); //索赔额(伤残比例*保额) def rate = RatetableHelper.getRate(ctx.getProductId(),rateTableName,ctx.getClaimCalculation().getClaimCalCase().getDeformityStd(),ctx.getClaimCalculation().getClaimCalCase().getDeformityGrade()); System.err.println(rate); def amount = Multiply.multiply(ctx.getClaimCalculation().getClaimCalCoverage().getSumAssured(),rate); //特定责任的历史赔付额 def payliabId = ctx.getProduct().getClaim().getLiability(\"意外伤害伤残保险金\").getLiabId(); def liabHistoryPayAmount = ctx.getClaimCalculation().getClaimCalCoverage().getLiabPayAmount(payliabId); def tmpAmount = (BigDecimal)Add.add(amount,liabHistoryPayAmount); if(tmpAmount.compareTo(ctx.getClaimCalculation().getClaimCalCoverage().getSumAssured())<1){ return amount; }else{ return Subtract.subtract(ctx.getClaimCalculation().getClaimCalCoverage().getSumAssured(),liabHistoryPayAmount); }','N','N','400','2016-05-26 14:40:53'),(46,'PROD_CLM_LIAB_ADJ','LF','PROD_CLM_LIAB_ADJ__F2','意外伤害身故保险金','PROD_CLM_LIAB_ADJ_PROD_CLM_LIAB_ADJ__F2','按保额赔付，意外身故和伤残的保险金累计赔付不超过意外身故保险金的保额。\n','N','def days = ctx.getClaimCalculation().getClaimCalCase().getAssessDate() - ctx.getClaimCalculation().getClaimCalCase().getAccidentDate(); if(days > Integer.parseInt(ctx.getProduct().getClaim().getLiability(ctx.getClaimCalculation().getLiabId()).getLiabParam(\"accidentValidDays\"))) return new BigDecimal(0); //保额 def amount = ctx.getClaimCalculation().getClaimCalCoverage().getSumAssured(); //特定责任的历史赔付额 def payliabId = ctx.getProduct().getClaim().getLiability(\"意外伤害身故保险金\").getLiabId(); def liabHistoryPayAmount0 = ctx.getClaimCalculation().getClaimCalCoverage().getLiabPayAmount(payliabId); payliabId = ctx.getProduct().getClaim().getLiability(\"意外伤害伤残保险金\").getLiabId(); def liabHistoryPayAmount1 = ctx.getClaimCalculation().getClaimCalCoverage().getLiabPayAmount(payliabId); def tmpAmount = (BigDecimal)Add.add(Add.add(amount,liabHistoryPayAmount0),liabHistoryPayAmount1); if(tmpAmount.compareTo(amount)<1){ return amount; }else{ return Subtract.subtract(amount,Add.add(liabHistoryPayAmount0,liabHistoryPayAmount1)); }','N','N','400','2016-05-04 14:50:30'),(47,'PROD_CLM_LIAB_ADJ','LF','PROD_CLM_LIAB_ADJ__F3','汽车意外伤害残疾保险金','PROD_CLM_LIAB_ADJ_PROD_CLM_LIAB_ADJ__F3','按保额*伤残等级对应的赔付比例-减去本保单年度历史赔付（汽车伤残）。','N','def days = ctx.getClaimCalculation().getClaimCalCase().getAssessDate() - ctx.getClaimCalculation().getClaimCalCase().getAccidentDate();\nif(days > Integer.parseInt(ctx.getProduct().getClaim().getLiability(ctx.getClaimCalculation().getLiabId()).getLiabParam(\"accidentValidDays\")))\n return new BigDecimal(0);\n\ndef rateTableName =ctx.getProduct().getFormula(ctx.getTopicCode()).getRateTableByAlias(\"T_DEFORMITY_GRADE_RATE\");\n//索赔额(伤残比例*保额)\ndef rate = RatetableHelper.getRate(ctx.getProductId(),rateTableName,ctx.getClaimCalculation().getClaimCalCase().getDeformityStd(),ctx.getClaimCalculation().getClaimCalCase().getDeformityGrade());\ndef amount = Multiply.multiply(ctx.getClaimCalculation().getClaimCalCoverage().getSumAssured(),rate);\n//特定责任的历史赔付额\ndef payliabId = ctx.getProduct().getClaim().getLiability(\"汽车意外伤害伤残保险金\").getLiabId();\ndef liabHistoryPayAmount = ctx.getClaimCalculation().getClaimCalCoverage().getLiabPayAmount(payliabId);\n\ndef tmpAmount = (BigDecimal)Add.add(amount,liabHistoryPayAmount);\n\nif(tmpAmount.compareTo(ctx.getClaimCalculation().getClaimCalCoverage().getSumAssured())<1){\n return amount;\n}else{\n return Subtract.subtract(ctx.getClaimCalculation().getClaimCalCoverage().getSumAssured(),liabHistoryPayAmount);\n}','N','N','400','2016-05-27 15:59:46'),(48,'PROD_CLM_LIAB_ADJ','LF','PROD_CLM_LIAB_ADJ__F4','汽车意外伤害身故保险金','PROD_CLM_LIAB_ADJ_PROD_CLM_LIAB_ADJ__F4','按保额赔付，汽车意外身故和伤残的保险金累计赔付不超过汽车意外身故保险金的保额。\n','N','def days = ctx.getClaimCalculation().getClaimCalCase().getAssessDate() - ctx.getClaimCalculation().getClaimCalCase().getAccidentDate();\nif(days > Integer.parseInt(ctx.getProduct().getClaim().getLiability(ctx.getClaimCalculation().getLiabId()).getLiabParam(\"accidentValidDays\")))\n return new BigDecimal(0);\n//保额\ndef amount = ctx.getClaimCalculation().getClaimCalCoverage().getSumAssured();\n//特定责任的历史赔付额\ndef payliabId = ctx.getProduct().getClaim().getLiability(\"汽车意外伤害身故保险金\").getLiabId();\ndef liabHistoryPayAmount0 = ctx.getClaimCalculation().getClaimCalCoverage().getLiabPayAmount(payliabId);\npayliabId = ctx.getProduct().getClaim().getLiability(\"汽车意外伤害伤残保险金\").getLiabId();\ndef liabHistoryPayAmount1 = ctx.getClaimCalculation().getClaimCalCoverage().getLiabPayAmount(payliabId);\ndef tmpAmount = (BigDecimal)Add.add(Add.add(amount,liabHistoryPayAmount0),liabHistoryPayAmount1);\n\nif(tmpAmount.compareTo(amount)<1){\n return amount;\n}else{\n return Subtract.subtract(amount,Add.add(liabHistoryPayAmount0,liabHistoryPayAmount1));\n}','N','N','400','2016-04-20 11:31:53'),(49,'PROD_CLM_LIAB_ADJ','LF','PROD_CLM_LIAB_ADJ__F5','火车意外伤害残疾保险金','PROD_CLM_LIAB_ADJ_PROD_CLM_LIAB_ADJ__F5','按保额*伤残等级对应的赔付比例减去本保单年度历史赔付（火车伤残）。','N','def days = ctx.getClaimCalculation().getClaimCalCase().getAssessDate() - ctx.getClaimCalculation().getClaimCalCase().getAccidentDate();\nif(days > Integer.parseInt( ctx.getProduct().getClaim().getLiability(ctx.getClaimCalculation().getLiabId()).getLiabParam(\"accidentValidDays\")))\n return new BigDecimal(0);\ndef rateTableName =ctx.getProduct().getFormula(ctx.getTopicCode()).getRateTableByAlias(\"T_DEFORMITY_GRADE_RATE\");\n//索赔额(伤残比例*保额)\ndef rate = RatetableHelper.getRate(ctx.getProductId(),rateTableName,ctx.getClaimCalculation().getClaimCalCase().getDeformityStd(),ctx.getClaimCalculation().getClaimCalCase().getDeformityGrade());\ndef amount = Multiply.multiply(ctx.getClaimCalculation().getClaimCalCoverage().getSumAssured(),rate);\n//特定责任的历史赔付额\ndef payliabId = ctx.getProduct().getClaim().getLiability(\"火车意外伤害伤残保险金\").getLiabId();\ndef liabHistoryPayAmount = ctx.getClaimCalculation().getClaimCalCoverage().getLiabPayAmount(payliabId);\n\ndef tmpAmount = (BigDecimal)Add.add(amount,liabHistoryPayAmount);\nif(tmpAmount.compareTo(ctx.getClaimCalculation().getClaimCalCoverage().getSumAssured())<1){\n return amount;\n}else{\n return Subtract.subtract(ctx.getClaimCalculation().getClaimCalCoverage().getSumAssured(),liabHistoryPayAmount);\n}','N','N','400','2016-05-27 16:00:08'),(50,'PROD_CLM_LIAB_ADJ','LF','PROD_CLM_LIAB_ADJ__F6','火车意外伤害身故保险金','PROD_CLM_LIAB_ADJ_PROD_CLM_LIAB_ADJ__F6','按保额赔付，火车意外身故和伤残的保险金累计赔付不超过火车意外身故保险金的保额。','N','def days = ctx.getClaimCalculation().getClaimCalCase().getAssessDate() - ctx.getClaimCalculation().getClaimCalCase().getAccidentDate();\nif(days > Integer.parseInt(ctx.getProduct().getClaim().getLiability(ctx.getClaimCalculation().getLiabId()).getLiabParam(\"accidentValidDays\")))\n return new BigDecimal(0);\n//保额\ndef amount = ctx.getClaimCalculation().getClaimCalCoverage().getSumAssured();\n//特定责任的历史赔付额\ndef payliabId = ctx.getProduct().getClaim().getLiability(\"火车意外伤害身故保险金\").getLiabId();\ndef liabHistoryPayAmount0 = ctx.getClaimCalculation().getClaimCalCoverage().getLiabPayAmount(payliabId);\npayliabId = ctx.getProduct().getClaim().getLiability(\"火车意外伤害伤残保险金\").getLiabId();\ndef liabHistoryPayAmount1 = ctx.getClaimCalculation().getClaimCalCoverage().getLiabPayAmount(payliabId);\ndef tmpAmount = (BigDecimal)Add.add(Add.add(amount,liabHistoryPayAmount0),liabHistoryPayAmount1);\n\nif(tmpAmount.compareTo(amount)<1){\n return amount;\n}else{\n return Subtract.subtract(amount,Add.add(liabHistoryPayAmount0,liabHistoryPayAmount1));\n}','N','N','400','2016-04-19 10:55:06'),(51,'PROD_CLM_LIAB_ADJ','LF','PROD_CLM_LIAB_ADJ__F7','轮船意外伤害残疾保险金','PROD_CLM_LIAB_ADJ_PROD_CLM_LIAB_ADJ__F7','按保额*伤残等级对应的赔付比例减去本保单年度历史赔付（轮船伤残）。','N','def days = ctx.getClaimCalculation().getClaimCalCase().getAssessDate() - ctx.getClaimCalculation().getClaimCalCase().getAccidentDate();\nif(days >  Integer.parseInt(ctx.getProduct().getClaim().getLiability(ctx.getClaimCalculation().getLiabId()).getLiabParam(\"accidentValidDays\")))\n return new BigDecimal(0);\ndef rateTableName =ctx.getProduct().getFormula(ctx.getTopicCode()).getRateTableByAlias(\"T_DEFORMITY_GRADE_RATE\");\n//索赔额(伤残比例*保额)\ndef rate = RatetableHelper.getRate(ctx.getProductId(),rateTableName,ctx.getClaimCalculation().getClaimCalCase().getDeformityStd(),ctx.getClaimCalculation().getClaimCalCase().getDeformityGrade());\ndef amount = Multiply.multiply(ctx.getClaimCalculation().getClaimCalCoverage().getSumAssured(),rate);\n//特定责任的历史赔付额\ndef payliabId = ctx.getProduct().getClaim().getLiability(\"轮船意外伤害伤残保险金\").getLiabId();\ndef liabHistoryPayAmount = ctx.getClaimCalculation().getClaimCalCoverage().getLiabPayAmount(payliabId);\n\ndef tmpAmount = (BigDecimal)Add.add(amount,liabHistoryPayAmount);\nif(tmpAmount.compareTo(ctx.getClaimCalculation().getClaimCalCoverage().getSumAssured())<1){\n return amount;\n}else{\n return Subtract.subtract(ctx.getClaimCalculation().getClaimCalCoverage().getSumAssured(),liabHistoryPayAmount);\n}','N','N','400','2016-05-27 16:00:38'),(52,'PROD_CLM_LIAB_ADJ','LF','PROD_CLM_LIAB_ADJ__F8','轮船意外伤害身故保险金','PROD_CLM_LIAB_ADJ_PROD_CLM_LIAB_ADJ__F8','按保额赔付，轮船意外身故和伤残的保险金累计赔付不超过轮船意外身故保险金的保额。','N','def days = ctx.getClaimCalculation().getClaimCalCase().getAssessDate() - ctx.getClaimCalculation().getClaimCalCase().getAccidentDate();\nif(days >  Integer.parseInt(ctx.getProduct().getClaim().getLiability(ctx.getClaimCalculation().getLiabId()).getLiabParam(\"accidentValidDays\")))\n return new BigDecimal(0);\n//保额\ndef amount = ctx.getClaimCalculation().getClaimCalCoverage().getSumAssured();\n//特定责任的历史赔付额\ndef payliabId = ctx.getProduct().getClaim().getLiability(\"轮船意外伤害身故保险金\").getLiabId();\ndef liabHistoryPayAmount0 = ctx.getClaimCalculation().getClaimCalCoverage().getLiabPayAmount(payliabId);\npayliabId = ctx.getProduct().getClaim().getLiability(\"轮船意外伤害伤残保险金\").getLiabId();\ndef liabHistoryPayAmount1 = ctx.getClaimCalculation().getClaimCalCoverage().getLiabPayAmount(payliabId);\ndef tmpAmount = (BigDecimal)Add.add(Add.add(amount,liabHistoryPayAmount0),liabHistoryPayAmount1);\n\nif(tmpAmount.compareTo(amount)<1){\n return amount;\n}else{\n return Subtract.subtract(amount,Add.add(liabHistoryPayAmount0,liabHistoryPayAmount1));\n}','N','N','400','2016-04-19 10:57:26'),(53,'PROD_CLM_LIAB_ADJ','LF','PROD_CLM_LIAB_ADJ__F9','航空意外伤害残疾保险金','PROD_CLM_LIAB_ADJ_PROD_CLM_LIAB_ADJ__F9','按保额*伤残等级对应的赔付比例减去本保单年度历史赔付（航空伤残）。','N','def days = ctx.getClaimCalculation().getClaimCalCase().getAssessDate() - ctx.getClaimCalculation().getClaimCalCase().getAccidentDate();\nif(days >  Integer.parseInt(ctx.getProduct().getClaim().getLiability(ctx.getClaimCalculation().getLiabId()).getLiabParam(\"accidentValidDays\")))\n return new BigDecimal(0);\ndef rateTableName =ctx.getProduct().getFormula(ctx.getTopicCode()).getRateTableByAlias(\"T_DEFORMITY_GRADE_RATE\");\n//索赔额(伤残比例*保额)\ndef rate = RatetableHelper.getRate(ctx.getProductId(),rateTableName,ctx.getClaimCalculation().getClaimCalCase().getDeformityStd(),ctx.getClaimCalculation().getClaimCalCase().getDeformityGrade());\ndef amount = Multiply.multiply(ctx.getClaimCalculation().getClaimCalCoverage().getSumAssured(),rate);\n//特定责任的历史赔付额\ndef payliabId = ctx.getProduct().getClaim().getLiability(\"航空意外伤害伤残保险金\").getLiabId();\ndef liabHistoryPayAmount = ctx.getClaimCalculation().getClaimCalCoverage().getLiabPayAmount(payliabId);\n\ndef tmpAmount = (BigDecimal)Add.add(amount,liabHistoryPayAmount);\nif(tmpAmount.compareTo(ctx.getClaimCalculation().getClaimCalCoverage().getSumAssured())<1){\n return amount;\n}else{\n return Subtract.subtract(ctx.getClaimCalculation().getClaimCalCoverage().getSumAssured(),liabHistoryPayAmount);\n}','N','N','400','2016-05-27 16:01:11'),(54,'PROD_CLM_LIAB_ADJ','LF','PROD_CLM_LIAB_ADJ__F10','航空意外伤害身故保险金','PROD_CLM_LIAB_ADJ_PROD_CLM_LIAB_ADJ__F10','按保额赔付，航空意外身故和伤残的保险金累计赔付不超过火车意外身故保险金的保额。','N','def days = ctx.getClaimCalculation().getClaimCalCase().getAssessDate() - ctx.getClaimCalculation().getClaimCalCase().getAccidentDate();\nif(days >  Integer.parseInt(ctx.getProduct().getClaim().getLiability(ctx.getClaimCalculation().getLiabId()).getLiabParam(\"accidentValidDays\")))\n return new BigDecimal(0);\n//保额\ndef amount = ctx.getClaimCalculation().getClaimCalCoverage().getSumAssured();\n//特定责任的历史赔付额\ndef payliabId = ctx.getProduct().getClaim().getLiability(\"航空意外伤害身故保险金\").getLiabId();\ndef liabHistoryPayAmount0 = ctx.getClaimCalculation().getClaimCalCoverage().getLiabPayAmount(payliabId);\npayliabId = ctx.getProduct().getClaim().getLiability(\"航空意外伤害伤残保险金\").getLiabId();\ndef liabHistoryPayAmount1 = ctx.getClaimCalculation().getClaimCalCoverage().getLiabPayAmount(payliabId);\ndef tmpAmount = (BigDecimal)Add.add(Add.add(amount,liabHistoryPayAmount0),liabHistoryPayAmount1);\n\nif(tmpAmount.compareTo(amount)<1){\n return amount;\n}else{\n return Subtract.subtract(amount,Add.add(liabHistoryPayAmount0,liabHistoryPayAmount1));\n}','N','N','400','2016-04-19 11:00:43'),(55,'PROD_CLM_LIAB_ADJ','LF','PROD_CLM_LIAB_ADJ__F12','骨折住院津贴','PROD_CLM_LIAB_ADJ_PROD_CLM_LIAB_ADJ__F12','每次轻度骨折住院津贴','N','def days = ctx.getClaimCalculation().getClaimCalCase().getTreatmentDate() - ctx.getClaimCalculation().getClaimCalCase().getAccidentDate();\nif(days >  Integer.parseInt(ctx.getProduct().getClaim().getLiability(ctx.getClaimCalculation().getLiabId()).getLiabParam(\"accidentValidDays\")))\n return new BigDecimal(0);\n//骨密度津贴\ndef singleAllowance = DataConvert.getBigDecimal(ctx.getProduct().getClaim().getLiability(ctx.getClaimCalculation().getLiabId()).getLiabParam(\"singleAllowance\"));\n//特定责任的历史赔付额\ndef payliabId = ctx.getProduct().getClaim().getLiability(\"骨密度检测津贴\").getLiabId();\ndef liabHistoryPayAmount = ctx.getClaimCalculation().getClaimCalCoverage().getLiabPayAmount(payliabId);\n//保额\ndef sumAssured = ctx.getClaimCalculation().getClaimCalCoverage().getSumAssured();\nif(singleAllowance.add(liabHistoryPayAmount).compareTo(sumAssured)<1){\n return singleAllowance;\n}else{\n return sumAssured.subtract(liabHistoryPayAmount);\n}','N','N','400','2016-04-19 11:02:25'),(56,'PROD_CLM_LIAB_ADJ','LF','PROD_CLM_LIAB_ADJ__F13','紧急医疗运送和运返费用补偿金','PROD_CLM_LIAB_ADJ_PROD_CLM_LIAB_ADJ__F13','按实际发生费用给付，累计最高不超过保额','N','//索赔额\ndef outstandingAmount = ctx.getClaimCalculation().getClaimCalCase().getOutstandingAmount();\n//保额\ndef sumAssured = ctx.getClaimCalculation().getClaimCalCoverage().getSumAssured();\nif(outstandingAmount.compareTo(sumAssured)<1){\n return outstandingAmount;\n}else{\n return sumAssured;\n}','N','N','400','2016-05-26 14:15:57'),(57,'PROD_CLM_LIAB_ADJ','LF','PROD_CLM_LIAB_ADJ__F14','航班延误赔偿金','PROD_CLM_LIAB_ADJ_PROD_CLM_LIAB_ADJ__F14','保额','N','无','N','N','400','2016-04-19 11:22:37'),(58,'PROD_CLM_LIAB_ADJ','LF','PROD_CLM_LIAB_ADJ__F15','托运行李丢失赔偿金','PROD_CLM_LIAB_ADJ_PROD_CLM_LIAB_ADJ__F15','保额\n','N','无','N','N','400','2016-04-19 11:28:55'),(59,'PROD_CLM_LIAB_ADJ','LF','PROD_CLM_LIAB_ADJ__F16','慰问探访交通费用补偿、津贴金','PROD_CLM_LIAB_ADJ_PROD_CLM_LIAB_ADJ__F16','按实际发生费用给付，累计最高不超过保额','N','//亲属往返交通补贴\ndef arriveToLeaveFee = ctx.getClaimCalculation().getClaimCalCase().getArriveToLeaveFee();\n//保额\ndef sumAssured = ctx.getClaimCalculation().getClaimCalCoverage().getSumAssured();\nif(arriveToLeaveFee.compareTo(sumAssured)<1){\n return arriveToLeaveFee;\n}else{\n return sumAssured;\n}','N','N','400','2016-05-26 14:16:34'),(60,'PROD_CLM_LIAB_ADJ','LF','PROD_CLM_LIAB_ADJ__F17','意外医疗费用补偿','PROD_CLM_LIAB_ADJ_PROD_CLM_LIAB_ADJ__F17','扣除次100免赔后按80%的给付比例赔付','N',' def frequencyDeductibleAmount = DataConvert.getBigDecimal(ctx.getProduct().getClaim().getLiability(ctx.getClaimCalculation().getLiabId()).getLiabParam(\"frequencyDeductibleAmount\"));\ndef historyDeductibleAmount = ctx.getClaimCalculation().getClaimCalCoverage().getLiabDeductibleAmountt(ctx.getClaimCalculation().getLiabId());\ndef tmpAmount = frequencyDeductibleAmount.subtract(historyDeductibleAmount).max(new BigDecimal(0));\n//索赔额\ndef outstandingAmount = ctx.getClaimCalculation().getClaimCalCase().getOutstandingAmount();\n//赔付比例\ndef compensationRatio = DataConvert.getBigDecimal(ctx.getProduct().getClaim().getLiability(ctx.getClaimCalculation().getLiabId()).getLiabParam(\"compensationRatio\"));\n//保额\ndef sumAssured = ctx.getClaimCalculation().getClaimCalCoverage().getSumAssured();\n//特定责任的历史赔付额\ndef payliabId = ctx.getClaimCalculation().getLiabId();\ndef liabHistoryPayAmount = ctx.getClaimCalculation().getClaimCalCoverage().getLiabPayAmount(payliabId);\nreturn outstandingAmount.subtract(tmpAmount).max(new BigDecimal(0)).multiply(compensationRatio).min(sumAssured.subtract(liabHistoryPayAmount));','N','N','400','2016-04-19 11:30:59'),(61,'PROD_CLM_LIAB_ADJ','LF','PROD_CLM_LIAB_ADJ__F18','遗体送返保险金、丧葬保险金','PROD_CLM_LIAB_ADJ_PROD_CLM_LIAB_ADJ__F18','按实际发生费用给付，最高不超过保额','N','//索赔额\ndef outstandingAmount = ctx.getClaimCalculation().getClaimCalCase().getOutstandingAmount();\n//保额\ndef sumAssured = ctx.getClaimCalculation().getClaimCalCoverage().getSumAssured();\nif(outstandingAmount.compareTo(sumAssured)<1){\n return outstandingAmount;\n}else{\n return sumAssured;\n}','N','N','400','2016-04-19 11:31:55'),(62,'PROD_CLM_LIAB_ADJ','LF','PROD_CLM_LIAB_ADJ__F19','乳腺癌','PROD_CLM_LIAB_ADJ_PROD_CLM_LIAB_ADJ__F19','等待期内退还保费，等待期后赔付保额，且所有责任的赔付总额以保额为限。','N','def days = ctx.getClaimCalculation().getClaimCalCase().getAccidentDate() - ctx.getClaimCalculation().getClaimCalCoverage().getEffectiveDate();\n  def waitDays =  Integer.parseInt(ctx.getProduct().getClaim().getLiability(ctx.getClaimCalculation().getLiabId()).getLiabParam(\"waitDays\"));\n  if(days > waitDays && \"N\".equals(ctx.getClaimCalculation().getClaimCalCoverage().isRenewal()))\n   return ctx.getClaimCalculation().getClaimCalCoverage().getPayPremAf();\n\n  //特定责任的历史赔付额\n  def payliabId = ctx.getProduct().getClaim().getLiability(\"女性特定妇科癌症保险金\").getLiabId();\n  def liabHistoryPayAmount0 = ctx.getClaimCalculation().getClaimCalCoverage().getLiabPayAmount(payliabId);\n  payliabId = ctx.getProduct().getClaim().getLiability(\"系统性红斑狼疮性肾炎保险金\").getLiabId();\n  def liabHistoryPayAmount1 = ctx.getClaimCalculation().getClaimCalCoverage().getLiabPayAmount(payliabId);\n  payliabId = ctx.getProduct().getClaim().getLiability(\"女性原位癌保险金\").getLiabId();\n  def liabHistoryPayAmount2 = ctx.getClaimCalculation().getClaimCalCoverage().getLiabPayAmount(payliabId);\n  payliabId = ctx.getProduct().getClaim().getLiability(\"意外面部整形手术保险金\").getLiabId();\n  def liabHistoryPayAmount3 = ctx.getClaimCalculation().getClaimCalCoverage().getLiabPayAmount(payliabId);\n\n  //保额\n  def sumAssured = ctx.getClaimCalculation().getClaimCalCoverage().getSumAssured();\n\n  def tmpAmount = liabHistoryPayAmount0.add(liabHistoryPayAmount1).add(liabHistoryPayAmount2).add(liabHistoryPayAmount3);\n\n  if(tmpAmount.compareTo(sumAssured)<1){\n   return sumAssured.subtract(tmpAmount);\n  }else{\n   return new BigDecimal(0);\n  }','N','N','400','2016-04-19 11:32:39'),(63,'PROD_CLM_LIAB_ADJ','LF','PROD_CLM_LIAB_ADJ__F20','女性特定妇科癌症 ','PROD_CLM_LIAB_ADJ_PROD_CLM_LIAB_ADJ__F20','等待期内退还保费，等待期后赔付保额的50%。','N','def sumAssured = ctx.getClaimCalculation().getClaimCalCoverage().getSumAssured();\ndef amount = sumAssured.multiply(DataConvert.getBigDecimal(ctx.getProduct().getClaim().getLiability(ctx.getClaimCalculation().getLiabId()).getLiabParam(\"amountDiscountRate\")));\n\n//特定责任的历史赔付额\ndef payliabId = ctx.getProduct().getClaim().getLiability(\"乳腺癌\").getLiabId();\ndef liabHistoryPayAmount0 = ctx.getClaimCalculation().getClaimCalCoverage().getLiabPayAmount(payliabId);\npayliabId = ctx.getProduct().getClaim().getLiability(\"女性特定妇科癌症保险金\").getLiabId();\ndef liabHistoryPayAmount1 = ctx.getClaimCalculation().getClaimCalCoverage().getLiabPayAmount(payliabId);\npayliabId = ctx.getProduct().getClaim().getLiability(\"系统性红斑狼疮性肾炎保险金\").getLiabId();\ndef liabHistoryPayAmount2 = ctx.getClaimCalculation().getClaimCalCoverage().getLiabPayAmount(payliabId);\npayliabId = ctx.getProduct().getClaim().getLiability(\"意外面部整形手术保险金\").getLiabId();\ndef liabHistoryPayAmount3 = ctx.getClaimCalculation().getClaimCalCoverage().getLiabPayAmount(payliabId);\n\ndef tmpAmount = liabHistoryPayAmount0.add(liabHistoryPayAmount1).add(liabHistoryPayAmount2).add(liabHistoryPayAmount3);\nif(tmpAmount.compareTo(sumAssured) < 1){\n return amount;\n}else{\n return sumAssured.subtract(tmpAmount);\n}\n','N','N','400','2016-04-19 15:21:28'),(64,'PROD_CLM_LIAB_ADJ','LF','PROD_CLM_LIAB_ADJ__F21','意外面部整形手术保险金','PROD_CLM_LIAB_ADJ_PROD_CLM_LIAB_ADJ__F21','等待期内退还保费，等待期后按实际支出赔付，但不超过保额的10%。','N','def days = ctx.getClaimCalculation().getClaimCalCase().getSpecificMedItem(\"14\").getMedicalItemDate() - ctx.getClaimCalculation().getClaimCalCase().getAccidentDate();\ndef accidentValidDays =  Integer.parseInt(ctx.getProduct().getClaim().getLiability(ctx.getClaimCalculation().getLiabId()).getLiabParam(\"accidentValidDays\"));\nif(days > accidentValidDays)\n return new BigDecimal(0);\n\n//保额\ndef sumAssured = ctx.getClaimCalculation().getClaimCalCoverage().getSumAssured();\n//索赔额\ndef outstandingAmount = ctx.getClaimCalculation().getClaimCalCase().getOutstandingAmount();\ndef amount = sumAssured.multiply(DataConvert.getBigDecimal(ctx.getProduct().getClaim().getLiability(ctx.getClaimCalculation().getLiabId()).getLiabParam(\"amountDiscountRate\")));\namount = amount.min(outstandingAmount);\n\n//特定责任的历史赔付额\ndef payliabId = ctx.getProduct().getClaim().getLiability(\"乳腺癌\").getLiabId();\ndef liabHistoryPayAmount0 = ctx.getClaimCalculation().getClaimCalCoverage().getLiabPayAmount(payliabId);\npayliabId = ctx.getProduct().getClaim().getLiability(\"女性特定妇科癌症保险金\").getLiabId();\ndef liabHistoryPayAmount1 = ctx.getClaimCalculation().getClaimCalCoverage().getLiabPayAmount(payliabId);\npayliabId = ctx.getProduct().getClaim().getLiability(\"系统性红斑狼疮性肾炎保险金\").getLiabId();\ndef liabHistoryPayAmount2 = ctx.getClaimCalculation().getClaimCalCoverage().getLiabPayAmount(payliabId);\npayliabId = ctx.getProduct().getClaim().getLiability(\"意外面部整形手术保险金\").getLiabId();\ndef liabHistoryPayAmount3 = ctx.getClaimCalculation().getClaimCalCoverage().getLiabPayAmount(payliabId);\n\ndef tmpAmount = liabHistoryPayAmount0.add(liabHistoryPayAmount1).add(liabHistoryPayAmount2).add(liabHistoryPayAmount3);\nif(tmpAmount.compareTo(sumAssured) < 1){\n return amount;\n}else{\n return sumAssured.subtract(tmpAmount);\n}\n','N','N','400','2016-04-19 11:35:59'),(65,'PROD_CLM_LIAB_ADJ','LF','PROD_CLM_LIAB_ADJ__F11','意外伤害医疗保险金','PROD_CLM_LIAB_ADJ_PROD_CLM_LIAB_ADJ__F11','（索赔额-从其他途径获得的补偿金额）扣除次200免赔后，按80%的给付比例赔付','N','//特定责任的历史赔付额\ndef payliabId = ctx.getProduct().getClaim().getLiability(\"意外伤害医疗保险金\").getLiabId();\ndef liabHistoryPayAmount = ctx.getClaimCalculation().getClaimCalCoverage().getLiabPayAmount(payliabId);\n//免赔额，起付线\ndef deductibleAmount = DataConvert.getBigDecimal(ctx.getProduct().getClaim().getLiability(ctx.getClaimCalculation().getLiabId()).getLiabParam(\"deductibleAmount\"));\n//保额\ndef sumAssured = ctx.getClaimCalculation().getClaimCalCoverage().getSumAssured();\n//索赔额\ndef outstandingAmount = ctx.getClaimCalculation().getClaimCalCase().getOutstandingAmount();\n\ndef tmpAmount = outstandingAmount.add(liabHistoryPayAmount);\nif(tmpAmount.compareTo(deductibleAmount)<1){\n return deductibleAmount;\n}else if(tmpAmount.compareTo(sumAssured) == -1){\n return Subtract.subtract(sumAssured,Multiply.multiply(liabHistoryPayAmount,0.8));\n}else if(tmpAmount.compareTo(sumAssured) == 1){\n return sumAssured.subtract(liabHistoryPayAmount).min(outstandingAmount.subtract(deductibleAmount)).multiply(new BigDecimal(\"0.8\"));\n}','N','N','400','2016-05-27 15:50:09'),(66,'CASH_VALUE','LF','PROD_CASH_VALUE__F1','短期险现价计算','CASH_VALUE_PROD_CASH_VALUE__F1','保险费×（1-产品的现价折算系数）×（剩余天数/保险期间天数）','N','  def  now = new Date();\n  def day_1 = ctx.getPolicy().getCoverage().getExpiryDate() - now+1;\n  def day_2 = ctx.getPolicy().getCoverage().getExpiryDate() - ctx.getPolicy().getCoverage().getEffectiveDate() +1;\n  def rate_1 = ctx.getProduct().getPrem().getDefaultLiability().getLiabParam(\"cvDiscountRate\");\n  rate_1 = Subtract.subtract(\"1\",rate_1);\n  def rate_2 = Divide.divide(day_1,day_2);\n  return Multiply.multiply(Multiply.multiply(rate_1,rate_2),ctx.getPolicy().getCoverage().getDiscountPrem());','N','N','400','2016-05-11 21:19:33'),(67,'PREM_CAL','LF','PROD_STD_PREM_BF__F10','按份数、档次的保费计算','PREM_CAL_PROD_STD_PREM_BF__F10','档次保费费率(档次） × 份数','N','def rateTableName = ctx.getProduct().getBasic().getFormula(ctx.getTopicCode()).getRateTableByAlias(\"RATE_PROD_PREM_BY_LEVEL\");\ndef rate =  RatetableHelper.getRate(ctx.getProductId(),rateTableName,ctx.getPolicy().getCoverage().getBenefitLevel());\ndef prem = Multiply.multiply(rate,ctx.getPolicy().getCoverage().getUnits());\nreturn prem;','N','N','400','2016-05-26 10:30:42'),(68,'PREM_CAL','LF','PROD_STD_PREM_BF__F1','按单位保额的保费计算1','PREM_CAL_PROD_STD_PREM_BF__F1','保额保费费率表（按被保人年龄） × 保额 / 单位保险金额','N','\ndef rateTableName = ctx.getProduct().getBasic().getFormula(ctx.getTopicCode()).getRateTableByAlias(\"RATE_PROD_PREM_BY_AMOUNT\");\n		def coverPeriodType = ctx.getPolicy().getCoverage().getCoverPeriodType();\n		def coveragePeriod = ctx.getPolicy().getCoverage().getCoveragePeriod();\n		def insuredAge = ctx.getPolicy().getInsured().calcAgeAndDay(ctx.getPolicy().getEffectiveDate());\n		def rate1 = RatetableHelper.getRate(ctx.getProductId(),rateTableName,coverPeriodType,coveragePeriod,insuredAge);\n		def amount = ctx.getPolicy().getCoverage().getSumAssured();\n		def saunit = ctx.getProduct().getPrem().getDefaultLiability().getLiabParam(\"saUnit\");\n		return Divide.divide(Multiply.multiply(rate1,amount),saunit).setScale(2, BigDecimal.ROUND_HALF_UP);\n','N','N','400','2016-05-11 21:45:09'),(71,'PREM_CAL','LF','PROD_STD_PREM_BF__F4','按单位保额的保费计算4','PREM_CAL_PROD_STD_PREM_BF__F4','保额保费费率表（按职业类别） × 保额 / 单位保险金额\n','N','\ndef rateTableName = ctx.getProduct().getBasic().getFormula(ctx.getTopicCode()).getRateTableByAlias(\"RATE_PROD_PREM_BY_AMOUNT_4\");\ndef coverPeriodType = ctx.getPolicy().getCoverage().getCoverPeriodType();\ndef coveragePeriod = ctx.getPolicy().getCoverage().getCoveragePeriod();\ndef jobRiskCate = ctx.getProduct().getPrem().getDefaultLiability().getLiabParam(\"jobRiskCate\");\ndef jobClass = RatetableHelper.getRate(ctx.getProductId(),\"T_UNDERWRITE_JOB\",ctx.getPolicy().getInsured().getJobCode(),jobRiskCate);\ndef rate1 = RatetableHelper.getRate(ctx.getProductId(),rateTableName,coverPeriodType,jobClass,coveragePeriod);\ndef amount = ctx.getPolicy().getCoverage().getSumAssured();\ndef saunit = ctx.getProduct().getPrem().getDefaultLiability().getLiabParam(\"saUnit\");\nreturn Divide.divide(Multiply.multiply(rate1,amount),saunit).setScale(2, BigDecimal.ROUND_HALF_UP);\n','N','N','400','2016-05-12 10:09:10'),(72,'RISK_DEATH','LF','PROD_RISK_DEATH__F1','死亡风险保额计算1','RISK_DEATH_PROD_RISK_DEATH__F1','死亡风险保额计算1','N','def amount = ctx.getPolicy().getCoverage().getSumAssured();\nreturn amount;','N','N','407','2016-05-11 16:13:41'),(73,'RISK_CRITICAL','LF','PROD_RISK_CRITICAL__F1','重疾风险保额计算1','RISK_CRITICAL_PROD_RISK_CRITICAL__F1','重疾风险保额计算1','N','def amount = ctx.getPolicy().getCoverage().getSumAssured();\nreturn amount;','N','N','400','2016-05-11 15:58:03'),(74,'RISK_ACCIDENT','LF','PROD_RISK_ACCIDENT__F1','意外风险保额计算1','RISK_ACCIDENT_PROD_RISK_ACCIDENT__F1','意外风险保额计算1','N','def amount = ctx.getPolicy().getCoverage().getSumAssured();\nreturn amount;','N','N','400','2016-05-11 15:58:42'),(75,'RISK_MEDICAL','LF','PROD_RISK_MEDICAL__F1','医疗风险保额计算1','RISK_MEDICAL_PROD_RISK_MEDICAL__F1','医疗风险保额计算1','N','def amount = ctx.getPolicy().getCoverage().getSumAssured();\nreturn amount;','N','N','400','2016-05-11 15:59:21'),(76,'PREM_CAL','LF','PROD_STD_PREM_BF__F3','按单位保额的保费计算3','PREM_CAL_PROD_STD_PREM_BF__F3','保额保费费率表（按有无社保） × 保额 / 单位保险金额','N','\ndef rateTableName = ctx.getProduct().getBasic().getFormula(ctx.getTopicCode()).getRateTableByAlias(\"RATE_PROD_PREM_BY_AMOUNT_3\");\n		def coverPeriodType = ctx.getPolicy().getCoverage().getCoverPeriodType();\n		def coveragePeriod = ctx.getPolicy().getCoverage().getCoveragePeriod();\n		def hasSocialSecurity = ctx.getPolicy().getInsured().getHasSocialSecurity();\n		def rate1 = RatetableHelper.getRate(ctx.getProductId(),rateTableName,hasSocialSecurity,coverPeriodType,coveragePeriod);\n		def amount = ctx.getPolicy().getCoverage().getSumAssured();\n		def saunit = ctx.getProduct().getPrem().getDefaultLiability().getLiabParam(\"saUnit\");\n		return Divide.divide(Multiply.multiply(rate1,amount),saunit).setScale(2, BigDecimal.ROUND_HALF_UP);\n','N','N','400','2016-05-12 10:19:00'),(77,'PREM_CAL','LF','PROD_STD_PREM_BF__F2','按单位保额的保费计算2','PREM_CAL_PROD_STD_PREM_BF__F2','保额保费费率表（通用） × 保额 / 单位保险金额','N','\ndef rateTableName = ctx.getProduct().getBasic().getFormula(ctx.getTopicCode()).getRateTableByAlias(\"RATE_PROD_PREM_BY_AMOUNT_2\");\n		def coverPeriodType = ctx.getPolicy().getCoverage().getCoverPeriodType();\n		def coveragePeriod = ctx.getPolicy().getCoverage().getCoveragePeriod();\n		def rate1 = RatetableHelper.getRate(ctx.getProductId(),rateTableName,coverPeriodType,coveragePeriod);\n		def amount = ctx.getPolicy().getCoverage().getSumAssured();\n		def saunit = ctx.getProduct().getPrem().getDefaultLiability().getLiabParam(\"saUnit\");\n		return Divide.divide(Multiply.multiply(rate1,amount),saunit).setScale(2, BigDecimal.ROUND_HALF_UP);\n','N','N','400','2016-05-12 10:19:13'),(78,'PREM_CAL','LF','PROD_STD_PREM_BF__F5','按单位保额的保费计算5','PREM_CAL_PROD_STD_PREM_BF__F5','保额保费费率（按被保人年龄+性别）× 保额 / 单位保险金额','N','def rateTableName = ctx.getProduct().getBasic().getFormula(ctx.getTopicCode()).getRateTableByAlias(\"RATE_PROD_PREM_BY_AMOUNT_5\");\n  def coverPeriodType = ctx.getPolicy().getCoverage().getCoverPeriodType();\n  def jobType = ctx.getPolicy().getInsured().getJobCode();\n  def coveragePeriod = ctx.getPolicy().getCoverage().getCoveragePeriod();\n  def rate1 = RatetableHelper.getRate(ctx.getProductId(),rateTableName,coverPeriodType,jobType,coveragePeriod);\n  def amount = ctx.getPolicy().getCoverage().getSumAssured();\n  def saunit = ctx.getProduct().getPrem().getDefaultLiability().getLiabParam(\"saUnit\");\n  return Divide.divide(Multiply.multiply(rate1,amount),saunit).setScale(2, BigDecimal.ROUND_HALF_UP);','N','N','400','2016-05-11 20:33:31');
/*!40000 ALTER TABLE `t_conf_formula` ENABLE KEYS */;
UNLOCK TABLES;

--
-- Table structure for table `t_conf_rule_template`
--

DROP TABLE IF EXISTS `t_conf_rule_template`;
/*!40101 SET @saved_cs_client     = @@character_set_client */;
/*!40101 SET character_set_client = utf8 */;
CREATE TABLE `t_conf_rule_template` (
  `RULE_ID` char(32) COLLATE utf8_bin NOT NULL COMMENT 'RULE_ID',
  `TOPIC_CODE` varchar(20) COLLATE utf8_bin DEFAULT NULL COMMENT '主题CODE',
  `PROD_LINE_CODE` char(2) COLLATE utf8_bin DEFAULT NULL COMMENT '产品线代码',
  `RULE_DSL_DESC` varchar(5000) COLLATE utf8_bin DEFAULT NULL COMMENT '规则业务描述',
  `RULE_DROOLS_DESC` varchar(5000) COLLATE utf8_bin DEFAULT NULL COMMENT '规则业务描述DROOLS',
  `RULE_PARAMS_DESC` varchar(5000) COLLATE utf8_bin DEFAULT NULL COMMENT '规则参数JSON格式',
  `UPDATE_ID` bigint(20) DEFAULT NULL COMMENT 'UPDATE_ID',
  `UPDATE_TIME` datetime DEFAULT CURRENT_TIMESTAMP COMMENT 'UPDATE_TIME',
  `rule_name` varchar(200) COLLATE utf8_bin DEFAULT NULL,
  PRIMARY KEY (`RULE_ID`),
  KEY `FK_CONF_RULE_TEMPLATE__PROD_LINE` (`PROD_LINE_CODE`),
  KEY `FK_CONF_RULE_TEMPLATE__TOPIC_CODE` (`TOPIC_CODE`),
  CONSTRAINT `FK_CONF_RULE_TEMPLATE__PROD_LINE` FOREIGN KEY (`PROD_LINE_CODE`) REFERENCES `t_product_line` (`PROD_LINE_CODE`),
  CONSTRAINT `FK_CONF_RULE_TEMPLATE__TOPIC_CODE` FOREIGN KEY (`TOPIC_CODE`) REFERENCES `t_conf_topic` (`TOPIC_CODE`)
) ENGINE=InnoDB DEFAULT CHARSET=utf8 COLLATE=utf8_bin COMMENT='规则模板';
/*!40101 SET character_set_client = @saved_cs_client */;

--
-- Dumping data for table `t_conf_rule_template`
--

LOCK TABLES `t_conf_rule_template` WRITE;
/*!40000 ALTER TABLE `t_conf_rule_template` DISABLE KEYS */;
INSERT INTO `t_conf_rule_template` VALUES ('29167b3726f911e6a7a4286ed488cc2d','TEST1','MT','Sfasfdsaf#AF#','','AF:dfasfd',400,'2016-05-31 14:30:09','Sfasfdsaf#AF#'),('65a35adc17ec11e687e06c92bf178e06','RULE_NB','LF','被保人医疗类职业风险等级限制不能超过#医疗类职业风险最高等级#级','','医疗类职业风险最高等级:医疗类职业风险最高等级',400,'2016-05-12 10:50:36','【MKT】投保规则：被保人医疗类职业风险等级限制'),('abe001a51d9011e6b2e96c92bf178e06','RULE_UW','LF','累计风险保额不能超过#万#','累计风险保额不能超过#万#','万:100',400,'2016-05-19 15:10:03','累计风险保额'),('dd0ec8f9175a11e687e06c92bf178e06','RULE_NB','LF','投保保额不能超过#被保人所在地区的最高保额#','','被保人所在地区的最高保额:被保人所在地区的最高保额:',400,'2016-05-11 17:28:50','投保规则：最高保额限制'),('e7cab23b1c9d11e6b2e96c92bf178e06','RULE_NB','LF','被保人年龄不能超过#被保人最大年龄#岁,被保人年龄也不能小于#被保人最小年龄#岁','no-loop true\r\n    when\r\n  $context:MktEngineContext();\r\n  $result:RuleVerifyResult();\r\n  Insured(calcAgeAndDay($context.policy.effectiveDate)<#被保人最小年龄# || calcAgeAndDay($context.policy.effectiveDate)>#被保人最大年龄#) from $context.proposalPolicy.insured\r\n    then\r\n        $result.setResult(false);\r\n  $result.setVerifyMsg(\"被保人年龄不得小于#被保人最小年龄#岁，不得大于#被保人最大年龄#岁！\");\r\n  update($result);','被保人最大年龄:被保人最大年龄,被保人最小年龄:被保人最小年龄',400,'2016-05-18 10:12:17','【MKT】投保规则：被保人年龄限制'),('ff6f562d175911e687e06c92bf178e06','RULE_NB','LF','被保人年龄不能超过#被保人最大年龄#岁,被保人年龄也不能小于#被保人最小年龄#岁','no-loop true\n    when\n		$context:EngineContext();\n		$result:RuleVerifyResult();\n		$insured:Insured(calcAgeAndDay($context.policy.effectiveDate)<#被保人最小年龄# || calcAgeAndDay($context.policy.effectiveDate)>#被保人最大年龄#) from $context.policy.insuredList;\n    then\n        $result.setResult(false);\n		$result.setVerifyMsg(\"规则：\"+drools.getRule().getName()+\"校验失败！被保人年龄不得小于#被保人最小年龄#岁，不得大于#被保人最大年龄#岁！当前被保人年龄：\"+$insured.calcAgeAndDay($context.policy.effectiveDate));\n		update($result);','被保人最大年龄:被保人最大年龄,被保人最小年龄:被保人最小年龄',400,'2016-05-11 17:22:38','投保规则：被保人年龄限制');
/*!40000 ALTER TABLE `t_conf_rule_template` ENABLE KEYS */;
UNLOCK TABLES;

--
-- Table structure for table `t_conf_topic`
--

DROP TABLE IF EXISTS `t_conf_topic`;
/*!40101 SET @saved_cs_client     = @@character_set_client */;
/*!40101 SET character_set_client = utf8 */;
CREATE TABLE `t_conf_topic` (
  `TOPIC_CODE` varchar(20) COLLATE utf8_bin NOT NULL COMMENT '主题CODE',
  `TOPIC_NAME` varchar(200) COLLATE utf8_bin DEFAULT NULL COMMENT '主题名称',
  `DOMAIN_CODE` varchar(20) COLLATE utf8_bin DEFAULT NULL COMMENT '领域CODE',
  `TOPIC_DESC` varchar(500) COLLATE utf8_bin DEFAULT NULL COMMENT '主题描述',
  `DEPRECATED_YN` char(1) COLLATE utf8_bin DEFAULT NULL COMMENT '是否删除',
  PRIMARY KEY (`TOPIC_CODE`),
  KEY `FK_TOPIC__DOMAIN` (`DOMAIN_CODE`),
  CONSTRAINT `FK_TOPIC__DOMAIN` FOREIGN KEY (`DOMAIN_CODE`) REFERENCES `t_conf_domain` (`DOMAIN_CODE`)
) ENGINE=InnoDB DEFAULT CHARSET=utf8 COLLATE=utf8_bin COMMENT='主题';
/*!40101 SET character_set_client = @saved_cs_client */;

--
-- Dumping data for table `t_conf_topic`
--

LOCK TABLES `t_conf_topic` WRITE;
/*!40000 ALTER TABLE `t_conf_topic` DISABLE KEYS */;
INSERT INTO `t_conf_topic` VALUES ('CASH_VALUE','现金价值','NB','现金价值','N'),('PREM_CAL','保费计算','NB','保费计算','N'),('PREM_TEST','保费（测试）','NB','保费测试','N'),('PROD_CLM_LIAB_ADJ','产品理赔责任理算主题','CLM','产品理赔责任理算主题','N'),('PROD_CLM_LIAB_DEDUCT','理赔责任免赔额计算主题','CLM','理赔责任免赔额计算主题','N'),('RISK_ACCIDENT','意外风险保额','RISK','意外风险保额计算','N'),('RISK_CRITICAL','重疾风险保额','RISK','重疾风险保额计算','N'),('RISK_DEATH','死亡风险保额','RISK','死亡风险保额计算','N'),('RISK_MEDICAL','医疗风险保额','RISK','医疗风险保额计算','N'),('RULE_CS','保全规则','CS','保全规则','N'),('RULE_NB','投保规则','NB','投保规则','N'),('RULE_UW','核保规则','UW','核保规则','N'),('TEST1','TEST1','NB','TEST1','Y');
/*!40000 ALTER TABLE `t_conf_topic` ENABLE KEYS */;
UNLOCK TABLES;

--
-- Table structure for table `t_conf_topic_obj`
--

DROP TABLE IF EXISTS `t_conf_topic_obj`;
/*!40101 SET @saved_cs_client     = @@character_set_client */;
/*!40101 SET character_set_client = utf8 */;
CREATE TABLE `t_conf_topic_obj` (
  `DOMAIN_OBJECT_CODE` varchar(20) COLLATE utf8_bin DEFAULT NULL COMMENT '领域对象CODE',
  `TOPIC_CODE` varchar(20) COLLATE utf8_bin DEFAULT NULL COMMENT '主题CODE',
  `DEPRECATED_YN` char(1) COLLATE utf8_bin DEFAULT NULL COMMENT '是否删除',
  `REQUIRED_YN` char(1) COLLATE utf8_bin DEFAULT NULL COMMENT '是否必选',
  KEY `FK_CONF_TOPIC_OBJ__TOPIC_CODE` (`TOPIC_CODE`),
  KEY `FK_DOMAIN_OBJ__OBJ` (`DOMAIN_OBJECT_CODE`),
  CONSTRAINT `FK_CONF_TOPIC_OBJ__TOPIC_CODE` FOREIGN KEY (`TOPIC_CODE`) REFERENCES `t_conf_topic` (`TOPIC_CODE`),
  CONSTRAINT `FK_DOMAIN_OBJ__OBJ` FOREIGN KEY (`DOMAIN_OBJECT_CODE`) REFERENCES `t_conf_domain_object` (`DOMAIN_OBJECT_CODE`)
) ENGINE=InnoDB DEFAULT CHARSET=utf8 COLLATE=utf8_bin COMMENT='领域对象与主题关联';
/*!40101 SET character_set_client = @saved_cs_client */;

--
-- Dumping data for table `t_conf_topic_obj`
--

LOCK TABLES `t_conf_topic_obj` WRITE;
/*!40000 ALTER TABLE `t_conf_topic_obj` DISABLE KEYS */;
INSERT INTO `t_conf_topic_obj` VALUES ('nbHolder','PREM_CAL','Y',''),('nbInsured','PREM_CAL','N',''),('nbCoverage','PREM_CAL','N','Y'),('Policy','CASH_VALUE','Y',''),('Policy','PREM_CAL','N',''),('Holder','PREM_CAL','Y',''),('Cccc','PREM_CAL','Y',''),('nbCoverage','CASH_VALUE','Y',''),('nbHolder','CASH_VALUE','Y',''),('nbInsured','CASH_VALUE','Y',''),('nbPolicy','CASH_VALUE','Y',''),('nbCoverage','TEST1','N','');
/*!40000 ALTER TABLE `t_conf_topic_obj` ENABLE KEYS */;
UNLOCK TABLES;

--
-- Table structure for table `t_conf_weekday`
--

DROP TABLE IF EXISTS `t_conf_weekday`;
/*!40101 SET @saved_cs_client     = @@character_set_client */;
/*!40101 SET character_set_client = utf8 */;
CREATE TABLE `t_conf_weekday` (
  `LIST_ID` bigint(20) NOT NULL COMMENT '序列，pK',
  `DATE_OF_DAY` date DEFAULT NULL COMMENT '日期值',
  `date_type` int(11) DEFAULT NULL COMMENT '1- 工作日  2-非工作日（法定） 3-非工作日(周末） 4-工作日（法定假日调整）',
  `tenant_id` varchar(40) COLLATE utf8_bin DEFAULT NULL COMMENT '租户ID',
  PRIMARY KEY (`LIST_ID`)
) ENGINE=InnoDB DEFAULT CHARSET=utf8 COLLATE=utf8_bin COMMENT='工作日配置表';
/*!40101 SET character_set_client = @saved_cs_client */;

--
-- Dumping data for table `t_conf_weekday`
--

LOCK TABLES `t_conf_weekday` WRITE;
/*!40000 ALTER TABLE `t_conf_weekday` DISABLE KEYS */;
/*!40000 ALTER TABLE `t_conf_weekday` ENABLE KEYS */;
UNLOCK TABLES;

--
-- Table structure for table `t_currency`
--

DROP TABLE IF EXISTS `t_currency`;
/*!40101 SET @saved_cs_client     = @@character_set_client */;
/*!40101 SET character_set_client = utf8 */;
CREATE TABLE `t_currency` (
  `CURRENCY_CODE` char(3) COLLATE utf8_bin NOT NULL,
  `CURRENCY_NAME` varchar(30) COLLATE utf8_bin DEFAULT NULL,
  PRIMARY KEY (`CURRENCY_CODE`)
) ENGINE=InnoDB DEFAULT CHARSET=utf8 COLLATE=utf8_bin COMMENT='货币';
/*!40101 SET character_set_client = @saved_cs_client */;

--
-- Dumping data for table `t_currency`
--

LOCK TABLES `t_currency` WRITE;
/*!40000 ALTER TABLE `t_currency` DISABLE KEYS */;
/*!40000 ALTER TABLE `t_currency` ENABLE KEYS */;
UNLOCK TABLES;

--
-- Table structure for table `t_cust_resources`
--

DROP TABLE IF EXISTS `t_cust_resources`;
/*!40101 SET @saved_cs_client     = @@character_set_client */;
/*!40101 SET character_set_client = utf8 */;
CREATE TABLE `t_cust_resources` (
  `ORGAN_ID` bigint(20) DEFAULT NULL COMMENT '机构id',
  `RESOURCE_ID` bigint(20) DEFAULT NULL,
  KEY `FK_Reference_93` (`ORGAN_ID`),
  KEY `FK_Reference_94` (`RESOURCE_ID`),
  CONSTRAINT `FK_Reference_93` FOREIGN KEY (`ORGAN_ID`) REFERENCES `t_company_organ` (`organ_id`),
  CONSTRAINT `FK_Reference_94` FOREIGN KEY (`RESOURCE_ID`) REFERENCES `t_platform_resource` (`RESOURCE_ID`)
) ENGINE=InnoDB DEFAULT CHARSET=utf8 COLLATE=utf8_bin COMMENT='客户租赁平台资源列表';
/*!40101 SET character_set_client = @saved_cs_client */;

--
-- Dumping data for table `t_cust_resources`
--

LOCK TABLES `t_cust_resources` WRITE;
/*!40000 ALTER TABLE `t_cust_resources` DISABLE KEYS */;
/*!40000 ALTER TABLE `t_cust_resources` ENABLE KEYS */;
UNLOCK TABLES;

--
-- Table structure for table `t_customer`
--

DROP TABLE IF EXISTS `t_customer`;
/*!40101 SET @saved_cs_client     = @@character_set_client */;
/*!40101 SET character_set_client = utf8 */;
CREATE TABLE `t_customer` (
  `CUSTOMER_ID` bigint(20) NOT NULL AUTO_INCREMENT,
  `NATIONALITY` varchar(50) COLLATE utf8_bin DEFAULT NULL,
  `MOBILE_PHONE` varchar(40) COLLATE utf8_bin DEFAULT NULL,
  `IS_MARRIED` char(1) COLLATE utf8_bin DEFAULT NULL,
  `IS_SOCIALCARE` char(10) COLLATE utf8_bin DEFAULT NULL,
  `JOB_CODE` varchar(20) COLLATE utf8_bin DEFAULT NULL,
  `DEATH_DATE` date DEFAULT NULL,
  `WORK_COMPANY` varchar(200) COLLATE utf8_bin DEFAULT NULL,
  `HEALTH_STATUS` varchar(20) COLLATE utf8_bin DEFAULT NULL,
  `PARTITION_INDI` char(2) COLLATE utf8_bin DEFAULT NULL,
  `INSERT_TIME` datetime NOT NULL DEFAULT CURRENT_TIMESTAMP,
  `UPDATE_TIME` datetime NOT NULL DEFAULT CURRENT_TIMESTAMP,
  PRIMARY KEY (`CUSTOMER_ID`)
) ENGINE=InnoDB DEFAULT CHARSET=utf8 COLLATE=utf8_bin COMMENT='客户';
/*!40101 SET character_set_client = @saved_cs_client */;

--
-- Dumping data for table `t_customer`
--

LOCK TABLES `t_customer` WRITE;
/*!40000 ALTER TABLE `t_customer` DISABLE KEYS */;
/*!40000 ALTER TABLE `t_customer` ENABLE KEYS */;
UNLOCK TABLES;

--
-- Table structure for table `t_customer_identify`
--

DROP TABLE IF EXISTS `t_customer_identify`;
/*!40101 SET @saved_cs_client     = @@character_set_client */;
/*!40101 SET character_set_client = utf8 */;
CREATE TABLE `t_customer_identify` (
  `CUSTOMER_ID` bigint(20) NOT NULL AUTO_INCREMENT,
  `NAME` varchar(100) COLLATE utf8_bin NOT NULL,
  `GENDER` char(1) COLLATE utf8_bin NOT NULL,
  `BIRTHDAY` date NOT NULL,
  `CERTI_TYPE` varchar(3) COLLATE utf8_bin NOT NULL,
  `CERTI_CODE` varchar(40) COLLATE utf8_bin NOT NULL,
  `PARTITION_INDI` char(2) COLLATE utf8_bin DEFAULT NULL,
  `INSERT_TIME` datetime NOT NULL DEFAULT CURRENT_TIMESTAMP,
  `UPDATE_TIME` datetime NOT NULL DEFAULT CURRENT_TIMESTAMP,
  PRIMARY KEY (`CUSTOMER_ID`)
) ENGINE=InnoDB DEFAULT CHARSET=utf8 COLLATE=utf8_bin COMMENT='客户识别表';
/*!40101 SET character_set_client = @saved_cs_client */;

--
-- Dumping data for table `t_customer_identify`
--

LOCK TABLES `t_customer_identify` WRITE;
/*!40000 ALTER TABLE `t_customer_identify` DISABLE KEYS */;
/*!40000 ALTER TABLE `t_customer_identify` ENABLE KEYS */;
UNLOCK TABLES;

--
-- Table structure for table `t_data_resource`
--

DROP TABLE IF EXISTS `t_data_resource`;
/*!40101 SET @saved_cs_client     = @@character_set_client */;
/*!40101 SET character_set_client = utf8 */;
CREATE TABLE `t_data_resource` (
  `RESOURCE_ID` bigint(20) NOT NULL,
  `RESOURCE_CATEGORY` varchar(10) COLLATE utf8_bin DEFAULT NULL,
  `RESOURCE_CODE` varchar(40) COLLATE utf8_bin DEFAULT NULL,
  `RESOURCE_NAME` varchar(200) COLLATE utf8_bin DEFAULT NULL,
  `RESOURCE_ORDER` decimal(3,0) DEFAULT '0',
  `PARENT_ID` bigint(20) DEFAULT NULL,
  PRIMARY KEY (`RESOURCE_ID`),
  KEY `FK_data_resource__RESOURCE_CATEGORY` (`RESOURCE_CATEGORY`),
  CONSTRAINT `FK_data_resource__RESOURCE_CATEGORY` FOREIGN KEY (`RESOURCE_CATEGORY`) REFERENCES `t_data_resource_cate` (`RESOURCE_CATEGORY`)
) ENGINE=InnoDB DEFAULT CHARSET=utf8 COLLATE=utf8_bin COMMENT='数据资源';
/*!40101 SET character_set_client = @saved_cs_client */;

--
-- Dumping data for table `t_data_resource`
--

LOCK TABLES `t_data_resource` WRITE;
/*!40000 ALTER TABLE `t_data_resource` DISABLE KEYS */;
/*!40000 ALTER TABLE `t_data_resource` ENABLE KEYS */;
UNLOCK TABLES;

--
-- Table structure for table `t_data_resource_cate`
--

DROP TABLE IF EXISTS `t_data_resource_cate`;
/*!40101 SET @saved_cs_client     = @@character_set_client */;
/*!40101 SET character_set_client = utf8 */;
CREATE TABLE `t_data_resource_cate` (
  `RESOURCE_CATEGORY` varchar(10) COLLATE utf8_bin NOT NULL,
  `CATEGORY_NAME` varchar(50) COLLATE utf8_bin DEFAULT NULL,
  `CATEGORY_DESC` varchar(200) COLLATE utf8_bin DEFAULT NULL,
  PRIMARY KEY (`RESOURCE_CATEGORY`)
) ENGINE=InnoDB DEFAULT CHARSET=utf8 COLLATE=utf8_bin COMMENT='数据资源分类';
/*!40101 SET character_set_client = @saved_cs_client */;

--
-- Dumping data for table `t_data_resource_cate`
--

LOCK TABLES `t_data_resource_cate` WRITE;
/*!40000 ALTER TABLE `t_data_resource_cate` DISABLE KEYS */;
/*!40000 ALTER TABLE `t_data_resource_cate` ENABLE KEYS */;
UNLOCK TABLES;

--
-- Table structure for table `t_data_template`
--

DROP TABLE IF EXISTS `t_data_template`;
/*!40101 SET @saved_cs_client     = @@character_set_client */;
/*!40101 SET character_set_client = utf8 */;
CREATE TABLE `t_data_template` (
  `DATA_TEMPLATE_ID` bigint(20) NOT NULL AUTO_INCREMENT COMMENT 'PK,模板id',
  `TEMPLATE_TYPE` int(11) DEFAULT NULL COMMENT 'REFER T_TEMPLATE_TYPE',
  `TEMPLATE_NAME` varchar(300) COLLATE utf8_bin NOT NULL COMMENT '模板名称',
  `TEMPLATE_CODE` varchar(30) COLLATE utf8_bin NOT NULL COMMENT '模板代码',
  `TEMPLATE_LANGUAGE` varchar(3) COLLATE utf8_bin DEFAULT NULL COMMENT '模板语言',
  `DATATIME_FORMAT` varchar(30) COLLATE utf8_bin DEFAULT NULL COMMENT '日期格式',
  `COMBINED_TEMPLATE_YN` char(1) COLLATE utf8_bin DEFAULT 'N' COMMENT '是否组合模板COMBINED_TEMPLATE_YN',
  `CURRENCY` varchar(30) COLLATE utf8_bin DEFAULT NULL COMMENT '币种，可以存储多个币种，以|分开',
  `UPDATE_BY` bigint(20) DEFAULT NULL COMMENT '更新记录人',
  `UPDATE_TIME` datetime NOT NULL DEFAULT CURRENT_TIMESTAMP ON UPDATE CURRENT_TIMESTAMP COMMENT '更新记录时间',
  `INSERT_TIMESTAMP` datetime NOT NULL DEFAULT CURRENT_TIMESTAMP ON UPDATE CURRENT_TIMESTAMP COMMENT '插入时间戳',
  `CREATED_BY` bigint(20) DEFAULT NULL COMMENT '创建人',
  `CREATE_TIME` datetime DEFAULT CURRENT_TIMESTAMP COMMENT '创建时间',
  `LOCKED_BY` bigint(20) DEFAULT NULL COMMENT '当前锁定人',
  `LOCKED_WHY` char(3) COLLATE utf8_bin DEFAULT NULL COMMENT '锁定原因',
  PRIMARY KEY (`DATA_TEMPLATE_ID`),
  KEY `fk_data_template__template_type` (`TEMPLATE_TYPE`),
  CONSTRAINT `fk_data_template__template_type` FOREIGN KEY (`TEMPLATE_TYPE`) REFERENCES `t_template_type` (`TEMPLATE_TYPE`)
) ENGINE=InnoDB DEFAULT CHARSET=utf8 COLLATE=utf8_bin COMMENT='数据模板';
/*!40101 SET character_set_client = @saved_cs_client */;

--
-- Dumping data for table `t_data_template`
--

LOCK TABLES `t_data_template` WRITE;
/*!40000 ALTER TABLE `t_data_template` DISABLE KEYS */;
/*!40000 ALTER TABLE `t_data_template` ENABLE KEYS */;
UNLOCK TABLES;

--
-- Table structure for table `t_data_tmpl_detail`
--

DROP TABLE IF EXISTS `t_data_tmpl_detail`;
/*!40101 SET @saved_cs_client     = @@character_set_client */;
/*!40101 SET character_set_client = utf8 */;
CREATE TABLE `t_data_tmpl_detail` (
  `LIST_ID` bigint(20) NOT NULL AUTO_INCREMENT,
  `DATA_TEMPLATE_ID` bigint(20) DEFAULT NULL COMMENT 'PK,模板id',
  `FACTOR_ID` varchar(32) COLLATE utf8_bin DEFAULT NULL COMMENT '因子id FACTOR_ID',
  `USE_DEFAULT_LABEL` char(1) COLLATE utf8_bin DEFAULT 'Y' COMMENT '是否使用默认因子的标签',
  `VALUE_OPTIONS` varchar(5000) COLLATE utf8_bin DEFAULT NULL COMMENT '数值选项,使用jason串来描述\n              如缴费区间有年，10年，1年，5年，3年等',
  `INPUT_NAME` varchar(100) COLLATE utf8_bin DEFAULT NULL COMMENT '输入域的名字',
  `INPUT_STYLE` varchar(5) COLLATE utf8_bin NOT NULL DEFAULT 'TXT' COMMENT '输入风格',
  `ORDER_NUMBER` int(11) DEFAULT '100' COMMENT '排列次序',
  `DEFAULT_VALUE` varchar(100) COLLATE utf8_bin DEFAULT NULL COMMENT '默认值',
  `IS_TEMPLATE_ELEMENT` char(1) COLLATE utf8_bin DEFAULT NULL COMMENT '是否是子模板',
  `CHILD_TEMPLATE_ID` bigint(20) DEFAULT NULL COMMENT '子模板idCHILD_TEMPLATE_ID',
  `VALUE_TYPE` varchar(5) COLLATE utf8_bin DEFAULT NULL,
  PRIMARY KEY (`LIST_ID`),
  KEY `FK_DATA_TMPL_DETAIL__INPUT_STYLE` (`INPUT_STYLE`),
  KEY `FK_DATA_TMPL_DETAIL__TEMPLATE_ID` (`DATA_TEMPLATE_ID`),
  KEY `FK_Reference_81` (`VALUE_TYPE`),
  CONSTRAINT `FK_Reference_81` FOREIGN KEY (`VALUE_TYPE`) REFERENCES `t_value_type` (`VALUE_TYPE`),
  CONSTRAINT `FK_data_tmpl_detail__INPUT_STYLE` FOREIGN KEY (`INPUT_STYLE`) REFERENCES `d_input_style` (`STYLE_CODE`),
  CONSTRAINT `fk_data_template_detail__data_tmpl_id` FOREIGN KEY (`DATA_TEMPLATE_ID`) REFERENCES `t_data_template` (`DATA_TEMPLATE_ID`)
) ENGINE=InnoDB DEFAULT CHARSET=utf8 COLLATE=utf8_bin COMMENT='数据模板明细';
/*!40101 SET character_set_client = @saved_cs_client */;

--
-- Dumping data for table `t_data_tmpl_detail`
--

LOCK TABLES `t_data_tmpl_detail` WRITE;
/*!40000 ALTER TABLE `t_data_tmpl_detail` DISABLE KEYS */;
/*!40000 ALTER TABLE `t_data_tmpl_detail` ENABLE KEYS */;
UNLOCK TABLES;

--
-- Table structure for table `t_deformity_grade`
--

DROP TABLE IF EXISTS `t_deformity_grade`;
/*!40101 SET @saved_cs_client     = @@character_set_client */;
/*!40101 SET character_set_client = utf8 */;
CREATE TABLE `t_deformity_grade` (
  `LIST_ID` bigint(20) NOT NULL AUTO_INCREMENT COMMENT '记录ID',
  `STD_CODE` varchar(10) DEFAULT NULL COMMENT '残疾标准',
  `ITEM_CODE` varchar(10) DEFAULT NULL COMMENT '残疾代码',
  `GRADE_CODE` varchar(10) DEFAULT NULL COMMENT '残疾等级',
  PRIMARY KEY (`LIST_ID`)
) ENGINE=InnoDB AUTO_INCREMENT=960 DEFAULT CHARSET=utf8mb4 COMMENT='残疾标准、残疾代码与残疾等级配置表';
/*!40101 SET character_set_client = @saved_cs_client */;

--
-- Dumping data for table `t_deformity_grade`
--

LOCK TABLES `t_deformity_grade` WRITE;
/*!40000 ALTER TABLE `t_deformity_grade` DISABLE KEYS */;
INSERT INTO `t_deformity_grade` VALUES (1,'1','b210.41/2','8'),(2,'1','b2101.41/2','8'),(3,'3','30391','8'),(4,'3','30392','8'),(5,'3','30393','8'),(6,'3','30394','8'),(7,'3','30395','8'),(8,'3','30396','8'),(9,'3','30397','8'),(10,'3','30398','8'),(11,'3','30399','8'),(12,'3','30400','8'),(13,'3','30401','8'),(14,'3','30402','8'),(15,'3','30403','8'),(16,'3','30404','8'),(17,'3','30405','8'),(18,'3','30406','8'),(19,'3','30407','8'),(20,'3','30408','8'),(21,'3','30409','8'),(22,'3','30410','8'),(23,'3','30411','8'),(24,'3','30412','8'),(25,'3','30413','8'),(26,'3','30414','8'),(27,'3','30415','8'),(28,'3','30416','8'),(29,'3','30417','8'),(30,'3','30418','8'),(31,'3','30419','8'),(32,'3','30420','8'),(33,'3','30421','8'),(34,'3','30422','8'),(35,'3','30423','8'),(36,'3','30424','8'),(37,'3','30425','8'),(38,'3','30426','8'),(39,'3','30427','8'),(40,'3','30428','8'),(41,'3','30429','8'),(42,'3','30430','8'),(43,'3','30431','8'),(44,'3','30432','8'),(45,'3','30433','8'),(46,'3','30434','8'),(47,'3','30435','8'),(48,'3','30436','8'),(49,'3','30437','8'),(50,'3','30438','8'),(51,'3','30439','8'),(52,'3','30440','8'),(53,'3','30441','8'),(54,'3','30442','8'),(55,'3','30443','8'),(56,'3','30444','8'),(57,'3','30445','8'),(58,'3','30446','8'),(59,'3','30447','8'),(60,'3','30448','8'),(61,'3','30449','8'),(62,'3','30450','8'),(63,'3','30451','8'),(64,'3','30452','8'),(65,'3','30453','8'),(66,'3','30454','8'),(67,'3','30455','8'),(68,'3','30456','8'),(69,'3','30457','8'),(70,'3','30458','8'),(71,'3','30459','8'),(72,'3','30460','8'),(73,'3','30461','8'),(74,'3','30462','8'),(75,'3','30463','8'),(76,'3','30464','8'),(77,'2','20190','8'),(78,'2','20191','8'),(79,'2','20192','8'),(80,'2','20193','8'),(81,'2','20194','8'),(82,'2','20195','8'),(83,'2','20196','8'),(84,'2','20197','8'),(85,'2','20198','8'),(86,'2','20199','8'),(87,'2','20200','8'),(88,'2','20201','8'),(89,'2','20202','8'),(90,'2','20203','8'),(91,'2','20204','8'),(92,'2','20205','8'),(93,'2','20206','8'),(94,'2','20207','8'),(95,'2','20208','8'),(96,'2','20209','8'),(97,'2','20210','8'),(98,'2','20211','8'),(99,'2','20212','8'),(100,'2','20213','8'),(101,'2','20214','8'),(102,'2','20215','8'),(103,'2','20216','8'),(104,'2','20217','8'),(105,'2','20218','8'),(106,'2','20219','8'),(107,'2','20220','8'),(108,'2','20221','8'),(109,'2','20222','8'),(110,'2','20223','8'),(111,'2','20224','8'),(112,'1','s110.388','2'),(113,'1','b117.3','2'),(114,'1','b198.3Z','2'),(115,'1','s220.411/2','2'),(116,'1','b210.42/1','2'),(117,'1','b210.4Z3','2'),(118,'1','b2101.4Z3','2'),(119,'3','30025','2'),(120,'3','30026','2'),(121,'3','30027','2'),(122,'3','30028','2'),(123,'3','30029','2'),(124,'3','30030','2'),(125,'3','30031','2'),(126,'3','30032','2'),(127,'3','30033','2'),(128,'3','30034','2'),(129,'3','30035','2'),(130,'3','30036','2'),(131,'3','30037','2'),(132,'3','30038','2'),(133,'3','30039','2'),(134,'3','30040','2'),(135,'3','30041','2'),(136,'3','30042','2'),(137,'3','30043','2'),(138,'3','30044','2'),(139,'3','30045','2'),(140,'3','30046','2'),(141,'3','30047','2'),(142,'3','30048','2'),(143,'3','30049','2'),(144,'3','30050','2'),(145,'3','30051','2'),(146,'3','30052','2'),(147,'3','30053','2'),(148,'3','30054','2'),(149,'3','30055','2'),(150,'3','30056','2'),(151,'3','30057','2'),(152,'3','30058','2'),(153,'3','30059','2'),(154,'3','30060','2'),(155,'3','30061','2'),(156,'3','30062','2'),(157,'3','30063','2'),(158,'3','30064','2'),(159,'3','30065','2'),(160,'3','30066','2'),(161,'2','20020','2'),(162,'2','20021','2'),(163,'2','20022','2'),(164,'2','20023','2'),(165,'2','20024','2'),(166,'2','20025','2'),(167,'2','20026','2'),(168,'2','20027','2'),(169,'2','20028','2'),(170,'2','20029','2'),(171,'2','20030','2'),(172,'2','20031','2'),(173,'2','20032','2'),(174,'2','20033','2'),(175,'2','20034','2'),(176,'2','20035','2'),(177,'2','20036','2'),(178,'2','20037','2'),(179,'2','20038','2'),(180,'1','b210.31/2','9'),(181,'1','b2101.31/2','9'),(182,'3','30465','9'),(183,'3','30466','9'),(184,'3','30467','9'),(185,'3','30468','9'),(186,'3','30469','9'),(187,'3','30470','9'),(188,'3','30471','9'),(189,'3','30472','9'),(190,'3','30473','9'),(191,'3','30474','9'),(192,'3','30475','9'),(193,'3','30476','9'),(194,'3','30477','9'),(195,'3','30478','9'),(196,'3','30479','9'),(197,'3','30480','9'),(198,'3','30481','9'),(199,'3','30482','9'),(200,'3','30483','9'),(201,'3','30484','9'),(202,'3','30485','9'),(203,'3','30486','9'),(204,'3','30487','9'),(205,'3','30488','9'),(206,'3','30489','9'),(207,'3','30490','9'),(208,'3','30491','9'),(209,'3','30492','9'),(210,'3','30493','9'),(211,'3','30494','9'),(212,'3','30495','9'),(213,'3','30496','9'),(214,'3','30497','9'),(215,'3','30498','9'),(216,'3','30499','9'),(217,'3','30500','9'),(218,'3','30501','9'),(219,'3','30502','9'),(220,'3','30503','9'),(221,'3','30504','9'),(222,'3','30505','9'),(223,'3','30506','9'),(224,'3','30507','9'),(225,'3','30508','9'),(226,'3','30509','9'),(227,'3','30510','9'),(228,'3','30511','9'),(229,'3','30512','9'),(230,'3','30513','9'),(231,'3','30514','9'),(232,'3','30515','9'),(233,'3','30516','9'),(234,'3','30517','9'),(235,'3','30518','9'),(236,'2','20225','9'),(237,'2','20226','9'),(238,'2','20227','9'),(239,'2','20228','9'),(240,'2','20229','9'),(241,'2','20230','9'),(242,'2','20231','9'),(243,'2','20232','9'),(244,'2','20233','9'),(245,'2','20234','9'),(246,'2','20235','9'),(247,'2','20236','9'),(248,'2','20237','9'),(249,'2','20238','9'),(250,'2','20239','9'),(251,'2','20240','9'),(252,'2','20241','9'),(253,'2','20242','9'),(254,'2','20243','9'),(255,'2','20244','9'),(256,'2','20245','9'),(257,'2','20246','9'),(258,'2','20247','9'),(259,'2','20248','9'),(260,'2','20249','9'),(261,'2','20250','9'),(262,'2','20251','9'),(263,'2','20252','9'),(264,'2','20253','9'),(265,'2','20254','9'),(266,'2','20255','9'),(267,'2','20256','9'),(268,'2','20257','9'),(269,'2','20258','9'),(270,'2','20259','9'),(271,'2','20260','9'),(272,'2','20261','9'),(273,'2','20262','9'),(274,'2','20263','9'),(275,'2','20264','9'),(276,'2','20265','9'),(277,'2','20266','9'),(278,'2','20267','9'),(279,'2','20268','9'),(280,'2','20269','9'),(281,'2','20270','9'),(282,'2','20271','9'),(283,'2','20272','9'),(284,'2','20273','9'),(285,'2','20274','9'),(286,'2','20275','9'),(287,'1','b210.1X3','6'),(288,'1','b2101.23','6'),(289,'3','30246','6'),(290,'3','30247','6'),(291,'3','30248','6'),(292,'3','30249','6'),(293,'3','30250','6'),(294,'3','30251','6'),(295,'3','30252','6'),(296,'3','30253','6'),(297,'3','30254','6'),(298,'3','30255','6'),(299,'3','30256','6'),(300,'3','30257','6'),(301,'3','30258','6'),(302,'3','30259','6'),(303,'3','30260','6'),(304,'3','30261','6'),(305,'3','30262','6'),(306,'3','30263','6'),(307,'3','30264','6'),(308,'3','30265','6'),(309,'3','30266','6'),(310,'3','30267','6'),(311,'3','30268','6'),(312,'3','30269','6'),(313,'3','30270','6'),(314,'3','30271','6'),(315,'3','30272','6'),(316,'3','30273','6'),(317,'3','30274','6'),(318,'3','30275','6'),(319,'3','30276','6'),(320,'3','30277','6'),(321,'3','30278','6'),(322,'3','30279','6'),(323,'3','30280','6'),(324,'3','30281','6'),(325,'3','30282','6'),(326,'3','30283','6'),(327,'3','30284','6'),(328,'3','30285','6'),(329,'3','30286','6'),(330,'3','30287','6'),(331,'3','30288','6'),(332,'3','30289','6'),(333,'3','30290','6'),(334,'3','30291','6'),(335,'3','30292','6'),(336,'3','30293','6'),(337,'3','30294','6'),(338,'3','30295','6'),(339,'3','30296','6'),(340,'3','30297','6'),(341,'3','30298','6'),(342,'3','30299','6'),(343,'3','30300','6'),(344,'3','30301','6'),(345,'3','30302','6'),(346,'3','30303','6'),(347,'3','30304','6'),(348,'3','30305','6'),(349,'3','30306','6'),(350,'3','30307','6'),(351,'3','30308','6'),(352,'3','30309','6'),(353,'3','30310','6'),(354,'3','30311','6'),(355,'3','30312','6'),(356,'3','30313','6'),(357,'3','30314','6'),(358,'3','30315','6'),(359,'3','30316','6'),(360,'3','30317','6'),(361,'3','30318','6'),(362,'2','20131','6'),(363,'2','20132','6'),(364,'2','20133','6'),(365,'2','20134','6'),(366,'2','20135','6'),(367,'2','20136','6'),(368,'2','20137','6'),(369,'2','20138','6'),(370,'2','20139','6'),(371,'2','20140','6'),(372,'2','20141','6'),(373,'2','20142','6'),(374,'2','20143','6'),(375,'2','20144','6'),(376,'2','20145','6'),(377,'2','20146','6'),(378,'2','20147','6'),(379,'2','20148','6'),(380,'2','20149','6'),(381,'2','20150','6'),(382,'2','20151','6'),(383,'2','20152','6'),(384,'2','20153','6'),(385,'2','20154','6'),(386,'2','20155','6'),(387,'1','s220.411/2','7'),(388,'1','b210.4Z1/2','7'),(389,'3','30319','7'),(390,'3','30320','7'),(391,'3','30321','7'),(392,'3','30322','7'),(393,'3','30323','7'),(394,'3','30324','7'),(395,'3','30325','7'),(396,'3','30326','7'),(397,'3','30327','7'),(398,'3','30328','7'),(399,'3','30329','7'),(400,'3','30330','7'),(401,'3','30331','7'),(402,'3','30332','7'),(403,'3','30333','7'),(404,'3','30334','7'),(405,'3','30335','7'),(406,'3','30336','7'),(407,'3','30337','7'),(408,'3','30338','7'),(409,'3','30339','7'),(410,'3','30340','7'),(411,'3','30341','7'),(412,'3','30342','7'),(413,'3','30343','7'),(414,'3','30344','7'),(415,'3','30345','7'),(416,'3','30346','7'),(417,'3','30347','7'),(418,'3','30348','7'),(419,'3','30349','7'),(420,'3','30350','7'),(421,'3','30351','7'),(422,'3','30352','7'),(423,'3','30353','7'),(424,'3','30354','7'),(425,'3','30355','7'),(426,'3','30356','7'),(427,'3','30357','7'),(428,'3','30358','7'),(429,'3','30359','7'),(430,'3','30360','7'),(431,'3','30361','7'),(432,'3','30362','7'),(433,'3','30363','7'),(434,'3','30364','7'),(435,'3','30365','7'),(436,'3','30366','7'),(437,'3','30367','7'),(438,'3','30368','7'),(439,'3','30369','7'),(440,'3','30370','7'),(441,'3','30371','7'),(442,'3','30372','7'),(443,'3','30373','7'),(444,'3','30374','7'),(445,'3','30375','7'),(446,'3','30376','7'),(447,'3','30377','7'),(448,'3','30378','7'),(449,'3','30379','7'),(450,'3','30380','7'),(451,'3','30381','7'),(452,'3','30382','7'),(453,'3','30383','7'),(454,'3','30384','7'),(455,'3','30385','7'),(456,'3','30386','7'),(457,'3','30387','7'),(458,'3','30388','7'),(459,'3','30389','7'),(460,'3','30390','7'),(461,'2','20156','7'),(462,'2','20157','7'),(463,'2','20158','7'),(464,'2','20159','7'),(465,'2','20160','7'),(466,'2','20161','7'),(467,'2','20162','7'),(468,'2','20163','7'),(469,'2','20164','7'),(470,'2','20165','7'),(471,'2','20166','7'),(472,'2','20167','7'),(473,'2','20168','7'),(474,'2','20169','7'),(475,'2','20170','7'),(476,'2','20171','7'),(477,'2','20172','7'),(478,'2','20173','7'),(479,'2','20174','7'),(480,'2','20175','7'),(481,'2','20176','7'),(482,'2','20177','7'),(483,'2','20178','7'),(484,'2','20179','7'),(485,'2','20180','7'),(486,'2','20181','7'),(487,'2','20182','7'),(488,'2','20183','7'),(489,'2','20184','7'),(490,'2','20185','7'),(491,'2','20186','7'),(492,'2','20187','7'),(493,'2','20188','7'),(494,'2','20189','7'),(495,'1','s110.388','3'),(496,'1','b117.3','3'),(497,'1','b198.3','3'),(498,'1','s220.411/2','3'),(499,'1','b210.32/1','3'),(500,'1','b210.43','3'),(501,'1','b2101.43','3'),(502,'3','30067','3'),(503,'3','30068','3'),(504,'3','30069','3'),(505,'3','30070','3'),(506,'3','30071','3'),(507,'3','30072','3'),(508,'3','30073','3'),(509,'3','30074','3'),(510,'3','30075','3'),(511,'3','30076','3'),(512,'3','30077','3'),(513,'3','30078','3'),(514,'3','30079','3'),(515,'3','30080','3'),(516,'3','30081','3'),(517,'3','30082','3'),(518,'3','30083','3'),(519,'3','30084','3'),(520,'3','30085','3'),(521,'3','30086','3'),(522,'3','30087','3'),(523,'3','30088','3'),(524,'3','30089','3'),(525,'3','30090','3'),(526,'3','30091','3'),(527,'3','30092','3'),(528,'3','30093','3'),(529,'3','30094','3'),(530,'3','30095','3'),(531,'3','30096','3'),(532,'3','30097','3'),(533,'3','30098','3'),(534,'3','30099','3'),(535,'3','30100','3'),(536,'3','30101','3'),(537,'3','30102','3'),(538,'3','30103','3'),(539,'3','30104','3'),(540,'3','30105','3'),(541,'3','30106','3'),(542,'3','30107','3'),(543,'3','30108','3'),(544,'3','30109','3'),(545,'3','30110','3'),(546,'3','30111','3'),(547,'3','30112','3'),(548,'3','30113','3'),(549,'3','30114','3'),(550,'3','30115','3'),(551,'2','20039','3'),(552,'2','20040','3'),(553,'2','20041','3'),(554,'2','20042','3'),(555,'2','20043','3'),(556,'2','20044','3'),(557,'2','20045','3'),(558,'2','20046','3'),(559,'2','20047','3'),(560,'2','20048','3'),(561,'2','20049','3'),(562,'2','20050','3'),(563,'2','20051','3'),(564,'2','20052','3'),(565,'2','20053','3'),(566,'2','20054','3'),(567,'2','20055','3'),(568,'2','20056','3'),(569,'2','20057','3'),(570,'2','20058','3'),(571,'2','20059','3'),(572,'2','20060','3'),(573,'2','20061','3'),(574,'2','20062','3'),(575,'2','20063','3'),(576,'2','20064','3'),(577,'2','20065','3'),(578,'2','20066','3'),(579,'2','20067','3'),(580,'2','20068','3'),(581,'2','20069','3'),(582,'1','s130.188','10'),(583,'1','b210.1X1/2','10'),(584,'1','b2101.21/2','10'),(585,'3','30519','10'),(586,'3','30520','10'),(587,'3','30521','10'),(588,'3','30522','10'),(589,'3','30523','10'),(590,'3','30524','10'),(591,'3','30525','10'),(592,'3','30526','10'),(593,'3','30527','10'),(594,'3','30528','10'),(595,'3','30529','10'),(596,'3','30530','10'),(597,'3','30531','10'),(598,'3','30532','10'),(599,'3','30533','10'),(600,'3','30534','10'),(601,'3','30535','10'),(602,'3','30536','10'),(603,'3','30537','10'),(604,'3','30538','10'),(605,'3','30539','10'),(606,'3','30540','10'),(607,'3','30541','10'),(608,'3','30542','10'),(609,'3','30543','10'),(610,'3','30544','10'),(611,'3','30545','10'),(612,'3','30546','10'),(613,'3','30547','10'),(614,'3','30548','10'),(615,'3','30549','10'),(616,'3','30550','10'),(617,'3','30551','10'),(618,'3','30552','10'),(619,'3','30553','10'),(620,'3','30554','10'),(621,'3','30555','10'),(622,'3','30556','10'),(623,'3','30557','10'),(624,'3','30558','10'),(625,'3','30559','10'),(626,'3','30560','10'),(627,'3','30561','10'),(628,'3','30562','10'),(629,'3','30563','10'),(630,'3','30564','10'),(631,'3','30565','10'),(632,'3','30566','10'),(633,'3','30567','10'),(634,'3','30568','10'),(635,'3','30569','10'),(636,'3','30570','10'),(637,'3','30571','10'),(638,'3','30572','10'),(639,'2','20276','10'),(640,'2','20277','10'),(641,'2','20278','10'),(642,'2','20279','10'),(643,'2','20280','10'),(644,'2','20281','10'),(645,'2','20282','10'),(646,'2','20283','10'),(647,'2','20284','10'),(648,'2','20285','10'),(649,'2','20286','10'),(650,'2','20287','10'),(651,'2','20288','10'),(652,'2','20289','10'),(653,'2','20290','10'),(654,'2','20291','10'),(655,'2','20292','10'),(656,'2','20293','10'),(657,'2','20294','10'),(658,'2','20295','10'),(659,'2','20296','10'),(660,'2','20297','10'),(661,'2','20298','10'),(662,'2','20299','10'),(663,'2','20300','10'),(664,'2','20301','10'),(665,'2','20302','10'),(666,'2','20303','10'),(667,'2','20304','10'),(668,'2','20305','10'),(669,'2','20306','10'),(670,'2','20307','10'),(671,'2','20308','10'),(672,'2','20309','10'),(673,'2','20310','10'),(674,'2','20311','10'),(675,'2','20312','10'),(676,'2','20313','10'),(677,'2','20314','10'),(678,'2','20315','10'),(679,'2','20316','10'),(680,'2','20317','10'),(681,'2','20318','10'),(682,'2','20319','10'),(683,'2','20320','10'),(684,'2','20321','10'),(685,'2','20322','10'),(686,'2','20323','10'),(687,'2','20324','10'),(688,'2','20325','10'),(689,'2','20326','10'),(690,'2','20327','10'),(691,'2','20328','10'),(692,'2','20329','10'),(693,'2','20330','10'),(694,'2','20331','10'),(695,'2','20332','10'),(696,'2','20333','10'),(697,'2','20334','10'),(698,'2','20335','10'),(699,'2','20336','10'),(700,'2','20337','10'),(701,'2','20338','10'),(702,'2','20339','10'),(703,'2','20340','10'),(704,'2','20341','10'),(705,'2','20342','10'),(706,'2','20343','10'),(707,'2','20344','10'),(708,'2','20345','10'),(709,'1','s110.288','4'),(710,'1','b117.2','4'),(711,'1','b198.2','4'),(712,'1','s220.411/2','4'),(713,'1','b210.22/1','4'),(714,'1','b210.33','4'),(715,'1','b2101.33','4'),(716,'3','30116','4'),(717,'3','30117','4'),(718,'3','30118','4'),(719,'3','30119','4'),(720,'3','30120','4'),(721,'3','30121','4'),(722,'3','30122','4'),(723,'3','30123','4'),(724,'3','30124','4'),(725,'3','30125','4'),(726,'3','30126','4'),(727,'3','30127','4'),(728,'3','30128','4'),(729,'3','30129','4'),(730,'3','30130','4'),(731,'3','30131','4'),(732,'3','30132','4'),(733,'3','30133','4'),(734,'3','30134','4'),(735,'3','30135','4'),(736,'3','30136','4'),(737,'3','30137','4'),(738,'3','30138','4'),(739,'3','30139','4'),(740,'3','30140','4'),(741,'3','30141','4'),(742,'3','30142','4'),(743,'3','30143','4'),(744,'3','30144','4'),(745,'3','30145','4'),(746,'3','30146','4'),(747,'3','30147','4'),(748,'3','30148','4'),(749,'3','30149','4'),(750,'3','30150','4'),(751,'3','30151','4'),(752,'3','30152','4'),(753,'3','30153','4'),(754,'3','30154','4'),(755,'3','30155','4'),(756,'3','30156','4'),(757,'3','30157','4'),(758,'3','30158','4'),(759,'3','30159','4'),(760,'3','30160','4'),(761,'3','30161','4'),(762,'3','30162','4'),(763,'3','30163','4'),(764,'3','30164','4'),(765,'3','30165','4'),(766,'3','30166','4'),(767,'3','30167','4'),(768,'3','30168','4'),(769,'3','30169','4'),(770,'3','30170','4'),(771,'3','30171','4'),(772,'3','30172','4'),(773,'2','20070','4'),(774,'2','20071','4'),(775,'2','20072','4'),(776,'2','20073','4'),(777,'2','20074','4'),(778,'2','20075','4'),(779,'2','20076','4'),(780,'2','20077','4'),(781,'2','20078','4'),(782,'2','20079','4'),(783,'2','20080','4'),(784,'2','20081','4'),(785,'2','20082','4'),(786,'2','20083','4'),(787,'2','20084','4'),(788,'2','20085','4'),(789,'2','20086','4'),(790,'2','20087','4'),(791,'2','20088','4'),(792,'2','20089','4'),(793,'2','20090','4'),(794,'2','20091','4'),(795,'2','20092','4'),(796,'2','20093','4'),(797,'1','s220.411/2','5'),(798,'1','b210.1X2/1','5'),(799,'1','b210.23','5'),(800,'3','30173','5'),(801,'3','30174','5'),(802,'3','30175','5'),(803,'3','30176','5'),(804,'3','30177','5'),(805,'3','30178','5'),(806,'3','30179','5'),(807,'3','30180','5'),(808,'3','30181','5'),(809,'3','30182','5'),(810,'3','30183','5'),(811,'3','30184','5'),(812,'3','30185','5'),(813,'3','30186','5'),(814,'3','30187','5'),(815,'3','30188','5'),(816,'3','30189','5'),(817,'3','30190','5'),(818,'3','30191','5'),(819,'3','30192','5'),(820,'3','30193','5'),(821,'3','30194','5'),(822,'3','30195','5'),(823,'3','30196','5'),(824,'3','30197','5'),(825,'3','30198','5'),(826,'3','30199','5'),(827,'3','30200','5'),(828,'3','30201','5'),(829,'3','30202','5'),(830,'3','30203','5'),(831,'3','30204','5'),(832,'3','30205','5'),(833,'3','30206','5'),(834,'3','30207','5'),(835,'3','30208','5'),(836,'3','30209','5'),(837,'3','30210','5'),(838,'3','30211','5'),(839,'3','30212','5'),(840,'3','30213','5'),(841,'3','30214','5'),(842,'3','30215','5'),(843,'3','30216','5'),(844,'3','30217','5'),(845,'3','30218','5'),(846,'3','30219','5'),(847,'3','30220','5'),(848,'3','30221','5'),(849,'3','30222','5'),(850,'3','30223','5'),(851,'3','30224','5'),(852,'3','30225','5'),(853,'3','30226','5'),(854,'3','30227','5'),(855,'3','30228','5'),(856,'3','30229','5'),(857,'3','30230','5'),(858,'3','30231','5'),(859,'3','30232','5'),(860,'3','30233','5'),(861,'3','30234','5'),(862,'3','30235','5'),(863,'3','30236','5'),(864,'3','30237','5'),(865,'3','30238','5'),(866,'3','30239','5'),(867,'3','30240','5'),(868,'3','30241','5'),(869,'3','30242','5'),(870,'3','30243','5'),(871,'3','30244','5'),(872,'3','30245','5'),(873,'2','20094','5'),(874,'2','20095','5'),(875,'2','20096','5'),(876,'2','20097','5'),(877,'2','20098','5'),(878,'2','20099','5'),(879,'2','20100','5'),(880,'2','20101','5'),(881,'2','20102','5'),(882,'2','20103','5'),(883,'2','20104','5'),(884,'2','20105','5'),(885,'2','20106','5'),(886,'2','20107','5'),(887,'2','20108','5'),(888,'2','20109','5'),(889,'2','20110','5'),(890,'2','20111','5'),(891,'2','20112','5'),(892,'2','20113','5'),(893,'2','20114','5'),(894,'2','20115','5'),(895,'2','20116','5'),(896,'2','20117','5'),(897,'2','20118','5'),(898,'2','20119','5'),(899,'2','20120','5'),(900,'2','20121','5'),(901,'2','20122','5'),(902,'2','20123','5'),(903,'2','20124','5'),(904,'2','20125','5'),(905,'2','20126','5'),(906,'2','20127','5'),(907,'2','20128','5'),(908,'2','20129','5'),(909,'2','20130','5'),(910,'1','s110.488','1'),(911,'1','b117.4','1'),(912,'1','b198.4','1'),(913,'1','b110.4','1'),(914,'1','s220.413','1'),(915,'1','s220.411/2','1'),(916,'1','b210.4Z2/1','1'),(917,'3','30001','1'),(918,'3','30002','1'),(919,'3','30003','1'),(920,'3','30004','1'),(921,'3','30005','1'),(922,'3','30006','1'),(923,'3','30007','1'),(924,'3','30008','1'),(925,'3','30009','1'),(926,'3','30010','1'),(927,'3','30011','1'),(928,'3','30012','1'),(929,'3','30013','1'),(930,'3','30014','1'),(931,'3','30015','1'),(932,'3','30016','1'),(933,'3','30017','1'),(934,'3','30018','1'),(935,'3','30019','1'),(936,'3','30020','1'),(937,'3','30021','1'),(938,'3','30022','1'),(939,'3','30023','1'),(940,'3','30024','1'),(941,'2','20001','1'),(942,'2','20002','1'),(943,'2','20003','1'),(944,'2','20004','1'),(945,'2','20005','1'),(946,'2','20006','1'),(947,'2','20007','1'),(948,'2','20008','1'),(949,'2','20009','1'),(950,'2','20010','1'),(951,'2','20011','1'),(952,'2','20012','1'),(953,'2','20013','1'),(954,'2','20014','1'),(955,'2','20015','1'),(956,'2','20016','1'),(957,'2','20017','1'),(958,'2','20018','1'),(959,'2','20019','1');
/*!40000 ALTER TABLE `t_deformity_grade` ENABLE KEYS */;
UNLOCK TABLES;

--
-- Table structure for table `t_deformity_grade_rate`
--

DROP TABLE IF EXISTS `t_deformity_grade_rate`;
/*!40101 SET @saved_cs_client     = @@character_set_client */;
/*!40101 SET character_set_client = utf8 */;
CREATE TABLE `t_deformity_grade_rate` (
  `RATETABLE_ID` varchar(32) NOT NULL COMMENT '记录ID',
  `DEFORMITY_STD` varchar(10) DEFAULT NULL COMMENT '伤残标准(D_DEFORMITY_STD)',
  `DEFORMITY_GRADE` tinyint(2) DEFAULT NULL COMMENT '伤残等级',
  `RATE` decimal(3,2) DEFAULT NULL COMMENT '给付比例',
  PRIMARY KEY (`RATETABLE_ID`)
) ENGINE=InnoDB DEFAULT CHARSET=utf8mb4 COMMENT='伤残等级给付比例配置表';
/*!40101 SET character_set_client = @saved_cs_client */;

--
-- Dumping data for table `t_deformity_grade_rate`
--

LOCK TABLES `t_deformity_grade_rate` WRITE;
/*!40000 ALTER TABLE `t_deformity_grade_rate` DISABLE KEYS */;
INSERT INTO `t_deformity_grade_rate` VALUES ('1_1','1',1,1.00),('1_10','1',10,0.10),('1_2','1',2,0.90),('1_3','1',3,0.80),('1_4','1',4,0.70),('1_5','1',5,0.60),('1_6','1',6,0.50),('1_7','1',7,0.40),('1_8','1',8,0.30),('1_9','1',9,0.20),('2_1','2',1,1.00),('2_10','2',10,0.10),('2_2','2',2,0.90),('2_3','2',3,0.80),('2_4','2',4,0.70),('2_5','2',5,0.60),('2_6','2',6,0.50),('2_7','2',7,0.40),('2_8','2',8,0.30),('2_9','2',9,0.20),('3_1','3',1,1.00),('3_10','3',10,0.10),('3_2','3',2,0.90),('3_3','3',3,0.80),('3_4','3',4,0.70),('3_5','3',5,0.60),('3_6','3',6,0.50),('3_7','3',7,0.40),('3_8','3',8,0.30),('3_9','3',9,0.20),('4_1','4',1,1.00),('4_2','4',2,0.75),('4_3','4',3,0.50),('4_4','4',4,0.30),('4_5','4',5,0.20),('4_6','4',6,0.15),('4_7','4',7,0.10);
/*!40000 ALTER TABLE `t_deformity_grade_rate` ENABLE KEYS */;
UNLOCK TABLES;

--
-- Table structure for table `t_department`
--

DROP TABLE IF EXISTS `t_department`;
/*!40101 SET @saved_cs_client     = @@character_set_client */;
/*!40101 SET character_set_client = utf8 */;
CREATE TABLE `t_department` (
  `DEPART_ID` bigint(20) NOT NULL AUTO_INCREMENT,
  `ORGAN_ID` bigint(20) DEFAULT NULL COMMENT '机构id',
  `NAME` varchar(300) COLLATE utf8_bin DEFAULT NULL COMMENT '部门名称',
  `CODE` varchar(30) COLLATE utf8_bin DEFAULT NULL COMMENT '部门代码',
  `ADDR` varchar(300) COLLATE utf8_bin DEFAULT NULL COMMENT '地址',
  `FUNCTION` char(5) COLLATE utf8_bin DEFAULT NULL COMMENT '职能',
  `PARENT_ID` bigint(20) DEFAULT NULL COMMENT '上级部门',
  `FINANCE_ACCESS` char(1) COLLATE utf8_bin DEFAULT NULL COMMENT '财务部门',
  `SUPERVISER` varchar(20) COLLATE utf8_bin DEFAULT NULL COMMENT '负责人',
  PRIMARY KEY (`DEPART_ID`),
  KEY `FK_Reference_86` (`ORGAN_ID`),
  KEY `FK_Reference_92` (`PARENT_ID`),
  KEY `fk_DEPARTMENT__function` (`FUNCTION`),
  CONSTRAINT `FK_Reference_86` FOREIGN KEY (`ORGAN_ID`) REFERENCES `t_company_organ` (`organ_id`),
  CONSTRAINT `FK_Reference_92` FOREIGN KEY (`PARENT_ID`) REFERENCES `t_department` (`DEPART_ID`),
  CONSTRAINT `fk_DEPARTMENT__function` FOREIGN KEY (`FUNCTION`) REFERENCES `t_dept_function_def` (`FUNCTION_CODE`)
) ENGINE=InnoDB AUTO_INCREMENT=5 DEFAULT CHARSET=utf8 COLLATE=utf8_bin COMMENT='部门';
/*!40101 SET character_set_client = @saved_cs_client */;

--
-- Dumping data for table `t_department`
--

LOCK TABLES `t_department` WRITE;
/*!40000 ALTER TABLE `t_department` DISABLE KEYS */;
INSERT INTO `t_department` VALUES (1,400,'北京微保金融信息服务有限责任公司','WB_IT','上海','0',NULL,'Y',''),(2,401,'保险公司2',NULL,NULL,NULL,NULL,NULL,NULL),(3,400,'abc','33','','0',NULL,NULL,''),(4,400,'','','','0',NULL,NULL,'');
/*!40000 ALTER TABLE `t_department` ENABLE KEYS */;
UNLOCK TABLES;

--
-- Table structure for table `t_dept_function_def`
--

DROP TABLE IF EXISTS `t_dept_function_def`;
/*!40101 SET @saved_cs_client     = @@character_set_client */;
/*!40101 SET character_set_client = utf8 */;
CREATE TABLE `t_dept_function_def` (
  `FUNCTION_CODE` varchar(5) COLLATE utf8_bin NOT NULL COMMENT '职能定义代码',
  `FUNCTION_DESC` varchar(500) COLLATE utf8_bin DEFAULT NULL COMMENT '职能描述',
  `FUNCTION_CATE` varchar(5) COLLATE utf8_bin DEFAULT NULL COMMENT '分类',
  PRIMARY KEY (`FUNCTION_CODE`)
) ENGINE=InnoDB DEFAULT CHARSET=utf8 COLLATE=utf8_bin COMMENT='职能定义表';
/*!40101 SET character_set_client = @saved_cs_client */;

--
-- Dumping data for table `t_dept_function_def`
--

LOCK TABLES `t_dept_function_def` WRITE;
/*!40000 ALTER TABLE `t_dept_function_def` DISABLE KEYS */;
INSERT INTO `t_dept_function_def` VALUES ('0','默认部门',NULL),('1','核心部门',NULL),('2','酱油部门',NULL);
/*!40000 ALTER TABLE `t_dept_function_def` ENABLE KEYS */;
UNLOCK TABLES;

--
-- Table structure for table `t_doc_billcard`
--

DROP TABLE IF EXISTS `t_doc_billcard`;
/*!40101 SET @saved_cs_client     = @@character_set_client */;
/*!40101 SET character_set_client = utf8 */;
CREATE TABLE `t_doc_billcard` (
  `BILLCARD_ID` bigint(20) NOT NULL AUTO_INCREMENT COMMENT '单证ID',
  `ORGAN_ID` bigint(20) NOT NULL COMMENT '所属机构/租户ID\n            --t_company_organ',
  `DOC_CATE` char(1) COLLATE utf8_bin NOT NULL COMMENT '单证分类\n            --D_DOCUMENT_CATE\n            --1-有价单证,2-非有价单证,3-保险凭证,4-系统单证',
  `DOC_TYPE` char(4) COLLATE utf8_bin NOT NULL COMMENT '单证类型\n            --d_document_type',
  `BILLCARD_CODE` varchar(10) COLLATE utf8_bin NOT NULL COMMENT '单证代码',
  `BILLCARD_NAME` varchar(200) COLLATE utf8_bin NOT NULL COMMENT '单证名称',
  `BILLCARD_DESC` varchar(4000) COLLATE utf8_bin DEFAULT NULL COMMENT '单证描述',
  `CODE_LENGTH` int(11) NOT NULL COMMENT '单证代码长度',
  `CODE_RULE` varchar(4000) COLLATE utf8_bin DEFAULT NULL COMMENT '单证号码取值规则',
  `NEED_PRINT` char(1) COLLATE utf8_bin NOT NULL COMMENT '是否打印\n            --D_YES_NO',
  `NEED_IMPORT` char(1) COLLATE utf8_bin NOT NULL COMMENT '是否导入\n            --D_YES_NO',
  `NEED_PRE_ALLOT` char(1) COLLATE utf8_bin NOT NULL COMMENT '是否需要人工预分配\n            --D_YES_NO',
  `ERR_NEED_ROLLBACK` char(1) COLLATE utf8_bin NOT NULL COMMENT '错误单证是否需要回退\n            --D_YES_NO',
  `DRAW_ONLINE` char(1) COLLATE utf8_bin NOT NULL COMMENT '是否在线领取\n            --D_YES_NO',
  `AUTO_DUSTY` char(1) COLLATE utf8_bin NOT NULL COMMENT '是否自动回销\n            --D_YES_NO',
  `CREATED_BY` bigint(20) NOT NULL COMMENT '创建人',
  `CREATE_TIME` datetime NOT NULL DEFAULT CURRENT_TIMESTAMP COMMENT '创建时间',
  `UPDATE_BY` bigint(20) NOT NULL COMMENT '更新记录人',
  `UPDATE_TIME` datetime NOT NULL DEFAULT CURRENT_TIMESTAMP ON UPDATE CURRENT_TIMESTAMP COMMENT '更新记录时间',
  PRIMARY KEY (`BILLCARD_ID`)
) ENGINE=InnoDB DEFAULT CHARSET=utf8 COLLATE=utf8_bin COMMENT='单证记录表';
/*!40101 SET character_set_client = @saved_cs_client */;

--
-- Dumping data for table `t_doc_billcard`
--

LOCK TABLES `t_doc_billcard` WRITE;
/*!40000 ALTER TABLE `t_doc_billcard` DISABLE KEYS */;
/*!40000 ALTER TABLE `t_doc_billcard` ENABLE KEYS */;
UNLOCK TABLES;

--
-- Table structure for table `t_doc_billcard_detail`
--

DROP TABLE IF EXISTS `t_doc_billcard_detail`;
/*!40101 SET @saved_cs_client     = @@character_set_client */;
/*!40101 SET character_set_client = utf8 */;
CREATE TABLE `t_doc_billcard_detail` (
  `DETAIL_ID` bigint(20) NOT NULL AUTO_INCREMENT COMMENT '明细ID',
  `BILLCARD_ID` bigint(20) NOT NULL COMMENT '单证ID',
  `BILLCARD_NO` varchar(32) COLLATE utf8_bin NOT NULL COMMENT '单证号码',
  `SEQ_NUM` varchar(32) COLLATE utf8_bin DEFAULT NULL COMMENT '物理标识号',
  `DOC_STATUS` char(2) COLLATE utf8_bin NOT NULL COMMENT '单证状态',
  `ORGAN_ID` bigint(20) NOT NULL COMMENT '所属机构/租户ID\n            --t_company_organ',
  `DEPART_ID` bigint(20) DEFAULT NULL COMMENT '租户部门ID',
  `IMPORT_ID` bigint(20) NOT NULL COMMENT '单证导入ID',
  `DRAW_ID` bigint(20) DEFAULT NULL COMMENT '领用信息ID',
  `EMPLOYEE_ID` bigint(20) DEFAULT NULL COMMENT '领用员工ID',
  `DRAW_DATE` datetime DEFAULT NULL COMMENT '领用时间',
  `RETURN_ID` bigint(20) DEFAULT NULL COMMENT '回销人员',
  `RETURN_DATE` datetime DEFAULT NULL COMMENT '回销日期',
  `EFFECTIVE_DATE` date NOT NULL COMMENT '生效日期',
  `EXPIRATION_DATE` date NOT NULL COMMENT '失效日期',
  `CREATE_BY` bigint(20) NOT NULL COMMENT '创建人',
  `CREATE_TIME` datetime NOT NULL DEFAULT CURRENT_TIMESTAMP COMMENT '创建时间',
  `UPDATE_BY` bigint(20) NOT NULL COMMENT '更新记录人',
  `UPDATE_TIME` datetime NOT NULL DEFAULT CURRENT_TIMESTAMP ON UPDATE CURRENT_TIMESTAMP COMMENT '更新记录时间',
  PRIMARY KEY (`DETAIL_ID`),
  KEY `FK_FK_BILLCARD_DETAIL__BILLCARD_ID` (`BILLCARD_ID`),
  KEY `FK_FK_BILLCARD_DETAIL__DRAW_ID` (`DRAW_ID`),
  KEY `FK_FK_BILLCARD_DETAIL__IMPORT_ID` (`IMPORT_ID`),
  CONSTRAINT `FK_FK_BILLCARD_DETAIL__BILLCARD_ID` FOREIGN KEY (`BILLCARD_ID`) REFERENCES `t_doc_billcard` (`BILLCARD_ID`),
  CONSTRAINT `FK_FK_BILLCARD_DETAIL__DRAW_ID` FOREIGN KEY (`DRAW_ID`) REFERENCES `t_doc_billcard_draw` (`DRAW_ID`),
  CONSTRAINT `FK_FK_BILLCARD_DETAIL__IMPORT_ID` FOREIGN KEY (`IMPORT_ID`) REFERENCES `t_doc_billcard_import` (`IMPORT_ID`)
) ENGINE=InnoDB DEFAULT CHARSET=utf8 COLLATE=utf8_bin COMMENT='单证明细记录表';
/*!40101 SET character_set_client = @saved_cs_client */;

--
-- Dumping data for table `t_doc_billcard_detail`
--

LOCK TABLES `t_doc_billcard_detail` WRITE;
/*!40000 ALTER TABLE `t_doc_billcard_detail` DISABLE KEYS */;
/*!40000 ALTER TABLE `t_doc_billcard_detail` ENABLE KEYS */;
UNLOCK TABLES;

--
-- Table structure for table `t_doc_billcard_detail_fetch`
--

DROP TABLE IF EXISTS `t_doc_billcard_detail_fetch`;
/*!40101 SET @saved_cs_client     = @@character_set_client */;
/*!40101 SET character_set_client = utf8 */;
CREATE TABLE `t_doc_billcard_detail_fetch` (
  `DETAIL_ID` bigint(20) NOT NULL COMMENT '明细ID',
  `FETCH_ID` bigint(20) NOT NULL COMMENT '预取流水ID',
  `DRAW_ID` bigint(20) DEFAULT NULL COMMENT '领用信息ID',
  `EMPLOYEE_ID` bigint(20) DEFAULT NULL COMMENT '领用员工ID',
  `DRAW_DATE` datetime DEFAULT NULL COMMENT '领用时间',
  `CREATE_BY` bigint(20) DEFAULT NULL COMMENT '创建人',
  `CREATE_TIME` datetime NOT NULL DEFAULT CURRENT_TIMESTAMP COMMENT '创建时间',
  `UPDATE_BY` bigint(20) DEFAULT NULL COMMENT '更新记录人',
  `UPDATE_TIME` datetime NOT NULL DEFAULT CURRENT_TIMESTAMP ON UPDATE CURRENT_TIMESTAMP COMMENT '更新记录时间',
  PRIMARY KEY (`DETAIL_ID`),
  KEY `FK_FK_BILLCARD_DETAIL__FETCH_ID` (`FETCH_ID`),
  CONSTRAINT `FK_FK_BILLCARD_DETAIL__FETCH_ID` FOREIGN KEY (`FETCH_ID`) REFERENCES `t_doc_billcard_pre_fetch` (`FETCH_ID`)
) ENGINE=InnoDB DEFAULT CHARSET=utf8 COLLATE=utf8_bin COMMENT='单证明细预取记录表';
/*!40101 SET character_set_client = @saved_cs_client */;

--
-- Dumping data for table `t_doc_billcard_detail_fetch`
--

LOCK TABLES `t_doc_billcard_detail_fetch` WRITE;
/*!40000 ALTER TABLE `t_doc_billcard_detail_fetch` DISABLE KEYS */;
/*!40000 ALTER TABLE `t_doc_billcard_detail_fetch` ENABLE KEYS */;
UNLOCK TABLES;

--
-- Table structure for table `t_doc_billcard_draw`
--

DROP TABLE IF EXISTS `t_doc_billcard_draw`;
/*!40101 SET @saved_cs_client     = @@character_set_client */;
/*!40101 SET character_set_client = utf8 */;
CREATE TABLE `t_doc_billcard_draw` (
  `DRAW_ID` bigint(20) NOT NULL AUTO_INCREMENT COMMENT '领用流水ID',
  `BILLCARD_ID` bigint(20) NOT NULL COMMENT '单证ID',
  `DRAW_DATE` datetime NOT NULL COMMENT '领用时间',
  `DRAW_NUM` int(11) NOT NULL COMMENT '领用数量',
  `START_NO` varchar(30) COLLATE utf8_bin NOT NULL COMMENT '领用起始号码',
  `CREATED_BY` bigint(20) NOT NULL COMMENT '创建人',
  `CREATE_TIME` datetime NOT NULL DEFAULT CURRENT_TIMESTAMP COMMENT '创建时间',
  `UPDATE_BY` bigint(20) NOT NULL COMMENT '更新记录人',
  `UPDATE_TIME` datetime NOT NULL DEFAULT CURRENT_TIMESTAMP ON UPDATE CURRENT_TIMESTAMP COMMENT '更新记录时间',
  PRIMARY KEY (`DRAW_ID`)
) ENGINE=InnoDB DEFAULT CHARSET=utf8 COLLATE=utf8_bin COMMENT='单证领用表';
/*!40101 SET character_set_client = @saved_cs_client */;

--
-- Dumping data for table `t_doc_billcard_draw`
--

LOCK TABLES `t_doc_billcard_draw` WRITE;
/*!40000 ALTER TABLE `t_doc_billcard_draw` DISABLE KEYS */;
/*!40000 ALTER TABLE `t_doc_billcard_draw` ENABLE KEYS */;
UNLOCK TABLES;

--
-- Table structure for table `t_doc_billcard_import`
--

DROP TABLE IF EXISTS `t_doc_billcard_import`;
/*!40101 SET @saved_cs_client     = @@character_set_client */;
/*!40101 SET character_set_client = utf8 */;
CREATE TABLE `t_doc_billcard_import` (
  `IMPORT_ID` bigint(20) NOT NULL AUTO_INCREMENT COMMENT '单证导入批次流水ID',
  `BILLCARD_ID` bigint(20) NOT NULL COMMENT '单证ID',
  `BATCH_NO` int(11) NOT NULL COMMENT '导入批次号',
  `IMPORT_NUM` int(11) NOT NULL COMMENT '导入单证数据量',
  `ORGAN_ID` bigint(20) NOT NULL COMMENT '所属机构/租户ID\n            --t_company_organ',
  `DEPART_ID` bigint(20) DEFAULT NULL COMMENT '所属部门ID',
  `EMPLOYEE_ID` bigint(20) DEFAULT NULL COMMENT '员工ID',
  `CREATED_BY` bigint(20) NOT NULL COMMENT '创建人',
  `CREATE_TIME` datetime NOT NULL DEFAULT CURRENT_TIMESTAMP COMMENT '创建时间',
  `UPDATE_BY` bigint(20) NOT NULL COMMENT '更新记录人',
  `UPDATE_TIME` datetime NOT NULL DEFAULT CURRENT_TIMESTAMP ON UPDATE CURRENT_TIMESTAMP COMMENT '更新记录时间',
  `PROCESS_STATUS` char(10) COLLATE utf8_bin DEFAULT NULL,
  PRIMARY KEY (`IMPORT_ID`)
) ENGINE=InnoDB DEFAULT CHARSET=utf8 COLLATE=utf8_bin COMMENT='单证导入批次表';
/*!40101 SET character_set_client = @saved_cs_client */;

--
-- Dumping data for table `t_doc_billcard_import`
--

LOCK TABLES `t_doc_billcard_import` WRITE;
/*!40000 ALTER TABLE `t_doc_billcard_import` DISABLE KEYS */;
/*!40000 ALTER TABLE `t_doc_billcard_import` ENABLE KEYS */;
UNLOCK TABLES;

--
-- Table structure for table `t_doc_billcard_pre_fetch`
--

DROP TABLE IF EXISTS `t_doc_billcard_pre_fetch`;
/*!40101 SET @saved_cs_client     = @@character_set_client */;
/*!40101 SET character_set_client = utf8 */;
CREATE TABLE `t_doc_billcard_pre_fetch` (
  `FETCH_ID` bigint(20) NOT NULL AUTO_INCREMENT,
  `BILLCARD_ID` bigint(20) NOT NULL COMMENT '单证ID',
  `ORGAN_ID` bigint(20) NOT NULL COMMENT '所属机构/租户ID\n            --t_company_organ',
  `DEPART_ID` bigint(20) DEFAULT NULL COMMENT '所属部门ID',
  `CACHE_SIZE` int(11) NOT NULL COMMENT '缓存数量',
  `USED_SIZE` int(11) NOT NULL COMMENT '使用数量',
  `CREATE_TIME` datetime NOT NULL DEFAULT CURRENT_TIMESTAMP COMMENT '创建时间',
  `UPDATE_TIME` datetime NOT NULL DEFAULT CURRENT_TIMESTAMP ON UPDATE CURRENT_TIMESTAMP COMMENT '更新记录时间',
  PRIMARY KEY (`FETCH_ID`)
) ENGINE=InnoDB DEFAULT CHARSET=utf8 COLLATE=utf8_bin COMMENT='单证预取缓存表';
/*!40101 SET character_set_client = @saved_cs_client */;

--
-- Dumping data for table `t_doc_billcard_pre_fetch`
--

LOCK TABLES `t_doc_billcard_pre_fetch` WRITE;
/*!40000 ALTER TABLE `t_doc_billcard_pre_fetch` DISABLE KEYS */;
/*!40000 ALTER TABLE `t_doc_billcard_pre_fetch` ENABLE KEYS */;
UNLOCK TABLES;

--
-- Table structure for table `t_doc_billcard_stock`
--

DROP TABLE IF EXISTS `t_doc_billcard_stock`;
/*!40101 SET @saved_cs_client     = @@character_set_client */;
/*!40101 SET character_set_client = utf8 */;
CREATE TABLE `t_doc_billcard_stock` (
  `STOCK_ID` bigint(20) NOT NULL AUTO_INCREMENT COMMENT '库存流水ID',
  `BILLCARD_ID` bigint(20) NOT NULL COMMENT '单证ID',
  `ORGAN_ID` bigint(20) NOT NULL COMMENT '所属机构/租户ID\n            --t_company_organ',
  `DEPART_ID` bigint(20) DEFAULT NULL COMMENT '所属部门ID',
  `STOCK_AMOUNT` int(11) NOT NULL COMMENT '库存数量',
  `LOCK_AMOUNT` int(11) DEFAULT NULL COMMENT '锁定库存数量',
  `CREATED_BY` bigint(20) NOT NULL COMMENT '创建人',
  `CREATE_TIME` datetime NOT NULL DEFAULT CURRENT_TIMESTAMP COMMENT '创建时间',
  `UPDATE_BY` bigint(20) NOT NULL COMMENT '更新记录人',
  `UPDATE_TIME` datetime NOT NULL DEFAULT CURRENT_TIMESTAMP ON UPDATE CURRENT_TIMESTAMP COMMENT '更新记录时间',
  PRIMARY KEY (`STOCK_ID`),
  KEY `FK_FK_BILLCARD_STOCK__BIILCARD_ID` (`BILLCARD_ID`),
  CONSTRAINT `FK_FK_BILLCARD_STOCK__BIILCARD_ID` FOREIGN KEY (`BILLCARD_ID`) REFERENCES `t_doc_billcard` (`BILLCARD_ID`)
) ENGINE=InnoDB DEFAULT CHARSET=utf8 COLLATE=utf8_bin COMMENT='单证领用库存表';
/*!40101 SET character_set_client = @saved_cs_client */;

--
-- Dumping data for table `t_doc_billcard_stock`
--

LOCK TABLES `t_doc_billcard_stock` WRITE;
/*!40000 ALTER TABLE `t_doc_billcard_stock` DISABLE KEYS */;
/*!40000 ALTER TABLE `t_doc_billcard_stock` ENABLE KEYS */;
UNLOCK TABLES;

--
-- Table structure for table `t_ec_channel`
--

DROP TABLE IF EXISTS `t_ec_channel`;
/*!40101 SET @saved_cs_client     = @@character_set_client */;
/*!40101 SET character_set_client = utf8 */;
CREATE TABLE `t_ec_channel` (
  `CHANNEL_ID` bigint(20) NOT NULL AUTO_INCREMENT COMMENT '频道ID',
  `PARENT_ID` bigint(20) DEFAULT NULL COMMENT '上级频道ID',
  `CHANNEL_NAME` varchar(200) COLLATE utf8_bin NOT NULL COMMENT '频道名称',
  `CHANNEL_TYPE` varchar(30) COLLATE utf8_bin NOT NULL COMMENT '频道类型',
  `LINK_OPTION` varchar(30) COLLATE utf8_bin DEFAULT NULL COMMENT '链接选项',
  `LINK_PAGE` varchar(200) COLLATE utf8_bin DEFAULT NULL COMMENT '链接页面名称',
  `CLASS_ORDER` int(11) NOT NULL COMMENT '频道级别',
  `STATUS` varchar(30) COLLATE utf8_bin NOT NULL COMMENT '可用状态',
  `CHANNEL_ORDER` int(11) DEFAULT NULL COMMENT '频道顺序',
  `TEMPLATE_ID` bigint(20) DEFAULT NULL COMMENT '模板ID',
  `CREATE_BY` bigint(20) NOT NULL COMMENT '创建人',
  `CREATE_TIME` datetime NOT NULL COMMENT '创建用户时间',
  `CREATE_TIMESTAMP` datetime NOT NULL DEFAULT CURRENT_TIMESTAMP ON UPDATE CURRENT_TIMESTAMP COMMENT '创建系统时间',
  `UPDATE_BY` bigint(20) NOT NULL COMMENT '更新记录人',
  `UPDATE_TIME` datetime NOT NULL COMMENT '更新用户时间',
  `UPDATE_TIMESTAMP` datetime NOT NULL DEFAULT CURRENT_TIMESTAMP ON UPDATE CURRENT_TIMESTAMP COMMENT '更新系统时间',
  PRIMARY KEY (`CHANNEL_ID`),
  KEY `FK_EC_CHANNEL__TEMPLATE_ID` (`TEMPLATE_ID`),
  CONSTRAINT `FK_EC_CHANNEL__TEMPLATE_ID` FOREIGN KEY (`TEMPLATE_ID`) REFERENCES `t_ec_template` (`template_id`)
) ENGINE=InnoDB AUTO_INCREMENT=11 DEFAULT CHARSET=utf8 COLLATE=utf8_bin COMMENT='频道定义表';
/*!40101 SET character_set_client = @saved_cs_client */;

--
-- Dumping data for table `t_ec_channel`
--

LOCK TABLES `t_ec_channel` WRITE;
/*!40000 ALTER TABLE `t_ec_channel` DISABLE KEYS */;
INSERT INTO `t_ec_channel` VALUES (1,NULL,'旅游险','001','1','1',1,'06',2,3,400,'2016-05-27 15:20:23','2016-05-27 16:45:45',400,'2016-05-27 16:45:32','2016-05-27 16:45:45'),(2,1,'按出行地区','001','1','travel_area.html',2,'06',1,NULL,400,'2016-05-27 15:21:21','2016-05-27 15:21:21',400,'2016-05-27 15:21:21','2016-05-27 15:21:21'),(3,1,'按出行目的','001','1','travel_target.html',2,'06',2,NULL,400,'2016-05-27 15:22:03','2016-05-27 15:22:03',400,'2016-05-27 15:22:03','2016-05-27 15:22:03'),(4,NULL,'意外险','001','1','3',1,'06',3,1,400,'2016-05-27 16:34:56','2016-05-27 16:45:35',400,'2016-05-27 16:45:22','2016-05-27 16:45:35'),(5,4,'按被保险人年龄','001','1','accident_age.html',2,'06',1,NULL,400,'2016-05-27 16:35:37','2016-05-27 16:35:37',400,'2016-05-27 16:35:37','2016-05-27 16:35:37'),(6,4,'按保障类型','001','1','accident_c.html',2,'06',2,NULL,400,'2016-05-27 16:36:38','2016-05-27 16:36:38',400,'2016-05-27 16:36:38','2016-05-27 16:36:38'),(7,NULL,'健康险','001','1','1',1,'06',1,2,400,'2016-05-27 16:39:47','2016-05-27 16:45:17',400,'2016-05-27 16:45:03','2016-05-27 16:45:17'),(8,7,'按被保险人年龄','001','1','final',2,'06',1,NULL,400,'2016-05-27 16:40:31','2016-05-27 16:40:31',400,'2016-05-27 16:40:31','2016-05-27 16:40:31'),(9,7,'按保障类型','001','1','health.html',2,'06',2,NULL,400,'2016-05-27 16:41:03','2016-05-27 16:41:03',400,'2016-05-27 16:41:03','2016-05-27 16:41:03'),(10,NULL,'特色产品','002','1','characteristic_product.html',1,'06',1,4,400,'2016-05-27 16:44:46','2016-05-27 16:44:46',400,'2016-05-27 16:44:46','2016-05-27 16:44:46');
/*!40000 ALTER TABLE `t_ec_channel` ENABLE KEYS */;
UNLOCK TABLES;

--
-- Table structure for table `t_ec_channel_filter`
--

DROP TABLE IF EXISTS `t_ec_channel_filter`;
/*!40101 SET @saved_cs_client     = @@character_set_client */;
/*!40101 SET character_set_client = utf8 */;
CREATE TABLE `t_ec_channel_filter` (
  `FILTER_ID` bigint(20) NOT NULL AUTO_INCREMENT COMMENT '筛选ID',
  `CHANNEL_ID` bigint(20) NOT NULL COMMENT '频道ID',
  `FILTER_TYPE` varchar(30) COLLATE utf8_bin NOT NULL COMMENT '筛选类型',
  `FILTER_OPTION` varchar(200) COLLATE utf8_bin NOT NULL COMMENT '筛选选项',
  `OPTION_ORDER` int(11) NOT NULL COMMENT '选项顺序',
  `STATUS` varchar(30) COLLATE utf8_bin NOT NULL COMMENT '可用状态',
  `CREATE_BY` bigint(20) NOT NULL COMMENT '创建人',
  `CREATE_TIME` datetime NOT NULL COMMENT '创建用户时间',
  `CREATE_TIMESTAMP` datetime NOT NULL DEFAULT CURRENT_TIMESTAMP ON UPDATE CURRENT_TIMESTAMP COMMENT '创建系统时间',
  `UPDATE_BY` bigint(20) NOT NULL COMMENT '更新记录人',
  `UPDATE_TIME` datetime NOT NULL COMMENT '更新用户时间',
  `UPDATE_TIMESTAMP` datetime NOT NULL DEFAULT CURRENT_TIMESTAMP ON UPDATE CURRENT_TIMESTAMP COMMENT '更新系统时间',
  PRIMARY KEY (`FILTER_ID`),
  KEY `FK_FK_EC_CHANNEL_FILTER__CHANNEL_ID` (`CHANNEL_ID`),
  CONSTRAINT `FK_FK_EC_CHANNEL_FILTER__CHANNEL_ID` FOREIGN KEY (`CHANNEL_ID`) REFERENCES `t_ec_channel` (`CHANNEL_ID`)
) ENGINE=InnoDB AUTO_INCREMENT=44 DEFAULT CHARSET=utf8 COLLATE=utf8_bin COMMENT='频道筛选项目表';
/*!40101 SET character_set_client = @saved_cs_client */;

--
-- Dumping data for table `t_ec_channel_filter`
--

LOCK TABLES `t_ec_channel_filter` WRITE;
/*!40000 ALTER TABLE `t_ec_channel_filter` DISABLE KEYS */;
INSERT INTO `t_ec_channel_filter` VALUES (1,2,'009','国内旅游',1,'06',400,'2016-05-27 16:32:21','2016-05-27 16:32:21',400,'2016-05-27 16:32:21','2016-05-27 16:32:21'),(2,2,'009','港澳台',2,'06',400,'2016-05-27 16:32:21','2016-05-27 16:32:21',400,'2016-05-27 16:32:21','2016-05-27 16:32:21'),(3,2,'009','东南亚',3,'06',400,'2016-05-27 16:32:21','2016-05-27 16:32:21',400,'2016-05-27 16:32:21','2016-05-27 16:32:21'),(4,2,'009','美国/加拿大',4,'06',400,'2016-05-27 16:32:21','2016-05-27 16:32:21',400,'2016-05-27 16:32:21','2016-05-27 16:32:21'),(5,2,'009','欧洲',5,'06',400,'2016-05-27 16:32:21','2016-05-27 16:32:21',400,'2016-05-27 16:32:21','2016-05-27 16:32:21'),(6,2,'009','美洲',6,'06',400,'2016-05-27 16:32:21','2016-05-27 16:32:21',400,'2016-05-27 16:32:21','2016-05-27 16:32:21'),(7,2,'009','非洲',7,'06',400,'2016-05-27 16:32:21','2016-05-27 16:32:21',400,'2016-05-27 16:32:21','2016-05-27 16:32:21'),(8,3,'009','观光旅游',1,'06',400,'2016-05-27 16:34:14','2016-05-27 16:34:14',400,'2016-05-27 16:34:14','2016-05-27 16:34:14'),(9,3,'009','高原旅游',2,'06',400,'2016-05-27 16:34:14','2016-05-27 16:34:14',400,'2016-05-27 16:34:14','2016-05-27 16:34:14'),(10,3,'009','户外运动',3,'06',400,'2016-05-27 16:34:14','2016-05-27 16:34:14',400,'2016-05-27 16:34:14','2016-05-27 16:34:14'),(11,3,'009','出国旅游',4,'06',400,'2016-05-27 16:34:14','2016-05-27 16:34:14',400,'2016-05-27 16:34:14','2016-05-27 16:34:14'),(12,3,'009','申根签证',5,'06',400,'2016-05-27 16:34:14','2016-05-27 16:34:14',400,'2016-05-27 16:34:14','2016-05-27 16:34:14'),(13,3,'009','出国留学',6,'06',400,'2016-05-27 16:34:14','2016-05-27 16:34:14',400,'2016-05-27 16:34:14','2016-05-27 16:34:14'),(14,3,'009','探亲访友',7,'06',400,'2016-05-27 16:34:14','2016-05-27 16:34:14',400,'2016-05-27 16:34:14','2016-05-27 16:34:14'),(15,3,'009','商务出行',8,'06',400,'2016-05-27 16:34:14','2016-05-27 16:34:14',400,'2016-05-27 16:34:14','2016-05-27 16:34:14'),(16,5,'001','幼儿(0-3周岁)',1,'06',400,'2016-05-27 16:37:50','2016-05-27 16:37:50',400,'2016-05-27 16:37:50','2016-05-27 16:37:50'),(17,5,'001','少儿(4-17周岁)',2,'06',400,'2016-05-27 16:37:50','2016-05-27 16:37:50',400,'2016-05-27 16:37:50','2016-05-27 16:37:50'),(18,5,'001','成年（18-45周岁）',3,'06',400,'2016-05-27 16:37:50','2016-05-27 16:37:50',400,'2016-05-27 16:37:50','2016-05-27 16:37:50'),(19,5,'001','中年人（46-60周岁）',4,'06',400,'2016-05-27 16:37:50','2016-05-27 16:37:50',400,'2016-05-27 16:37:50','2016-05-27 16:37:50'),(20,5,'001','老年人（60周岁以上）',5,'06',400,'2016-05-27 16:37:50','2016-05-27 16:37:50',400,'2016-05-27 16:37:50','2016-05-27 16:37:50'),(21,6,'009','人身意外',1,'06',400,'2016-05-27 16:38:37','2016-05-27 16:38:37',400,'2016-05-27 16:38:37','2016-05-27 16:38:37'),(22,6,'009','交通意外',2,'06',400,'2016-05-27 16:38:37','2016-05-27 16:38:37',400,'2016-05-27 16:38:37','2016-05-27 16:38:37'),(23,6,'009','航空意外',3,'06',400,'2016-05-27 16:38:37','2016-05-27 16:38:37',400,'2016-05-27 16:38:37','2016-05-27 16:38:37'),(29,9,'006','重大疾病',1,'06',400,'2016-05-27 16:43:40','2016-05-27 16:43:40',400,'2016-05-27 16:43:40','2016-05-27 16:43:40'),(30,9,'006','住院医疗',2,'06',400,'2016-05-27 16:43:40','2016-05-27 16:43:40',400,'2016-05-27 16:43:40','2016-05-27 16:43:40'),(31,9,'006','护理',3,'06',400,'2016-05-27 16:43:40','2016-05-27 16:43:40',400,'2016-05-27 16:43:40','2016-05-27 16:43:40'),(32,9,'006','特殊疾病',4,'06',400,'2016-05-27 16:43:40','2016-05-27 16:43:40',400,'2016-05-27 16:43:40','2016-05-27 16:43:40'),(39,8,'001','幼儿(0-3周岁)',1,'06',400,'2016-05-31 14:53:27','2016-05-31 14:52:38',400,'2016-05-31 14:53:27','2016-05-31 14:52:38'),(40,8,'001','少儿(4-17周岁)',2,'06',400,'2016-05-31 14:53:27','2016-05-31 14:52:38',400,'2016-05-31 14:53:27','2016-05-31 14:52:38'),(41,8,'001','成年（18-45周岁）',3,'06',400,'2016-05-31 14:53:27','2016-05-31 14:52:38',400,'2016-05-31 14:53:27','2016-05-31 14:52:38'),(42,8,'001','中年人（46-60周岁）',4,'06',400,'2016-05-31 14:53:27','2016-05-31 14:52:38',400,'2016-05-31 14:53:27','2016-05-31 14:52:38'),(43,8,'001','老年人（60周岁以上）',5,'06',400,'2016-05-31 14:53:27','2016-05-31 14:52:38',400,'2016-05-31 14:53:27','2016-05-31 14:52:38');
/*!40000 ALTER TABLE `t_ec_channel_filter` ENABLE KEYS */;
UNLOCK TABLES;

--
-- Table structure for table `t_ec_channel_product`
--

DROP TABLE IF EXISTS `t_ec_channel_product`;
/*!40101 SET @saved_cs_client     = @@character_set_client */;
/*!40101 SET character_set_client = utf8 */;
CREATE TABLE `t_ec_channel_product` (
  `CHANNEL_ID` bigint(20) NOT NULL COMMENT '频道ID',
  `PRODUCT_ID` bigint(20) NOT NULL COMMENT '商品ID',
  `CREATE_BY` bigint(20) NOT NULL COMMENT '创建人',
  `CREATE_TIME` datetime NOT NULL COMMENT '创建用户时间',
  `CREATE_TIMESTAMP` datetime NOT NULL DEFAULT CURRENT_TIMESTAMP ON UPDATE CURRENT_TIMESTAMP COMMENT '创建系统时间',
  `UPDATE_BY` bigint(20) NOT NULL COMMENT '更新记录人',
  `UPDATE_TIME` datetime NOT NULL COMMENT '更新用户时间',
  `UPDATE_TIMESTAMP` datetime NOT NULL DEFAULT CURRENT_TIMESTAMP ON UPDATE CURRENT_TIMESTAMP COMMENT '更新系统时间',
  PRIMARY KEY (`CHANNEL_ID`,`PRODUCT_ID`),
  KEY `FK_Reference_18` (`PRODUCT_ID`),
  CONSTRAINT `FK_Reference_17` FOREIGN KEY (`CHANNEL_ID`) REFERENCES `t_ec_channel` (`CHANNEL_ID`),
  CONSTRAINT `FK_Reference_18` FOREIGN KEY (`PRODUCT_ID`) REFERENCES `t_ec_product` (`PRODUCT_ID`)
) ENGINE=InnoDB DEFAULT CHARSET=utf8 COLLATE=utf8_bin COMMENT='频道下产品信息表';
/*!40101 SET character_set_client = @saved_cs_client */;

--
-- Dumping data for table `t_ec_channel_product`
--

LOCK TABLES `t_ec_channel_product` WRITE;
/*!40000 ALTER TABLE `t_ec_channel_product` DISABLE KEYS */;
INSERT INTO `t_ec_channel_product` VALUES (4,1,400,'2016-05-29 13:14:23','2016-05-29 13:14:38',400,'2016-05-29 13:14:23','2016-05-29 13:14:38'),(4,2,400,'2016-05-29 14:06:46','2016-05-29 14:07:01',400,'2016-05-29 14:06:46','2016-05-29 14:07:01'),(4,3,400,'2016-05-31 14:34:56','2016-05-31 14:36:01',400,'2016-05-31 14:34:56','2016-05-31 14:36:01');
/*!40000 ALTER TABLE `t_ec_channel_product` ENABLE KEYS */;
UNLOCK TABLES;

--
-- Table structure for table `t_ec_product`
--

DROP TABLE IF EXISTS `t_ec_product`;
/*!40101 SET @saved_cs_client     = @@character_set_client */;
/*!40101 SET character_set_client = utf8 */;
CREATE TABLE `t_ec_product` (
  `PRODUCT_ID` bigint(20) NOT NULL AUTO_INCREMENT,
  `PRODUCT_CODE` varchar(30) COLLATE utf8_bin NOT NULL COMMENT '商品代码',
  `PRODUCT_NAME` varchar(200) COLLATE utf8_bin NOT NULL COMMENT '商品名称',
  `MKT_PRODUCT_ID` bigint(20) NOT NULL COMMENT '营销产品ID',
  `PRICE` decimal(12,2) DEFAULT NULL COMMENT '商品价格',
  `DISCOUNT_RATE` decimal(12,2) DEFAULT NULL COMMENT '折扣率',
  `DISCOUNT_PRICE` decimal(12,2) DEFAULT NULL COMMENT '折后价格',
  `REGISTER_CHANNEL` varchar(30) COLLATE utf8_bin NOT NULL COMMENT '注册渠道',
  `LINK_URL` varchar(200) COLLATE utf8_bin DEFAULT NULL COMMENT '商品静态页面URL',
  `STATUS` varchar(30) COLLATE utf8_bin NOT NULL COMMENT '产品状态',
  `CREATE_BY` bigint(20) NOT NULL COMMENT '创建人',
  `CREATE_TIME` datetime NOT NULL COMMENT '创建用户时间',
  `CREATE_TIMESTAMP` datetime NOT NULL DEFAULT CURRENT_TIMESTAMP ON UPDATE CURRENT_TIMESTAMP COMMENT '创建系统时间',
  `UPDATE_BY` bigint(20) NOT NULL COMMENT '更新记录人',
  `UPDATE_TIME` datetime NOT NULL COMMENT '更新用户时间',
  `UPDATE_TIMESTAMP` datetime NOT NULL DEFAULT CURRENT_TIMESTAMP ON UPDATE CURRENT_TIMESTAMP COMMENT '更新系统时间',
  PRIMARY KEY (`PRODUCT_ID`)
) ENGINE=InnoDB AUTO_INCREMENT=4 DEFAULT CHARSET=utf8 COLLATE=utf8_bin;
/*!40101 SET character_set_client = @saved_cs_client */;

--
-- Dumping data for table `t_ec_product`
--

LOCK TABLES `t_ec_product` WRITE;
/*!40000 ALTER TABLE `t_ec_product` DISABLE KEYS */;
INSERT INTO `t_ec_product` VALUES (1,'1','学生平安综合意外险',18,50.00,NULL,NULL,'${ec.channel.id}','accident/1.html','06',400,'2016-05-29 13:14:23','2016-05-30 19:29:39',400,'2016-05-29 13:14:23','2016-05-30 19:29:39'),(2,'11','11',18,1.00,NULL,NULL,'${ec.channel.id}',NULL,'06',400,'2016-05-29 14:06:46','2016-05-31 10:48:39',400,'2016-05-29 14:06:46','2016-05-31 10:48:39'),(3,'630MPA004','白领综合保障计划',19,28.00,NULL,NULL,'1','accident/3.html','06',400,'2016-05-31 14:34:56','2016-05-31 14:36:01',400,'2016-05-31 14:34:56','2016-05-31 14:36:01');
/*!40000 ALTER TABLE `t_ec_product` ENABLE KEYS */;
UNLOCK TABLES;

--
-- Table structure for table `t_ec_product_cate`
--

DROP TABLE IF EXISTS `t_ec_product_cate`;
/*!40101 SET @saved_cs_client     = @@character_set_client */;
/*!40101 SET character_set_client = utf8 */;
CREATE TABLE `t_ec_product_cate` (
  `CATE_ID` bigint(20) NOT NULL AUTO_INCREMENT COMMENT '分类ID',
  `CATE_CODE` varchar(30) COLLATE utf8_bin NOT NULL COMMENT '分类代码',
  `CATE_NAME` varchar(200) COLLATE utf8_bin NOT NULL COMMENT '分类名称',
  `CLASS_ID` int(11) NOT NULL COMMENT '分类级别',
  `PARENT_ID` bigint(20) DEFAULT NULL COMMENT '上级分类ID',
  `CREATE_BY` bigint(20) NOT NULL COMMENT '创建人',
  `CREATE_TIME` datetime NOT NULL COMMENT '创建用户时间',
  `CREATE_TIMESTAMP` datetime NOT NULL DEFAULT CURRENT_TIMESTAMP ON UPDATE CURRENT_TIMESTAMP COMMENT '创建系统时间',
  `UPDATE_BY` bigint(20) NOT NULL COMMENT '更新记录人',
  `UPDATE_TIME` datetime NOT NULL COMMENT '更新用户时间',
  `UPDATE_TIMESTAMP` datetime NOT NULL DEFAULT CURRENT_TIMESTAMP ON UPDATE CURRENT_TIMESTAMP COMMENT '更新系统时间',
  PRIMARY KEY (`CATE_ID`)
) ENGINE=InnoDB DEFAULT CHARSET=utf8 COLLATE=utf8_bin COMMENT='商品分类表';
/*!40101 SET character_set_client = @saved_cs_client */;

--
-- Dumping data for table `t_ec_product_cate`
--

LOCK TABLES `t_ec_product_cate` WRITE;
/*!40000 ALTER TABLE `t_ec_product_cate` DISABLE KEYS */;
/*!40000 ALTER TABLE `t_ec_product_cate` ENABLE KEYS */;
UNLOCK TABLES;

--
-- Table structure for table `t_ec_product_cate_filter`
--

DROP TABLE IF EXISTS `t_ec_product_cate_filter`;
/*!40101 SET @saved_cs_client     = @@character_set_client */;
/*!40101 SET character_set_client = utf8 */;
CREATE TABLE `t_ec_product_cate_filter` (
  `FILTER_ID` bigint(20) NOT NULL AUTO_INCREMENT COMMENT '筛选ID',
  `CATE_ID` bigint(20) NOT NULL COMMENT '分类ID',
  `FILETER_OPTION` varchar(200) COLLATE utf8_bin NOT NULL COMMENT '筛选选项',
  `FILETER_TYPE` varchar(30) COLLATE utf8_bin NOT NULL COMMENT '筛选类型',
  `CREATE_BY` bigint(20) NOT NULL COMMENT '创建人',
  `CREATE_TIME` datetime NOT NULL COMMENT '创建用户时间',
  `CREATE_TIMESTAMP` datetime NOT NULL DEFAULT CURRENT_TIMESTAMP ON UPDATE CURRENT_TIMESTAMP COMMENT '创建系统时间',
  `UPDATE_BY` bigint(20) NOT NULL COMMENT '更新记录人',
  `UPDATE_TIME` datetime NOT NULL COMMENT '更新用户时间',
  `UPDATE_TIMESTAMP` datetime NOT NULL DEFAULT CURRENT_TIMESTAMP ON UPDATE CURRENT_TIMESTAMP COMMENT '更新系统时间',
  PRIMARY KEY (`FILTER_ID`),
  KEY `FK_FK_EC_PROD_CATE_FILTER__CATE_ID` (`CATE_ID`),
  CONSTRAINT `FK_FK_EC_PROD_CATE_FILTER__CATE_ID` FOREIGN KEY (`CATE_ID`) REFERENCES `t_ec_product_cate` (`CATE_ID`)
) ENGINE=InnoDB DEFAULT CHARSET=utf8 COLLATE=utf8_bin COMMENT='商品筛选表';
/*!40101 SET character_set_client = @saved_cs_client */;

--
-- Dumping data for table `t_ec_product_cate_filter`
--

LOCK TABLES `t_ec_product_cate_filter` WRITE;
/*!40000 ALTER TABLE `t_ec_product_cate_filter` DISABLE KEYS */;
/*!40000 ALTER TABLE `t_ec_product_cate_filter` ENABLE KEYS */;
UNLOCK TABLES;

--
-- Table structure for table `t_ec_product_clause`
--

DROP TABLE IF EXISTS `t_ec_product_clause`;
/*!40101 SET @saved_cs_client     = @@character_set_client */;
/*!40101 SET character_set_client = utf8 */;
CREATE TABLE `t_ec_product_clause` (
  `CLAUSE_ID` bigint(20) NOT NULL AUTO_INCREMENT,
  `PRODUCT_ID` bigint(20) NOT NULL COMMENT '商品ID',
  `CLAUSE_NAME` varchar(200) NOT NULL COMMENT '条款名称',
  `CLAUSE_PATH` varchar(200) NOT NULL COMMENT '条款文件路径',
  `CREATE_BY` bigint(20) NOT NULL COMMENT '创建人',
  `CREATE_TIME` datetime NOT NULL COMMENT '创建用户时间',
  `CREATE_TIMESTAMP` datetime NOT NULL DEFAULT CURRENT_TIMESTAMP ON UPDATE CURRENT_TIMESTAMP COMMENT '创建系统时间',
  `UPDATE_BY` bigint(20) NOT NULL COMMENT '更新记录人',
  `UPDATE_TIME` datetime NOT NULL COMMENT '更新用户时间',
  `UPDATE_TIMESTAMP` datetime NOT NULL DEFAULT CURRENT_TIMESTAMP ON UPDATE CURRENT_TIMESTAMP COMMENT '更新系统时间',
  PRIMARY KEY (`CLAUSE_ID`),
  KEY `FK_PRODUCT_CLAUSE__PRODUCT_ID` (`PRODUCT_ID`),
  CONSTRAINT `FK_PRODUCT_CLAUSE__PRODUCT_ID` FOREIGN KEY (`PRODUCT_ID`) REFERENCES `t_ec_product` (`PRODUCT_ID`)
) ENGINE=InnoDB DEFAULT CHARSET=utf8mb4 COMMENT='电商商品条款记录表';
/*!40101 SET character_set_client = @saved_cs_client */;

--
-- Dumping data for table `t_ec_product_clause`
--

LOCK TABLES `t_ec_product_clause` WRITE;
/*!40000 ALTER TABLE `t_ec_product_clause` DISABLE KEYS */;
/*!40000 ALTER TABLE `t_ec_product_clause` ENABLE KEYS */;
UNLOCK TABLES;

--
-- Table structure for table `t_ec_product_feature`
--

DROP TABLE IF EXISTS `t_ec_product_feature`;
/*!40101 SET @saved_cs_client     = @@character_set_client */;
/*!40101 SET character_set_client = utf8 */;
CREATE TABLE `t_ec_product_feature` (
  `feature_id` bigint(20) NOT NULL AUTO_INCREMENT,
  `PRODUCT_ID` bigint(20) NOT NULL COMMENT '商品ID',
  `TEMPLATE_ID` bigint(20) NOT NULL COMMENT '模板ID',
  `TEMPLATE_REF_ID` varchar(30) COLLATE utf8_bin NOT NULL COMMENT '模板因子ID',
  `FEATURE_TYPE` varchar(4000) COLLATE utf8_bin DEFAULT NULL COMMENT '特征资源类型\n            --001-文字描述\n            --002-图片路径\n            --003-链接路径',
  `FEATURE_RESOURCE` varchar(4000) COLLATE utf8_bin DEFAULT NULL COMMENT '关联的资源',
  `CREATE_BY` bigint(20) NOT NULL COMMENT '创建人',
  `CREATE_TIME` datetime NOT NULL COMMENT '创建用户时间',
  `CREATE_TIMESTAMP` datetime NOT NULL DEFAULT CURRENT_TIMESTAMP ON UPDATE CURRENT_TIMESTAMP COMMENT '创建系统时间',
  `UPDATE_BY` bigint(20) NOT NULL COMMENT '更新记录人',
  `UPDATE_TIME` datetime NOT NULL COMMENT '更新用户时间',
  `UPDATE_TIMESTAMP` datetime NOT NULL DEFAULT CURRENT_TIMESTAMP ON UPDATE CURRENT_TIMESTAMP COMMENT '更新系统时间',
  PRIMARY KEY (`feature_id`),
  KEY `FK_Reference_12` (`PRODUCT_ID`),
  CONSTRAINT `FK_Reference_12` FOREIGN KEY (`PRODUCT_ID`) REFERENCES `t_ec_product` (`PRODUCT_ID`)
) ENGINE=InnoDB AUTO_INCREMENT=62 DEFAULT CHARSET=utf8 COLLATE=utf8_bin COMMENT='产品特征定义表';
/*!40101 SET character_set_client = @saved_cs_client */;

--
-- Dumping data for table `t_ec_product_feature`
--

LOCK TABLES `t_ec_product_feature` WRITE;
/*!40000 ALTER TABLE `t_ec_product_feature` DISABLE KEYS */;
INSERT INTO `t_ec_product_feature` VALUES (28,2,1,'20','002','1.png',400,'2016-05-30 13:47:18','2016-05-30 13:48:07',400,'2016-05-30 13:47:18','2016-05-30 13:48:07'),(29,2,1,'6','002','1.png',400,'2016-05-30 13:47:18','2016-05-30 13:48:07',400,'2016-05-30 13:47:18','2016-05-30 13:48:07'),(30,2,1,'1','002','1-genuine.png',400,'2016-05-30 13:47:18','2016-05-30 13:48:07',400,'2016-05-30 13:47:18','2016-05-30 13:48:07'),(31,2,1,'4','002','1-notice.png',400,'2016-05-30 13:47:18','2016-05-30 13:48:07',400,'2016-05-30 13:47:18','2016-05-30 13:48:07'),(32,2,1,'2','002','1-clm-guidelines.png',400,'2016-05-30 13:47:18','2016-05-30 13:48:07',400,'2016-05-30 13:47:18','2016-05-30 13:48:07'),(33,2,1,'3','002','1-com-problem.png',400,'2016-05-30 13:47:18','2016-05-30 13:48:07',400,'2016-05-30 13:47:18','2016-05-30 13:48:07'),(34,2,1,'5','003','default',400,'2016-05-30 13:47:18','2016-05-30 13:48:07',400,'2016-05-30 13:47:18','2016-05-30 13:48:07'),(42,1,1,'20','002','1.png',400,'2016-05-30 17:51:05','2016-05-30 17:51:54',400,'2016-05-30 17:51:05','2016-05-30 17:51:54'),(43,1,1,'6','002','1.png',400,'2016-05-30 17:51:05','2016-05-30 17:51:54',400,'2016-05-30 17:51:05','2016-05-30 17:51:54'),(44,1,1,'1','002','1-genuine.png',400,'2016-05-30 17:51:05','2016-05-30 17:51:54',400,'2016-05-30 17:51:05','2016-05-30 17:51:54'),(45,1,1,'4','002','1-notice.png',400,'2016-05-30 17:51:05','2016-05-30 17:51:54',400,'2016-05-30 17:51:05','2016-05-30 17:51:54'),(46,1,1,'2','002','1-clm-guidelines.png',400,'2016-05-30 17:51:05','2016-05-30 17:51:54',400,'2016-05-30 17:51:05','2016-05-30 17:51:54'),(47,1,1,'3','002','1-com-problem.png',400,'2016-05-30 17:51:05','2016-05-30 17:51:54',400,'2016-05-30 17:51:05','2016-05-30 17:51:54'),(48,1,1,'5','003','default',400,'2016-05-30 17:51:05','2016-05-30 17:51:54',400,'2016-05-30 17:51:05','2016-05-30 17:51:54'),(49,3,1,'20','002','1-白领综合保障计划.png',400,'2016-05-31 14:49:57','2016-05-31 14:50:46',400,'2016-05-31 14:49:57','2016-05-31 14:50:46'),(50,3,1,'6','002','1-白领综合保障计划.png',400,'2016-05-31 14:49:57','2016-05-31 14:50:46',400,'2016-05-31 14:49:57','2016-05-31 14:50:46'),(51,3,1,'1','002','1-detail.png',400,'2016-05-31 14:49:57','2016-05-31 14:50:46',400,'2016-05-31 14:49:57','2016-05-31 14:50:46'),(52,3,1,'4','002','Purchase-notice.png',400,'2016-05-31 14:49:57','2016-05-31 14:50:46',400,'2016-05-31 14:49:57','2016-05-31 14:50:46'),(53,3,1,'2','002','Claims-guidelines.png',400,'2016-05-31 14:49:57','2016-05-31 14:50:46',400,'2016-05-31 14:49:57','2016-05-31 14:50:46'),(54,3,1,'3','002','common-problem.png',400,'2016-05-31 14:49:57','2016-05-31 14:50:46',400,'2016-05-31 14:49:57','2016-05-31 14:50:46'),(55,3,1,'5','003','default',400,'2016-05-31 14:49:57','2016-05-31 14:50:46',400,'2016-05-31 14:49:57','2016-05-31 14:50:46'),(56,3,8,'21','002','1-白领综合保障计划.png',400,'2016-05-31 17:31:07','2016-05-31 17:31:56',400,'2016-05-31 17:31:07','2016-05-31 17:31:56'),(57,3,8,'22','001','白领综合保障计划',400,'2016-05-31 17:31:07','2016-05-31 17:31:56',400,'2016-05-31 17:31:07','2016-05-31 17:31:56'),(58,3,8,'23','001','* 留爱不留债，留情不留种',400,'2016-05-31 17:31:07','2016-05-31 17:31:56',400,'2016-05-31 17:31:07','2016-05-31 17:31:56'),(59,1,8,'21','002','1.png',400,'2016-05-31 22:25:28','2016-05-31 22:26:17',400,'2016-05-31 22:25:28','2016-05-31 22:26:17'),(60,1,8,'22','003','Test',400,'2016-05-31 22:25:28','2016-05-31 22:26:17',400,'2016-05-31 22:25:28','2016-05-31 22:26:17'),(61,1,8,'23','003','test',400,'2016-05-31 22:25:28','2016-05-31 22:26:17',400,'2016-05-31 22:25:28','2016-05-31 22:26:17');
/*!40000 ALTER TABLE `t_ec_product_feature` ENABLE KEYS */;
UNLOCK TABLES;

--
-- Table structure for table `t_ec_product_filter`
--

DROP TABLE IF EXISTS `t_ec_product_filter`;
/*!40101 SET @saved_cs_client     = @@character_set_client */;
/*!40101 SET character_set_client = utf8 */;
CREATE TABLE `t_ec_product_filter` (
  `PRODUCT_ID` bigint(20) DEFAULT NULL COMMENT '商品ID',
  `FILTER_ID` bigint(20) DEFAULT NULL COMMENT '筛选ID',
  KEY `FK_Reference_15` (`PRODUCT_ID`),
  CONSTRAINT `FK_Reference_15` FOREIGN KEY (`PRODUCT_ID`) REFERENCES `t_ec_product` (`PRODUCT_ID`)
) ENGINE=InnoDB DEFAULT CHARSET=utf8 COLLATE=utf8_bin;
/*!40101 SET character_set_client = @saved_cs_client */;

--
-- Dumping data for table `t_ec_product_filter`
--

LOCK TABLES `t_ec_product_filter` WRITE;
/*!40000 ALTER TABLE `t_ec_product_filter` DISABLE KEYS */;
INSERT INTO `t_ec_product_filter` VALUES (1,17),(1,21),(3,18),(3,19),(3,21);
/*!40000 ALTER TABLE `t_ec_product_filter` ENABLE KEYS */;
UNLOCK TABLES;

--
-- Table structure for table `t_ec_product_template`
--

DROP TABLE IF EXISTS `t_ec_product_template`;
/*!40101 SET @saved_cs_client     = @@character_set_client */;
/*!40101 SET character_set_client = utf8 */;
CREATE TABLE `t_ec_product_template` (
  `template_id` bigint(20) DEFAULT NULL COMMENT '模板ID',
  `PRODUCT_ID` bigint(20) DEFAULT NULL COMMENT '商品ID',
  KEY `FK_Reference_19` (`template_id`),
  KEY `FK_Reference_20` (`PRODUCT_ID`),
  CONSTRAINT `FK_Reference_19` FOREIGN KEY (`template_id`) REFERENCES `t_ec_template` (`template_id`),
  CONSTRAINT `FK_Reference_20` FOREIGN KEY (`PRODUCT_ID`) REFERENCES `t_ec_product` (`PRODUCT_ID`)
) ENGINE=InnoDB DEFAULT CHARSET=utf8 COLLATE=utf8_bin COMMENT='产品使用模板表';
/*!40101 SET character_set_client = @saved_cs_client */;

--
-- Dumping data for table `t_ec_product_template`
--

LOCK TABLES `t_ec_product_template` WRITE;
/*!40000 ALTER TABLE `t_ec_product_template` DISABLE KEYS */;
INSERT INTO `t_ec_product_template` VALUES (1,2),(1,1),(1,3),(8,3),(8,1);
/*!40000 ALTER TABLE `t_ec_product_template` ENABLE KEYS */;
UNLOCK TABLES;

--
-- Table structure for table `t_ec_template`
--

DROP TABLE IF EXISTS `t_ec_template`;
/*!40101 SET @saved_cs_client     = @@character_set_client */;
/*!40101 SET character_set_client = utf8 */;
CREATE TABLE `t_ec_template` (
  `template_id` bigint(20) NOT NULL AUTO_INCREMENT COMMENT '模板ID',
  `parent_id` bigint(20) DEFAULT NULL COMMENT '父模板ID',
  `template_type` varchar(100) COLLATE utf8_bin NOT NULL COMMENT '模板类型\n            1-HTML模板（允许存在下级模板）\n            2-频道/元素模板',
  `template_code` varchar(100) COLLATE utf8_bin NOT NULL COMMENT '模板代码',
  `template_name` varchar(400) COLLATE utf8_bin NOT NULL COMMENT '模板名称',
  `template_desc` varchar(4000) COLLATE utf8_bin DEFAULT NULL COMMENT '模板说明',
  `template_path` varchar(300) COLLATE utf8_bin DEFAULT NULL COMMENT '模板路径',
  `html_path` varchar(300) COLLATE utf8_bin DEFAULT NULL COMMENT '模板生成路径',
  `status` varchar(30) COLLATE utf8_bin DEFAULT NULL COMMENT '模板状态',
  `create_by` bigint(20) NOT NULL COMMENT '创建人',
  `create_time` datetime NOT NULL COMMENT '创建用户时间',
  `create_timestamp` datetime NOT NULL DEFAULT CURRENT_TIMESTAMP ON UPDATE CURRENT_TIMESTAMP COMMENT '创建系统时间',
  `update_by` bigint(20) NOT NULL COMMENT '更新记录人',
  `update_time` datetime NOT NULL COMMENT '更新用户时间',
  `update_timestamp` datetime NOT NULL DEFAULT CURRENT_TIMESTAMP ON UPDATE CURRENT_TIMESTAMP COMMENT '更新系统时间',
  PRIMARY KEY (`template_id`)
) ENGINE=InnoDB AUTO_INCREMENT=9 DEFAULT CHARSET=utf8 COLLATE=utf8_bin COMMENT='电商模板表';
/*!40101 SET character_set_client = @saved_cs_client */;

--
-- Dumping data for table `t_ec_template`
--

LOCK TABLES `t_ec_template` WRITE;
/*!40000 ALTER TABLE `t_ec_template` DISABLE KEYS */;
INSERT INTO `t_ec_template` VALUES (1,-1,'2','ACC_DETAIL','意外险详情模板（2016）','意外险详情模板（2016-Version0.1）','/zong/product/accident_2016.html','accident/${productId}.html','06',400,'2016-05-27 14:11:37','2016-05-31 15:31:19',400,'2016-05-31 15:30:14','2016-05-31 15:31:03'),(2,-1,'2','HEALTH_DETAIL','健康险详情模板（2016）','健康险商品详情模板（2016）','/zong/product/health001.html','health/${productId}.html','06',400,'2016-05-27 14:33:16','2016-05-29 13:17:04',400,'2016-05-29 13:16:49','2016-05-29 13:16:49'),(3,-1,'2','TRAVELLING_DETAIL','旅游险详情模板（2016）','旅游险商品详情模板（2016）','travelling/travelling001.html','travelling/${productId}.html','06',400,'2016-05-27 14:36:25','2016-05-29 13:17:11',400,'2016-05-29 13:16:56','2016-05-29 13:16:56'),(4,-1,'1','CHARACTERISTIC_PRODUCT','特色产品模板2016','特色产品模板','/zong/characteristic_product.html','home/characteristic_product.html','06',400,'2016-05-27 14:40:33','2016-05-31 16:38:23',400,'2016-05-31 16:37:17','2016-05-31 16:38:06'),(8,-1,'2','PRODUCT_ITEM_DISPLAY','商品列表展示项目配置模板','商品列表展示项目配置模板用于定义展示列表的产品信息配置','N/A','N/A','06',400,'2016-05-31 17:26:27','2016-05-31 17:29:33',400,'2016-05-31 17:28:28','2016-05-31 17:29:17');
/*!40000 ALTER TABLE `t_ec_template` ENABLE KEYS */;
UNLOCK TABLES;

--
-- Table structure for table `t_ec_template_label`
--

DROP TABLE IF EXISTS `t_ec_template_label`;
/*!40101 SET @saved_cs_client     = @@character_set_client */;
/*!40101 SET character_set_client = utf8 */;
CREATE TABLE `t_ec_template_label` (
  `label_id` bigint(20) NOT NULL AUTO_INCREMENT COMMENT '标签ID',
  `label_code` varchar(50) COLLATE utf8_bin NOT NULL COMMENT '标签代码',
  `label_name` varchar(200) COLLATE utf8_bin NOT NULL COMMENT '标签名称',
  `status` char(30) COLLATE utf8_bin NOT NULL COMMENT '标签状态',
  `invoke_bean` varchar(100) COLLATE utf8_bin NOT NULL COMMENT '标签内容bean',
  `invoke_method` varchar(100) COLLATE utf8_bin DEFAULT NULL COMMENT '标签内容获取方法',
  `default_value` varchar(100) COLLATE utf8_bin DEFAULT NULL COMMENT '标签内容默认值',
  `create_by` bigint(20) NOT NULL COMMENT '创建人',
  `create_time` datetime NOT NULL COMMENT '创建用户时间',
  `create_timestamp` datetime NOT NULL DEFAULT CURRENT_TIMESTAMP ON UPDATE CURRENT_TIMESTAMP COMMENT '创建系统时间',
  `update_by` bigint(20) NOT NULL COMMENT '更新记录人',
  `update_time` datetime NOT NULL COMMENT '更新用户时间',
  `update_timestamp` datetime NOT NULL DEFAULT CURRENT_TIMESTAMP ON UPDATE CURRENT_TIMESTAMP COMMENT '更新系统时间',
  PRIMARY KEY (`label_id`)
) ENGINE=InnoDB AUTO_INCREMENT=10 DEFAULT CHARSET=utf8 COLLATE=utf8_bin COMMENT='电商模板标签定义表';
/*!40101 SET character_set_client = @saved_cs_client */;

--
-- Dumping data for table `t_ec_template_label`
--

LOCK TABLES `t_ec_template_label` WRITE;
/*!40000 ALTER TABLE `t_ec_template_label` DISABLE KEYS */;
INSERT INTO `t_ec_template_label` VALUES (1,'ADVERTISE_ICON','商品广告图片','Y','product_bean','getProductDetailItem','',400,'2016-05-27 14:13:20','2016-05-27 14:13:20',400,'2016-05-27 14:13:20','2016-05-27 14:13:20'),(2,'ADVERTISE_DESC','商品广告描述','Y','product_bean','getProductDetailItem','',400,'2016-05-27 14:18:50','2016-05-27 14:18:50',400,'2016-05-27 14:18:50','2016-05-27 14:18:50'),(3,'ADVERTISE_COVERAGE','商品广告保障','Y','product_bean','getProductDetailItem','',400,'2016-05-27 14:19:17','2016-05-27 14:19:17',400,'2016-05-27 14:19:17','2016-05-27 14:19:17'),(4,'ITEM_ICON','商品详情图片','Y','product_bean','getProductDetailItem','',400,'2016-05-27 14:20:07','2016-05-27 14:20:07',400,'2016-05-27 14:20:07','2016-05-27 14:20:07'),(5,'ITEM_INTRODUCTION','详情介绍','Y','product_bean','getProductDetailItem','',400,'2016-05-27 14:20:33','2016-05-27 14:20:33',400,'2016-05-27 14:20:33','2016-05-27 14:20:33'),(6,'ITEM_PURCHASE_NOTES','购买须知','Y','product_bean','getProductDetailItem','',400,'2016-05-27 14:21:00','2016-05-27 14:21:00',400,'2016-05-27 14:21:00','2016-05-27 14:21:00'),(7,'ITEM_CLAIM_GUIDE','理赔指引','Y','product_bean','getProductDetailItem','',400,'2016-05-27 14:21:37','2016-05-27 14:21:37',400,'2016-05-27 14:21:37','2016-05-27 14:21:37'),(8,'ITEM_FAQ','常见问题','Y','product_bean','getProductDetailItem','',400,'2016-05-27 14:23:18','2016-05-27 14:23:18',400,'2016-05-27 14:23:18','2016-05-27 14:23:18'),(9,'PRODUCT_ITEMS_OPTION','商品购买选项','Y','product_bean','getProductItemsOption','',400,'2016-05-27 14:23:51','2016-05-27 14:23:51',400,'2016-05-27 14:23:51','2016-05-27 14:23:51');
/*!40000 ALTER TABLE `t_ec_template_label` ENABLE KEYS */;
UNLOCK TABLES;

--
-- Table structure for table `t_ec_template_label_ref`
--

DROP TABLE IF EXISTS `t_ec_template_label_ref`;
/*!40101 SET @saved_cs_client     = @@character_set_client */;
/*!40101 SET character_set_client = utf8 */;
CREATE TABLE `t_ec_template_label_ref` (
  `ref_id` bigint(20) NOT NULL AUTO_INCREMENT COMMENT '关系主键',
  `template_id` bigint(20) NOT NULL COMMENT '模板ID',
  `label_id` bigint(20) NOT NULL COMMENT '参数ID',
  `create_by` bigint(20) NOT NULL COMMENT '创建人',
  `create_time` datetime NOT NULL COMMENT '创建用户时间',
  `create_timestamp` datetime NOT NULL DEFAULT CURRENT_TIMESTAMP ON UPDATE CURRENT_TIMESTAMP COMMENT '创建系统时间',
  `update_by` bigint(20) NOT NULL COMMENT '更新记录人',
  `update_time` datetime NOT NULL COMMENT '更新用户时间',
  `update_timestamp` datetime NOT NULL DEFAULT CURRENT_TIMESTAMP ON UPDATE CURRENT_TIMESTAMP COMMENT '更新系统时间',
  PRIMARY KEY (`ref_id`),
  KEY `FK_FK_EC_TEM_LAB_REF__LABEL_ID` (`label_id`),
  KEY `FK_FK_EC_TEM_LAB_REF__TEMPLATE_ID` (`template_id`),
  CONSTRAINT `FK_FK_EC_TEM_LAB_REF__LABEL_ID` FOREIGN KEY (`label_id`) REFERENCES `t_ec_template_label` (`label_id`),
  CONSTRAINT `FK_FK_EC_TEM_LAB_REF__TEMPLATE_ID` FOREIGN KEY (`template_id`) REFERENCES `t_ec_template` (`template_id`)
) ENGINE=InnoDB AUTO_INCREMENT=24 DEFAULT CHARSET=utf8 COLLATE=utf8_bin COMMENT='电商模板标签关系表';
/*!40101 SET character_set_client = @saved_cs_client */;

--
-- Dumping data for table `t_ec_template_label_ref`
--

LOCK TABLES `t_ec_template_label_ref` WRITE;
/*!40000 ALTER TABLE `t_ec_template_label_ref` DISABLE KEYS */;
INSERT INTO `t_ec_template_label_ref` VALUES (1,1,5,400,'2016-05-27 14:29:34','2016-05-27 14:29:34',400,'2016-05-27 14:29:34','2016-05-27 14:29:34'),(2,1,7,400,'2016-05-27 14:29:52','2016-05-27 14:29:52',400,'2016-05-27 14:29:52','2016-05-27 14:29:52'),(3,1,8,400,'2016-05-27 14:30:03','2016-05-27 14:30:03',400,'2016-05-27 14:30:03','2016-05-27 14:30:03'),(4,1,6,400,'2016-05-27 14:30:53','2016-05-27 14:30:53',400,'2016-05-27 14:30:53','2016-05-27 14:30:53'),(5,1,9,400,'2016-05-27 14:31:10','2016-05-27 14:31:10',400,'2016-05-27 14:31:10','2016-05-27 14:31:10'),(6,1,4,400,'2016-05-27 14:31:32','2016-05-27 14:31:32',400,'2016-05-27 14:31:32','2016-05-27 14:31:32'),(7,2,4,400,'2016-05-27 14:35:06','2016-05-27 14:35:06',400,'2016-05-27 14:35:06','2016-05-27 14:35:06'),(8,2,5,400,'2016-05-27 14:35:10','2016-05-27 14:35:10',400,'2016-05-27 14:35:10','2016-05-27 14:35:10'),(9,2,6,400,'2016-05-27 14:35:14','2016-05-27 14:35:14',400,'2016-05-27 14:35:14','2016-05-27 14:35:14'),(10,2,7,400,'2016-05-27 14:35:18','2016-05-27 14:35:18',400,'2016-05-27 14:35:18','2016-05-27 14:35:18'),(11,2,8,400,'2016-05-27 14:35:23','2016-05-27 14:35:23',400,'2016-05-27 14:35:23','2016-05-27 14:35:23'),(12,2,9,400,'2016-05-27 14:35:27','2016-05-27 14:35:27',400,'2016-05-27 14:35:27','2016-05-27 14:35:27'),(13,3,4,400,'2016-05-27 14:39:18','2016-05-27 14:39:18',400,'2016-05-27 14:39:18','2016-05-27 14:39:18'),(14,3,5,400,'2016-05-27 14:39:22','2016-05-27 14:39:22',400,'2016-05-27 14:39:22','2016-05-27 14:39:22'),(15,3,6,400,'2016-05-27 14:39:26','2016-05-27 14:39:26',400,'2016-05-27 14:39:26','2016-05-27 14:39:26'),(16,3,7,400,'2016-05-27 14:39:29','2016-05-27 14:39:29',400,'2016-05-27 14:39:29','2016-05-27 14:39:29'),(17,3,8,400,'2016-05-27 14:39:33','2016-05-27 14:39:33',400,'2016-05-27 14:39:33','2016-05-27 14:39:33'),(18,3,9,400,'2016-05-27 14:39:36','2016-05-27 14:39:36',400,'2016-05-27 14:39:36','2016-05-27 14:39:36'),(19,4,1,400,'2016-05-27 14:41:42','2016-05-27 14:41:42',400,'2016-05-27 14:41:42','2016-05-27 14:41:42'),(20,1,1,400,'2016-05-29 13:33:30','2016-05-29 13:32:41',400,'2016-05-29 13:33:30','2016-05-29 13:32:41'),(21,8,1,400,'2016-05-31 17:27:27','2016-05-31 17:26:38',400,'2016-05-31 17:27:27','2016-05-31 17:26:38'),(22,8,2,400,'2016-05-31 17:27:35','2016-05-31 17:26:46',400,'2016-05-31 17:27:35','2016-05-31 17:26:46'),(23,8,3,400,'2016-05-31 17:27:41','2016-05-31 17:26:52',400,'2016-05-31 17:27:41','2016-05-31 17:26:52');
/*!40000 ALTER TABLE `t_ec_template_label_ref` ENABLE KEYS */;
UNLOCK TABLES;

--
-- Table structure for table `t_employee`
--

DROP TABLE IF EXISTS `t_employee`;
/*!40101 SET @saved_cs_client     = @@character_set_client */;
/*!40101 SET character_set_client = utf8 */;
CREATE TABLE `t_employee` (
  `EMPLOYEE_ID` bigint(20) NOT NULL AUTO_INCREMENT COMMENT '员工id',
  `EMPLOYEE_CODE` varchar(20) COLLATE utf8_bin DEFAULT NULL COMMENT '员工号',
  `NAME` varchar(40) COLLATE utf8_bin DEFAULT NULL COMMENT '员工姓名',
  `GENDER` varchar(10) COLLATE utf8_bin DEFAULT NULL,
  `BIRTHDAY` date DEFAULT NULL COMMENT '员工生日',
  `CERTI_CODE` varchar(40) COLLATE utf8_bin DEFAULT NULL COMMENT '员工证件号码',
  `CERTI_TYPE` varchar(10) COLLATE utf8_bin DEFAULT NULL,
  `CERTI_VALID_DATE_S` date DEFAULT NULL COMMENT '员工证件有效期-开始',
  `CERTI_VALID_DATE_E` date DEFAULT NULL COMMENT '员工证件有效期-结束',
  `ONBOARD_DATE` date DEFAULT NULL COMMENT '入职日期',
  `TERMINATION_DATE` date DEFAULT NULL COMMENT '离职日期',
  `TITLE` varchar(5) COLLATE utf8_bin DEFAULT NULL COMMENT '头衔',
  `EDUCATION` varchar(10) COLLATE utf8_bin DEFAULT NULL,
  `DEPART_ID` bigint(20) DEFAULT NULL COMMENT '部门',
  `ORGAN_ID` bigint(20) DEFAULT NULL COMMENT '机构id',
  `REPORT_TO` varchar(20) COLLATE utf8_bin DEFAULT NULL COMMENT '汇报对象',
  PRIMARY KEY (`EMPLOYEE_ID`),
  KEY `FK_EMPLOYEE__DEPART_ID` (`DEPART_ID`),
  KEY `FK_EMPLOYEE__ORGAN_ID` (`ORGAN_ID`),
  KEY `FK_EMPLOYEE__TITLE` (`TITLE`),
  CONSTRAINT `FK_EMPLOYEE__DEPART_ID` FOREIGN KEY (`DEPART_ID`) REFERENCES `t_department` (`DEPART_ID`),
  CONSTRAINT `FK_EMPLOYEE__ORGAN_ID` FOREIGN KEY (`ORGAN_ID`) REFERENCES `t_company_organ` (`organ_id`),
  CONSTRAINT `FK_EMPLOYEE__TITLE` FOREIGN KEY (`TITLE`) REFERENCES `t_title` (`TITLE_CODE`)
) ENGINE=InnoDB AUTO_INCREMENT=6 DEFAULT CHARSET=utf8 COLLATE=utf8_bin COMMENT='员工表';
/*!40101 SET character_set_client = @saved_cs_client */;

--
-- Dumping data for table `t_employee`
--

LOCK TABLES `t_employee` WRITE;
/*!40000 ALTER TABLE `t_employee` DISABLE KEYS */;
INSERT INTO `t_employee` VALUES (1,'admin','admin','1','2016-06-30','123456789','03',NULL,NULL,NULL,NULL,'T001','40',1,400,NULL),(2,'11','JACK.GAO','1',NULL,'14240119840226623X',NULL,NULL,NULL,NULL,NULL,'T002','90',2,400,NULL),(3,'GY_001','梅西','1',NULL,'1985-02-03','04',NULL,NULL,NULL,NULL,'T001','20',2,400,NULL),(5,'123456','abc','1',NULL,'330781199709092345 ','03',NULL,NULL,NULL,NULL,'T002','30',2,400,NULL);
/*!40000 ALTER TABLE `t_employee` ENABLE KEYS */;
UNLOCK TABLES;

--
-- Table structure for table `t_error_message`
--

DROP TABLE IF EXISTS `t_error_message`;
/*!40101 SET @saved_cs_client     = @@character_set_client */;
/*!40101 SET character_set_client = utf8 */;
CREATE TABLE `t_error_message` (
  `list_id` bigint(20) NOT NULL COMMENT 'list_id序列号',
  `error_code` varchar(4) COLLATE utf8_bin DEFAULT NULL COMMENT '错误代码',
  `error_message` varchar(4000) COLLATE utf8_bin DEFAULT NULL COMMENT '错误代码信息',
  `error_sample` varchar(4000) COLLATE utf8_bin DEFAULT NULL COMMENT '错误说明',
  PRIMARY KEY (`list_id`)
) ENGINE=InnoDB DEFAULT CHARSET=utf8 COLLATE=utf8_bin COMMENT='错误信息';
/*!40101 SET character_set_client = @saved_cs_client */;

--
-- Dumping data for table `t_error_message`
--

LOCK TABLES `t_error_message` WRITE;
/*!40000 ALTER TABLE `t_error_message` DISABLE KEYS */;
/*!40000 ALTER TABLE `t_error_message` ENABLE KEYS */;
UNLOCK TABLES;

--
-- Table structure for table `t_group_proposal`
--

DROP TABLE IF EXISTS `t_group_proposal`;
/*!40101 SET @saved_cs_client     = @@character_set_client */;
/*!40101 SET character_set_client = utf8 */;
CREATE TABLE `t_group_proposal` (
  `GROUP_PROPOSAL_ID` bigint(20) NOT NULL AUTO_INCREMENT COMMENT '总投保单ID',
  `GROUP_PROPOSAL_NO` varchar(30) COLLATE utf8_bin DEFAULT NULL COMMENT '总投保单号',
  `PROPOSAL_STATUS` char(3) COLLATE utf8_bin NOT NULL DEFAULT '0' COMMENT '投保单状态',
  `ORGAN_ID` bigint(20) DEFAULT NULL COMMENT '机构id',
  `CREATED_BY` bigint(20) DEFAULT NULL COMMENT '创建人',
  `CREATE_TIME` datetime DEFAULT CURRENT_TIMESTAMP COMMENT '创建时间',
  `UPDATE_BY` bigint(20) DEFAULT NULL COMMENT '更新记录人',
  `UPDATE_TIME` datetime NOT NULL DEFAULT CURRENT_TIMESTAMP ON UPDATE CURRENT_TIMESTAMP COMMENT '更新记录时间',
  PRIMARY KEY (`GROUP_PROPOSAL_ID`)
) ENGINE=InnoDB DEFAULT CHARSET=utf8 COLLATE=utf8_bin COMMENT='总投保单';
/*!40101 SET character_set_client = @saved_cs_client */;

--
-- Dumping data for table `t_group_proposal`
--

LOCK TABLES `t_group_proposal` WRITE;
/*!40000 ALTER TABLE `t_group_proposal` DISABLE KEYS */;
/*!40000 ALTER TABLE `t_group_proposal` ENABLE KEYS */;
UNLOCK TABLES;

--
-- Table structure for table `t_grp_plan`
--

DROP TABLE IF EXISTS `t_grp_plan`;
/*!40101 SET @saved_cs_client     = @@character_set_client */;
/*!40101 SET character_set_client = utf8 */;
CREATE TABLE `t_grp_plan` (
  `GRP_PLAN_ID` bigint(20) NOT NULL AUTO_INCREMENT COMMENT '产品组合计划ID',
  `GROUP_ID` bigint(20) NOT NULL COMMENT '产品组合ID',
  `PLAN_NAME` varchar(200) COLLATE utf8_bin NOT NULL COMMENT '产品组合计划名称  （系统默认生成）',
  `CREATE_BY` bigint(20) NOT NULL COMMENT '创建人',
  `CREATE_TIME` datetime NOT NULL COMMENT '创建用户时间',
  `CREATE_TIMESTAMP` datetime NOT NULL DEFAULT CURRENT_TIMESTAMP COMMENT '创建系统时间',
  `UPDATE_BY` bigint(20) NOT NULL COMMENT '更新人',
  `UPDATE_TIME` datetime NOT NULL COMMENT '更新用户时间',
  `UPDATE_TIMESTAMP` datetime NOT NULL DEFAULT CURRENT_TIMESTAMP ON UPDATE CURRENT_TIMESTAMP COMMENT '更新系统时间',
  PRIMARY KEY (`GRP_PLAN_ID`),
  KEY `FK_GRP_PLAN__GROUP_ID` (`GROUP_ID`),
  CONSTRAINT `FK_GRP_PLAN__GROUP_ID` FOREIGN KEY (`GROUP_ID`) REFERENCES `t_prod_group` (`GROUP_ID`)
) ENGINE=InnoDB AUTO_INCREMENT=66 DEFAULT CHARSET=utf8 COLLATE=utf8_bin COMMENT='产品组合计划表';
/*!40101 SET character_set_client = @saved_cs_client */;

--
-- Dumping data for table `t_grp_plan`
--

LOCK TABLES `t_grp_plan` WRITE;
/*!40000 ALTER TABLE `t_grp_plan` DISABLE KEYS */;
INSERT INTO `t_grp_plan` VALUES (28,12,'计划1',400,'2016-05-11 10:23:57','2016-05-11 10:24:37',400,'2016-05-11 10:23:57','2016-05-11 10:24:37'),(29,12,'计划2',400,'2016-05-11 10:23:57','2016-05-11 10:24:37',400,'2016-05-11 10:23:57','2016-05-11 10:24:37'),(30,13,'计划1',400,'2016-05-11 13:20:44','2016-05-11 13:21:23',400,'2016-05-11 13:20:44','2016-05-11 13:21:23'),(31,14,'计划1',400,'2016-05-11 14:45:47','2016-05-11 14:46:27',400,'2016-05-11 14:45:47','2016-05-11 14:46:27'),(32,14,'计划2',400,'2016-05-11 14:45:47','2016-05-11 14:46:27',400,'2016-05-11 14:45:47','2016-05-11 14:46:27'),(33,15,'计划1',400,'2016-05-12 10:22:19','2016-05-12 10:22:59',400,'2016-05-12 10:22:19','2016-05-12 10:22:59'),(34,16,'计划1',400,'2016-05-12 11:03:48','2016-05-12 11:04:29',400,'2016-05-12 11:03:48','2016-05-12 11:04:29'),(35,17,'计划1',400,'2016-05-12 11:28:15','2016-05-12 11:28:56',400,'2016-05-12 11:28:15','2016-05-12 11:28:56'),(36,18,'计划1',400,'2016-05-12 11:38:05','2016-05-12 11:38:45',400,'2016-05-12 11:38:05','2016-05-12 11:38:45'),(37,19,'计划1',400,'2016-05-12 11:52:14','2016-05-12 11:52:55',400,'2016-05-12 11:52:14','2016-05-12 11:52:55'),(40,22,'计划1',400,'2016-05-12 12:45:06','2016-05-12 12:45:47',400,'2016-05-12 12:45:06','2016-05-12 12:45:47'),(57,21,'计划1',400,'2016-05-24 14:55:07','2016-05-24 14:54:57',400,'2016-05-24 14:55:07','2016-05-24 14:54:57'),(58,21,'计划2',400,'2016-05-24 14:55:07','2016-05-24 14:54:57',400,'2016-05-24 14:55:07','2016-05-24 14:54:57'),(59,21,'计划3',400,'2016-05-24 14:55:07','2016-05-24 14:54:57',400,'2016-05-24 14:55:07','2016-05-24 14:54:57'),(60,21,'计划4',400,'2016-05-24 14:55:07','2016-05-24 14:54:57',400,'2016-05-24 14:55:07','2016-05-24 14:54:57'),(61,21,'计划5',400,'2016-05-24 14:55:07','2016-05-24 14:54:57',400,'2016-05-24 14:55:07','2016-05-24 14:54:57'),(63,20,'计划1',400,'2016-05-26 15:01:00','2016-05-26 15:00:52',400,'2016-05-26 15:01:00','2016-05-26 15:00:52'),(64,20,'计划2',400,'2016-05-26 15:01:00','2016-05-26 15:00:52',400,'2016-05-26 15:01:00','2016-05-26 15:00:52'),(65,20,'计划3',400,'2016-05-26 15:01:00','2016-05-26 15:00:52',400,'2016-05-26 15:01:00','2016-05-26 15:00:52');
/*!40000 ALTER TABLE `t_grp_plan` ENABLE KEYS */;
UNLOCK TABLES;

--
-- Table structure for table `t_grp_prod_element`
--

DROP TABLE IF EXISTS `t_grp_prod_element`;
/*!40101 SET @saved_cs_client     = @@character_set_client */;
/*!40101 SET character_set_client = utf8 */;
CREATE TABLE `t_grp_prod_element` (
  `PROD_ELEMENT_ID` bigint(20) NOT NULL AUTO_INCREMENT COMMENT '产品要素ID',
  `PRODUCT_ID` bigint(20) NOT NULL COMMENT '产品ID',
  `GROUP_ID` bigint(20) NOT NULL COMMENT '产品组合ID',
  `GRP_PLAN_ID` bigint(20) NOT NULL COMMENT '要素所属产品组合计划ID',
  `ELEMENT_CODE` varchar(10) COLLATE utf8_bin NOT NULL COMMENT '关联要素代码（D_MKT_PROD_ELEMENT）',
  `ELEMENT_VALUE_DESC` varchar(200) COLLATE utf8_bin DEFAULT NULL COMMENT '要素值代码说明',
  `ELEMENT_VALUE` varchar(200) COLLATE utf8_bin NOT NULL COMMENT '要素值',
  `CREATE_BY` bigint(20) NOT NULL COMMENT '创建人',
  `CREATE_TIME` datetime NOT NULL COMMENT '创建用户时间',
  `CREATE_TIMESTAMP` datetime NOT NULL DEFAULT CURRENT_TIMESTAMP COMMENT '创建系统时间',
  `UPDATE_BY` bigint(20) NOT NULL COMMENT '更新人',
  `UPDATE_TIME` datetime NOT NULL COMMENT '更新用户时间',
  `UPDATE_TIMESTAMP` datetime NOT NULL DEFAULT CURRENT_TIMESTAMP ON UPDATE CURRENT_TIMESTAMP COMMENT '更新系统时间',
  PRIMARY KEY (`PROD_ELEMENT_ID`),
  KEY `FK_GRP_PROD_ELEMENT__PRODUCT_I` (`PRODUCT_ID`),
  KEY `FK_GRP_PROD_ELEMENT__GROUP_ID` (`GROUP_ID`),
  KEY `FK_GRP_PROD_ELEMENT__GRP_PLAN_` (`GRP_PLAN_ID`),
  CONSTRAINT `FK_GRP_PROD_ELEMENT__GROUP_ID` FOREIGN KEY (`GROUP_ID`) REFERENCES `t_prod_group` (`GROUP_ID`),
  CONSTRAINT `FK_GRP_PROD_ELEMENT__GRP_PLAN_` FOREIGN KEY (`GRP_PLAN_ID`) REFERENCES `t_grp_plan` (`GRP_PLAN_ID`),
  CONSTRAINT `FK_GRP_PROD_ELEMENT__PRODUCT_I` FOREIGN KEY (`PRODUCT_ID`) REFERENCES `t_product` (`PRODUCT_ID`)
) ENGINE=InnoDB AUTO_INCREMENT=646 DEFAULT CHARSET=utf8 COLLATE=utf8_bin COMMENT='产品组合产品要素表';
/*!40101 SET character_set_client = @saved_cs_client */;

--
-- Dumping data for table `t_grp_prod_element`
--

LOCK TABLES `t_grp_prod_element` WRITE;
/*!40000 ALTER TABLE `t_grp_prod_element` DISABLE KEYS */;
INSERT INTO `t_grp_prod_element` VALUES (428,132,13,30,'7','','200000',400,'2016-05-11 13:35:33','2016-05-11 13:36:12',400,'2016-05-11 13:35:33','2016-05-11 13:36:12'),(429,133,13,30,'7','','10000',400,'2016-05-11 13:35:33','2016-05-11 13:36:12',400,'2016-05-11 13:35:33','2016-05-11 13:36:12'),(430,134,13,30,'7','','100000',400,'2016-05-11 13:35:33','2016-05-11 13:36:13',400,'2016-05-11 13:35:33','2016-05-11 13:36:13'),(501,137,16,34,'7','','3000',400,'2016-05-12 11:05:41','2016-05-12 11:06:21',400,'2016-05-12 11:05:41','2016-05-12 11:06:21'),(503,140,17,35,'7','','50000,100000,150000,200000,250000,300000,350000,400000,450000,500000',400,'2016-05-12 11:33:04','2016-05-12 11:33:44',400,'2016-05-12 11:33:04','2016-05-12 11:33:44'),(504,141,18,36,'8','','1',400,'2016-05-12 11:40:23','2016-05-12 11:41:03',400,'2016-05-12 11:40:23','2016-05-12 11:41:03'),(524,129,12,28,'7','','50000',400,'2016-05-16 10:39:01','2016-05-16 10:38:41',400,'2016-05-16 10:39:01','2016-05-16 10:38:41'),(525,130,12,28,'7','','10000',400,'2016-05-16 10:39:01','2016-05-16 10:38:41',400,'2016-05-16 10:39:01','2016-05-16 10:38:41'),(526,131,12,28,'7','','30000',400,'2016-05-16 10:39:01','2016-05-16 10:38:41',400,'2016-05-16 10:39:01','2016-05-16 10:38:41'),(527,129,12,29,'7','','30000',400,'2016-05-16 10:39:01','2016-05-16 10:38:41',400,'2016-05-16 10:39:01','2016-05-16 10:38:41'),(528,130,12,29,'7','','5000',400,'2016-05-16 10:39:01','2016-05-16 10:38:41',400,'2016-05-16 10:39:01','2016-05-16 10:38:41'),(529,131,12,29,'7','','15000',400,'2016-05-16 10:39:01','2016-05-16 10:38:41',400,'2016-05-16 10:39:01','2016-05-16 10:38:41'),(603,135,14,31,'7','','50000',400,'2016-05-24 14:41:28','2016-05-24 14:41:18',400,'2016-05-24 14:41:28','2016-05-24 14:41:18'),(604,136,14,31,'7','','',400,'2016-05-24 14:41:28','2016-05-24 14:41:18',400,'2016-05-24 14:41:28','2016-05-24 14:41:18'),(605,135,14,32,'7','','50000',400,'2016-05-24 14:41:28','2016-05-24 14:41:18',400,'2016-05-24 14:41:28','2016-05-24 14:41:18'),(606,136,14,32,'7','','0',400,'2016-05-24 14:41:28','2016-05-24 14:41:18',400,'2016-05-24 14:41:28','2016-05-24 14:41:18'),(608,139,15,33,'7','','500000',400,'2016-05-24 14:42:21','2016-05-24 14:42:12',400,'2016-05-24 14:42:21','2016-05-24 14:42:12'),(624,127,21,57,'1','','10000',400,'2016-05-24 15:13:53','2016-05-24 15:13:43',400,'2016-05-24 15:13:53','2016-05-24 15:13:43'),(625,127,21,58,'1','','20000',400,'2016-05-24 15:13:53','2016-05-24 15:13:43',400,'2016-05-24 15:13:53','2016-05-24 15:13:43'),(626,127,21,59,'1','','30000',400,'2016-05-24 15:13:53','2016-05-24 15:13:43',400,'2016-05-24 15:13:53','2016-05-24 15:13:43'),(627,127,21,60,'1','','40000',400,'2016-05-24 15:13:53','2016-05-24 15:13:43',400,'2016-05-24 15:13:53','2016-05-24 15:13:43'),(628,127,21,61,'1','','50000',400,'2016-05-24 15:13:53','2016-05-24 15:13:43',400,'2016-05-24 15:13:53','2016-05-24 15:13:43'),(635,142,19,37,'4','','5',400,'2016-05-25 16:04:43','2016-05-25 16:04:35',400,'2016-05-25 16:04:43','2016-05-25 16:04:35'),(636,142,19,37,'6','按天保','1',400,'2016-05-25 16:04:44','2016-05-25 16:04:35',400,'2016-05-25 16:04:44','2016-05-25 16:04:35'),(643,143,20,63,'2','','基础型',400,'2016-05-31 15:50:19','2016-05-31 15:51:25',400,'2016-05-31 15:50:19','2016-05-31 15:51:25'),(644,143,20,64,'2','','经济型',400,'2016-05-31 15:50:19','2016-05-31 15:51:25',400,'2016-05-31 15:50:19','2016-05-31 15:51:25'),(645,143,20,65,'2','','增强型',400,'2016-05-31 15:50:19','2016-05-31 15:51:25',400,'2016-05-31 15:50:19','2016-05-31 15:51:25');
/*!40000 ALTER TABLE `t_grp_prod_element` ENABLE KEYS */;
UNLOCK TABLES;

--
-- Table structure for table `t_grp_product`
--

DROP TABLE IF EXISTS `t_grp_product`;
/*!40101 SET @saved_cs_client     = @@character_set_client */;
/*!40101 SET character_set_client = utf8 */;
CREATE TABLE `t_grp_product` (
  `GRP_PROD_ID` bigint(20) NOT NULL AUTO_INCREMENT COMMENT '产品组合产品信息ID',
  `GROUP_ID` bigint(20) NOT NULL COMMENT '产品组合ID',
  `PRODUCT_ID` bigint(20) NOT NULL COMMENT '产品ID',
  `CREATE_BY` bigint(20) NOT NULL COMMENT '创建人',
  `CREATE_TIME` datetime NOT NULL COMMENT '创建用户时间',
  `CREATE_TIMESTAMP` datetime NOT NULL DEFAULT CURRENT_TIMESTAMP COMMENT '创建系统时间',
  `UPDATE_BY` bigint(20) NOT NULL COMMENT '更新人',
  `UPDATE_TIME` datetime NOT NULL COMMENT '更新用户时间',
  `UPDATE_TIMESTAMP` datetime NOT NULL DEFAULT CURRENT_TIMESTAMP ON UPDATE CURRENT_TIMESTAMP COMMENT '更新系统时间',
  PRIMARY KEY (`GRP_PROD_ID`),
  KEY `FK_GRP_PRODUCT__GROUP_ID` (`GROUP_ID`),
  KEY `FK_GRP_PRODUCT__PRODUCT_ID` (`PRODUCT_ID`),
  CONSTRAINT `FK_GRP_PRODUCT__GROUP_ID` FOREIGN KEY (`GROUP_ID`) REFERENCES `t_prod_group` (`GROUP_ID`),
  CONSTRAINT `FK_GRP_PRODUCT__PRODUCT_ID` FOREIGN KEY (`PRODUCT_ID`) REFERENCES `t_product` (`PRODUCT_ID`)
) ENGINE=InnoDB AUTO_INCREMENT=763 DEFAULT CHARSET=utf8 COLLATE=utf8_bin COMMENT='产品组合产品明细表';
/*!40101 SET character_set_client = @saved_cs_client */;

--
-- Dumping data for table `t_grp_product`
--

LOCK TABLES `t_grp_product` WRITE;
/*!40000 ALTER TABLE `t_grp_product` DISABLE KEYS */;
INSERT INTO `t_grp_product` VALUES (488,17,140,400,'2016-05-12 11:28:59','2016-05-12 11:29:40',400,'2016-05-12 11:28:59','2016-05-12 11:29:40'),(489,18,141,400,'2016-05-12 11:38:48','2016-05-12 11:39:28',400,'2016-05-12 11:38:48','2016-05-12 11:39:28'),(683,13,132,400,'2016-05-24 10:43:32','2016-05-24 10:43:22',400,'2016-05-24 10:43:32','2016-05-24 10:43:22'),(684,13,134,400,'2016-05-24 10:43:32','2016-05-24 10:43:22',400,'2016-05-24 10:43:32','2016-05-24 10:43:22'),(685,13,133,400,'2016-05-24 10:43:32','2016-05-24 10:43:22',400,'2016-05-24 10:43:32','2016-05-24 10:43:22'),(691,15,139,400,'2016-05-24 14:42:13','2016-05-24 14:42:03',400,'2016-05-24 14:42:13','2016-05-24 14:42:03'),(730,19,142,400,'2016-05-25 16:25:59','2016-05-25 16:25:50',400,'2016-05-25 16:25:59','2016-05-25 16:25:50'),(733,14,135,400,'2016-05-26 14:53:26','2016-05-26 14:53:19',400,'2016-05-26 14:53:26','2016-05-26 14:53:19'),(734,14,136,400,'2016-05-26 14:53:26','2016-05-26 14:53:19',400,'2016-05-26 14:53:26','2016-05-26 14:53:19'),(738,22,126,400,'2016-05-27 16:16:09','2016-05-27 16:16:03',400,'2016-05-27 16:16:09','2016-05-27 16:16:03'),(751,21,127,400,'2016-05-31 14:44:17','2016-05-31 14:45:23',400,'2016-05-31 14:44:17','2016-05-31 14:45:23'),(752,12,129,400,'2016-05-31 14:49:33','2016-05-31 14:50:38',400,'2016-05-31 14:49:33','2016-05-31 14:50:38'),(753,12,130,400,'2016-05-31 14:49:33','2016-05-31 14:50:38',400,'2016-05-31 14:49:33','2016-05-31 14:50:38'),(754,12,131,400,'2016-05-31 14:49:33','2016-05-31 14:50:38',400,'2016-05-31 14:49:33','2016-05-31 14:50:38'),(755,16,137,400,'2016-05-31 14:51:24','2016-05-31 14:52:29',400,'2016-05-31 14:51:24','2016-05-31 14:52:29'),(756,16,138,400,'2016-05-31 14:51:24','2016-05-31 14:52:29',400,'2016-05-31 14:51:24','2016-05-31 14:52:29'),(762,20,143,400,'2016-05-31 15:50:23','2016-05-31 15:51:29',400,'2016-05-31 15:50:23','2016-05-31 15:51:29');
/*!40000 ALTER TABLE `t_grp_product` ENABLE KEYS */;
UNLOCK TABLES;

--
-- Table structure for table `t_host_prod_risk`
--

DROP TABLE IF EXISTS `t_host_prod_risk`;
/*!40101 SET @saved_cs_client     = @@character_set_client */;
/*!40101 SET character_set_client = utf8 */;
CREATE TABLE `t_host_prod_risk` (
  `PROD_ID` bigint(20) DEFAULT NULL,
  `RISK_ID` bigint(20) NOT NULL,
  KEY `fk_HOST_PROD_RISK__prod_id` (`PROD_ID`),
  KEY `fk_HOST_PROD_RISK__risk_id` (`RISK_ID`),
  CONSTRAINT `fk_HOST_PROD_RISK__prod_id` FOREIGN KEY (`PROD_ID`) REFERENCES `t_host_product` (`PROD_ID`),
  CONSTRAINT `fk_HOST_PROD_RISK__risk_id` FOREIGN KEY (`RISK_ID`) REFERENCES `t_risk` (`RISK_ID`)
) ENGINE=InnoDB DEFAULT CHARSET=utf8 COLLATE=utf8_bin COMMENT='宿主产品与风险关联表';
/*!40101 SET character_set_client = @saved_cs_client */;

--
-- Dumping data for table `t_host_prod_risk`
--

LOCK TABLES `t_host_prod_risk` WRITE;
/*!40000 ALTER TABLE `t_host_prod_risk` DISABLE KEYS */;
/*!40000 ALTER TABLE `t_host_prod_risk` ENABLE KEYS */;
UNLOCK TABLES;

--
-- Table structure for table `t_host_product`
--

DROP TABLE IF EXISTS `t_host_product`;
/*!40101 SET @saved_cs_client     = @@character_set_client */;
/*!40101 SET character_set_client = utf8 */;
CREATE TABLE `t_host_product` (
  `PROD_ID` bigint(20) NOT NULL,
  `PROD_NAME` varchar(100) COLLATE utf8_bin NOT NULL,
  PRIMARY KEY (`PROD_ID`)
) ENGINE=InnoDB DEFAULT CHARSET=utf8 COLLATE=utf8_bin COMMENT='场景内嵌销售时的宿主产品';
/*!40101 SET character_set_client = @saved_cs_client */;

--
-- Dumping data for table `t_host_product`
--

LOCK TABLES `t_host_product` WRITE;
/*!40000 ALTER TABLE `t_host_product` DISABLE KEYS */;
/*!40000 ALTER TABLE `t_host_product` ENABLE KEYS */;
UNLOCK TABLES;

--
-- Table structure for table `t_host_seller`
--

DROP TABLE IF EXISTS `t_host_seller`;
/*!40101 SET @saved_cs_client     = @@character_set_client */;
/*!40101 SET character_set_client = utf8 */;
CREATE TABLE `t_host_seller` (
  `SELLER_ID` bigint(20) NOT NULL,
  `SELLER_NAME` varchar(100) COLLATE utf8_bin NOT NULL,
  PRIMARY KEY (`SELLER_ID`)
) ENGINE=InnoDB DEFAULT CHARSET=utf8 COLLATE=utf8_bin COMMENT='宿主产品销售方';
/*!40101 SET character_set_client = @saved_cs_client */;

--
-- Dumping data for table `t_host_seller`
--

LOCK TABLES `t_host_seller` WRITE;
/*!40000 ALTER TABLE `t_host_seller` DISABLE KEYS */;
/*!40000 ALTER TABLE `t_host_seller` ENABLE KEYS */;
UNLOCK TABLES;

--
-- Table structure for table `t_ins_type`
--

DROP TABLE IF EXISTS `t_ins_type`;
/*!40101 SET @saved_cs_client     = @@character_set_client */;
/*!40101 SET character_set_client = utf8 */;
CREATE TABLE `t_ins_type` (
  `ins_type` char(1) COLLATE utf8_bin NOT NULL,
  `type_name` varchar(20) COLLATE utf8_bin DEFAULT NULL,
  PRIMARY KEY (`ins_type`)
) ENGINE=InnoDB DEFAULT CHARSET=utf8 COLLATE=utf8_bin COMMENT='保险公司类型';
/*!40101 SET character_set_client = @saved_cs_client */;

--
-- Dumping data for table `t_ins_type`
--

LOCK TABLES `t_ins_type` WRITE;
/*!40000 ALTER TABLE `t_ins_type` DISABLE KEYS */;
/*!40000 ALTER TABLE `t_ins_type` ENABLE KEYS */;
UNLOCK TABLES;

--
-- Table structure for table `t_insurance_object`
--

DROP TABLE IF EXISTS `t_insurance_object`;
/*!40101 SET @saved_cs_client     = @@character_set_client */;
/*!40101 SET character_set_client = utf8 */;
CREATE TABLE `t_insurance_object` (
  `OBJECT_CODE` varchar(20) NOT NULL COMMENT '对象code',
  `OBJECT_NAME` varchar(300) DEFAULT NULL COMMENT '对象名称',
  PRIMARY KEY (`OBJECT_CODE`)
) ENGINE=InnoDB DEFAULT CHARSET=utf8 COMMENT='标的类型字典表';
/*!40101 SET character_set_client = @saved_cs_client */;

--
-- Dumping data for table `t_insurance_object`
--

LOCK TABLES `t_insurance_object` WRITE;
/*!40000 ALTER TABLE `t_insurance_object` DISABLE KEYS */;
INSERT INTO `t_insurance_object` VALUES ('CUSTOMER','人'),('MOTOR','车');
/*!40000 ALTER TABLE `t_insurance_object` ENABLE KEYS */;
UNLOCK TABLES;

--
-- Table structure for table `t_insured_type`
--

DROP TABLE IF EXISTS `t_insured_type`;
/*!40101 SET @saved_cs_client     = @@character_set_client */;
/*!40101 SET character_set_client = utf8 */;
CREATE TABLE `t_insured_type` (
  `CODE` varchar(10) COLLATE utf8_bin DEFAULT NULL,
  `NAME` varchar(200) COLLATE utf8_bin DEFAULT NULL,
  `PINYIN` varchar(10) COLLATE utf8_bin DEFAULT NULL,
  `PARENT_CODE` varchar(10) COLLATE utf8_bin DEFAULT NULL
) ENGINE=InnoDB DEFAULT CHARSET=utf8 COLLATE=utf8_bin;
/*!40101 SET character_set_client = @saved_cs_client */;

--
-- Dumping data for table `t_insured_type`
--

LOCK TABLES `t_insured_type` WRITE;
/*!40000 ALTER TABLE `t_insured_type` DISABLE KEYS */;
/*!40000 ALTER TABLE `t_insured_type` ENABLE KEYS */;
UNLOCK TABLES;

--
-- Table structure for table `t_job_category`
--

DROP TABLE IF EXISTS `t_job_category`;
/*!40101 SET @saved_cs_client     = @@character_set_client */;
/*!40101 SET character_set_client = utf8 */;
CREATE TABLE `t_job_category` (
  `JOB_CODE` varchar(10) COLLATE utf8_bin NOT NULL,
  `JOB_NAME` varchar(200) COLLATE utf8_bin DEFAULT NULL,
  `INDUSTRY_CODE` varchar(4) COLLATE utf8_bin DEFAULT NULL,
  `VERSION_CODE` varchar(5) COLLATE utf8_bin DEFAULT NULL COMMENT '版本号',
  PRIMARY KEY (`JOB_CODE`)
) ENGINE=InnoDB DEFAULT CHARSET=utf8 COLLATE=utf8_bin;
/*!40101 SET character_set_client = @saved_cs_client */;

--
-- Dumping data for table `t_job_category`
--

LOCK TABLES `t_job_category` WRITE;
/*!40000 ALTER TABLE `t_job_category` DISABLE KEYS */;
/*!40000 ALTER TABLE `t_job_category` ENABLE KEYS */;
UNLOCK TABLES;

--
-- Table structure for table `t_job_nature`
--

DROP TABLE IF EXISTS `t_job_nature`;
/*!40101 SET @saved_cs_client     = @@character_set_client */;
/*!40101 SET character_set_client = utf8 */;
CREATE TABLE `t_job_nature` (
  `NATURE_ID` char(2) COLLATE utf8_bin NOT NULL,
  `NATURE_DESC` varchar(20) COLLATE utf8_bin DEFAULT NULL,
  PRIMARY KEY (`NATURE_ID`)
) ENGINE=InnoDB DEFAULT CHARSET=utf8 COLLATE=utf8_bin;
/*!40101 SET character_set_client = @saved_cs_client */;

--
-- Dumping data for table `t_job_nature`
--

LOCK TABLES `t_job_nature` WRITE;
/*!40000 ALTER TABLE `t_job_nature` DISABLE KEYS */;
/*!40000 ALTER TABLE `t_job_nature` ENABLE KEYS */;
UNLOCK TABLES;

--
-- Table structure for table `t_label_link`
--

DROP TABLE IF EXISTS `t_label_link`;
/*!40101 SET @saved_cs_client     = @@character_set_client */;
/*!40101 SET character_set_client = utf8 */;
CREATE TABLE `t_label_link` (
  `MKT_PROD_ID` bigint(20) DEFAULT NULL COMMENT '连接产品',
  `LABEL_CODE` varchar(10) COLLATE utf8_bin NOT NULL COMMENT '标签代码（D_LABEL）',
  KEY `FK_LABEL_LINK__MKT_PROD_ID` (`MKT_PROD_ID`),
  CONSTRAINT `FK_LABEL_LINK__MKT_PROD_ID` FOREIGN KEY (`MKT_PROD_ID`) REFERENCES `t_mkt_product` (`MKT_PROD_ID`)
) ENGINE=InnoDB DEFAULT CHARSET=utf8 COLLATE=utf8_bin COMMENT='标签连接表';
/*!40101 SET character_set_client = @saved_cs_client */;

--
-- Dumping data for table `t_label_link`
--

LOCK TABLES `t_label_link` WRITE;
/*!40000 ALTER TABLE `t_label_link` DISABLE KEYS */;
/*!40000 ALTER TABLE `t_label_link` ENABLE KEYS */;
UNLOCK TABLES;

--
-- Table structure for table `t_lf_liability_config`
--

DROP TABLE IF EXISTS `t_lf_liability_config`;
/*!40101 SET @saved_cs_client     = @@character_set_client */;
/*!40101 SET character_set_client = utf8 */;
CREATE TABLE `t_lf_liability_config` (
  `LIST_ID` bigint(20) NOT NULL AUTO_INCREMENT COMMENT '主键ID',
  `LIAB_ID` bigint(20) NOT NULL COMMENT '责任id',
  `LF_PRODUCT_ID` bigint(20) NOT NULL COMMENT '寿险产品ID',
  `RELATIVITY1` bigint(20) DEFAULT NULL COMMENT '相关性1',
  `RELATIVITY2` bigint(20) DEFAULT NULL COMMENT '相关性2',
  `RELATIVITY3` bigint(20) DEFAULT NULL COMMENT '相关性3',
  `RELATIVITY4` bigint(20) DEFAULT NULL COMMENT '相关性4',
  `RELATIVITY5` bigint(20) DEFAULT NULL COMMENT '相关性5',
  `RELATIVITY6` bigint(20) DEFAULT NULL COMMENT '相关性6',
  `RELATIVITY7` bigint(20) DEFAULT NULL COMMENT '相关性7',
  `RELATIVITY8` bigint(20) DEFAULT NULL COMMENT '相关性8',
  `BENEFIT_CALC_FORMULA` bigint(20) DEFAULT NULL COMMENT '生存给付计算公式\n            ',
  `PAY_4_INTEREST` decimal(1,0) DEFAULT NULL COMMENT '累积生息 Y/N',
  `PAY_4_SA` decimal(1,0) DEFAULT NULL COMMENT '增额交清 Y/N',
  `PAY_4_PREMIUM` decimal(1,0) DEFAULT NULL COMMENT '抵交保费 Y/N',
  `PAY_IN_CASH` decimal(1,0) DEFAULT NULL COMMENT '现金领取 Y/N',
  `PAY_FOR_NB` bigint(20) DEFAULT NULL COMMENT '转指定险种',
  `INSERT_BY` bigint(20) DEFAULT NULL COMMENT '记录插入人',
  `UPDATE_BY` bigint(20) DEFAULT NULL COMMENT '记录更新人',
  `LIAB_CODE` varchar(20) COLLATE utf8_bin DEFAULT NULL COMMENT '责任代码',
  `INSERT_TIME` datetime NOT NULL DEFAULT CURRENT_TIMESTAMP COMMENT '创建时间',
  `UPDATE_TIME` datetime NOT NULL DEFAULT CURRENT_TIMESTAMP COMMENT '最新更新时间',
  `INSERT_TIMESTAMP` datetime NOT NULL DEFAULT CURRENT_TIMESTAMP COMMENT '最新新增时间戳',
  `UPDATE_TIMESTAMP` datetime NOT NULL DEFAULT CURRENT_TIMESTAMP COMMENT '最新更新时间戳',
  PRIMARY KEY (`LIST_ID`),
  KEY `fk_LF_LIABILITY_CONFIG__liab_id` (`LIAB_ID`),
  KEY `fk_LF_LIABILITY_CONFIG__product_id` (`LF_PRODUCT_ID`),
  CONSTRAINT `fk_LF_LIABILITY_CONFIG__liab_id` FOREIGN KEY (`LIAB_ID`) REFERENCES `t_liability` (`LIAB_ID`),
  CONSTRAINT `fk_LF_LIABILITY_CONFIG__product_id` FOREIGN KEY (`LF_PRODUCT_ID`) REFERENCES `t_lf_product` (`PRODUCT_ID`)
) ENGINE=InnoDB DEFAULT CHARSET=utf8 COLLATE=utf8_bin COMMENT='生存责任配置表';
/*!40101 SET character_set_client = @saved_cs_client */;

--
-- Dumping data for table `t_lf_liability_config`
--

LOCK TABLES `t_lf_liability_config` WRITE;
/*!40000 ALTER TABLE `t_lf_liability_config` DISABLE KEYS */;
/*!40000 ALTER TABLE `t_lf_liability_config` ENABLE KEYS */;
UNLOCK TABLES;

--
-- Table structure for table `t_lf_pay_liability`
--

DROP TABLE IF EXISTS `t_lf_pay_liability`;
/*!40101 SET @saved_cs_client     = @@character_set_client */;
/*!40101 SET character_set_client = utf8 */;
CREATE TABLE `t_lf_pay_liability` (
  `LIST_ID` bigint(20) NOT NULL AUTO_INCREMENT,
  `LIAB_ID` bigint(20) NOT NULL COMMENT '责任id',
  `LF_PROD_ID` bigint(20) NOT NULL COMMENT '寿险产品ID',
  `RELA1_VALUE` varchar(10) COLLATE utf8_bin DEFAULT NULL COMMENT '相关性1值',
  `RELA2_VALUE` varchar(10) COLLATE utf8_bin DEFAULT NULL COMMENT '相关性2值',
  `RELA3_VALUE` varchar(10) COLLATE utf8_bin DEFAULT NULL COMMENT '相关性3值',
  `RELA4_VALUE` varchar(10) COLLATE utf8_bin DEFAULT NULL COMMENT '相关性4值',
  `RELA5_VALUE` varchar(10) COLLATE utf8_bin DEFAULT NULL COMMENT '相关性5值',
  `RELA6_VALUE` varchar(10) COLLATE utf8_bin DEFAULT NULL COMMENT '相关性6值',
  `EFFECTIVE_DATE` datetime DEFAULT CURRENT_TIMESTAMP COMMENT '生效日期',
  `RELA7_VALUE` varchar(10) COLLATE utf8_bin DEFAULT NULL COMMENT '相关性7值',
  `RELA8_VALUE` varchar(10) COLLATE utf8_bin DEFAULT NULL COMMENT '相关性8值',
  `INSERT_BY` bigint(20) DEFAULT NULL COMMENT '记录插入人',
  `UPDATE_BY` bigint(20) DEFAULT NULL COMMENT '记录更新人',
  `INSERT_TIME` datetime NOT NULL DEFAULT CURRENT_TIMESTAMP COMMENT '记录插入时间',
  `UPDATE_TIME` datetime NOT NULL DEFAULT CURRENT_TIMESTAMP COMMENT '记录更新时间',
  `INSERT_TIMESTAMP` datetime NOT NULL DEFAULT CURRENT_TIMESTAMP COMMENT '记录插入时间戳',
  `UPDATE_TIMESTAMP` datetime NOT NULL DEFAULT CURRENT_TIMESTAMP COMMENT '记录更新时间戳',
  PRIMARY KEY (`LIST_ID`),
  KEY `fk_LF_PAY_LIABILITY__product_id` (`LF_PROD_ID`),
  CONSTRAINT `fk_LF_PAY_LIABILITY__product_id` FOREIGN KEY (`LF_PROD_ID`) REFERENCES `t_lf_product` (`PRODUCT_ID`)
) ENGINE=InnoDB DEFAULT CHARSET=utf8 COLLATE=utf8_bin COMMENT='寿险生存金选项值';
/*!40101 SET character_set_client = @saved_cs_client */;

--
-- Dumping data for table `t_lf_pay_liability`
--

LOCK TABLES `t_lf_pay_liability` WRITE;
/*!40000 ALTER TABLE `t_lf_pay_liability` DISABLE KEYS */;
/*!40000 ALTER TABLE `t_lf_pay_liability` ENABLE KEYS */;
UNLOCK TABLES;

--
-- Table structure for table `t_lf_prod_bonus`
--

DROP TABLE IF EXISTS `t_lf_prod_bonus`;
/*!40101 SET @saved_cs_client     = @@character_set_client */;
/*!40101 SET character_set_client = utf8 */;
CREATE TABLE `t_lf_prod_bonus` (
  `PRODUCT_ID` bigint(20) NOT NULL COMMENT '寿险产品ID',
  `REVERSIONARY_BONUS_FLAG` char(2) COLLATE utf8_bin DEFAULT NULL COMMENT '保额红利标志',
  `REVERSIONARY_BONUS_PAY_YEAR` decimal(2,0) DEFAULT NULL COMMENT '保额红利可支付的保单年度',
  `TERMINAL_BONUS_FLAG` char(2) COLLATE utf8_bin DEFAULT NULL COMMENT '终了红利标识',
  `TERMINAL_BONUS_PAY_YEAR` decimal(2,0) DEFAULT NULL COMMENT '终了红利可支付的保单年度',
  `ACCUMULATED_BONUS_FLAG` char(2) COLLATE utf8_bin DEFAULT NULL COMMENT '累积式红利标识',
  `ACCUMULATED_BONUS_PAY_YEAR` decimal(2,0) DEFAULT NULL COMMENT '累积式红利可支付的保单年度',
  `CASH_BONUS_FLAG` char(2) COLLATE utf8_bin DEFAULT NULL COMMENT '现金红利标识',
  `CASH_BONUS_PAY_YEAR` decimal(2,0) DEFAULT NULL COMMENT '现金红利可支付的保单年度',
  `CASH_BONUS_PAY_ACCUMU` decimal(1,0) DEFAULT NULL COMMENT '累积生息 Y/N',
  `CASH_BONUS_PAY_4_SA` decimal(1,0) DEFAULT NULL COMMENT '增额交清 Y/N',
  `CASH_BONUS_PAY_4_PREMIUM` decimal(1,0) DEFAULT NULL COMMENT '抵交保费 Y/N',
  `CASH_BONUS_PAY_IN_CASH` decimal(1,0) DEFAULT NULL COMMENT '现金领取 Y/N',
  `SPREAD_ACCNT_FLAG` decimal(1,0) DEFAULT NULL COMMENT 'Spread account 利差账户是否存在 Y/N',
  `SPREAD_ACCNT_PAY_YEAR` decimal(2,0) DEFAULT NULL COMMENT '利差开始给付保单年度',
  `SPREAD_ACCNT_PAY_ACCUMU` decimal(1,0) DEFAULT NULL COMMENT '累积生息 Y/N',
  `SPREAD_ACCNT_PAY_4_SA` decimal(1,0) DEFAULT NULL COMMENT '增额交清 Y/N',
  `SPREAD_ACCNT_PAY_4_PREMIUM` decimal(1,0) DEFAULT NULL COMMENT '抵交保费 Y/N',
  `SPREAD_ACCNT_PAY_IN_CASH` decimal(1,0) DEFAULT NULL COMMENT '现金领取 Y/N',
  `UPDATE_BY` bigint(20) DEFAULT NULL COMMENT '更新记录人',
  `UPDATE_TIME` datetime NOT NULL DEFAULT CURRENT_TIMESTAMP COMMENT '更新记录时间',
  `UPDATE_TIMESTAMP` datetime NOT NULL DEFAULT CURRENT_TIMESTAMP COMMENT '更新记录时间戳',
  `INSERT_BY` bigint(20) DEFAULT NULL COMMENT '插入记录人',
  `INSERT_TIME` datetime NOT NULL DEFAULT CURRENT_TIMESTAMP COMMENT '插入记录时间',
  `INSERT_TIMESTAMP` datetime NOT NULL DEFAULT CURRENT_TIMESTAMP COMMENT '插入时间戳',
  PRIMARY KEY (`PRODUCT_ID`),
  CONSTRAINT `fk_LF_PROD_BONUS__product_id` FOREIGN KEY (`PRODUCT_ID`) REFERENCES `t_lf_product` (`PRODUCT_ID`)
) ENGINE=InnoDB DEFAULT CHARSET=utf8 COLLATE=utf8_bin COMMENT='寿险红利属性表';
/*!40101 SET character_set_client = @saved_cs_client */;

--
-- Dumping data for table `t_lf_prod_bonus`
--

LOCK TABLES `t_lf_prod_bonus` WRITE;
/*!40000 ALTER TABLE `t_lf_prod_bonus` DISABLE KEYS */;
/*!40000 ALTER TABLE `t_lf_prod_bonus` ENABLE KEYS */;
UNLOCK TABLES;

--
-- Table structure for table `t_lf_product`
--

DROP TABLE IF EXISTS `t_lf_product`;
/*!40101 SET @saved_cs_client     = @@character_set_client */;
/*!40101 SET character_set_client = utf8 */;
CREATE TABLE `t_lf_product` (
  `PRODUCT_ID` bigint(20) NOT NULL COMMENT '寿险产品id',
  `HOBBY_ADDFEE_UNIT` decimal(10,0) DEFAULT NULL COMMENT '爱好加费单位',
  `OCCUPATION_ADDFEE_UNIT` decimal(10,0) DEFAULT NULL COMMENT '职业加费单位',
  `SCHEDULE_RATE` decimal(6,2) DEFAULT NULL COMMENT '计算利差的预定利率',
  `HEALTH_ADDFEE_UNIT` decimal(10,0) DEFAULT NULL COMMENT '健康加费单位',
  `CASHVALUE_UNIT` decimal(10,0) DEFAULT NULL COMMENT '现价单位',
  `SA_UNIT` decimal(10,0) DEFAULT NULL COMMENT '单位保额',
  `PREMIUM_UNIT` decimal(10,0) DEFAULT NULL COMMENT '单位保费',
  `COUNTER_WAY` char(1) COLLATE utf8_bin DEFAULT NULL COMMENT '保费计算方向',
  `INSERT_BY` bigint(20) DEFAULT NULL COMMENT '记录插入人',
  `UPDATE_BY` bigint(20) DEFAULT NULL COMMENT '记录更新人',
  `INSERT_TIME` datetime NOT NULL DEFAULT CURRENT_TIMESTAMP COMMENT '记录插入时间',
  `UPDATE_TIME` datetime NOT NULL DEFAULT CURRENT_TIMESTAMP COMMENT '记录更新时间',
  `INSERT_TIMESTAMP` datetime NOT NULL DEFAULT CURRENT_TIMESTAMP COMMENT '记录插入时间戳',
  `UPDATE_TIMESTAMP` datetime NOT NULL DEFAULT CURRENT_TIMESTAMP COMMENT '记录更新时间戳',
  `HESITATION_PERIOD` int(11) DEFAULT '10' COMMENT '犹豫期',
  `GRACE_PERIOD` int(11) DEFAULT '60' COMMENT '宽限期',
  PRIMARY KEY (`PRODUCT_ID`),
  CONSTRAINT `FK_LF_PRODUCT__PROD_ID` FOREIGN KEY (`PRODUCT_ID`) REFERENCES `t_product` (`PRODUCT_ID`)
) ENGINE=InnoDB DEFAULT CHARSET=utf8 COLLATE=utf8_bin COMMENT='寿险产品';
/*!40101 SET character_set_client = @saved_cs_client */;

--
-- Dumping data for table `t_lf_product`
--

LOCK TABLES `t_lf_product` WRITE;
/*!40000 ALTER TABLE `t_lf_product` DISABLE KEYS */;
INSERT INTO `t_lf_product` VALUES (126,NULL,NULL,NULL,NULL,NULL,NULL,NULL,NULL,400,400,'2016-05-05 15:43:45','2016-05-05 15:43:45','2016-05-05 15:43:45','2016-05-05 15:43:45',10,60),(127,NULL,NULL,NULL,NULL,NULL,NULL,NULL,NULL,400,400,'2016-05-06 10:52:18','2016-05-06 10:52:18','2016-05-06 10:52:18','2016-05-06 10:52:18',10,60),(129,NULL,NULL,NULL,NULL,NULL,NULL,NULL,NULL,400,400,'2016-05-06 17:10:52','2016-05-06 17:10:52','2016-05-06 17:10:52','2016-05-06 17:10:52',10,60),(130,NULL,NULL,NULL,NULL,NULL,NULL,NULL,NULL,400,400,'2016-05-09 16:45:28','2016-05-09 16:45:28','2016-05-09 16:45:28','2016-05-09 16:45:28',10,60),(131,NULL,NULL,NULL,NULL,NULL,NULL,NULL,NULL,400,400,'2016-05-09 17:31:50','2016-05-09 17:31:50','2016-05-09 17:31:50','2016-05-09 17:31:50',10,60),(132,NULL,NULL,NULL,NULL,NULL,NULL,NULL,NULL,400,400,'2016-05-09 17:48:26','2016-05-09 17:48:26','2016-05-09 17:48:26','2016-05-09 17:48:26',10,60),(133,NULL,NULL,NULL,NULL,NULL,NULL,NULL,NULL,400,400,'2016-05-09 18:50:02','2016-05-09 18:50:02','2016-05-09 18:50:02','2016-05-09 18:50:02',10,60),(134,NULL,NULL,NULL,NULL,NULL,NULL,NULL,NULL,400,400,'2016-05-09 19:02:18','2016-05-09 19:02:18','2016-05-09 19:02:18','2016-05-09 19:02:18',10,60),(135,NULL,NULL,NULL,NULL,NULL,NULL,NULL,NULL,400,400,'2016-05-09 19:16:38','2016-05-09 19:16:38','2016-05-09 19:16:38','2016-05-09 19:16:38',10,60),(136,NULL,NULL,NULL,NULL,NULL,NULL,NULL,NULL,400,400,'2016-05-09 19:33:05','2016-05-09 19:33:05','2016-05-09 19:33:05','2016-05-09 19:33:05',10,60),(137,NULL,NULL,NULL,NULL,NULL,NULL,NULL,NULL,400,400,'2016-05-10 17:08:55','2016-05-10 17:08:55','2016-05-10 17:08:55','2016-05-10 17:08:55',10,60),(138,NULL,NULL,NULL,NULL,NULL,NULL,NULL,NULL,400,400,'2016-05-10 17:26:52','2016-05-10 17:26:52','2016-05-10 17:26:52','2016-05-10 17:26:52',10,60),(139,NULL,NULL,NULL,NULL,NULL,NULL,NULL,NULL,400,400,'2016-05-10 17:35:22','2016-05-10 17:35:22','2016-05-10 17:35:22','2016-05-10 17:35:22',10,60),(140,NULL,NULL,NULL,NULL,NULL,NULL,NULL,NULL,400,400,'2016-05-11 10:18:07','2016-05-11 10:18:07','2016-05-11 10:18:07','2016-05-11 10:18:07',10,60),(141,NULL,NULL,NULL,NULL,NULL,NULL,NULL,NULL,400,400,'2016-05-11 10:37:03','2016-05-11 10:37:03','2016-05-11 10:37:03','2016-05-11 10:37:03',10,60),(142,NULL,NULL,NULL,NULL,NULL,NULL,NULL,NULL,400,400,'2016-05-12 11:49:59','2016-05-12 11:49:59','2016-05-12 11:49:59','2016-05-12 11:49:59',10,60),(143,NULL,NULL,NULL,NULL,NULL,NULL,NULL,NULL,400,400,'2016-05-12 11:55:47','2016-05-12 11:55:47','2016-05-12 11:55:47','2016-05-12 11:55:47',10,60),(144,NULL,NULL,NULL,NULL,NULL,NULL,NULL,NULL,400,400,'2016-05-31 17:08:44','2016-05-31 17:08:44','2016-05-31 17:08:44','2016-05-31 17:08:44',10,60);
/*!40000 ALTER TABLE `t_lf_product` ENABLE KEYS */;
UNLOCK TABLES;

--
-- Table structure for table `t_liab_clause_param`
--

DROP TABLE IF EXISTS `t_liab_clause_param`;
/*!40101 SET @saved_cs_client     = @@character_set_client */;
/*!40101 SET character_set_client = utf8 */;
CREATE TABLE `t_liab_clause_param` (
  `PARAM_ID` bigint(20) NOT NULL AUTO_INCREMENT COMMENT '参数ID',
  `PARAM_NAME` varchar(40) COLLATE utf8_bin NOT NULL COMMENT '参数描述',
  `PARAM_CODE` varchar(40) COLLATE utf8_bin NOT NULL COMMENT '参数代码（匹配对应的责任条款参数代码类的属性名）',
  `DEFAULT_VALUE` varchar(40) COLLATE utf8_bin NOT NULL COMMENT '参数值',
  `PARAM_FORMAT` varchar(40) COLLATE utf8_bin DEFAULT NULL COMMENT '参数格式',
  `LIAB_ID` bigint(20) NOT NULL COMMENT '责任ID',
  `PARAM_DATA_TYPE` varchar(10) COLLATE utf8_bin DEFAULT NULL COMMENT '参数数据类型',
  PRIMARY KEY (`PARAM_ID`),
  KEY `FK_LIAB_CLAUSE_PARAM__LIAB_ID` (`LIAB_ID`),
  CONSTRAINT `FK_LIAB_CLAUSE_PARAM__LIAB_ID` FOREIGN KEY (`LIAB_ID`) REFERENCES `t_liability` (`LIAB_ID`)
) ENGINE=InnoDB AUTO_INCREMENT=971 DEFAULT CHARSET=utf8 COLLATE=utf8_bin COMMENT='责任条款参数表';
/*!40101 SET character_set_client = @saved_cs_client */;

--
-- Dumping data for table `t_liab_clause_param`
--

LOCK TABLES `t_liab_clause_param` WRITE;
/*!40000 ALTER TABLE `t_liab_clause_param` DISABLE KEYS */;
INSERT INTO `t_liab_clause_param` VALUES (281,'意外伤害发生之日起','accidentValidDays','180',NULL,6100103,NULL),(282,'汽车意外伤害身故保险金','levelAmount','50000',NULL,6100103,NULL),(285,'意外伤害发生之日起','accidentValidDays','180',NULL,6100105,NULL),(286,'火车意外伤害身故保险金','levelAmount','50000',NULL,6100105,NULL),(289,'意外伤害发生之日起','accidentValidDays','180',NULL,6100107,NULL),(290,'轮船意外伤害身故保险金','levelAmount','50000',NULL,6100107,NULL),(293,'意外伤害发生之日起','accidentValidDays','180',NULL,6100109,NULL),(294,'航空意外伤害身故保险金','levelAmount','35000',NULL,6100109,NULL),(295,'意外伤害发生之日起','accidentValidDays','180',NULL,6100102,NULL),(296,'意外伤害伤残保险金额','levelAmount','20000',NULL,6100102,NULL),(297,'意外伤害发生之日起','accidentValidDays','180',NULL,6100104,NULL),(298,'汽车意外伤害伤残保险金额','levelAmount','20000',NULL,6100104,NULL),(299,'意外伤害发生之日起','accidentValidDays','180',NULL,6100106,NULL),(300,'火车意外伤害伤残保险金额','levelAmount','20000',NULL,6100106,NULL),(301,'意外伤害发生之日起','accidentValidDays','180',NULL,6100108,NULL),(302,'轮船意外伤害伤残保险金额','levelAmount','20000',NULL,6100108,NULL),(303,'意外伤害发生之日起','accidentValidDays','180',NULL,6100110,NULL),(304,'航空意外伤害伤残保险金额','levelAmount','15000',NULL,6100110,NULL),(305,'意外伤害发生之日起','accidentValidDays','180',NULL,6100111,NULL),(306,'免赔额','deductibleAmount','200',NULL,6100111,NULL),(307,'赔付比例','compensationRatio','80%',NULL,6100111,NULL),(308,'意外伤害医疗保险金额','levelAmount','5000',NULL,6100111,NULL),(309,'意外伤害发生之日起','accidentValidDays','180',NULL,6100101,NULL),(310,'意外伤害身故保险金','levelAmount','50000',NULL,6100101,NULL),(318,'意外伤害发生之日起','accidentValidDays','180',NULL,6100301,NULL),(319,'意外伤害发生之日起','accidentValidDays','180',NULL,6100302,NULL),(320,'单位保额（元）','saUnit','1000',NULL,24480128914423850,NULL),(321,'单位保费（元）','premUnit','',NULL,24480128914423850,NULL),(322,'宽限期天数','gracePeriod','',NULL,24480128914423850,NULL),(323,'现价折算系数','cvDiscountRate','',NULL,24480128914423850,NULL),(324,'保险期间','coveragePeriod','',NULL,24480128914423850,NULL),(325,'缴费期间','chargePeriod','',NULL,24480128914423850,NULL),(326,'缴费频率','chargeMode','',NULL,24480128914423850,NULL),(334,'意外伤害事故发生之日起','accidentValidDays','180',NULL,6200101,NULL),(335,'每次免赔额','deductibleAmount','60',NULL,6200101,NULL),(336,'给付比例','compensationRatio','90',NULL,6200101,NULL),(344,'等待期','waitDays','30',NULL,6200201,NULL),(345,'意外伤害发生之日起','accidentValidDays','180',NULL,6100401,NULL),(346,'意外伤害发生之日起','accidentValidDays','180',NULL,6100402,NULL),(390,'单位保额（元）','saUnit','10000',NULL,24480128914423858,NULL),(391,'单位保费（元）','premUnit','',NULL,24480128914423858,NULL),(392,'宽限期天数','gracePeriod','',NULL,24480128914423858,NULL),(393,'现价折算系数','cvDiscountRate','',NULL,24480128914423858,NULL),(394,'保险期间','coveragePeriod','',NULL,24480128914423858,NULL),(395,'缴费期间','chargePeriod','',NULL,24480128914423858,NULL),(396,'缴费频率','chargeMode','',NULL,24480128914423858,NULL),(411,'等待期','waitDays','90',NULL,6200401,NULL),(419,'等待期','waitDays','0',NULL,6200402,NULL),(457,'意外伤害发生之日起','accidentValidDays','180',NULL,6200301,NULL),(458,'次免赔额','deductibleAmount','合同约定',NULL,6200301,NULL),(459,'有社保给付比例','compensationRatio','合同约定',NULL,6200301,NULL),(460,'无社保给付比例','compensationRatio','合同约定',NULL,6200301,NULL),(482,'单位保额（元）','saUnit','1000',NULL,24480128914423851,NULL),(483,'单位保费（元）','premUnit','',NULL,24480128914423851,NULL),(484,'宽限期天数','gracePeriod','',NULL,24480128914423851,NULL),(485,'现价折算系数','cvDiscountRate','',NULL,24480128914423851,NULL),(486,'保险期间','coveragePeriod','{按年保:1}',NULL,24480128914423851,NULL),(487,'缴费期间','chargePeriod','一次性交清',NULL,24480128914423851,NULL),(488,'缴费频率','chargeMode','趸交',NULL,24480128914423851,NULL),(524,'单位保额（元）','saUnit','1000',NULL,24480128914423852,NULL),(525,'单位保费（元）','premUnit','',NULL,24480128914423852,NULL),(526,'宽限期天数','gracePeriod','',NULL,24480128914423852,NULL),(527,'现价折算系数','cvDiscountRate','',NULL,24480128914423852,NULL),(528,'保险期间','coveragePeriod','{按年保:1}',NULL,24480128914423852,NULL),(529,'缴费期间','chargePeriod','一次性交清',NULL,24480128914423852,NULL),(530,'缴费频率','chargeMode','趸交',NULL,24480128914423852,NULL),(588,'单位保额（元）','saUnit','5000',NULL,24480128914423870,NULL),(589,'单位保费（元）','premUnit','',NULL,24480128914423870,NULL),(590,'宽限期天数','gracePeriod','',NULL,24480128914423870,NULL),(591,'现价折算系数','cvDiscountRate','',NULL,24480128914423870,NULL),(592,'保险期间','coveragePeriod','{按年保:1}',NULL,24480128914423870,NULL),(593,'缴费期间','chargePeriod','一次性交清',NULL,24480128914423870,NULL),(594,'缴费频率','chargeMode','趸交',NULL,24480128914423870,NULL),(598,'单位保额（元）','saUnit','5000',NULL,24480128914423871,NULL),(599,'单位保费（元）','premUnit','',NULL,24480128914423871,NULL),(600,'宽限期天数','gracePeriod','',NULL,24480128914423871,NULL),(601,'现价折算系数','cvDiscountRate','',NULL,24480128914423871,NULL),(602,'保险期间','coveragePeriod','{按年保:1}',NULL,24480128914423871,NULL),(603,'缴费期间','chargePeriod','一次性交清',NULL,24480128914423871,NULL),(604,'缴费频率','chargeMode','趸交',NULL,24480128914423871,NULL),(609,'免赔额','frequencyDeductibleAmount','合同约定',NULL,6200802,NULL),(610,'给付比例','compensationRatio','合同约定',NULL,6200802,NULL),(611,'免赔额','frequencyDeductibleAmount','合同约定',NULL,6200803,NULL),(612,'给付比例','frequencyDeductibleAmount','合同约定',NULL,6200803,NULL),(613,'免赔额','frequencyDeductibleAmount','合同约定',NULL,6200804,NULL),(614,'给付比例','compensationRatio','合同约定',NULL,6200804,NULL),(615,'免赔额','frequencyDeductibleAmount','合同约定',NULL,6200805,NULL),(616,'给付比例','compensationRatio','合同约定',NULL,6200805,NULL),(620,'免赔额','frequencyDeductibleAmount','合同约定',NULL,6200806,NULL),(621,'给付比例','compensationRatio','合同约定',NULL,6200806,NULL),(622,'责任限额','levelAmount','合同约定',NULL,6200806,NULL),(630,'免赔额','frequencyDeductibleAmount','合同约定',NULL,6200801,NULL),(631,'给付比例','compensationRatio','合同约定',NULL,6200801,NULL),(632,'重症监护室床位费和监护费赔偿限额','singleAllowance','合同约定',NULL,6200801,NULL),(633,'最大给付天数','maxPaymentDays','合同约定',NULL,6200801,NULL),(634,'等待期','waitDays','90',NULL,6200901,NULL),(635,'意外伤害发生之日起','accidentValidDays','180',NULL,6200901,NULL),(636,'等待期','waitDays','90',NULL,6200902,NULL),(637,'意外伤害发生之日起','accidentValidDays','180',NULL,6200902,NULL),(638,'赔付比例','compensationRatio','50%',NULL,6200902,NULL),(639,'等待期','waitDays','90',NULL,6200903,NULL),(640,'意外伤害发生之日起','accidentValidDays','180',NULL,6200903,NULL),(641,'赔付比例','compensationRatio','50%',NULL,6200903,NULL),(642,'等待期','waitDays','90',NULL,6200904,NULL),(643,'意外伤害发生之日起','accidentValidDays','180',NULL,6200904,NULL),(644,'赔付比例','compensationRatio','10%',NULL,6200904,NULL),(645,'赔付比例','compensationRatio','10%',NULL,6200905,NULL),(646,'单位保额（元）','saUnit','1000',NULL,24480128914423873,NULL),(647,'单位保费（元）','premUnit','',NULL,24480128914423873,NULL),(648,'宽限期天数','gracePeriod','',NULL,24480128914423873,NULL),(649,'现价折算系数','cvDiscountRate','',NULL,24480128914423873,NULL),(650,'保险期间','coveragePeriod','{按年保:1}',NULL,24480128914423873,NULL),(651,'缴费期间','chargePeriod','一次性交清',NULL,24480128914423873,NULL),(652,'缴费频率','chargeMode','趸交',NULL,24480128914423873,NULL),(653,'等待期','waitDays','90',NULL,6200501,NULL),(654,'每日住院津贴额','singleAllowance','合同约定',NULL,6200501,NULL),(655,'累计给付日数','maxPaymentDays','合同约定',NULL,6200501,NULL),(656,'等待期','waitDays','0',NULL,6200502,NULL),(657,'每日住院津贴额','singleAllowance','合同约定',NULL,6200502,NULL),(658,'累计给付日数','maxPaymentDays','合同约定',NULL,6200502,NULL),(666,'等待期','waitDays','30',NULL,6200601,NULL),(667,'次免赔额','deductibleAmount','100',NULL,6200601,NULL),(668,'未从其它途径获得补偿的赔付比例','compensationRatio','合同约定的赔付比例',NULL,6200601,NULL),(669,'已从其它途径获得补偿的赔付比例','compensationRatio','合同约定的赔付比例',NULL,6200601,NULL),(670,'等待期','waitDays','0',NULL,6200602,NULL),(671,'次免赔额','deductibleAmount','100',NULL,6200602,NULL),(672,'未从其它途径获得补偿的赔付比例','compensationRatio','70%',NULL,6200602,NULL),(673,'已从其它途径获得补偿的赔付比例','compensationRatio','80%',NULL,6200602,NULL),(686,'等待期','waitDays','90',NULL,6200701,NULL),(687,'每日住院津贴','singleAllowance','合同约定',NULL,6200701,NULL),(688,'累计住院给付天数','maxPaymentDays','90',NULL,6200701,NULL),(689,'每日住院津贴','singleAllowance','合同约定',NULL,6200702,NULL),(690,'累计住院给付天数','maxPaymentDays','90',NULL,6200702,NULL),(691,'意外伤害发生之日起','accidentValidDays','180',NULL,6300101,NULL),(692,'档次保险金额','levelAmount','200000/300000/500000',NULL,6300101,NULL),(693,'意外伤害发生之日起','accidentValidDays','180',NULL,6300102,NULL),(694,'档次保险金额','levelAmount','200000/300000/500000',NULL,6300102,NULL),(696,'事故发生之日起','accidentValidDays','180',NULL,6300103,NULL),(697,'档次保险金额','levelAmount','100000/300000/400000',NULL,6300103,NULL),(698,'档次保险金额','levelAmount','1000000/99999999/99999999',NULL,6300104,NULL),(699,'档次保险金额','levelAmount','500000/99999999/99999999',NULL,6300105,NULL),(700,'档次保险金额','levelAmount','20000/20000/20000',NULL,6300106,NULL),(701,'档次保险金额','levelAmount','13000/13000/13000',NULL,6300107,NULL),(703,'事故日起有效期天数','accidentValidDays','7',NULL,6300109,NULL),(704,'档次保险金额','levelAmount','100000/200000/300000',NULL,6300109,NULL),(705,'档次保险金额','levelAmount','2000/5000/8000',NULL,6300108,NULL),(706,'单位保额（元）','saUnit','',NULL,24480128914423874,NULL),(707,'单位保费（元）','premUnit','',NULL,24480128914423874,NULL),(708,'宽限期天数','gracePeriod','',NULL,24480128914423874,NULL),(709,'现价折算系数','cvDiscountRate','',NULL,24480128914423874,NULL),(710,'保险期间','coveragePeriod','{按年保:1}',NULL,24480128914423874,NULL),(711,'缴费期间','chargePeriod','一次性交清',NULL,24480128914423874,NULL),(712,'缴费频率','chargeMode','趸交',NULL,24480128914423874,NULL),(713,'职业风险类别','jobRiskCate','',NULL,24480128914423874,NULL),(714,'单位保额（元）','saUnit','',NULL,24480128914423875,NULL),(715,'单位保费（元）','premUnit','',NULL,24480128914423875,NULL),(716,'宽限期天数','gracePeriod','',NULL,24480128914423875,NULL),(717,'现价折算系数','cvDiscountRate','',NULL,24480128914423875,NULL),(718,'保险期间','coveragePeriod','{按年保:1}',NULL,24480128914423875,NULL),(719,'缴费期间','chargePeriod','一次性交清',NULL,24480128914423875,NULL),(720,'缴费频率','chargeMode','趸交',NULL,24480128914423875,NULL),(721,'职业风险类别','jobRiskCate','',NULL,24480128914423875,NULL),(722,'单位保额（元）','saUnit','',NULL,24480128914423876,NULL),(723,'单位保费（元）','premUnit','',NULL,24480128914423876,NULL),(724,'宽限期天数','gracePeriod','',NULL,24480128914423876,NULL),(725,'现价折算系数','cvDiscountRate','',NULL,24480128914423876,NULL),(726,'保险期间','coveragePeriod','{按年保:1}',NULL,24480128914423876,NULL),(727,'缴费期间','chargePeriod','一次性交清',NULL,24480128914423876,NULL),(728,'缴费频率','chargeMode','趸交',NULL,24480128914423876,NULL),(729,'职业风险类别','jobRiskCate','',NULL,24480128914423876,NULL),(731,'意外伤害事故发生之日起','accidentValidDays','180',NULL,6300802,NULL),(742,'意外伤害发生之日起','accidentValidDays','180',NULL,6300901,NULL),(743,'身故保险金','levelAmount','100000/300000/500000',NULL,6300901,NULL),(744,'意外伤害发生之日起','accidentValidDays','180',NULL,6300902,NULL),(745,'残疾保险金','levelAmount','100000/300000/500000',NULL,6300902,NULL),(750,'意外伤害发生之日起','accidentValidDays','90',NULL,6300903,NULL),(751,'免赔额','deductibleAmount','合同约定',NULL,6300903,NULL),(752,'赔付比例','compensationRatio','合同约定',NULL,6300903,NULL),(753,'医疗保险金','levelAmount','10000/30000/50000',NULL,6300903,NULL),(754,'紧急医疗运送和运反费用补偿金','levelAmount','100000/150000/200000',NULL,6300904,NULL),(755,'每日膳食住宿津贴','singleAllowance','5000/3000/5000',NULL,6300905,NULL),(756,'最高给付天数','maxPaymentDays','10',NULL,6300905,NULL),(757,'事故日后身故天数','accidentValidDays','90',NULL,6300906,NULL),(758,'遗体送返保险金、丧葬保险金','levelAmount','20000/30000/40000',NULL,6300906,NULL),(802,'单位保额（元）','saUnit','10000',NULL,24480128914423860,NULL),(803,'单位保费（元）','premUnit','',NULL,24480128914423860,NULL),(804,'宽限期天数','gracePeriod','',NULL,24480128914423860,NULL),(805,'现价折算系数','cvDiscountRate','0.7',NULL,24480128914423860,NULL),(806,'保险期间','coveragePeriod','{按年保:1}',NULL,24480128914423860,NULL),(807,'缴费期间','chargePeriod','一次性交清',NULL,24480128914423860,NULL),(808,'缴费频率','chargeMode','趸交',NULL,24480128914423860,NULL),(809,'职业风险类别','jobRiskCate','',NULL,24480128914423860,NULL),(810,'单位保额（元）','saUnit','1000',NULL,24480128914423861,NULL),(811,'单位保费（元）','premUnit','',NULL,24480128914423861,NULL),(812,'宽限期天数','gracePeriod','',NULL,24480128914423861,NULL),(813,'现价折算系数','cvDiscountRate','0.7',NULL,24480128914423861,NULL),(814,'保险期间','coveragePeriod','{按年保:1}',NULL,24480128914423861,NULL),(815,'缴费期间','chargePeriod','一次性交清 ',NULL,24480128914423861,NULL),(816,'缴费频率','chargeMode','趸交',NULL,24480128914423861,NULL),(817,'职业风险类别','jobRiskCate','',NULL,24480128914423861,NULL),(818,'单位保额（元）','saUnit','1000',NULL,24548591112552449,NULL),(819,'单位保费（元）','premUnit','',NULL,24548591112552449,NULL),(820,'宽限期天数','gracePeriod','',NULL,24548591112552449,NULL),(821,'现价折算系数','cvDiscountRate','0.7',NULL,24548591112552449,NULL),(822,'保险期间','coveragePeriod','{按年保:1}',NULL,24548591112552449,NULL),(823,'缴费期间','chargePeriod','一次性交清 ',NULL,24548591112552449,NULL),(824,'缴费频率','chargeMode','趸交',NULL,24548591112552449,NULL),(825,'职业风险类别','jobRiskCate','',NULL,24548591112552449,NULL),(826,'单位保额（元）','saUnit','10000',NULL,24480128914423859,NULL),(827,'单位保费（元）','premUnit','',NULL,24480128914423859,NULL),(828,'宽限期天数','gracePeriod','',NULL,24480128914423859,NULL),(829,'现价折算系数','cvDiscountRate','0.7',NULL,24480128914423859,NULL),(830,'保险期间','coveragePeriod','{按年保:1}',NULL,24480128914423859,NULL),(831,'缴费期间','chargePeriod','一次性交情',NULL,24480128914423859,NULL),(832,'缴费频率','chargeMode','趸交',NULL,24480128914423859,NULL),(833,'职业风险类别','jobRiskCate','',NULL,24480128914423859,NULL),(834,'单位保额（元）','saUnit','10000',NULL,24480128914423857,NULL),(835,'单位保费（元）','premUnit','',NULL,24480128914423857,NULL),(836,'宽限期天数','gracePeriod','',NULL,24480128914423857,NULL),(837,'现价折算系数','cvDiscountRate','0.7',NULL,24480128914423857,NULL),(838,'保险期间','coveragePeriod','{按年保:1}',NULL,24480128914423857,NULL),(839,'缴费期间','chargePeriod','一次性交情',NULL,24480128914423857,NULL),(840,'缴费频率','chargeMode','趸交',NULL,24480128914423857,NULL),(841,'职业风险类别','jobRiskCate','',NULL,24480128914423857,NULL),(842,'单位保额（元）','saUnit','10000',NULL,24480128914423856,NULL),(843,'单位保费（元）','premUnit','',NULL,24480128914423856,NULL),(844,'宽限期天数','gracePeriod','',NULL,24480128914423856,NULL),(845,'现价折算系数','cvDiscountRate','0.7',NULL,24480128914423856,NULL),(846,'保险期间','coveragePeriod','{按天保:1}',NULL,24480128914423856,NULL),(847,'缴费期间','chargePeriod','一次性交清',NULL,24480128914423856,NULL),(848,'缴费频率','chargeMode','趸交',NULL,24480128914423856,NULL),(849,'职业风险类别','jobRiskCate','1',NULL,24480128914423856,NULL),(866,'单位保额（元）','saUnit','500000',NULL,24480128914423872,NULL),(867,'单位保费（元）','premUnit','',NULL,24480128914423872,NULL),(868,'宽限期天数','gracePeriod','',NULL,24480128914423872,NULL),(869,'现价折算系数','cvDiscountRate','0.7',NULL,24480128914423872,NULL),(870,'保险期间','coveragePeriod','{按年保:1}',NULL,24480128914423872,NULL),(871,'缴费期间','chargePeriod','一次性交清',NULL,24480128914423872,NULL),(872,'缴费频率','chargeMode','趸交',NULL,24480128914423872,NULL),(873,'职业风险类别','jobRiskCate','',NULL,24480128914423872,NULL),(899,'单位保额（元）','saUnit','10000',NULL,24480128914423877,NULL),(900,'单位保费（元）','premUnit','',NULL,24480128914423877,NULL),(901,'宽限期天数','gracePeriod','',NULL,24480128914423877,NULL),(902,'现价折算系数','cvDiscountRate','0.7',NULL,24480128914423877,NULL),(903,'保险期间','coveragePeriod','{按天保:1-365}',NULL,24480128914423877,NULL),(904,'缴费期间','chargePeriod','一次性交清',NULL,24480128914423877,NULL),(905,'缴费频率','chargeMode','趸交',NULL,24480128914423877,NULL),(906,'职业风险类别','jobRiskCate','',NULL,24480128914423877,NULL),(907,'意外伤害事故发生之日起','accidentValidDays','180',NULL,6300801,NULL),(908,'意外身故保险金','levelAmount','合同约定',NULL,6300801,NULL),(909,'事故日起有效期天数','accidentValidDays','180',NULL,6300803,NULL),(910,'疾病身故保险金','levelAmount','合同约定',NULL,6300803,NULL),(911,'意外伤害事故发生之日起','accidentValidDays','180',NULL,6300804,NULL),(912,'免赔额','deductibleAmount','50',NULL,6300804,NULL),(913,'给付比例','compensationRatio','90%',NULL,6300804,NULL),(914,'意外医疗保险金','levelAmount','合同约定',NULL,6300804,NULL),(915,'单位保额（元）','saUnit','',NULL,24548591112552448,NULL),(916,'单位保费（元）','premUnit','',NULL,24548591112552448,NULL),(917,'宽限期天数','gracePeriod','',NULL,24548591112552448,NULL),(918,'现价折算系数','cvDiscountRate','0.75',NULL,24548591112552448,NULL),(919,'保险期间','coveragePeriod','{按年保:1}',NULL,24548591112552448,NULL),(920,'缴费期间','chargePeriod','一次性交清',NULL,24548591112552448,NULL),(921,'缴费频率','chargeMode','趸交',NULL,24548591112552448,NULL),(922,'职业风险类别','jobRiskCate','',NULL,24548591112552448,NULL),(923,'单位保额（元）','saUnit','',NULL,24480128914423865,NULL),(924,'单位保费（元）','premUnit','',NULL,24480128914423865,NULL),(925,'宽限期天数','gracePeriod','',NULL,24480128914423865,NULL),(926,'现价折算系数','cvDiscountRate','0.65',NULL,24480128914423865,NULL),(927,'保险期间','coveragePeriod','{按年保:1}',NULL,24480128914423865,NULL),(928,'缴费期间','chargePeriod','一次性交清',NULL,24480128914423865,NULL),(929,'缴费频率','chargeMode','趸交',NULL,24480128914423865,NULL),(930,'职业风险类别','jobRiskCate','',NULL,24480128914423865,NULL),(947,'单位保额（元）','saUnit','10000',NULL,24480128914423849,NULL),(948,'单位保费（元）','premUnit','',NULL,24480128914423849,NULL),(949,'宽限期天数','gracePeriod','',NULL,24480128914423849,NULL),(950,'现价折算系数','cvDiscountRate','0.7',NULL,24480128914423849,NULL),(951,'保险期间','coveragePeriod','{按年保:1}',NULL,24480128914423849,NULL),(952,'缴费期间','chargePeriod','一次性交清',NULL,24480128914423849,NULL),(953,'缴费频率','chargeMode','趸交',NULL,24480128914423849,NULL),(954,'职业风险类别','jobRiskCate','',NULL,24480128914423849,NULL),(963,'单位保额（元）','saUnit','1000',NULL,24480128914423867,NULL),(964,'单位保费（元）','premUnit','',NULL,24480128914423867,NULL),(965,'宽限期天数','gracePeriod','',NULL,24480128914423867,NULL),(966,'现价折算系数','cvDiscountRate','0.7',NULL,24480128914423867,NULL),(967,'保险期间','coveragePeriod','{按年保:1}',NULL,24480128914423867,NULL),(968,'缴费期间','chargePeriod','一次性交清',NULL,24480128914423867,NULL),(969,'缴费频率','chargeMode','趸交',NULL,24480128914423867,NULL),(970,'职业风险类别','jobRiskCate','',NULL,24480128914423867,NULL);
/*!40000 ALTER TABLE `t_liab_clause_param` ENABLE KEYS */;
UNLOCK TABLES;

--
-- Table structure for table `t_liability`
--

DROP TABLE IF EXISTS `t_liability`;
/*!40101 SET @saved_cs_client     = @@character_set_client */;
/*!40101 SET character_set_client = utf8 */;
CREATE TABLE `t_liability` (
  `LIAB_ID` bigint(20) NOT NULL COMMENT 'Benefit ID',
  `PRODUCT_ID` bigint(20) DEFAULT NULL,
  `LIAB_CATEGORY` varchar(10) COLLATE utf8_bin NOT NULL COMMENT 'Benefit Category ID',
  `LIAB_NAME` varchar(100) COLLATE utf8_bin NOT NULL COMMENT 'Benefit Name',
  `CLAUSE` varchar(2000) COLLATE utf8_bin DEFAULT NULL COMMENT '条款  被保人在${}年内，因为车祸导致残疾，本公司赔付不超过90天的住院医疗费用，且费用不超过实际费用，最大不超过10000元。  %1% %2% %3%',
  `LIABILITY_TYPE` varchar(5) COLLATE utf8_bin DEFAULT '1' COMMENT '责任设计分类',
  PRIMARY KEY (`LIAB_ID`),
  KEY `fk_LIABILITY__product_id` (`PRODUCT_ID`),
  CONSTRAINT `fk_LIABILITY__product_id` FOREIGN KEY (`PRODUCT_ID`) REFERENCES `t_product` (`PRODUCT_ID`)
) ENGINE=InnoDB DEFAULT CHARSET=utf8 COLLATE=utf8_bin COMMENT='Insurance Liability Code Table';
/*!40101 SET character_set_client = @saved_cs_client */;

--
-- Dumping data for table `t_liability`
--

LOCK TABLES `t_liability` WRITE;
/*!40000 ALTER TABLE `t_liability` DISABLE KEYS */;
INSERT INTO `t_liability` VALUES (1,144,'2','门诊','责任','1'),(6100101,126,'8','意外伤害身故','被保险人遭受意外伤害，并自意外伤害发生之日起#意外伤害发生之日起#日内因该意外伤害导致身故，本公司按#意外伤害身故保险金#元给付意外伤害身故保险金，本合同终止。\r\n如被保险人已按本合同约定领取了意外伤害伤残保险金，本公司按意外伤害身故保险金额扣减累计给付的意外伤害伤残保险金后给付意外伤害身故保险金，本合同终止。 ','1'),(6100102,126,'9','意外伤害伤残',' 被保险人遭受意外伤害，并自意外伤害发生之日起#意外伤害发生之日起#日内因该意外伤害导致伤残，且属于《人身保险伤残评定标准（行业标准）》（中保协发〔2013〕88号）中所列的伤残条目，本公司依照该行业标准规定的评定原则进行伤残评定，并按评定结果所对应的给付比例乘以#意外伤害伤残保险金额#元给付意外伤害伤残保险金。 如被保险人自遭受意外伤害之日起180日后治疗仍未结束的，则按第180日的身体情况评定伤残程度，并据此给付意外伤害伤残保险金。 一次或累计给付的意外伤害伤残保险金达到意外伤害伤残保险金额时，本公司所承担的意外伤害伤残保险责任终止。','1'),(6100103,126,'8','汽车意外伤害身故','被保险人自意外伤害发生之日起#意外伤害发生之日起#日内因该意外伤害导致身故，本公司按汽车意外伤害身故保险金额给付汽车意外伤害身故保险金#汽车意外伤害身故保险金#元，本合同终止。 如被保险人已按本合同约定领取了汽车意外伤害伤残保险金，本公司按汽车意外伤害身故保险金额扣减累计给付的汽车意外伤害伤残保险金后给付汽车意外伤害身故保险金，本合同终止。','1'),(6100104,126,'9','汽车意外伤害伤残','被保险人自意外伤害发生之日起#意外伤害发生之日起#日内因该意外伤害导致伤残，且属于《人身保险伤残评定标准（行业标准）》（中保协发〔2013〕88号，详见附录）中所列的伤残条目，本公司依照该行业标准规定的评定原则进行伤残评定，并按评定结果所对应的给付比例乘以#汽车意外伤害伤残保险金额#元给付汽车意外伤害伤残保险金。 如被保险人自遭受意外伤害之日起180日后治疗仍未结束的，则按第180日的身体情况评定伤残程度，并据此给付汽车意外伤害伤残保险金。 一次或累计给付的汽车意外伤害伤残保险金达到汽车意外伤害伤残保险金额时，本公司所承担的汽车意外伤害伤残保险责任终止。','1'),(6100105,126,'8','火车意外伤害身故','被保险人自意外伤害发生之日起#意外伤害发生之日起#日内因该意外伤害导致身故，本公司按火车意外伤害身故保险金额给付火车意外伤害身故保险金#火车意外伤害身故保险金#元，本合同终止。 如被保险人已按本合同约定领取了火车意外伤害伤残保险金，本公司按火车意外伤害身故保险金额扣减累计给付的火车意外伤害伤残保险金后给付火车意外伤害身故保险金，本合同终止。','1'),(6100106,126,'9','火车意外伤害伤残','被保险人自意外伤害发生之日起#意外伤害发生之日起#日内因该意外伤害导致伤残，且属于《人身保险伤残评定标准（行业标准）》（中保协发〔2013〕88号，）中所列的伤残条目，本公司依照该行业标准规定的评定原则进行伤残评定，并按评定结果所对应的给付比例乘以#火车意外伤害伤残保险金额#给付火车意外伤害伤残保险金。 如被保险人自遭受意外伤害之日起180日后治疗仍未结束的，则按第180日的身体情况评定伤残程度，并据此给付火车意外伤害伤残保险金。 一次或累计给付的火车意外伤害伤残保险金达到#火车意外伤害伤残保险金额#时，本公司所承担的火车意外伤害伤残保险责任终止。','1'),(6100107,126,'8','轮船意外伤害身故','被保险人自意外伤害发生之日起#意外伤害发生之日起#日内因该意外伤害导致身故，本公司按轮船意外伤害身故保险金额给付轮船意外伤害身故保险金#轮船意外伤害身故保险金#元，本合同终止。 如被保险人已按本合同约定领取了轮船意外伤害伤残保险金，本公司按轮船意外伤害身故保险金额扣减累计给付的轮船意外伤害伤残保险金后给付轮船意外伤害身故保险金，本合同终止。','1'),(6100108,126,'9','轮船意外伤害伤残','被保险人自意外伤害发生之日起#意外伤害发生之日起#日内因该意外伤害导致伤残，且属于《人身保险伤残评定标准（行业标准）》（中保协发〔2013〕88号，）中所列的伤残条目，本公司依照该行业标准规定的评定原则进行伤残评定，并按评定结果所对应的给付比例乘以#轮船意外伤害伤残保险金额#给付轮船意外伤害伤残保险金。 如被保险人自遭受意外伤害之日起180日后治疗仍未结束的，则按第180日的身体情况评定伤残程度，并据此给付轮船意外伤害伤残保险金。 一次或累计给付的轮船意外伤害伤残保险金达到#轮船意外伤害伤残保险金额#时，本公司所承担的轮船意外伤害伤残保险责任终止。','1'),(6100109,126,'8','航空意外伤害身故','被保险人自意外伤害发生之日起#意外伤害发生之日起#日内因该意外伤害导致身故，本公司按航空意外伤害身故保险金额给付航空意外伤害身故保险金#航空意外伤害身故保险金#元，本合同终止。 如被保险人已按本合同约定领取了航空意外伤害伤残保险金，本公司按航空意外伤害身故保险金额扣减累计给付的航空意外伤害伤残保险金后给付航空意外伤害身故保险金，本合同终止。','1'),(6100110,126,'9','航空意外伤害伤残','被保险人自意外伤害发生之日起#意外伤害发生之日起#日内因该意外伤害导致伤残，且属于《人身保险伤残评定标准（行业标准）》（中保协发〔2013〕88号，中所列的伤残条目，本公司依照该行业标准规定的评定原则进行伤残评定，并按评定结果所对应的给付比例乘以#航空意外伤害伤残保险金额#给付航空意外伤害伤残保险金。 如被保险人自遭受意外伤害之日起180日后治疗仍未结束的，则按第180日的身体情况评定伤残程度，并据此给付航空意外伤害伤残保险金。 一次或累计给付的航空意外伤害伤残保险金达到#航空意外伤害伤残保险金额#时，本公司所承担的航空意外伤害伤残保险责任终止。 ','1'),(6100111,126,'0','意外伤害医疗保险金','被保险人遭受意外伤害，并自#意外伤害发生之日起#日内因该意外伤害在本公司认可医院（进行治疗所发生的合理医疗费用，本公司在扣除#免赔额#元后，按#赔付比例#给付意外伤害医疗保险金。 被保险人因意外伤害在本公司认可医院住院治疗，保险期间届满时仍未结束治疗的，本公司继续承担保险责任，但最长至第180日。 一次或累计给付的意外伤害医疗保险金达到#意外伤害医疗保险金额#时，本公司所承担的意外伤害医疗保险责任终止。 如被保险人所发生的本合同保险责任范围内的医疗费用，已从社会基本医疗保险（详见释义）、其他商业医疗保险保障计划或其他任何途径获得补偿或赔偿，本公司仅对剩余部分按上述约定承担保险责任。 ','1'),(6100201,127,'9','骨折保险金','被保险人于本保险合同有效期内遭受意外伤害事故，经卫生行政部门评定的二级以上（含二级）或本公司认可的医疗机构诊断，并经放射性检查（如X射线、CT等）证明符合本保险合同定义的股骨颈骨折，本公司按照约定保险金额向被保险人给付骨折保险金。给付骨折保险金后本合同终止。','1'),(6100301,129,'8','意外伤害身故','在保险期间内，被保险人遭受意外伤害事故，并自事故发生之日起#意外伤害发生之日起#日内因该事故身故的，保险人按本保险合同上所载的意外伤害保险金额给付身故保险金意外身故保险金，对该被保险人的保险责任终止。\r\n被保险人因遭受意外伤害事故且自该事故发生日起下落不明，后经人民法院宣告死亡的，保险人按保险金额给付身故保险金。但若被保险人被宣告死亡后生还的，保险金受领人应于知道或应当知道被保险人生还后30日内退还保险人给付的身故保险金。\r\n被保险人身故前保险人已给付第五条第二款约定的残疾保险金的，身故保险金应扣除已给付的保险金。','1'),(6100302,129,'9','意外伤害伤残','在保险期间内，被保险人遭受意外伤害事故，并自该事故发生之日起#意外伤害发生之日起#日内因该事故造成本保险合同所附《人身保险伤残评定标准》（简称《评定标准》）所列残疾程度之一的，保险人按《评定标准》所对应伤残等级的给付比例乘以本保险合同上所载的意外伤害保险金额给付残疾保险金意外残疾保险金。如第180日治疗仍未结束的，按当日的身体情况进行伤残评定，并据此给付残疾保险金。\r\n被保险人因同一意外伤害造成两处或两处以上伤残时，保险人根据《评定标准》规定的多处伤残评定原则给付残疾保险金。','1'),(6100401,132,'8','意外伤害身故','在保险期间内被保险人遭受意外伤害，并因该意外伤害导致其身故或残疾的，保险人依照下列约定给付保险金，且给付各项保险金之和不超过保险金额。一次或累计给付的保险金达到保险金额时，保险人对被保险人的保险责任终止。\r\n    在保险期间内被保险人遭受意外伤害，并自意外伤害发生之日起#意外伤害发生之日起#日内因该意外伤害身故的，保险人按保险金额给付身故保险金。被保险人因遭受意外伤害且自该意外伤害发生日起下落不明，后经人民法院宣告死亡的，保险人按保险金额给付身故保险金。但若被保险人被宣告死亡后生还的，保险金受领人应于知道或应当知道被保险人生还后30日内退还保险人给付的身故保险金。\r\n被保险人身故前保险人已给付本条款约定的残疾保险金的，身故保险金应扣除已给付的保险金。','1'),(6100402,132,'9','意外伤害伤残','在保险期间内被保险人遭受意外伤害，并自该意外伤害发生之日起#意外伤害发生之日起#日内因该意外伤害造成本保险合同所附《人身保险伤残评定标准》（简称《评定标准》）所列伤残程度之一的，保险人按《评定标准》所对应伤残等级的给付比例乘以保险金额给付残疾保险金。如第180日治疗仍未结束的，按当日的身体情况进行伤残评定，并据此给付残疾保险金。被保险人因同一意外伤害造成两处或两处以上伤残时，保险人根据《评定标准》规定的多处伤残评定原则给付残疾保险金。被保险人如在本次意外伤害之前已有残疾，保险人按合并后的残疾程度在《评定标准》中所对应伤残等级的给付比例扣除原有残疾程度在《评定标准》中所对应伤残等级的给付比例，给付残疾保险金。','1'),(6100501,134,'8','猝死保险金','被保险人在保险期间内猝死，保险人（释义见6.2）按保险合同所载的身故保险金额给付身故保险金，同时对该被保险人的保险责任终止。','1'),(6200101,130,'0','意外伤害医疗','在本附加合同有效期内，若任何被保险人遭遇主合同约定的意外伤害事故，且自意外伤害事故发生之日起#意外伤害事故发生之日起#天内，在本附加合同约定的医院（简称“指定医院”）医院进行诊疗，保险人根据本附加合同的约定承担下列保险金给付责任：\r\n（1）被保险人支出的、符合当地社会医疗保险主管部门规定范围内的、必需且合理的医疗费用，在扣除每次#每次免赔额#元免赔额后，按#给付比例#比例给付医疗保险金意外伤害医疗保险金。\r\n（2）保险期间届满，被保险人治疗未满180日，且仍需继续门诊或住院的，保险人所负给付保险金责任的期限，自保险期满次日起计算，门诊治疗最长以15日为限，住院治疗者至出院之日止，最长以60日为限。\r\n保险人所负给付保险金的责任以保险金额为限，在保险期间内，对被保险人一次或者多次累计给付的保险金达到本附加保险合同载明的保险金额时，保险人对该被保险人的保险责任终止。\r\n本附加合同为费用补偿型保险合同，适用医疗费用补偿原则。若医疗费用可依法律及政府之规定而有所补偿，或从其它福利计划或医疗保险计划（包括但不限于社会医疗保险、公费医疗、工作单位、保险人在内的任何商业保险机构等）取得部分或全部补偿，对于符合当地社会医疗保险主管部门规定范围内的合理医疗费用，保险人仅负责补偿剩余部分，并以保险金额为限。','1'),(6200201,131,'1','住院医疗','在保险期间内，若任何被保险人因遭受意外伤害事故或在等待期#等待期#天（按照保险人相关规定续保的，续保保险期间不受等待期的限制）后因患疾病，经本附加合同释义约定的医院（简称“释义指定医院”）诊断必须住院治疗，保险人就其每次住院实际支出的符合当地社会医疗保险主管部门规定范围内的、必需且合理的住院医疗费用，在扣除当地社会基本医疗保险和其他途径已经补偿或给付部分以及本附加合同约定的免赔额后，对其余额按本附加合同约定的给付比例给付住院医疗保险金。免赔额及给付比例，由投保人在投保时与保险人协商确定并在保险单上载明。被保险人在保险期间内住院治疗，到保险期间届满仍未结束的，保险人继续承担本保险责任至住院结束之日止，最长不超过保险期间届满之日起第90日。但累计给付金额达到本附加险合同对应的保险金额时，保险人对该被保险人在本附加险合同项下的保险责任终止。若被保险人无社保：赔付社保范围内费用，扣除200元免赔额后，按照50%比例赔付；若被保险人有社保：扣除100元免赔额后，按照如下比例表给付。','1'),(6200301,133,'0','意外伤害医疗','    在本附加合同的保险期间内，被保险人遭受意外伤害事故，并在意外伤害发生之日起#意外伤害发生之日起#180日内在中华人民共和国（不包括香港、澳门及台湾地区）二级及以上医院或保险人认可的医疗机构进行治疗的，保险人按照下列约定进行赔偿：\r\n    （1）对于被保险人在每次意外伤害事故中发生的，符合当地社会基本医疗保险规定的、必需且合理的医疗费用，保险人在扣除保险合同约定的免赔额（#次免赔额#）后，按约定的给付比例（#有社保给付比例#或#无社保给付比例#）给付意外医疗保险金。免赔额和给付比例由投保人和保险人在投保时约定，并在保险合同中载明；\r\n    （2）保险人所负给付意外医疗保险金的责任以本附加保险合同项下的保险金额为限，对被保险人一次或者累计给付保险金达到本附加保险合同项下该被保险人的保险金额时，保险人对该被保险人的本附加保险合同项下的保险责任终止；\r\n（3）若被保险人可以从其它保险计划（包括农村合作医疗保险、社会基本医疗保险、工作单位、或其他任何商业保险机构等）获得医疗费用补偿，保险人对被保险人获得或可以获得补偿或赔偿后的医疗费用的余额按照本合同约定给付保险金。','1'),(6200401,135,'10','重大疾病保险金','在本合同保险期间内，被保险人在等待期#等待期#日后，经中华人民共和国（不包括香港、澳门、台湾地区）二级及以上医院或保险人（释义见6.3）认可的医疗机构确诊初次患有本合同约定的重大疾病（释义见6.4），保险人按照本保险合同载明的保险金额给付重大疾病保险金，同时本保险合同终止。\r\n被保险人在等待期内经确诊初次患有本合同约定的重大疾病，保险人不承担给付保险金的责任，但向投保人无息退还已交纳的保险费，同时本保险合同终止。\r\n若被保险人属于续保或在本保险合同有效期内因遭受意外事故而导致本合同约定的重大疾病，则不受等待期时限的限制。','1'),(6200402,135,'10','意外重疾保险金','在本合同保险期间内，被保险人在等待期#等待期#日后，经中华人民共和国（不包括香港、澳门、台湾地区）二级及以上医院或保险人（释义见6.3）认可的医疗机构确诊初次患有本合同约定的重大疾病（释义见6.4），保险人按照本保险合同载明的保险金额给付重大疾病保险金，同时本保险合同终止。\r\n被保险人在等待期内经确诊初次患有本合同约定的重大疾病，保险人不承担给付保险金的责任，但向投保人无息退还已交纳的保险费，同时本保险合同终止。\r\n若被保险人属于续保或在本保险合同有效期内因遭受意外事故而导致本合同约定的重大疾病，则不受等待期时限的限制。','1'),(6200501,136,'10','重大疾病住院津贴','在本附加合同的保险期间内，被保险人在等待期#等待期#日后，经中华人民共和国（不包括香港、澳门、台湾地区）二级及以上医院或保险人认可的医疗机构确诊初次患有本合同约定的重大疾病，并因此必须住院治疗的，保险人根据保险#每日住院津贴额#的每日住院津贴额，按照被保险人的实际住院日数给付住院津贴，但累计给付日数以#累计给付日数#合同约定的日数为限。\r\n被保险人在等待期内经确诊初次患有本合同约定的重大疾病，保险人不给付住院津贴，但向投保人无息退还已交纳的保险费，同时本保险合同终止。\r\n若被保险人属于续保或在本保险合同有效期内因遭受意外事故而导致本合同约定的重大疾病，并因该重大疾病必须住院治疗的，则不受等待期时限的限制。\r\n          若该被保险人投保了由保险人承保的多种保险产品，如在不同保障产品中有相同保险利益的，则保险人仅按其中保险金额最高者进行给付。','1'),(6200502,136,'10','意外重疾住院津贴','在本附加合同的保险期间内，被保险人在等待期#等待期#日后，经中华人民共和国（不包括香港、澳门、台湾地区）二级及以上医院或保险人认可的医疗机构确诊初次患有本合同约定的重大疾病，并因此必须住院治疗的，保险人根据保险#每日住院津贴额#的每日住院津贴额，按照被保险人的实际住院日数给付住院津贴，但累计给付日数以#累计给付日数#合同约定的日数为限。\r\n被保险人在等待期内经确诊初次患有本合同约定的重大疾病，保险人不给付住院津贴，但向投保人无息退还已交纳的保险费，同时本保险合同终止。\r\n若被保险人属于续保或在本保险合同有效期内因遭受意外事故而导致本合同约定的重大疾病，并因该重大疾病必须住院治疗的，则不受等待期时限的限制。\r\n          若该被保险人投保了由保险人承保的多种保险产品，如在不同保障产品中有相同保险利益的，则保险人仅按其中保险金额最高者进行给付。','1'),(6200601,137,'0','疾病门急诊医疗保险金','您为被保险人首次投保本保险或者非连续投保本保险时，自本合同生效之日起#等待期#日为等待期；您为被保险人不间断连续投保本保险的续保合同无等待期。\r\n被保险人因遭受意外伤害（见 7.3）事故发生门诊或者急诊的，保险责任无等待 期。\r\n在等待期内，被保险人非因意外伤害事故发生门诊或者急诊的，我们不承担给付 保险金的责任。\r\n本合同所述的门诊或者急诊分为以下三种情形：\r\n（1） 因意外伤害事故于二级及以上医院（见 7.4）接受门诊或者急诊治疗；\r\n（2） 因疾病于二级及以上医院接受急诊治疗；\r\n（3） 因疾病于定点医院（见 7.5）接受门诊治疗。\r\n若被保险人因上述三种情形之一从而发生属于本合同约定范围内的门诊或者急诊 医疗费用（以下简称“门急诊医疗费用”），且发生的单次（见 7.6）门急诊医\r\n疗费用金额超过 100 元时，我们承担如下保险责任：\r\n（1） 若被保险人未从社会基本医疗保险、公费医疗、新型农村合作医疗、商业 性门急诊费用补偿型医疗保险、其他政府机构或者社会福利机构获得门诊 或者急诊医疗费用补偿，我们按如下公式给付门急诊医疗保险金：\r\n门急诊医疗保险金＝（门急诊医疗费用－#次免赔额#）×#未从其它途径获得补偿的赔付比例#\r\n（2） 若被保险人已从社会基本医疗保险、公费医疗、新型农村合作医疗、商业 性门急诊费用补偿型医疗保险、其他政府机构或者社会福利机构获得门诊 或者急诊医疗费用补偿（以下简称“已获得的门急诊费用补偿”），我们按 如下公式给付门急诊医疗保险金：\r\n门急诊医疗保险金＝（门急诊医疗费用－已获得的门急诊费用补偿－#次免赔额#） ×#已从其它途径获得补偿的赔付比例#\r\n本合同所约定的门诊或者急诊医疗费用是符合当地（见 7.7）社会基本医疗保险 规定支付范围内的医疗费用。\r\n我们按本合同约定累计给付的门急诊医疗保险金数额之和以本合同的保险金额为 限。','1'),(6200602,137,'0','意外门急诊医疗保险金','您为被保险人首次投保本保险或者非连续投保本保险时，自本合同生效之日起#等待期#日为等待期；您为被保险人不间断连续投保本保险的续保合同无等待期。\r\n被保险人因遭受意外伤害（见 7.3）事故发生门诊或者急诊的，保险责任无等待 期。\r\n在等待期内，被保险人非因意外伤害事故发生门诊或者急诊的，我们不承担给付 保险金的责任。\r\n本合同所述的门诊或者急诊分为以下三种情形：\r\n（1） 因意外伤害事故于二级及以上医院（见 7.4）接受门诊或者急诊治疗；\r\n（2） 因疾病于二级及以上医院接受急诊治疗；\r\n（3） 因疾病于定点医院（见 7.5）接受门诊治疗。\r\n若被保险人因上述三种情形之一从而发生属于本合同约定范围内的门诊或者急诊 医疗费用（以下简称“门急诊医疗费用”），且发生的单次（见 7.6）门急诊医\r\n疗费用金额超过 100 元时，我们承担如下保险责任：\r\n（1） 若被保险人未从社会基本医疗保险、公费医疗、新型农村合作医疗、商业 性门急诊费用补偿型医疗保险、其他政府机构或者社会福利机构获得门诊 或者急诊医疗费用补偿，我们按如下公式给付门急诊医疗保险金：\r\n门急诊医疗保险金＝（门急诊医疗费用－#次免赔额#）×#未从其它途径获得补偿的赔付比例#\r\n（2） 若被保险人已从社会基本医疗保险、公费医疗、新型农村合作医疗、商业 性门急诊费用补偿型医疗保险、其他政府机构或者社会福利机构获得门诊 或者急诊医疗费用补偿（以下简称“已获得的门急诊费用补偿”），我们按 如下公式给付门急诊医疗保险金：\r\n门急诊医疗保险金＝（门急诊医疗费用－已获得的门急诊费用补偿－#次免赔额#） ×#已从其它途径获得补偿的赔付比例#\r\n本合同所约定的门诊或者急诊医疗费用是符合当地（见 7.7）社会基本医疗保险 规定支付范围内的医疗费用。\r\n我们按本合同约定累计给付的门急诊医疗保险金数额之和以本合同的保险金额为 限。','1'),(6200701,138,'1','疾病住院津贴','您为被保险人首次投保本保险或者非连续投保本保险时，自本合同生效日起#等待期#日为等待期；本合同若曾复效，则自本合同最后复效之日起90日为等待期；您为 被保险人不间断连续投保本保险的续保合同无等待期。\r\n被保险人因意外伤害（见 8.4）发生住院（见 8.5）的，保险责任无等待期。\r\n在等待期内，被保险人非因意外伤害发生住院，我们不承担保险金给付责任。被 保险人在等待期内非因意外伤害发生的住院及与该住院视为同一次住院（见 8.6） 的治疗，无论是否延续至等待期后，我们均不承担给付保险金的责任。\r\n保险责任 在本合同保险期间内，我们承担下列保险责任：\r\n若被保险人因意外伤害经诊断必须住院治疗，我们按被保险人在二级及以上医院 （见 8.7）的实际住院天数和本合同约定的住院日额向被保险人给付住院津贴保 险金；若被保险人在等待期后非因意外伤害经诊断必须住院治疗，我们按被保险 人在定点医院（见 8.8）的实际住院天数和本合同约定的住院日额向被保险人给 付住院津贴保险金，即：\r\n被保险人每次住院获得的保险金 ＝ 实际住院天数 × 住院日额（#每日住院津贴#）。\r\n若被保险人住院治疗，且在本合同期满日治疗仍未结束的，对于被保险人该次住 院延续至本合同期满日次日起 30 日内的住院，我们仍在本合同约定的给付天数 范围内承担保险金给付责任，对于被保险人该次住院延续至本合同期满日次日起 30 日后的住院，我们不再承担给付保险金的责任。\r\n被保险人在本合同有效期内累计住院给付天数满#累计住院给付天数# 日，本合同终止。\r\n被保险人因意外伤害（见 8.4）发生住院（见 8.5）的，保险责任无等待期。\r\n在等待期内，被保险人非因意外伤害发生住院，我们不承担保险金给付责任。被 保险人在等待期内非因意外伤害发生的住院及与该住院视为同一次住院（见 8.6） 的治疗，无论是否延续至等待期后，我们均不承担给付保险金的责任。\r\n保险责任 在本合同保险期间内，我们承担下列保险责任：\r\n若被保险人因意外伤害经诊断必须住院治疗，我们按被保险人在二级及以上医院 （见 8.7）的实际住院天数和本合同约定的住院日额向被保险人给付住院津贴保 险金；若被保险人在等待期后非因意外伤害经诊断必须住院治疗，我们按被保险 人在定点医院（见 8.8）的实际住院天数和本合同约定的住院日额向被保险人给 付住院津贴保险金，即：\r\n被保险人每次住院获得的保险金 ＝ 实际住院天数 × 住院日额\r\n若被保险人住院治疗，且在本合同期满日治疗仍未结束的，对于被保险人该次住 院延续至本合同期满日次日起 30 日内的住院，我们仍在本合同约定的给付天数 范围内承担保险金给付责任，对于被保险人该次住院延续至本合同期满日次日起 30 日后的住院，我们不再承担给付保险金的责任。\r\n被保险人在本合同有效期内累计住院给付天数满#累计住院给付天数# 日，本合同终止。','1'),(6200702,138,'1','意外住院津贴','若被保险人因意外伤害经诊断必须住院治疗，我们按被保险人在二级及以上医院 （见 8.7）的实际住院天数和本合同约定的住院日额向被保险人给付住院津贴保 险金；若被保险人在等待期后非因意外伤害经诊断必须住院治疗，我们按被保险 人在定点医院（见 8.8）的实际住院天数和本合同约定的住院日额向被保险人给 付住院津贴保险金，即：\r\n被保险人每次住院获得的保险金 ＝ 实际住院天数 × 住院日额（#每日住院津贴#）。\r\n若被保险人住院治疗，且在本合同期满日治疗仍未结束的，对于被保险人该次住 院延续至本合同期满日次日起 30 日内的住院，我们仍在本合同约定的给付天数 范围内承担保险金给付责任，对于被保险人该次住院延续至本合同期满日次日起 30 日后的住院，我们不再承担给付保险金的责任。\r\n被保险人在本合同有效期内累计住院给付天数满#累计住院给付天数# 日，本合同终止。\r\n被保险人每次住院获得的保险金 ＝ 实际住院天数 × 住院日额\r\n若被保险人住院治疗，且在本合同期满日治疗仍未结束的，对于被保险人该次住 院延续至本合同期满日次日起 30 日内的住院，我们仍在本合同约定的给付天数 范围内承担保险金给付责任，对于被保险人该次住院延续至本合同期满日次日起 30 日后的住院，我们不再承担给付保险金的责任。\r\n被保险人在本合同有效期内累计住院给付天数满#累计住院给付天数# 日，本合同终止。','1'),(6200801,139,'1','重症监护室床位费和监护费','在本合同保险期间内，被保险人因意外伤害（释义二）事故或疾病（释义三）在中华人民共和国境内（不含港、澳、台地区）二级及以上医院（释义四），或保险人认可的医院（不含特需病房、外宾病房或其它不属于社会医疗保险范畴的高等级病房）住院（释义五）治疗的，保险人对于被保险人需个人支付的、必需且合理的住院医疗费用（释义六），在扣除#免赔额#免赔额（释义七）后，依照约定的比例#给付比例#给付住院医疗保险金。住院医疗费用包括床位费（释义八）、膳食费（释义九）、护理费（释义十）、重症监护室床位费、诊疗费、检查检验费（释义十一）、治疗费（释义十二）、药品费（释义十三）、手术费（释义十四）。\r\n各项住院医疗费用以本合同约定的限额为限。\r\n重症监护室床位费和监护费赔偿限额以#重症监护室床位费和监护费赔偿限额#为限，每个保险期间内的最大给付天数以#最大给付天数#为限。','1'),(6200802,139,'7','诊疗费','在本合同保险期间内，被保险人因意外伤害（释义二）事故或疾病（释义三）在中华人民共和国境内（不含港、澳、台地区）二级及以上医院（释义四），或保险人认可的医院（不含特需病房、外宾病房或其它不属于社会医疗保险范畴的高等级病房）住院（释义五）治疗的，保险人对于被保险人需个人支付的、必需且合理的住院医疗费用（释义六），在扣除#免赔额#免赔额（释义七）后，依照约定的比例#给付比例#给付住院医疗保险金。住院医疗费用包括床位费（释义八）、膳食费（释义九）、护理费（释义十）、重症监护室床位费、诊疗费、检查检验费（释义十一）、治疗费（释义十二）、药品费（释义十三）、手术费（释义十四）。\r\n各项住院医疗费用以本合同约定的限额为限。','1'),(6200803,139,'7','检查、检验费、治疗费','在本合同保险期间内，被保险人因意外伤害（释义二）事故或疾病（释义三）在中华人民共和国境内（不含港、澳、台地区）二级及以上医院（释义四），或保险人认可的医院（不含特需病房、外宾病房或其它不属于社会医疗保险范畴的高等级病房）住院（释义五）治疗的，保险人对于被保险人需个人支付的、必需且合理的住院医疗费用（释义六），在扣除#免赔额#免赔额（释义七）后，依照约定的比例#给付比例#给付住院医疗保险金。住院医疗费用包括床位费（释义八）、膳食费（释义九）、护理费（释义十）、重症监护室床位费、诊疗费、检查检验费（释义十一）、治疗费（释义十二）、药品费（释义十三）、手术费（释义十四）。\r\n各项住院医疗费用以本合同约定的限额为限。','1'),(6200804,139,'7','床位费、膳食费、护理费','在本合同保险期间内，被保险人因意外伤害（释义二）事故或疾病（释义三）在中华人民共和国境内（不含港、澳、台地区）二级及以上医院（释义四），或保险人认可的医院（不含特需病房、外宾病房或其它不属于社会医疗保险范畴的高等级病房）住院（释义五）治疗的，保险人对于被保险人需个人支付的、必需且合理的住院医疗费用（释义六），在扣除#免赔额#免赔额（释义七）后，依照约定的比例#给付比例#给付住院医疗保险金。住院医疗费用包括床位费（释义八）、膳食费（释义九）、护理费（释义十）、重症监护室床位费、诊疗费、检查检验费（释义十一）、治疗费（释义十二）、药品费（释义十三）、手术费（释义十四）。\r\n各项住院医疗费用以本合同约定的限额为限。','1'),(6200805,139,'7','手术费、麻醉费','在本合同保险期间内，被保险人因意外伤害（释义二）事故或疾病（释义三）在中华人民共和国境内（不含港、澳、台地区）二级及以上医院（释义四），或保险人认可的医院（不含特需病房、外宾病房或其它不属于社会医疗保险范畴的高等级病房）住院（释义五）治疗的，保险人对于被保险人需个人支付的、必需且合理的住院医疗费用（释义六），在扣除#免赔额#免赔额（释义七）后，依照约定的比例#给付比例#给付住院医疗保险金。住院医疗费用包括床位费（释义八）、膳食费（释义九）、护理费（释义十）、重症监护室床位费、诊疗费、检查检验费（释义十一）、治疗费（释义十二）、药品费（释义十三）、手术费（释义十四）。\r\n各项住院医疗费用以本合同约定的限额为限。','1'),(6200806,139,'7','药品费','在本合同保险期间内，被保险人因意外伤害（释义二）事故或疾病（释义三）在中华人民共和国境内（不含港、澳、台地区）二级及以上医院（释义四），或保险人认可的医院（不含特需病房、外宾病房或其它不属于社会医疗保险范畴的高等级病房）住院（释义五）治疗的，保险人对于被保险人需个人支付的、必需且合理的住院医疗费用（释义六），在扣除#免赔额#免赔额（释义七）后，依照约定的比例#给付比例#给付住院医疗保险金。住院医疗费用包括床位费（释义八）、膳食费（释义九）、护理费（释义十）、重症监护室床位费、诊疗费、检查检验费（释义十一）、治疗费（释义十二）、药品费（释义十三）、手术费（释义十四）。\r\n各项住院医疗费用以本合同约定的限额为限。\r\n药品费的限额以#责任限额#为限。','1'),(6200901,140,'10','乳腺癌','投保人首次为被保险人投保本保险或非连续投保本保险时，自本合同生效日起#等待期#日内，经医院（见7.2）初次确诊（见7.3）被保险人罹患本合同所定义的任何一种或多种疾病，我们按您已交的本合同的保险费数额向本合同保险金受益人给付保险金，本合同终止。这90日称为保险责任等待期。 投保人连续为同一被保险人投保本保险的续保合同无等待期。 被保险人因意外伤害（见7.4）或暴力袭击导致面部毁损，在意外伤害后的#意外伤害发生之日起#天内，需接受本合同所定义的意外面部整形手术（见7.5）时，此项保险责任无等待期。\r\n在等待期后，被保险人确诊罹患合同所定义的乳腺癌，按保险金额给付乳腺癌保险金，合同终止。若在给付乳腺癌保险金前，保险人已依合同向被保险人给付过女性特定妇科癌症保险金、系统性红斑狼疮性肾炎保险金、女性原位癌保险金或意外面部整形手术保险金，则在给付乳腺癌保险金时，需扣除已给付的前述各项保险金。','1'),(6200902,140,'10','女性特定妇科癌症 ','投保人首次为被保险人投保本保险或非连续投保本保险时，自本合同生效日起#等待期#日内，经医院（见7.2）初次确诊（见7.3）被保险人罹患本合同所定义的任何一种或多种疾病，我们按您已交的本合同的保险费数额向本合同保险金受益人给付保险金，本合同终止。这90日称为保险责任等待期。 投保人连续为同一被保险人投保本保险的续保合同无等待期。 被保险人因意外伤害（见7.4）或暴力袭击导致面部毁损，在意外伤害后的#意外伤害发生之日起#天内，需接受本合同所定义的意外面部整形手术（见7.5）时，此项保险责任无等待期。\r\n在等待期后，被保险人确诊罹患合同所定义的乳腺癌，按保险金额给付乳腺癌保险金，合同终止。若在给付乳腺癌保险金前，保险人已依合同向被保险人给付过女性特定妇科癌症保险金、系统性红斑狼疮性肾炎保险金、女性原位癌保险金或意外面部整形手术保险金，则在给付乳腺癌保险金时，需扣除已给付的前述各项保险金。\r\n在等待期后，经医院初次确诊，被保险人罹患合同所定义的女性特定妇科癌症，将按合同保险金额的#赔付比例#给付女性特定妇科癌症保险金，此项保险责任终止。','1'),(6200903,140,'10','系统性红斑狼疮性肾炎保险金','投保人首次为被保险人投保本保险或非连续投保本保险时，自本合同生效日起#等待期#日内，经医院（见7.2）初次确诊（见7.3）被保险人罹患本合同所定义的任何一种或多种疾病，我们按您已交的本合同的保险费数额向本合同保险金受益人给付保险金，本合同终止。这90日称为保险责任等待期。 投保人连续为同一被保险人投保本保险的续保合同无等待期。 被保险人因意外伤害（见7.4）或暴力袭击导致面部毁损，在意外伤害后的#意外伤害发生之日起#天内，需接受本合同所定义的意外面部整形手术（见7.5）时，此项保险责任无等待期。\r\n在等待期后，被保险人确诊罹患合同所定义的乳腺癌，按保险金额给付乳腺癌保险金，合同终止。若在给付乳腺癌保险金前，保险人已依合同向被保险人给付过女性特定妇科癌症保险金、系统性红斑狼疮性肾炎保险金、女性原位癌保险金或意外面部整形手术保险金，则在给付乳腺癌保险金时，需扣除已给付的前述各项保险金。\r\n在等待期后，经医院初次确诊，被保险人罹患合同所定义的女性特定妇科癌症，将按合同保险金额的#赔付比例#给付女性特定妇科癌症保险金，此项保险责任终止。\r\n在等待期后，经医院初次确诊，被保险人罹患合同所定义的系统性红斑狼疮性肾炎，将按合同保险金额的#赔付比例#给付系统性红斑狼疮性肾炎保险金，此项保险责任终止。','1'),(6200904,140,'10','女性原位癌保险金','投保人首次为被保险人投保本保险或非连续投保本保险时，自本合同生效日起#等待期#日内，经医院（见7.2）初次确诊（见7.3）被保险人罹患本合同所定义的任何一种或多种疾病，我们按您已交的本合同的保险费数额向本合同保险金受益人给付保险金，本合同终止。这90日称为保险责任等待期。 投保人连续为同一被保险人投保本保险的续保合同无等待期。 被保险人因意外伤害（见7.4）或暴力袭击导致面部毁损，在意外伤害后的#意外伤害发生之日起#天内，需接受本合同所定义的意外面部整形手术（见7.5）时，此项保险责任无等待期。\r\n在等待期后，被保险人确诊罹患合同所定义的乳腺癌，按保险金额给付乳腺癌保险金，合同终止。若在给付乳腺癌保险金前，保险人已依合同向被保险人给付过女性特定妇科癌症保险金、系统性红斑狼疮性肾炎保险金、女性原位癌保险金或意外面部整形手术保险金，则在给付乳腺癌保险金时，需扣除已给付的前述各项保险金。\r\n在等待期后，经医院初次确诊，被保险人罹患合同所定义的女性特定妇科癌症，将按合同保险金额的#赔付比例#给付女性特定妇科癌症保险金，此项保险责任终止。\r\n在等待期后，经医院初次确诊，被保险人罹患合同所定义的系统性红斑狼疮性肾炎，将按合同保险金额的#赔付比例#给付系统性红斑狼疮性肾炎保险金，此项保险责任终止。\r\n在等待期后，经医院初次确诊，被保险人罹患合同所定义的女性原位癌，将按合同保险金额的#赔付比例#给付女性原位癌保险金，此项保险责任终止。','1'),(6200905,140,'10','意外面部整形手术保险金','被保险人因意外伤害导致面部毁损，在该意外伤害发生后的180日内，需接受合同所定义的意外面部整形手术治疗，在不超过合同保险金额的#赔付比例#限额内，将按照被保险人已经支出的手术费用金额向被保险人给付意外面部整形手术保险金，此项保险责任终止。','1'),(6300101,141,'8','意外伤害身故','被保险人在境外旅行期间遭受意外伤害，并自意外伤害发生之日起#意外伤害发生之日起#日内因该意外伤害身故的，保险人按#档次保险金额#给付身故保险金，对该被保险人的保险责任终止。\r\n被保险人因遭受意外伤害且自该意外伤害发生日起下落不明，后经人民法院宣告死亡的，保险人按保险金额给付身故保险金。但若被保险人被宣告死亡后生还的，\r\n保险金受领人应于知道或应当知道被保险人生还后30日内退还保险人给付的身故保险金。\r\n被保险人身故或被宣告死亡前保险人已给付约定的残疾保险金的，身故保险金应扣除已给付的保险金。','1'),(6300102,141,'9','意外伤残保险金','被保险人在境外旅行期间遭受意外伤害，并自该意外伤害发生之日起#意外伤害发生之日起#日内因该意外伤害造成本保险合同所附《人身保险伤残评定标准》（简称《评定标准》）所列残疾程度之一的，保险人按《评定标准》所对应伤残等级的给付比例乘以本保险合同上所载的意外伤害保险金额#档次保险金额#给付残疾保险金。如第180日治疗仍未结束的，按当日的身体情况进行伤残评定，并据此给付残疾保险金。\r\n（1）被保险人因同一意外伤害造成两处或两处以上伤残时，保险人根据《评定标准》规定的多处伤残评定原则给付残疾保险金。\r\n（2）被保险人如在本次意外伤害之前已有残疾，保险人按合并后的残疾程度在《评定标准》中所对应伤残等级的给付比例扣除原有残疾程度在《评定标准》中所对应伤残等级的给付比例，给付残疾保险金。','1'),(6300103,141,'0','医疗费用补偿','在本附加险合同的保险期间内，被保险人在旅行期间，遭受意外伤害事故或罹患疾病，前往所在国家或地区的医疗机构进行治疗的，保险人按照本附加险合同的约定进行赔偿：\r\n（1）自意外伤害事故或疾病发生之日起#事故发生之日起#天内，对于被保险人因此实际支出的，必需且合理的医疗费用，保险人在扣除免赔额后，按照赔付比例给付医疗保险金。免赔额和给付比例由投保人和保险人在投保时约定，并在保险合同中载明；\r\n（2）若被保险人在境外遭遇意外伤害事故或罹患疾病，返回中国境内需要继续治疗的，对于其返回境内日常居住地后三十日内（但最迟不超过意外伤害事故或罹患突发性疾病发生之日起九十日），因该意外伤害或该疾病需继续接受后续治疗的，保险人对被保险人在境内医疗机构实际支出的必需且合理的医疗费用，保险人亦予以给付，但该后续治疗费用给付金额以本合同所载保险金额#档次保险金额#的10%为限；\r\n（3）本附加险合同为费用补偿型保险合同，适用医疗费用补偿原则。若被保险人还可从其它保险计划（包括农村合作医疗保险、社会基本医疗保险、工作单位、或其他任何商业保险机构等）获得医疗费用补偿，保险人对被保险人获得补偿后的医疗费用的余额按照本合同约定给付保险金；\r\n（4）保险人所负给付医疗保险金的责任以本附加险合同项下的保险金额为限，对被保险人一次或者累计给付保险金达到本附加险合同项下该被保险人的保险金额时，保险人对该被保险人的本附加险合同项下的保险责任终止。\r\n救援机构根据被保险人的身体状况或治疗需要，并参考医生建议，有权决定运送或送返手段和运送目的地。运送和送返的手段包括配备专业医生、护士和必要的运输工具。运输工具可能包括空中救护机、救护车、普通民航班机、火车或其他适合的运输工具。\r\n运送和运返费用包括救援机构安排的运输、运输途中医疗护理及医疗设备和用品之费用。运送和运返所需的费用经保险人核实确认后直接支付给救援机构，费用总数最高以本附加合同项下的保险金额#档次保险金额#为限。倘若实际费用超越该保险金额，则超出部分的费用由被保险人负责支付。\r\n任何未经救援机构批准并安排的费用，保险人不负责赔偿；倘若在紧急医疗情况下，该被保险人由于不可抗力原因无法通知救援机构，保险人将有权根据投保人所选择的保险计划，以及在相同情况下由救援机构提供或安排服务所需要的合理的费用进行赔偿。\r\n若该被保险人为同一旅程自愿投保由保险人承保的多种保险产品，如在不同保障产品中有相同保险利益的，则保险人仅按其中保险金额最高者给予赔偿。','1'),(6300104,141,'7','旅行紧急医疗运送和送返保险金','在本附加合同的保险期间内，被保险人在旅行期间遭受意外伤害事故或罹患突发性疾病，经保险人委托的救援服务机构或其授权代表（以下简称“救援机构”）从医疗角度认为被保险人有运送必要的，则将该被保险人送至当地或其就近地区符合治疗条件的医院。经救援机构从医疗角度认定为有送返必要的，则将被保险人送返至其在中国大陆境内的住所地或经常居住地。\r\n救援机构根据被保险人的身体状况或治疗需要，并参考医生建议，有权决定运送或送返手段和运送目的地。运送和送返的手段包括配备专业医生、护士和必要的运输工具。运输工具可能包括空中救护机、救护车、普通民航班机、火车或其他适合的运输工具。\r\n运送和运返费用包括救援机构安排的运输、运输途中医疗护理及医疗设备和用品之费用。运送和运返所需的费用经保险人核实确认后直接支付给救援机构，费用总数最高以本附加合同项下的保险金额#档次保险金额#为限。倘若实际费用超越该保险金额，则超出部分的费用由被保险人负责支付。\r\n任何未经救援机构批准并安排的费用，保险人不负责赔偿；倘若在紧急医疗情况下，该被保险人由于不可抗力原因无法通知救援机构，保险人将有权根据投保人所选择的保险计划，以及在相同情况下由救援机构提供或安排服务所需要的合理的费用进行赔偿。\r\n若该被保险人为同一旅程自愿投保由保险人承保的多种保险产品，如在不同保障产品中有相同保险利益的，则保险人仅按其中保险金额最高者给予赔偿。','1'),(6300105,141,'8','遗体/骨灰送返保险金','经保险人委托的救援服务机构（以下简称救援机构），根据被保险人亲属的要求，在遵守当地法律法规和符合当地实际情况的前提条件下，将该被保险人之遗体或骨灰送返至被保险人的中国大陆境内的住所地或经常居住地。\r\n遗体送返服务所需费用包括尸体防腐、保存、火化、运输及骨灰盒等材料和服务费用，经保险人核实确认后直接支付给救援机构，最高不超过#档次保险金额#。','1'),(6300106,141,'8','丧葬保险金','经保险人委托的救援机构，根据被保险人亲属的要求，在遵守当地法律法规和符合当地实际情况的前提条件下，安排在当地安葬被保险人的，则保险人按实际支出的被保险人之丧葬费用给付丧葬保险金予身故保险金受益人。最高给付金额以本附加合同项下该被保险人相应的丧葬保险金额#档次保险金额#为限。\r\n上述两项保险金的合计最高给付总额以本附加险合同项下的该被保险人保险金额为限。','1'),(6300107,141,'7','旅行慰问探访保险','在本附加险合同保险期间内，若被保险人在旅行期间发生如下情况，保险人以本附加险合同项下该被保险人的保险金额#档次保险金额#为限，给付一张往返于该被保险人所在地与探访者所在地之间的经济舱位机票和/或船票和/或车票，用于该被保险人的一名成年直系亲属前往被保险人所在地：\r\n（1）被保险人因遭受意外伤害或罹患突发性疾病，经所在国家或地区的医疗机构的医生诊断必须住院治疗的，且连续住院十日以上；\r\n（2）被保险人因遭受意外伤害或罹患突发性疾病，并以此为直接且单独原因导致身故。','1'),(6300108,141,'7','未成年人送返费用补偿保险金','在本附加险合同保险期间内，若被保险人在旅行期间，因遭受意外伤害或罹患突发性疾病，且无其他成年旅伴，导致与被保险人随行且被保险人对其负有照管义务的未成年人无人照料，被保险人要求保险人授权的救援服务机构或其授权代表（以下简称“救援机构”）安排其随行未成年人返回中国境内(不含港澳台地区)日常居住地的，保险人按照本合同的约定承担被保险人应当向救援机构支付最多两名未成年人合理必要的送返费用。\r\n送返费用包括该未成年人返回其在中国境内日常居住地所支出的、必需且合理的交通费用，及救援机构安排护送人员随行护送产生的合理费用，上述费用经保险人核实确认后直接支付给救援机构，但最高以本合同项下的保险金额#档次保险金额#为限，超出部分的费用应当由被保险人负责支付。','1'),(6300109,141,'8','突发急性疾病身故','在保险期间内，如被保险人在境外旅行期间因突发急性病，并自发病之日起#事故日起有效期天数#日内（含7日）因该急性病导致身故的，保险人按本附加险合同项下的保险金额给付急性病身故保险金#档次保险金额#，对该被保险人的保险责任终止','1'),(6300801,142,'8','意外身故保险金','被保险人在合同有效期内遭受意外伤害事故，且自意外伤害事故发生之日起#意外伤害事故发生之日起#日内，因该意外事故导致身故，本公司按合同约定的保险金额#意外身故保险金#给付意外身故保险金，同时本合同对该被保险人的保险责任终止。\r\n在给付意外身故保险金前，如该被保险人已领取过意外残疾保险金，本公司将从给付的意外身故保险金中扣除已给付的意外残疾保险金','1'),(6300802,142,'9','意外残疾保险金','被保险人在合同有效期内遭受意外伤害事故，且自意外伤害事故发生之日起#意外伤害事故发生之日起#日内，因该意外事故导致身体残疾，本公司根据《人身保险伤残评定标准》的规定给付意外残疾保险金。被保险人仍需继续接受治疗的，本公司根据被保险人在第一百八十日时的身体状况及本公司指定或认可的鉴定机构对被保险人的鉴定结果，依据《人身保险伤残评定标准》的规定给付意外残疾保险金。\r\n当被保险人因同一意外伤害事故造成两处或两处以上伤残时，本公司首先对各处伤残程度分别进行评定，如果几处伤残等级不同，以最重的伤残等级作为最终的评定结论；如果两处或两处以上伤残等级相同，伤残等级在原评定基础上晋升一级，最高晋升至第一级。\r\n当被保险人因不同意外伤害事故而导致的不同伤残项目，发生在同一身体结构或身体功能时，本公司仅给付其中较高一项的意外伤残保险金；如果后次伤残程度较高，本公司将在后次给付的意外伤残保险金中扣除前次已给付的意外伤残保险金；如果前次伤残程度较高，则本公司不再给付后次的意外伤残保险金。本公司对同一被保险人所负的残疾保险金给付责任最高以本合同约定的保险金额为限，若本公司累计给付的意外残疾保险金达到保险金额时，本合同对该被保险人的保险责任终止。','1'),(6300803,142,'8','急性病身故','被保险人在合同有效期内因突发疾病，并自发作之日起#事故日起有效期天数#日内导致身故，本公司按合同约定的保险金额给付疾病身故保险金#疾病身故保险金#，同时本合同对该被保险人的保险责任终止。','1'),(6300804,142,'0','意外医疗费用','\"被保险人在合同有效期内因遭受意外伤害事故在本公司指定或认可的医疗机构治疗，或在就近医院抢救（被保险人病情稳定后须转入本公司指定或认可的医疗机构<详见释义>治疗），本公司对被保险人自意外伤害事故发生之日起#意外伤害事故发生之日起#日内所支出的合理医疗费用，在扣除#免赔额#元以后按#给付比例#给付意外医疗保险金#意外医疗保险金#。\r\n被保险人不论一次或多次发生意外伤害保险事故并接受治疗，本公司给付的意外医疗保险金累计不超过本合同约定的保险金额。\r\n若因意外伤害所致医疗费用可从其它福利计划或医疗保险计划取得部分或全部补偿，本公司仅负责补偿剩余部分，并以保险金额为限。\r\n被保险人不论一次或多次发生意外伤害保险事故并接受治疗，本公司给付的意外医疗保险金累计不超过本合同约定的保险金额。\r\n若因意外伤害所致医疗费用可从其它福利计划或医疗保险计划取得部分或全部补偿，本公司仅负责补偿剩余部分，并以保险金额为限。','1'),(6300901,143,'8','意外伤害身故','在保险期间内被保险人遭受意外伤害，并自#意外伤害发生之日起#日内因该意外伤害身故的，保险人按保险金额给付#身故保险金#，对该被保险人的保险责任终止。被保险人因遭受意外伤害且自该意外伤害发生日起下落不明，后经人民法院宣告死亡的，保险人按保险金额给付身故保险金。但若被保险人被宣告死亡后生还的，保险金受领人应于知道或应当知道被保险人生还后30日内退还保险人给付的#身故保险金#。被保险人身故前保险人已给付 2.1.2 约定的的，身故保险金应扣除已给付的保险金。   ','1'),(6300902,143,'9','意外伤害残疾保险金','在保险期间内被保险人遭受意外伤害，并自该#意外伤害发生之日起#日内因该意外伤害造成本保险合同所附《人身保险伤残评定标准》（释义见 8.6）（简称《评 定标准》）所列伤残程度之一的，保险人按《评定标准》所对应伤残等级的给付比例乘以保险金额给付#残疾保险金#。如第180日治疗仍未结束的，按当日的身体情况进行伤残评定，并据此给付#残疾保险金#。（1）被保险人因同一意外伤害造成两处或两处以上伤残时，保险人根据《评定标准》规定的多处伤残评定原则给付#残疾保险金#。（2）被保险人如在本次意外伤害之前已有残疾，保险人按合并后的残疾程度在《评定标准》所对应伤残等级的给付比例扣除原有残疾程度在《评定标准》中所对应伤残等级的给付比例，给付残疾保险金。 ','1'),(6300903,143,'0','医疗费用补偿','在保险期间内，如任何被保险人在境内旅行期间遭受意外伤害，并自该#意外伤害发生之日起#天内（含90天）在医疗机构（释义见 4.1） 进行治疗，对于在上述天内发生的必要且合理的医疗费用（释义见 4.2），保险人在扣除免赔额#免赔额#元后，按照赔付比例#赔付比例#给付#医疗保险金#。被保险人通过任何途径所获得的医疗费用补偿金额总和以其实际支出的医疗费用金额为限。被保险人已经从社会基本医疗保险或任何第三方（包括任何商业医疗保险）获得相关医疗费用补偿的，保险人仅对扣除已获得补偿后的剩余医疗费用，按照合同约定承担给付保险金责任。 ','1'),(6300904,143,'7','紧急医疗运送和运返费用补偿','在保险期间内，被保险人在境内旅行期间遭遇意外伤害或罹患疾病, 经保险人委托的救援机构（以下简称“救援机构”）从医疗角度认定为有运送必要的，则将该被保险人运送至当地或其他就近地区符合治疗条件的医院；经救援机构从医疗角度认定为有运返必要，则将该被保险人运返至其合法有效证件所载的住所地。救援机构根据该被保险人身体状况或治疗需要，并参考医生（释义 见 3.1）建议，有权决定运送和运返手段和目的地。运送和运返手段包 括配备专业医生、护士（释义见 3.2）和必要的运输工具。运输工具可 能包括空中救护机、救护车、普通民航班机、火车或其他适合的运输工具。运送和运返费用包括救援机构安排的运输、运输途中医疗护理及医疗设备和用品之费用。运送和运返所需的费用经保险人核实确认后直接支付给救援机构，费用总数最高以保险单上所载的本附加险合同项下该被保险人相应的保险金额#紧急医疗运送和运反费用补偿金#元为限。倘若实际费用超越该保险金额，则超出部分的费用由被保险人负责支付。任何未经救援机构批准并安排的费用，保险人不负责给付；倘若在 紧急医疗情况下，该被保险人由于不可抗力原因无法通知救援机构，保险人将有权根据投保人所选择的保险计划，以及在相同情况下由救援机构提供或安排服务所需要的合理的费用进行给付。','1'),(6300905,143,'7','慰问探访交通费用补偿、津贴给付','在保险期间内，若被保险人在境内旅行期间身故，或者因遭受严重意外伤害或罹患严重疾病（释义见 4.1）需在医疗机构（释义见 4.2）住 院（释义见 4.3）治疗且连续住院十天以上，保险人按本附加险合同的约定给付保险金。保险人对同一事故补偿一张往返于该被保险人所在地与探访者所在地之间的经济舱位机票或船票或车票的票款，用于该被保险人的一名成年亲属（释义见 4.4）前往被保险人所在地，进行探访或照顾该被保险人。保险人将依据保险单所载本附加险合同项下相应金额按日支付每日膳食住宿津贴#每日膳食住宿津贴#，支付天数为该成年亲属到达被保险人所在地之日起至其离开之日止的实际天数，但#最高给付天数#以天为限。 ','1'),(6300906,143,'7','遗体送返保险金、丧葬保险金','在保险期间内，被保险人在境内旅行期间遭受意外伤害或罹患疾病，并以此为直接且单独原因导致被保险人于#事故日后身故天数#天（含天）身故，保险人按本附加险合同的约定给付保险金，两项保险金的给付总额以保险单上所载的本附加险合同项下的保险金额#遗体送返保险金、丧葬保险金#为限。经保险人委托的救援机构（以下简称救援机构），在遵守当地法律法 规和符合当地实际情况的前提条件下，将该被保险人之遗体或骨灰运返至被保险人的合法有效证件所载的住所地。遗体运返服务所需费用包括尸体防腐、保存、火化、运输及骨灰盒 等材料和服务费用，经保险人核实确认后直接支付给救援机构。 保险人按实际支出的被保险人之丧葬费用给付丧葬保险金，受益人为身故保险金受益人。丧葬保险金限额以保险单上所载本附加险合同项下的相应数额为准。   ','1'),(24480128914423849,127,'98','缴费',NULL,'7'),(24480128914423850,129,'98','缴费',NULL,'7'),(24480128914423851,129,'98','缴费',NULL,'7'),(24480128914423852,130,'98','缴费',NULL,'7'),(24480128914423856,132,'98','缴费',NULL,'7'),(24480128914423857,133,'98','缴费',NULL,'7'),(24480128914423858,134,'98','缴费',NULL,'7'),(24480128914423859,134,'98','缴费',NULL,'7'),(24480128914423860,135,'98','缴费',NULL,'7'),(24480128914423861,136,'98','缴费',NULL,'7'),(24480128914423865,126,'98','缴费',NULL,'7'),(24480128914423867,131,'98','缴费',NULL,'7'),(24480128914423870,137,'98','缴费',NULL,'7'),(24480128914423871,138,'98','缴费',NULL,'7'),(24480128914423872,139,'98','缴费',NULL,'7'),(24480128914423873,140,'98','缴费',NULL,'7'),(24480128914423874,141,'98','缴费',NULL,'7'),(24480128914423875,141,'98','缴费',NULL,'7'),(24480128914423876,141,'98','缴费',NULL,'7'),(24480128914423877,142,'98','缴费',NULL,'7'),(24548591112552448,143,'98','缴费',NULL,'7'),(24548591112552449,136,'98','缴费',NULL,'7');
/*!40000 ALTER TABLE `t_liability` ENABLE KEYS */;
UNLOCK TABLES;

--
-- Table structure for table `t_life_scene`
--

DROP TABLE IF EXISTS `t_life_scene`;
/*!40101 SET @saved_cs_client     = @@character_set_client */;
/*!40101 SET character_set_client = utf8 */;
CREATE TABLE `t_life_scene` (
  `SCENE_ID` bigint(20) NOT NULL,
  PRIMARY KEY (`SCENE_ID`),
  CONSTRAINT `fk_life_scene__scene_id` FOREIGN KEY (`SCENE_ID`) REFERENCES `t_scene` (`SCENE_ID`)
) ENGINE=InnoDB DEFAULT CHARSET=utf8 COLLATE=utf8_bin;
/*!40101 SET character_set_client = @saved_cs_client */;

--
-- Dumping data for table `t_life_scene`
--

LOCK TABLES `t_life_scene` WRITE;
/*!40000 ALTER TABLE `t_life_scene` DISABLE KEYS */;
/*!40000 ALTER TABLE `t_life_scene` ENABLE KEYS */;
UNLOCK TABLES;

--
-- Table structure for table `t_life_scene_risk`
--

DROP TABLE IF EXISTS `t_life_scene_risk`;
/*!40101 SET @saved_cs_client     = @@character_set_client */;
/*!40101 SET character_set_client = utf8 */;
CREATE TABLE `t_life_scene_risk` (
  `LIFE_SCENE_ID` bigint(20) DEFAULT NULL,
  `RISK_ID` bigint(20) DEFAULT NULL,
  `SCENE_ID` bigint(20) DEFAULT NULL,
  KEY `fk_LIFE_SCENE_RISK__risk_id` (`RISK_ID`),
  KEY `fk_LIFE_SCENE_RISK__scene_id` (`SCENE_ID`),
  CONSTRAINT `fk_LIFE_SCENE_RISK__risk_id` FOREIGN KEY (`RISK_ID`) REFERENCES `t_risk` (`RISK_ID`),
  CONSTRAINT `fk_LIFE_SCENE_RISK__scene_id` FOREIGN KEY (`SCENE_ID`) REFERENCES `t_life_scene` (`SCENE_ID`)
) ENGINE=InnoDB DEFAULT CHARSET=utf8 COLLATE=utf8_bin;
/*!40101 SET character_set_client = @saved_cs_client */;

--
-- Dumping data for table `t_life_scene_risk`
--

LOCK TABLES `t_life_scene_risk` WRITE;
/*!40000 ALTER TABLE `t_life_scene_risk` DISABLE KEYS */;
/*!40000 ALTER TABLE `t_life_scene_risk` ENABLE KEYS */;
UNLOCK TABLES;

--
-- Table structure for table `t_mbrc_interest_money`
--

DROP TABLE IF EXISTS `t_mbrc_interest_money`;
/*!40101 SET @saved_cs_client     = @@character_set_client */;
/*!40101 SET character_set_client = utf8 */;
CREATE TABLE `t_mbrc_interest_money` (
  `INTEREST_MONEY_ID` bigint(20) NOT NULL AUTO_INCREMENT COMMENT '权益现金ID',
  `INTEREST_TYPE` varchar(10) NOT NULL COMMENT '权益类型（D_MBR_INTEREST_TYPE）',
  `CONV_AMOUNT` decimal(3,2) NOT NULL COMMENT '单位权益折算到的固定金额（如：0.01代表1权益值=0.01元）',
  PRIMARY KEY (`INTEREST_MONEY_ID`)
) ENGINE=InnoDB DEFAULT CHARSET=utf8mb4 COMMENT='会员权益与现金折算表';
/*!40101 SET character_set_client = @saved_cs_client */;

--
-- Dumping data for table `t_mbrc_interest_money`
--

LOCK TABLES `t_mbrc_interest_money` WRITE;
/*!40000 ALTER TABLE `t_mbrc_interest_money` DISABLE KEYS */;
/*!40000 ALTER TABLE `t_mbrc_interest_money` ENABLE KEYS */;
UNLOCK TABLES;

--
-- Table structure for table `t_mcas_inner_api_registry`
--

DROP TABLE IF EXISTS `t_mcas_inner_api_registry`;
/*!40101 SET @saved_cs_client     = @@character_set_client */;
/*!40101 SET character_set_client = utf8 */;
CREATE TABLE `t_mcas_inner_api_registry` (
  `REGISTRY_ID` bigint(20) NOT NULL AUTO_INCREMENT,
  `SYSTEM_CODE` varchar(10) COLLATE utf8_bin NOT NULL COMMENT '所属系统\n            --D_SYSTEM',
  `API_TYPE` varchar(10) COLLATE utf8_bin NOT NULL COMMENT 'API类型\n            --0-编排API 1-系统提供  ',
  `API_CODE` varchar(50) COLLATE utf8_bin NOT NULL COMMENT 'API代码',
  `API_NAME` varchar(200) COLLATE utf8_bin NOT NULL COMMENT 'API名称',
  `API_URI` varchar(200) COLLATE utf8_bin NOT NULL COMMENT 'API资源路径',
  `API_DESC` varchar(4000) COLLATE utf8_bin DEFAULT NULL COMMENT 'API描述',
  PRIMARY KEY (`REGISTRY_ID`)
) ENGINE=InnoDB DEFAULT CHARSET=utf8 COLLATE=utf8_bin COMMENT='接口注册表';
/*!40101 SET character_set_client = @saved_cs_client */;

--
-- Dumping data for table `t_mcas_inner_api_registry`
--

LOCK TABLES `t_mcas_inner_api_registry` WRITE;
/*!40000 ALTER TABLE `t_mcas_inner_api_registry` DISABLE KEYS */;
/*!40000 ALTER TABLE `t_mcas_inner_api_registry` ENABLE KEYS */;
UNLOCK TABLES;

--
-- Table structure for table `t_mcas_open_api`
--

DROP TABLE IF EXISTS `t_mcas_open_api`;
/*!40101 SET @saved_cs_client     = @@character_set_client */;
/*!40101 SET character_set_client = utf8 */;
CREATE TABLE `t_mcas_open_api` (
  `API_ID` bigint(20) NOT NULL AUTO_INCREMENT,
  `REGISTRY_ID` bigint(20) NOT NULL COMMENT 'API注册ID',
  PRIMARY KEY (`API_ID`)
) ENGINE=InnoDB DEFAULT CHARSET=utf8 COLLATE=utf8_bin;
/*!40101 SET character_set_client = @saved_cs_client */;

--
-- Dumping data for table `t_mcas_open_api`
--

LOCK TABLES `t_mcas_open_api` WRITE;
/*!40000 ALTER TABLE `t_mcas_open_api` DISABLE KEYS */;
/*!40000 ALTER TABLE `t_mcas_open_api` ENABLE KEYS */;
UNLOCK TABLES;

--
-- Table structure for table `t_mcas_open_service`
--

DROP TABLE IF EXISTS `t_mcas_open_service`;
/*!40101 SET @saved_cs_client     = @@character_set_client */;
/*!40101 SET character_set_client = utf8 */;
CREATE TABLE `t_mcas_open_service` (
  `SERVICE_ID` bigint(20) NOT NULL AUTO_INCREMENT,
  `REGISTRY_ID` bigint(20) NOT NULL COMMENT '服务API注册ID',
  `CHANNEL_ID` bigint(20) DEFAULT NULL COMMENT '销售渠道商ID',
  `MKT_PROD_ID` bigint(20) DEFAULT NULL COMMENT '营销产品ID',
  PRIMARY KEY (`SERVICE_ID`)
) ENGINE=InnoDB DEFAULT CHARSET=utf8 COLLATE=utf8_bin COMMENT='开放服务定义表';
/*!40101 SET character_set_client = @saved_cs_client */;

--
-- Dumping data for table `t_mcas_open_service`
--

LOCK TABLES `t_mcas_open_service` WRITE;
/*!40000 ALTER TABLE `t_mcas_open_service` DISABLE KEYS */;
/*!40000 ALTER TABLE `t_mcas_open_service` ENABLE KEYS */;
UNLOCK TABLES;

--
-- Table structure for table `t_mcas_service_api_cfg`
--

DROP TABLE IF EXISTS `t_mcas_service_api_cfg`;
/*!40101 SET @saved_cs_client     = @@character_set_client */;
/*!40101 SET character_set_client = utf8 */;
CREATE TABLE `t_mcas_service_api_cfg` (
  `CFG_ID` bigint(20) NOT NULL,
  `REGISTRY_ID` bigint(20) NOT NULL COMMENT 'API注册ID',
  `TEMPLATE_ID` bigint(20) NOT NULL,
  PRIMARY KEY (`CFG_ID`),
  KEY `FK_FK_SERVICE_API_CFG__REGISTRY_ID` (`REGISTRY_ID`),
  KEY `FK_Reference_3` (`TEMPLATE_ID`),
  CONSTRAINT `FK_Reference_3` FOREIGN KEY (`TEMPLATE_ID`) REFERENCES `t_mcas_service_api_template` (`TEMPLATE_ID`)
) ENGINE=InnoDB DEFAULT CHARSET=utf8 COLLATE=utf8_bin COMMENT='API编排服务配置';
/*!40101 SET character_set_client = @saved_cs_client */;

--
-- Dumping data for table `t_mcas_service_api_cfg`
--

LOCK TABLES `t_mcas_service_api_cfg` WRITE;
/*!40000 ALTER TABLE `t_mcas_service_api_cfg` DISABLE KEYS */;
/*!40000 ALTER TABLE `t_mcas_service_api_cfg` ENABLE KEYS */;
UNLOCK TABLES;

--
-- Table structure for table `t_mcas_service_api_template`
--

DROP TABLE IF EXISTS `t_mcas_service_api_template`;
/*!40101 SET @saved_cs_client     = @@character_set_client */;
/*!40101 SET character_set_client = utf8 */;
CREATE TABLE `t_mcas_service_api_template` (
  `TEMPLATE_ID` bigint(20) NOT NULL,
  `SERVICE_NAME` varchar(50) COLLATE utf8_bin DEFAULT NULL,
  `REGISTRY_ID` bigint(20) NOT NULL COMMENT 'API注册ID',
  `ORDER_ID` int(11) DEFAULT NULL COMMENT '排序',
  PRIMARY KEY (`TEMPLATE_ID`),
  KEY `FK_Reference_4` (`REGISTRY_ID`)
) ENGINE=InnoDB DEFAULT CHARSET=utf8 COLLATE=utf8_bin COMMENT='API编排服务配置';
/*!40101 SET character_set_client = @saved_cs_client */;

--
-- Dumping data for table `t_mcas_service_api_template`
--

LOCK TABLES `t_mcas_service_api_template` WRITE;
/*!40000 ALTER TABLE `t_mcas_service_api_template` DISABLE KEYS */;
/*!40000 ALTER TABLE `t_mcas_service_api_template` ENABLE KEYS */;
UNLOCK TABLES;

--
-- Table structure for table `t_mcas_srv_handler_mapping`
--

DROP TABLE IF EXISTS `t_mcas_srv_handler_mapping`;
/*!40101 SET @saved_cs_client     = @@character_set_client */;
/*!40101 SET character_set_client = utf8 */;
CREATE TABLE `t_mcas_srv_handler_mapping` (
  `SERVICE_ID` bigint(20) NOT NULL DEFAULT '0' COMMENT '开放服务ID',
  `HANDLER_TYPE` int(11) NOT NULL DEFAULT '0' COMMENT '处理程序类型',
  `CLASS_PATH` varchar(200) COLLATE utf8_bin DEFAULT NULL COMMENT '处理类路径',
  PRIMARY KEY (`SERVICE_ID`,`HANDLER_TYPE`)
) ENGINE=InnoDB DEFAULT CHARSET=utf8 COLLATE=utf8_bin COMMENT='渠道(安全／适配)处理类映射表';
/*!40101 SET character_set_client = @saved_cs_client */;

--
-- Dumping data for table `t_mcas_srv_handler_mapping`
--

LOCK TABLES `t_mcas_srv_handler_mapping` WRITE;
/*!40000 ALTER TABLE `t_mcas_srv_handler_mapping` DISABLE KEYS */;
/*!40000 ALTER TABLE `t_mcas_srv_handler_mapping` ENABLE KEYS */;
UNLOCK TABLES;

--
-- Table structure for table `t_menu_resource`
--

DROP TABLE IF EXISTS `t_menu_resource`;
/*!40101 SET @saved_cs_client     = @@character_set_client */;
/*!40101 SET character_set_client = utf8 */;
CREATE TABLE `t_menu_resource` (
  `resource_id` bigint(20) NOT NULL AUTO_INCREMENT,
  `MENU_NAME` varchar(100) COLLATE utf8_bin DEFAULT NULL,
  `ENTRY_URL` varchar(100) COLLATE utf8_bin DEFAULT NULL,
  `PARENT_ID` bigint(20) DEFAULT NULL,
  `LEAF` char(1) COLLATE utf8_bin DEFAULT NULL,
  `LIST_ORDER` decimal(3,0) NOT NULL DEFAULT '0',
  `INSERT_TIME` datetime NOT NULL DEFAULT CURRENT_TIMESTAMP,
  PRIMARY KEY (`resource_id`)
) ENGINE=InnoDB AUTO_INCREMENT=150 DEFAULT CHARSET=utf8 COLLATE=utf8_bin COMMENT='菜单权限资源';
/*!40101 SET character_set_client = @saved_cs_client */;

--
-- Dumping data for table `t_menu_resource`
--

LOCK TABLES `t_menu_resource` WRITE;
/*!40000 ALTER TABLE `t_menu_resource` DISABLE KEYS */;
INSERT INTO `t_menu_resource` VALUES (0,'菜单列表','/',NULL,'Y',1,'2015-08-26 16:50:34'),(1,'首页','dashboard.html',0,'Y',1,'2015-08-26 16:50:34'),(2,'产品定义','views/product/product_main.html',0,'Y',1,'2015-08-26 16:50:34'),(3,'租户管理','views/organ/organMain.html',0,'Y',2,'2015-08-26 16:50:34'),(6,'系统管理','/security/menuResource',0,'Y',99,'2015-08-26 16:50:34'),(7,'产品录入','views/product/product_main.html',2,'Y',3,'2015-08-26 16:50:34'),(10,'角色管理','views/security/roleMain.html',6,'Y',2,'2015-08-26 16:50:34'),(11,'密码修改','views/password/changepassword.html',6,'Y',1,'2015-09-07 12:32:11'),(13,'菜单管理','views/security/menuResource.html',6,'Y',5,'2015-09-07 12:33:16'),(14,'公式定义','',0,'N',1,'2015-11-30 09:40:12'),(15,'规则模板定义','views/rule/rule_main.html',2,'Y',3,'2015-11-30 09:44:19'),(16,'主题管理','views/topic/topic_main.html',14,'Y',2,'2015-12-01 09:04:13'),(17,'公式管理','views/formula/formula_main.html',14,'Y',3,'2015-12-01 09:04:13'),(19,'计算因子管理','views/factor/factor_main.html',14,'Y',4,'2015-12-02 09:55:27'),(21,'企业开户','views/organ/organ_main.html',3,'Y',1,'2015-12-29 13:32:35'),(22,'机构信息维护','views/organ/organ_manager.html',3,'Y',2,'2015-12-29 13:37:09'),(23,'雇员管理','views/employee/employee_main.html',3,'Y',4,'2016-01-07 09:39:40'),(24,'部门管理','views/dept/dept_main.html',3,'Y',3,'2016-01-07 10:36:41'),(28,'用户权限管理','views/userrole/user_role_main.html',6,'Y',3,'2016-01-08 09:34:28'),(32,'投保单录入','views/newbiz/proposal_main.html',30,'Y',0,'2016-01-12 16:26:50'),(34,'字典表管理','views/dictionary/dictionary_main.html',6,'Y',6,'2016-01-21 12:05:09'),(35,'收付费','/bcp-base/bcp_main.html',0,'Y',5,'2016-02-15 18:11:21'),(48,'租户账户配置','views/bcp/tenant_account/tenant_account_main.html',35,'Y',6,'2016-02-16 10:28:32'),(51,'业务费用科目配置','views/bcp/accounting/accounting_rule_main.html',35,'Y',9,'2016-02-16 10:35:21'),(54,'营销产品','views/prodgroup/prodgroup_main.html',0,'Y',6,'2016-02-16 15:54:01'),(55,'产品组合定制','views/mkt/prodgroup/prodgroup_main.html',54,'Y',1,'2016-02-16 15:54:33'),(56,'渠道接入','views/mcas/system_api_main.html',0,'Y',7,'2016-02-19 16:43:09'),(57,'服务接口注册','views/mcas/system_api_main.html',56,'Y',1,'2016-02-19 16:44:05'),(58,'批处理管理','',0,'N',8,'2016-02-19 16:46:13'),(59,'批处理定义','views/batch/batch_main.html',58,'Y',1,'2016-02-19 16:46:35'),(61,'工作流文件上载','views/process/process_main.html',60,'Y',0,'2016-02-23 10:06:13'),(63,'批处理监控','views/batch/task_main.html',58,'Y',2,'2016-02-23 17:51:19'),(64,'单证管理','',0,'N',10,'2016-02-25 10:53:38'),(65,'单证定义','views/doc/billcard_main.html',64,'Y',1,'2016-02-25 10:53:38'),(66,'单证导入','views/doc/billcard_import.html',64,'Y',2,'2016-02-25 10:53:38'),(67,'交易服务配置','views/mcas/chl_mkt_biz_cfg.html',56,'Y',2,'2016-02-26 10:38:31'),(68,'系统参数定义','views/registry/registry_main.html',6,'Y',7,'2016-03-02 11:58:22'),(69,'费用类型维护','views/bcp/setting/feeType.html',35,'Y',12,'2016-03-02 15:24:40'),(70,'用户系统时间设置','views/system/systemTime.html',6,'Y',8,'2016-03-02 15:59:07'),(71,'CMS管理','',0,'N',11,'2016-03-02 17:06:41'),(72,'消息模板管理','views/cms/sms_main.html',71,'Y',1,'2016-03-02 17:07:33'),(73,'营销产品定制','views/mkt/mktproduct/mktprod_main.html',54,'Y',1,'2016-03-04 11:25:19'),(74,'打印演示','views/system/print.html',6,'Y',9,'2016-03-08 14:52:11'),(75,'渠道管理','/views/mcas/trans_cfg_add.html',0,'Y',1,'2016-03-09 18:15:45'),(81,'渠道信息维护','views/mkt/channel/system_channel_main.html',75,'Y',5,'2016-03-09 19:13:27'),(85,'单证库存查询','views/doc/query/billcard_stock_main.html',64,'Y',3,'2016-03-15 10:44:46'),(101,'打印模板维护','v',107,'Y',2,'2016-03-21 15:37:11'),(102,'打印模板管理','views/print/print_main.html',71,'Y',2,'2016-03-21 15:37:55'),(112,'电商管理系统','',0,'N',6,'2016-03-24 14:07:12'),(122,'营销产品个性化设定','views/mkt/mktprodindv/mktprodindv_main.html',105,'Y',3,'2016-03-30 11:32:58'),(124,'电商模板定义','views/web/model/model_main.html',112,'Y',3,'2016-04-13 09:36:41'),(125,'电商模板标签定义','views/web/label/label_main.html',112,'Y',4,'2016-04-13 09:36:57'),(126,'理赔','',0,'N',7,'2016-04-15 16:01:00'),(129,'付费审批流程','views/bcp/payapproval/payapproval.html',35,'Y',12,'2016-04-20 15:17:33'),(137,'理赔工作池','views/claim/searchpool/claim_workPool.html',126,'Y',2,'2016-04-27 18:54:56'),(139,'电商频道管理','views/web/category/category_index.html',112,'Y',1,'2016-05-06 11:15:43'),(140,'商品定义','views/web/product/product_main.html',112,'Y',1,'2015-08-26 16:50:34'),(143,'问卷录入','views/paper/paper_main.html',142,'Y',1,'2016-05-23 11:36:12'),(144,'邮件模板管理','views/mail/mail_main.html',71,'Y',3,'2016-05-25 12:00:07'),(145,'日志查询','views/cms/sms_error_main.html',71,'Y',4,'2016-05-25 12:00:25'),(148,'cc','',147,'N',22,'2016-06-01 10:36:45'),(149,'vv','',147,'N',44,'2016-06-01 10:39:18');
/*!40000 ALTER TABLE `t_menu_resource` ENABLE KEYS */;
UNLOCK TABLES;

--
-- Table structure for table `t_mkt_act`
--

DROP TABLE IF EXISTS `t_mkt_act`;
/*!40101 SET @saved_cs_client     = @@character_set_client */;
/*!40101 SET character_set_client = utf8 */;
CREATE TABLE `t_mkt_act` (
  `MKT_ACT_ID` bigint(20) NOT NULL AUTO_INCREMENT COMMENT '营销子活动实例ID',
  `MKT_PROD_ID` bigint(20) NOT NULL COMMENT '营销产品ID（营销活动ID）',
  `ACT_CODE` varchar(10) COLLATE utf8_bin NOT NULL COMMENT '关联的子活动代码（D_MKT_ACT）',
  `COST_SOURCE_CODE` varchar(10) COLLATE utf8_bin DEFAULT NULL COMMENT '记录成本来源代码',
  `COMMISSION_CODE` varchar(10) COLLATE utf8_bin DEFAULT NULL COMMENT '佣金计算方式代码',
  `INCREASES_CODE` varchar(10) COLLATE utf8_bin DEFAULT NULL COMMENT '加费处理方式',
  `HESITATE_HANDLE_CODE` varchar(10) COLLATE utf8_bin DEFAULT NULL COMMENT '犹豫期撤件处理方式',
  `SUURENDER_HANDLE_CODE` varchar(10) COLLATE utf8_bin DEFAULT NULL COMMENT '退保处理方式',
  `IS_PUB_WELFARE` varchar(10) COLLATE utf8_bin NOT NULL COMMENT '是否公益活动',
  `CREATE_BY` bigint(20) NOT NULL COMMENT '创建人',
  `CREATE_TIME` datetime NOT NULL COMMENT '创建用户时间',
  `CREATE_TIMESTAMP` datetime NOT NULL DEFAULT CURRENT_TIMESTAMP COMMENT '创建系统时间',
  `UPDATE_BY` bigint(20) NOT NULL COMMENT '更新人',
  `UPDATE_TIME` datetime NOT NULL COMMENT '更新用户时间',
  `UPDATE_TIMESTAMP` datetime NOT NULL DEFAULT CURRENT_TIMESTAMP ON UPDATE CURRENT_TIMESTAMP COMMENT '更新系统时间',
  `START_DATE` date DEFAULT NULL COMMENT '子活动开始日期',
  PRIMARY KEY (`MKT_ACT_ID`),
  KEY `FK_MKT_ACT__MKT_PROD_ID` (`MKT_PROD_ID`),
  CONSTRAINT `FK_MKT_ACT__MKT_PROD_ID` FOREIGN KEY (`MKT_PROD_ID`) REFERENCES `t_mkt_product` (`MKT_PROD_ID`)
) ENGINE=InnoDB AUTO_INCREMENT=54 DEFAULT CHARSET=utf8 COLLATE=utf8_bin COMMENT='营销子活动实例表';
/*!40101 SET character_set_client = @saved_cs_client */;

--
-- Dumping data for table `t_mkt_act`
--

LOCK TABLES `t_mkt_act` WRITE;
/*!40000 ALTER TABLE `t_mkt_act` DISABLE KEYS */;
INSERT INTO `t_mkt_act` VALUES (25,19,'HD001',NULL,NULL,NULL,NULL,NULL,'0',400,'2016-05-16 09:48:34','2016-05-16 09:48:14',400,'2016-05-16 10:52:22','2016-05-16 10:52:02',NULL),(38,20,'HD002',NULL,NULL,NULL,NULL,NULL,'0',400,'2016-05-24 17:37:01','2016-05-24 17:36:51',400,'2016-05-24 19:23:42','2016-05-24 19:23:32',NULL),(51,25,'HD001',NULL,NULL,NULL,NULL,NULL,'0',400,'2016-05-25 20:01:54','2016-05-25 20:01:45',400,'2016-05-25 20:01:54','2016-05-25 20:01:45',NULL),(52,28,'HD001',NULL,NULL,NULL,NULL,NULL,'1',400,'2016-05-31 16:32:42','2016-05-31 16:33:47',400,'2016-05-31 16:33:20','2016-05-31 16:34:25',NULL),(53,29,'HD001',NULL,NULL,NULL,NULL,NULL,'1',400,'2016-06-01 14:55:01','2016-06-01 14:56:08',400,'2016-06-01 14:55:54','2016-06-01 14:57:01',NULL);
/*!40000 ALTER TABLE `t_mkt_act` ENABLE KEYS */;
UNLOCK TABLES;

--
-- Table structure for table `t_mkt_act_element`
--

DROP TABLE IF EXISTS `t_mkt_act_element`;
/*!40101 SET @saved_cs_client     = @@character_set_client */;
/*!40101 SET character_set_client = utf8 */;
CREATE TABLE `t_mkt_act_element` (
  `MKT_ELEMENT_ID` bigint(20) NOT NULL AUTO_INCREMENT COMMENT '营销子活动要素ID',
  `ELEMENT_CODE` varchar(10) COLLATE utf8_bin NOT NULL COMMENT '包含的要素代码',
  `MKT_ACT_ID` bigint(20) NOT NULL COMMENT '营销子活动实例ID',
  `ELEMENT_VALUE_CODE` varchar(100) COLLATE utf8_bin DEFAULT NULL COMMENT '关联的要素值代码，比如：产品代码',
  `ELEMENT_VALUE` varchar(100) COLLATE utf8_bin NOT NULL COMMENT '对应的具体要素值',
  `IS_FORMULA` varchar(10) COLLATE utf8_bin NOT NULL COMMENT '输出要素是否需要公式计算（D_YES_NO）',
  `FORMULA_ID` varchar(21) COLLATE utf8_bin DEFAULT NULL COMMENT '如果要公式计算，对应相应的计算公式ID',
  `LINE_NO` varchar(3) COLLATE utf8_bin NOT NULL COMMENT '记录要素所属行数',
  `ELEMENT_FLAG` varchar(10) COLLATE utf8_bin NOT NULL COMMENT '要素标识  IN.输入要素   OUT.输入要素',
  `CREATE_BY` bigint(20) NOT NULL COMMENT '创建人',
  `CREATE_TIME` datetime NOT NULL COMMENT '创建用户时间',
  `CREATE_TIMESTAMP` datetime NOT NULL DEFAULT CURRENT_TIMESTAMP COMMENT '创建系统时间',
  `UPDATE_BY` bigint(20) NOT NULL COMMENT '更新人',
  `UPDATE_TIME` datetime NOT NULL COMMENT '更新用户时间',
  `UPDATE_TIMESTAMP` datetime NOT NULL DEFAULT CURRENT_TIMESTAMP ON UPDATE CURRENT_TIMESTAMP COMMENT '更新系统时间',
  PRIMARY KEY (`MKT_ELEMENT_ID`),
  KEY `FK_MKT_ACT_ELEMENT__MKT_ACT_ID` (`MKT_ACT_ID`),
  CONSTRAINT `FK_MKT_ACT_ELEMENT__MKT_ACT_ID` FOREIGN KEY (`MKT_ACT_ID`) REFERENCES `t_mkt_act` (`MKT_ACT_ID`)
) ENGINE=InnoDB AUTO_INCREMENT=169 DEFAULT CHARSET=utf8 COLLATE=utf8_bin COMMENT='营销子活动要素信息表';
/*!40101 SET character_set_client = @saved_cs_client */;

--
-- Dumping data for table `t_mkt_act_element`
--

LOCK TABLES `t_mkt_act_element` WRITE;
/*!40000 ALTER TABLE `t_mkt_act_element` DISABLE KEYS */;
INSERT INTO `t_mkt_act_element` VALUES (137,'IN003',25,NULL,'100','0',NULL,'1','IN',400,'2016-05-16 10:52:22','2016-05-16 10:52:02',400,'2016-05-16 10:52:22','2016-05-16 10:52:02'),(138,'OUT01',25,NULL,'142','0',NULL,'1','OUT',400,'2016-05-16 10:52:22','2016-05-16 10:52:02',400,'2016-05-16 10:52:22','2016-05-16 10:52:02'),(139,'OUT13',25,NULL,'','0',NULL,'1','OUT',400,'2016-05-16 10:52:22','2016-05-16 10:52:02',400,'2016-05-16 10:52:22','2016-05-16 10:52:02'),(140,'OUT14',25,NULL,'1','0',NULL,'1','OUT',400,'2016-05-16 10:52:22','2016-05-16 10:52:02',400,'2016-05-16 10:52:22','2016-05-16 10:52:02'),(141,'OUT15',25,NULL,'','0',NULL,'1','OUT',400,'2016-05-16 10:52:22','2016-05-16 10:52:02',400,'2016-05-16 10:52:22','2016-05-16 10:52:02'),(160,'OUT02',53,NULL,'140','0',NULL,'1','OUT',400,'2016-06-01 14:55:54','2016-06-01 14:57:01',400,'2016-06-01 14:55:54','2016-06-01 14:57:01'),(161,'OUT03',53,NULL,'33','0',NULL,'1','OUT',400,'2016-06-01 14:55:54','2016-06-01 14:57:01',400,'2016-06-01 14:55:54','2016-06-01 14:57:01'),(162,'OUT04',53,NULL,'5','0',NULL,'1','OUT',400,'2016-06-01 14:55:54','2016-06-01 14:57:01',400,'2016-06-01 14:55:54','2016-06-01 14:57:01'),(163,'OUT05',53,NULL,'67','0',NULL,'1','OUT',400,'2016-06-01 14:55:54','2016-06-01 14:57:01',400,'2016-06-01 14:55:54','2016-06-01 14:57:01'),(164,'OUT06',53,NULL,'12','0',NULL,'1','OUT',400,'2016-06-01 14:55:54','2016-06-01 14:57:01',400,'2016-06-01 14:55:54','2016-06-01 14:57:01'),(165,'OUT07',53,NULL,'2','0',NULL,'1','OUT',400,'2016-06-01 14:55:54','2016-06-01 14:57:01',400,'2016-06-01 14:55:54','2016-06-01 14:57:01'),(166,'OUT08',53,NULL,'3','0',NULL,'1','OUT',400,'2016-06-01 14:55:54','2016-06-01 14:57:01',400,'2016-06-01 14:55:54','2016-06-01 14:57:01'),(167,'OUT09',53,NULL,'3','0',NULL,'1','OUT',400,'2016-06-01 14:55:54','2016-06-01 14:57:01',400,'2016-06-01 14:55:54','2016-06-01 14:57:01'),(168,'OUT10',53,NULL,'4','0',NULL,'1','OUT',400,'2016-06-01 14:55:54','2016-06-01 14:57:01',400,'2016-06-01 14:55:54','2016-06-01 14:57:01');
/*!40000 ALTER TABLE `t_mkt_act_element` ENABLE KEYS */;
UNLOCK TABLES;

--
-- Table structure for table `t_mkt_act_out_ele`
--

DROP TABLE IF EXISTS `t_mkt_act_out_ele`;
/*!40101 SET @saved_cs_client     = @@character_set_client */;
/*!40101 SET character_set_client = utf8 */;
CREATE TABLE `t_mkt_act_out_ele` (
  `LIST_ID` bigint(20) NOT NULL AUTO_INCREMENT COMMENT '记录ID',
  `ACT_CODE` varchar(10) NOT NULL COMMENT '营销子活动（D_MKT_ACT）',
  `ELEMENT_CODE` varchar(10) NOT NULL COMMENT '输出要素（D_MKT_ACT_ELEMENT）',
  PRIMARY KEY (`LIST_ID`)
) ENGINE=InnoDB AUTO_INCREMENT=11 DEFAULT CHARSET=utf8mb4 COMMENT='营销子活动输出要素配置表';
/*!40101 SET character_set_client = @saved_cs_client */;

--
-- Dumping data for table `t_mkt_act_out_ele`
--

LOCK TABLES `t_mkt_act_out_ele` WRITE;
/*!40000 ALTER TABLE `t_mkt_act_out_ele` DISABLE KEYS */;
INSERT INTO `t_mkt_act_out_ele` VALUES (1,'HD001','OUT02'),(2,'HD001','OUT03'),(3,'HD001','OUT04'),(4,'HD001','OUT05'),(5,'HD002','OUT01'),(6,'HD001','OUT06'),(7,'HD001','OUT07'),(8,'HD001','OUT08'),(9,'HD001','OUT09'),(10,'HD001','OUT10');
/*!40000 ALTER TABLE `t_mkt_act_out_ele` ENABLE KEYS */;
UNLOCK TABLES;

--
-- Table structure for table `t_mkt_auth`
--

DROP TABLE IF EXISTS `t_mkt_auth`;
/*!40101 SET @saved_cs_client     = @@character_set_client */;
/*!40101 SET character_set_client = utf8 */;
CREATE TABLE `t_mkt_auth` (
  `LIST_ID` bigint(20) NOT NULL AUTO_INCREMENT COMMENT '销售授权ID',
  `AGREEMENT_ID` bigint(20) NOT NULL COMMENT '协议ID',
  `MKT_PROD_ID` bigint(20) NOT NULL COMMENT '营销产品ID',
  `START_DATE` date NOT NULL COMMENT '起售日期',
  `END_DATE` date NOT NULL COMMENT '停售日期',
  `LIMIT_TYPE` varchar(10) DEFAULT NULL COMMENT 'D_MKT_PROD_LIMIT_TYPE',
  `LIMIT_VALUE` bigint(20) DEFAULT NULL COMMENT '规模限制额',
  `CREATE_BY` bigint(20) NOT NULL COMMENT '创建人',
  `CREATE_TIME` datetime NOT NULL COMMENT '创建用户时间',
  `CREATE_TIMESTAMP` datetime NOT NULL DEFAULT CURRENT_TIMESTAMP COMMENT '创建系统时间',
  `UPDATE_BY` bigint(20) NOT NULL COMMENT '更新人',
  `UPDATE_TIME` datetime NOT NULL COMMENT '更新用户时间',
  `UPDATE_TIMESTAMP` datetime NOT NULL DEFAULT CURRENT_TIMESTAMP ON UPDATE CURRENT_TIMESTAMP COMMENT '更新系统时间',
  PRIMARY KEY (`LIST_ID`),
  KEY `FK_MKT_AUTH__AGREEMENT_ID` (`AGREEMENT_ID`),
  KEY `FK_MKT_AUTH__MKT_PROD_ID` (`MKT_PROD_ID`),
  CONSTRAINT `FK_MKT_AUTH__AGREEMENT_ID` FOREIGN KEY (`AGREEMENT_ID`) REFERENCES `t_channel_agreement` (`AGREEMENT_ID`),
  CONSTRAINT `FK_MKT_AUTH__MKT_PROD_ID` FOREIGN KEY (`MKT_PROD_ID`) REFERENCES `t_mkt_product` (`MKT_PROD_ID`)
) ENGINE=InnoDB DEFAULT CHARSET=utf8mb4 COMMENT='营销产品授权表';
/*!40101 SET character_set_client = @saved_cs_client */;

--
-- Dumping data for table `t_mkt_auth`
--

LOCK TABLES `t_mkt_auth` WRITE;
/*!40000 ALTER TABLE `t_mkt_auth` DISABLE KEYS */;
/*!40000 ALTER TABLE `t_mkt_auth` ENABLE KEYS */;
UNLOCK TABLES;

--
-- Table structure for table `t_mkt_disp_conf_item`
--

DROP TABLE IF EXISTS `t_mkt_disp_conf_item`;
/*!40101 SET @saved_cs_client     = @@character_set_client */;
/*!40101 SET character_set_client = utf8 */;
CREATE TABLE `t_mkt_disp_conf_item` (
  `LIST_ID` bigint(20) NOT NULL AUTO_INCREMENT COMMENT '记录ID',
  `ITEM_CODE` varchar(10) COLLATE utf8_bin DEFAULT NULL COMMENT '配置项代码（D_DISP_CONF_ITEM）',
  `TOPIC_CODE` varchar(20) COLLATE utf8_bin DEFAULT NULL COMMENT '匹配的计算因子所属主题代码',
  `FACTOR_NAME` varchar(200) COLLATE utf8_bin DEFAULT NULL COMMENT '匹配的计算因子名（适用于从费率表推导配置项可选项数据的情况，TOPIC_CODE+FACTOR_NAME业务唯一）',
  `DDL_KEY_TEXT` varchar(100) COLLATE utf8_bin DEFAULT NULL COMMENT '匹配的DDL关键字文本（适用于从公式体、规则体中推导配置项可选项数据的情况）',
  PRIMARY KEY (`LIST_ID`),
  KEY `FK_MKT_DISP_CONF_ITEM__TOPIC_C` (`TOPIC_CODE`),
  CONSTRAINT `FK_MKT_DISP_CONF_ITEM__TOPIC_C` FOREIGN KEY (`TOPIC_CODE`) REFERENCES `t_conf_topic` (`TOPIC_CODE`)
) ENGINE=InnoDB DEFAULT CHARSET=utf8 COLLATE=utf8_bin COMMENT='营销产品展示配置项定义表';
/*!40101 SET character_set_client = @saved_cs_client */;

--
-- Dumping data for table `t_mkt_disp_conf_item`
--

LOCK TABLES `t_mkt_disp_conf_item` WRITE;
/*!40000 ALTER TABLE `t_mkt_disp_conf_item` DISABLE KEYS */;
/*!40000 ALTER TABLE `t_mkt_disp_conf_item` ENABLE KEYS */;
UNLOCK TABLES;

--
-- Table structure for table `t_mkt_liab_clause_param`
--

DROP TABLE IF EXISTS `t_mkt_liab_clause_param`;
/*!40101 SET @saved_cs_client     = @@character_set_client */;
/*!40101 SET character_set_client = utf8 */;
CREATE TABLE `t_mkt_liab_clause_param` (
  `LIST_ID` bigint(20) NOT NULL AUTO_INCREMENT COMMENT '记录ID',
  `MKT_PROD_ID` bigint(20) NOT NULL COMMENT '营销产品ID',
  `GROUP_ID` bigint(20) NOT NULL COMMENT '产品组合ID',
  `PRODUCT_ID` bigint(20) NOT NULL COMMENT '产品ID',
  `LIAB_ID` bigint(20) NOT NULL COMMENT '责任ID',
  `PARAM_ID` bigint(20) NOT NULL COMMENT '参数ID',
  `DEFAULT_VALUE` varchar(40) COLLATE utf8_bin NOT NULL COMMENT '参数值',
  `CREATE_BY` bigint(20) NOT NULL COMMENT '创建人',
  `CREATE_TIME` datetime NOT NULL COMMENT '创建用户时间',
  `CREATE_TIMESTAMP` datetime NOT NULL DEFAULT CURRENT_TIMESTAMP COMMENT '创建系统时间',
  `UPDATE_BY` bigint(20) NOT NULL COMMENT '更新人',
  `UPDATE_TIME` datetime NOT NULL COMMENT '更新用户时间',
  `UPDATE_TIMESTAMP` datetime NOT NULL DEFAULT CURRENT_TIMESTAMP ON UPDATE CURRENT_TIMESTAMP COMMENT '更新系统时间',
  PRIMARY KEY (`LIST_ID`),
  KEY `FK_MKT_LIAB_CLAUSE_PARAM__MKT_` (`MKT_PROD_ID`),
  KEY `FK_MKT_LIAB_CLAUSE_PARAM__GROU` (`GROUP_ID`),
  KEY `FK_MKT_LIAB_CLAUSE_PARAM__PROD` (`PRODUCT_ID`),
  KEY `FK_MKT_LIAB_CLAUSE_PARAM__LIAB` (`LIAB_ID`),
  KEY `FK_MKT_LIAB_CLAUSE_PARAM__PARA` (`PARAM_ID`),
  CONSTRAINT `FK_MKT_LIAB_CLAUSE_PARAM__GROU` FOREIGN KEY (`GROUP_ID`) REFERENCES `t_prod_group` (`GROUP_ID`),
  CONSTRAINT `FK_MKT_LIAB_CLAUSE_PARAM__LIAB` FOREIGN KEY (`LIAB_ID`) REFERENCES `t_liability` (`LIAB_ID`),
  CONSTRAINT `FK_MKT_LIAB_CLAUSE_PARAM__MKT_` FOREIGN KEY (`MKT_PROD_ID`) REFERENCES `t_mkt_product` (`MKT_PROD_ID`),
  CONSTRAINT `FK_MKT_LIAB_CLAUSE_PARAM__PARA` FOREIGN KEY (`PARAM_ID`) REFERENCES `t_liab_clause_param` (`PARAM_ID`),
  CONSTRAINT `FK_MKT_LIAB_CLAUSE_PARAM__PROD` FOREIGN KEY (`PRODUCT_ID`) REFERENCES `t_product` (`PRODUCT_ID`)
) ENGINE=InnoDB AUTO_INCREMENT=256 DEFAULT CHARSET=utf8 COLLATE=utf8_bin COMMENT='营销产品责任参数表';
/*!40101 SET character_set_client = @saved_cs_client */;

--
-- Dumping data for table `t_mkt_liab_clause_param`
--

LOCK TABLES `t_mkt_liab_clause_param` WRITE;
/*!40000 ALTER TABLE `t_mkt_liab_clause_param` DISABLE KEYS */;
INSERT INTO `t_mkt_liab_clause_param` VALUES (14,18,12,129,6100302,319,'180',400,'2016-05-11 10:40:11','2016-05-11 10:40:51',400,'2016-05-11 10:40:11','2016-05-11 10:40:51'),(71,22,16,138,6200702,689,'50',400,'2016-05-12 11:24:39','2016-05-12 11:25:20',400,'2016-05-12 11:24:39','2016-05-12 11:25:20'),(72,22,16,138,6200702,690,'90',400,'2016-05-12 11:24:39','2016-05-12 11:25:20',400,'2016-05-12 11:24:39','2016-05-12 11:25:20'),(87,24,18,141,6300108,705,'0',400,'2016-05-12 11:46:48','2016-05-12 11:47:29',400,'2016-05-12 11:46:48','2016-05-12 11:47:29'),(94,19,13,133,6200301,457,'180',400,'2016-05-16 10:52:46','2016-05-16 10:52:26',400,'2016-05-16 10:52:46','2016-05-16 10:52:26'),(95,19,13,133,6200301,458,'0',400,'2016-05-16 10:52:46','2016-05-16 10:52:26',400,'2016-05-16 10:52:46','2016-05-16 10:52:26'),(96,19,13,133,6200301,459,'90%',400,'2016-05-16 10:52:46','2016-05-16 10:52:26',400,'2016-05-16 10:52:46','2016-05-16 10:52:26'),(97,19,13,133,6200301,460,'80%',400,'2016-05-16 10:52:46','2016-05-16 10:52:26',400,'2016-05-16 10:52:46','2016-05-16 10:52:26'),(158,20,14,136,6200501,653,'90',400,'2016-05-19 14:17:10','2016-05-19 14:16:54',400,'2016-05-19 14:17:10','2016-05-19 14:16:54'),(159,20,14,136,6200501,654,'50',400,'2016-05-19 14:17:10','2016-05-19 14:16:54',400,'2016-05-19 14:17:10','2016-05-19 14:16:54'),(160,20,14,136,6200501,655,'90',400,'2016-05-19 14:17:10','2016-05-19 14:16:54',400,'2016-05-19 14:17:10','2016-05-19 14:16:54'),(164,20,14,135,6200401,411,'90',400,'2016-05-24 14:44:42','2016-05-24 14:44:32',400,'2016-05-24 14:44:42','2016-05-24 14:44:32'),(173,21,15,139,6200801,630,'10000',400,'2016-05-25 09:15:16','2016-05-25 09:15:07',400,'2016-05-25 09:15:16','2016-05-25 09:15:07'),(174,21,15,139,6200801,631,'100%',400,'2016-05-25 09:15:16','2016-05-25 09:15:07',400,'2016-05-25 09:15:16','2016-05-25 09:15:07'),(175,21,15,139,6200801,632,'3000',400,'2016-05-25 09:15:16','2016-05-25 09:15:07',400,'2016-05-25 09:15:16','2016-05-25 09:15:07'),(176,21,15,139,6200801,633,'30',400,'2016-05-25 09:15:16','2016-05-25 09:15:07',400,'2016-05-25 09:15:16','2016-05-25 09:15:07'),(177,21,15,139,6200802,609,'10000',400,'2016-05-25 09:15:26','2016-05-25 09:15:17',400,'2016-05-25 09:15:26','2016-05-25 09:15:17'),(178,21,15,139,6200802,610,'100%',400,'2016-05-25 09:15:26','2016-05-25 09:15:17',400,'2016-05-25 09:15:26','2016-05-25 09:15:17'),(181,21,15,139,6200804,613,'10000',400,'2016-05-25 09:15:43','2016-05-25 09:15:34',400,'2016-05-25 09:15:43','2016-05-25 09:15:34'),(182,21,15,139,6200804,614,'100%',400,'2016-05-25 09:15:43','2016-05-25 09:15:34',400,'2016-05-25 09:15:43','2016-05-25 09:15:34'),(183,21,15,139,6200805,615,'10000',400,'2016-05-25 09:15:51','2016-05-25 09:15:42',400,'2016-05-25 09:15:51','2016-05-25 09:15:42'),(184,21,15,139,6200805,616,'100%',400,'2016-05-25 09:15:51','2016-05-25 09:15:42',400,'2016-05-25 09:15:51','2016-05-25 09:15:42'),(185,21,15,139,6200806,620,'10000',400,'2016-05-25 09:15:56','2016-05-25 09:15:47',400,'2016-05-25 09:15:56','2016-05-25 09:15:47'),(186,21,15,139,6200806,621,'100%',400,'2016-05-25 09:15:56','2016-05-25 09:15:47',400,'2016-05-25 09:15:56','2016-05-25 09:15:47'),(187,21,15,139,6200806,622,'250000',400,'2016-05-25 09:15:56','2016-05-25 09:15:47',400,'2016-05-25 09:15:56','2016-05-25 09:15:47'),(188,21,15,139,6200803,611,'10000',400,'2016-05-25 09:16:08','2016-05-25 09:15:59',400,'2016-05-25 09:16:08','2016-05-25 09:15:59'),(189,21,15,139,6200803,612,'100%',400,'2016-05-25 09:16:08','2016-05-25 09:15:59',400,'2016-05-25 09:16:08','2016-05-25 09:15:59'),(190,20,14,136,6200502,656,'0',400,'2016-05-25 09:19:56','2016-05-25 09:19:47',400,'2016-05-25 09:19:56','2016-05-25 09:19:47'),(191,20,14,136,6200502,657,'50',400,'2016-05-25 09:19:56','2016-05-25 09:19:47',400,'2016-05-25 09:19:56','2016-05-25 09:19:47'),(192,20,14,136,6200502,658,'90',400,'2016-05-25 09:19:56','2016-05-25 09:19:47',400,'2016-05-25 09:19:56','2016-05-25 09:19:47'),(199,28,22,126,6100101,309,'180',400,'2016-05-25 15:46:16','2016-05-25 15:46:07',400,'2016-05-25 15:46:16','2016-05-25 15:46:07'),(200,28,22,126,6100101,310,'50000',400,'2016-05-25 15:46:16','2016-05-25 15:46:07',400,'2016-05-25 15:46:16','2016-05-25 15:46:07'),(201,25,19,142,6300802,731,'180',400,'2016-05-25 16:05:12','2016-05-25 16:05:03',400,'2016-05-25 16:05:12','2016-05-25 16:05:03'),(202,28,22,126,6100104,297,'180',400,'2016-05-25 16:18:05','2016-05-25 16:17:56',400,'2016-05-25 16:18:05','2016-05-25 16:17:56'),(203,28,22,126,6100104,298,'20000',400,'2016-05-25 16:18:05','2016-05-25 16:17:57',400,'2016-05-25 16:18:05','2016-05-25 16:17:57'),(204,28,22,126,6100105,285,'180',400,'2016-05-25 16:18:17','2016-05-25 16:18:08',400,'2016-05-25 16:18:17','2016-05-25 16:18:08'),(205,28,22,126,6100105,286,'50000',400,'2016-05-25 16:18:17','2016-05-25 16:18:08',400,'2016-05-25 16:18:17','2016-05-25 16:18:08'),(208,25,19,142,6300804,911,'180',400,'2016-05-25 16:22:12','2016-05-25 16:22:03',400,'2016-05-25 16:22:12','2016-05-25 16:22:03'),(209,25,19,142,6300804,912,'50',400,'2016-05-25 16:22:12','2016-05-25 16:22:03',400,'2016-05-25 16:22:12','2016-05-25 16:22:03'),(210,25,19,142,6300804,913,'90%',400,'2016-05-25 16:22:12','2016-05-25 16:22:03',400,'2016-05-25 16:22:12','2016-05-25 16:22:03'),(211,25,19,142,6300804,914,'100000',400,'2016-05-25 16:22:12','2016-05-25 16:22:03',400,'2016-05-25 16:22:12','2016-05-25 16:22:03'),(212,25,19,142,6300801,907,'180',400,'2016-05-25 16:22:17','2016-05-25 16:22:08',400,'2016-05-25 16:22:17','2016-05-25 16:22:08'),(213,25,19,142,6300801,908,'100000',400,'2016-05-25 16:22:17','2016-05-25 16:22:08',400,'2016-05-25 16:22:17','2016-05-25 16:22:08'),(214,25,19,142,6300803,909,'180',400,'2016-05-25 16:22:28','2016-05-25 16:22:20',400,'2016-05-25 16:22:28','2016-05-25 16:22:20'),(215,25,19,142,6300803,910,'20000',400,'2016-05-25 16:22:28','2016-05-25 16:22:20',400,'2016-05-25 16:22:28','2016-05-25 16:22:20'),(216,26,20,143,6300902,744,'180',400,'2016-05-26 15:24:53','2016-05-26 15:24:46',400,'2016-05-26 15:24:53','2016-05-26 15:24:46'),(217,26,20,143,6300902,745,'100000/300000/500000',400,'2016-05-26 15:24:53','2016-05-26 15:24:46',400,'2016-05-26 15:24:53','2016-05-26 15:24:46'),(220,26,20,143,6300901,742,'180',400,'2016-05-26 15:25:32','2016-05-26 15:25:24',400,'2016-05-26 15:25:32','2016-05-26 15:25:24'),(221,26,20,143,6300901,743,'100000/300000/500000',400,'2016-05-26 15:25:32','2016-05-26 15:25:24',400,'2016-05-26 15:25:32','2016-05-26 15:25:24'),(222,26,20,143,6300905,755,'300',400,'2016-05-26 16:37:58','2016-05-26 16:37:50',400,'2016-05-26 16:37:58','2016-05-26 16:37:50'),(223,26,20,143,6300905,756,'10',400,'2016-05-26 16:37:58','2016-05-26 16:37:50',400,'2016-05-26 16:37:58','2016-05-26 16:37:50'),(232,26,20,143,24548591112552448,915,' ',400,'2016-05-26 17:26:03','2016-05-26 17:25:55',400,'2016-05-26 17:26:03','2016-05-26 17:25:55'),(233,26,20,143,24548591112552448,916,' ',400,'2016-05-26 17:26:03','2016-05-26 17:25:55',400,'2016-05-26 17:26:03','2016-05-26 17:25:55'),(234,26,20,143,24548591112552448,917,' ',400,'2016-05-26 17:26:03','2016-05-26 17:25:55',400,'2016-05-26 17:26:03','2016-05-26 17:25:55'),(235,26,20,143,24548591112552448,918,'0.75',400,'2016-05-26 17:26:03','2016-05-26 17:25:55',400,'2016-05-26 17:26:03','2016-05-26 17:25:55'),(236,26,20,143,24548591112552448,919,'{按天保:1-30}',400,'2016-05-26 17:26:03','2016-05-26 17:25:55',400,'2016-05-26 17:26:03','2016-05-26 17:25:55'),(237,26,20,143,24548591112552448,920,'一次性交清',400,'2016-05-26 17:26:03','2016-05-26 17:25:55',400,'2016-05-26 17:26:03','2016-05-26 17:25:55'),(238,26,20,143,24548591112552448,921,'趸交',400,'2016-05-26 17:26:03','2016-05-26 17:25:55',400,'2016-05-26 17:26:03','2016-05-26 17:25:55'),(239,26,20,143,24548591112552448,922,' ',400,'2016-05-26 17:26:03','2016-05-26 17:25:55',400,'2016-05-26 17:26:03','2016-05-26 17:25:55'),(240,28,22,126,6100110,303,'180',400,'2016-05-27 16:21:56','2016-05-27 16:21:50',400,'2016-05-27 16:21:56','2016-05-27 16:21:50'),(241,28,22,126,6100110,304,'150000',400,'2016-05-27 16:21:56','2016-05-27 16:21:50',400,'2016-05-27 16:21:56','2016-05-27 16:21:50'),(242,18,12,129,24480128914423850,320,'1000',400,'2016-05-31 16:00:46','2016-05-31 16:01:52',400,'2016-05-31 16:00:46','2016-05-31 16:01:52'),(243,18,12,129,24480128914423850,321,'1',400,'2016-05-31 16:00:46','2016-05-31 16:01:52',400,'2016-05-31 16:00:46','2016-05-31 16:01:52'),(244,18,12,129,24480128914423850,322,'20',400,'2016-05-31 16:00:46','2016-05-31 16:01:52',400,'2016-05-31 16:00:46','2016-05-31 16:01:52'),(245,18,12,129,24480128914423850,323,'11',400,'2016-05-31 16:00:46','2016-05-31 16:01:52',400,'2016-05-31 16:00:46','2016-05-31 16:01:52'),(246,18,12,129,24480128914423850,324,'11',400,'2016-05-31 16:00:46','2016-05-31 16:01:52',400,'2016-05-31 16:00:46','2016-05-31 16:01:52'),(247,18,12,129,24480128914423850,325,'1',400,'2016-05-31 16:00:46','2016-05-31 16:01:52',400,'2016-05-31 16:00:46','2016-05-31 16:01:52'),(248,18,12,129,24480128914423850,326,'1',400,'2016-05-31 16:00:46','2016-05-31 16:01:52',400,'2016-05-31 16:00:46','2016-05-31 16:01:52'),(249,18,12,129,24480128914423851,482,'1000',400,'2016-05-31 16:01:13','2016-05-31 16:02:19',400,'2016-05-31 16:01:13','2016-05-31 16:02:19'),(250,18,12,129,24480128914423851,483,'100',400,'2016-05-31 16:01:13','2016-05-31 16:02:19',400,'2016-05-31 16:01:13','2016-05-31 16:02:19'),(251,18,12,129,24480128914423851,484,'11',400,'2016-05-31 16:01:13','2016-05-31 16:02:19',400,'2016-05-31 16:01:13','2016-05-31 16:02:19'),(252,18,12,129,24480128914423851,485,'1',400,'2016-05-31 16:01:13','2016-05-31 16:02:19',400,'2016-05-31 16:01:13','2016-05-31 16:02:19'),(253,18,12,129,24480128914423851,486,'{按年保:1}',400,'2016-05-31 16:01:13','2016-05-31 16:02:19',400,'2016-05-31 16:01:13','2016-05-31 16:02:19'),(254,18,12,129,24480128914423851,487,'一次性交清',400,'2016-05-31 16:01:13','2016-05-31 16:02:19',400,'2016-05-31 16:01:13','2016-05-31 16:02:19'),(255,18,12,129,24480128914423851,488,'趸交',400,'2016-05-31 16:01:13','2016-05-31 16:02:19',400,'2016-05-31 16:01:13','2016-05-31 16:02:19');
/*!40000 ALTER TABLE `t_mkt_liab_clause_param` ENABLE KEYS */;
UNLOCK TABLES;

--
-- Table structure for table `t_mkt_prem_conf`
--

DROP TABLE IF EXISTS `t_mkt_prem_conf`;
/*!40101 SET @saved_cs_client     = @@character_set_client */;
/*!40101 SET character_set_client = utf8 */;
CREATE TABLE `t_mkt_prem_conf` (
  `MKT_PROD_ID` bigint(20) DEFAULT NULL COMMENT '营销产品ID',
  `INSURED_GENDER` varchar(10) COLLATE utf8_bin DEFAULT NULL COMMENT '被保人性别',
  `PROP_COPIES` tinyint(2) DEFAULT NULL COMMENT '投保份数',
  `PROP_LEVEL` tinyint(2) DEFAULT NULL COMMENT '投保档次',
  `PROP_LIAB_LIST` varchar(200) COLLATE utf8_bin DEFAULT NULL COMMENT '投保责任列表(LIAB_ID1:SA1,LIAB_ID2:SA2,...)',
  `INSURED_SOCIAL` varchar(10) COLLATE utf8_bin DEFAULT NULL COMMENT '被保人的社保值(D_YES_NO）',
  `INSURED_AGE_UNIT` varchar(10) COLLATE utf8_bin DEFAULT NULL COMMENT '被保人投保年龄单位(D_DISP_CONF_UNIT)',
  `INSURED_AGE_VALUE` tinyint(2) DEFAULT NULL COMMENT '被保人投保年龄值',
  `COVERAGE_PERIOD_TYPE` varchar(10) COLLATE utf8_bin DEFAULT NULL COMMENT '保险期间类型(D_DISP_CONF_TYPE)',
  `COVERAGE_PERIOD_VALUE` tinyint(2) DEFAULT NULL COMMENT '保险期间值',
  `CHARGE_PERIOD_TYPE` varchar(10) COLLATE utf8_bin DEFAULT NULL COMMENT '缴费期间类型(D_DISP_CONF_TYPE)',
  `CHARGE_PERIOD_VALUE` tinyint(2) DEFAULT NULL COMMENT '缴费期间值',
  `CHARGE_FREQ` varchar(10) COLLATE utf8_bin DEFAULT NULL COMMENT '缴费频率(D_DISP_CONF_TYPE)',
  `PREMIUM` decimal(16,2) DEFAULT NULL COMMENT '保费',
  KEY `FK_MKT_PREM_CONF__MKT_PROD_ID` (`MKT_PROD_ID`),
  CONSTRAINT `FK_MKT_PREM_CONF__MKT_PROD_ID` FOREIGN KEY (`MKT_PROD_ID`) REFERENCES `t_mkt_product` (`MKT_PROD_ID`)
) ENGINE=InnoDB DEFAULT CHARSET=utf8 COLLATE=utf8_bin COMMENT='营销产品保费速查配置数据表';
/*!40101 SET character_set_client = @saved_cs_client */;

--
-- Dumping data for table `t_mkt_prem_conf`
--

LOCK TABLES `t_mkt_prem_conf` WRITE;
/*!40000 ALTER TABLE `t_mkt_prem_conf` DISABLE KEYS */;
/*!40000 ALTER TABLE `t_mkt_prem_conf` ENABLE KEYS */;
UNLOCK TABLES;

--
-- Table structure for table `t_mkt_prem_link_conf`
--

DROP TABLE IF EXISTS `t_mkt_prem_link_conf`;
/*!40101 SET @saved_cs_client     = @@character_set_client */;
/*!40101 SET character_set_client = utf8 */;
CREATE TABLE `t_mkt_prem_link_conf` (
  `LINK_ID` bigint(20) NOT NULL AUTO_INCREMENT COMMENT '主键',
  `MKT_PROD_ID` bigint(20) DEFAULT NULL COMMENT '营销产品ID',
  `INSURED_GENDER` varchar(50) COLLATE utf8_unicode_ci DEFAULT NULL COMMENT '被保人性别',
  `INSURED_AREA` varchar(50) COLLATE utf8_unicode_ci DEFAULT NULL COMMENT '被保人所在地区',
  `PROP_COPIES` varchar(50) COLLATE utf8_unicode_ci DEFAULT NULL COMMENT '投保份数',
  `PROP_LEVEL` varchar(50) COLLATE utf8_unicode_ci DEFAULT NULL COMMENT '投保档次',
  `AMOUNT` varchar(50) COLLATE utf8_unicode_ci DEFAULT NULL COMMENT '保额',
  `INSURED_SOCIAL` varchar(50) COLLATE utf8_unicode_ci DEFAULT NULL COMMENT '被保人的社保值(D_YES_NO）',
  `INSURED_AGE` varchar(50) COLLATE utf8_unicode_ci DEFAULT NULL COMMENT '被保人投保年龄',
  `COVERAGE_PERIOD` varchar(50) COLLATE utf8_unicode_ci DEFAULT NULL COMMENT '保险期间',
  `CHARGE_PERIOD` varchar(50) COLLATE utf8_unicode_ci DEFAULT NULL COMMENT '缴费期间',
  `CHARGE_FREQ` varchar(50) COLLATE utf8_unicode_ci DEFAULT NULL COMMENT '缴费频率(D_DISP_CONF_TYPE)',
  `PREMIUM` varchar(50) COLLATE utf8_unicode_ci DEFAULT NULL COMMENT '保费',
  `PLAN_NAME` varchar(50) COLLATE utf8_unicode_ci DEFAULT NULL COMMENT '套餐名(产品组合计划名称）',
  PRIMARY KEY (`LINK_ID`),
  KEY `FK_MKT_PREM_LINK_CONF__MKT_PRO` (`MKT_PROD_ID`),
  CONSTRAINT `FK_MKT_PREM_LINK_CONF__MKT_PRO` FOREIGN KEY (`MKT_PROD_ID`) REFERENCES `t_mkt_product` (`MKT_PROD_ID`)
) ENGINE=InnoDB AUTO_INCREMENT=85 DEFAULT CHARSET=utf8 COLLATE=utf8_unicode_ci COMMENT='营销产品保费速查与联动配置数据表';
/*!40101 SET character_set_client = @saved_cs_client */;

--
-- Dumping data for table `t_mkt_prem_link_conf`
--

LOCK TABLES `t_mkt_prem_link_conf` WRITE;
/*!40000 ALTER TABLE `t_mkt_prem_link_conf` DISABLE KEYS */;
INSERT INTO `t_mkt_prem_link_conf` VALUES (7,18,'null','null','null','null','null','null','5A-17A','1Y','null','null','100','计划1'),(8,18,'null','null','null','null','null','null','5A-17A','1Y','null','null','50','计划2'),(49,26,'null','null','null','null','null','null','null','1D-3D','null','null','6','计划1'),(50,26,'null','null','null','null','null','null','null','4D-5D','null','null','8','计划1'),(51,26,'null','null','null','null','null','null','null','6D-7D','null','null','9','计划1'),(52,26,'null','null','null','null','null','null','null','8D-10D','null','null','10','计划1'),(53,26,'null','null','null','null','null','null','null','11D-14D','null','null','14','计划1'),(54,26,'null','null','null','null','null','null','null','15D-21D','null','null','18','计划1'),(55,26,'null','null','null','null','null','null','null','22D-24D','null','null','23','计划1'),(56,26,'null','null','null','null','null','null','null','25D-30D','null','null','27','计划1'),(57,26,'null','null','null','null','null','null','null','1D-3D','null','null','18','计划2'),(58,26,'null','null','null','null','null','null','null','4D-5D','null','null','26','计划2'),(59,26,'null','null','null','null','null','null','null','6D-7D','null','null','30','计划2'),(60,26,'null','null','null','null','null','null','null','8D-10D','null','null','33','计划2'),(61,26,'null','null','null','null','null','null','null','11D-14D','null','null','45','计划2'),(62,26,'null','null','null','null','null','null','null','15D-21D','null','null','59','计划2'),(63,26,'null','null','null','null','null','null','null','22D-24D','null','null','74','计划2'),(64,26,'null','null','null','null','null','null','null','25D-30D','null','null','86','计划2'),(65,26,'null','null','null','null','null','null','null','1D-3D','null','null','30','计划3'),(66,26,'null','null','null','null','null','null','null','4D-5D','null','null','42','计划3'),(67,26,'null','null','null','null','null','null','null','6D-7D','null','null','49','计划3'),(68,26,'null','null','null','null','null','null','null','8D-10D','null','null','54','计划3'),(69,26,'null','null','null','null','null','null','null','11D-14D','null','null','73','计划3'),(70,26,'null','null','null','null','null','null','null','15D-21D','null','null','97','计划3'),(71,26,'null','null','null','null','null','null','null','22D-24D','null','null','121','计划3'),(72,26,'null','null','null','null','null','null','null','25D-30D','null','null','140','计划3'),(81,19,'null','null','null','null','null','null','18A-60A','1D','null','null','3','计划1'),(82,19,'null','null','null','null','null','null','18A-60A','3D','null','null','6','计划1'),(83,19,'null','null','null','null','null','null','18A-60A','5D','null','null','10','计划1'),(84,19,'null','null','null','null','null','null','18A-60A','10D','null','null','18','计划1');
/*!40000 ALTER TABLE `t_mkt_prem_link_conf` ENABLE KEYS */;
UNLOCK TABLES;

--
-- Table structure for table `t_mkt_prod_calc`
--

DROP TABLE IF EXISTS `t_mkt_prod_calc`;
/*!40101 SET @saved_cs_client     = @@character_set_client */;
/*!40101 SET character_set_client = utf8 */;
CREATE TABLE `t_mkt_prod_calc` (
  `LIST_ID` bigint(20) NOT NULL AUTO_INCREMENT COMMENT '记录ID',
  `MKT_PROD_ID` bigint(20) NOT NULL COMMENT '营销产品ID',
  `GROUP_ID` bigint(20) NOT NULL COMMENT '产品组合ID',
  `GRP_PLAN_ID` bigint(20) NOT NULL COMMENT '产品组合计划ID',
  `TOPIC_CODE` varchar(20) COLLATE utf8_bin NOT NULL COMMENT '主题CODE',
  `FIXED_VALUE` decimal(16,2) NOT NULL COMMENT '固定金额',
  `CREATE_BY` bigint(20) NOT NULL COMMENT '创建人',
  `CREATE_TIME` datetime NOT NULL COMMENT '创建用户时间',
  `CREATE_TIMESTAMP` datetime NOT NULL DEFAULT CURRENT_TIMESTAMP COMMENT '创建系统时间',
  `UPDATE_BY` bigint(20) NOT NULL COMMENT '更新人',
  `UPDATE_TIME` datetime NOT NULL COMMENT '更新用户时间',
  `UPDATE_TIMESTAMP` datetime NOT NULL DEFAULT CURRENT_TIMESTAMP ON UPDATE CURRENT_TIMESTAMP COMMENT '更新系统时间',
  PRIMARY KEY (`LIST_ID`),
  KEY `FK_MKT_PROD_CALC__MKT_PROD_ID` (`MKT_PROD_ID`),
  KEY `FK_MKT_PROD_CALC__GROUP_ID` (`GROUP_ID`),
  KEY `FK_MKT_PROD_CALC__GRP_PLAN_ID` (`GRP_PLAN_ID`),
  CONSTRAINT `FK_MKT_PROD_CALC__GROUP_ID` FOREIGN KEY (`GROUP_ID`) REFERENCES `t_prod_group` (`GROUP_ID`),
  CONSTRAINT `FK_MKT_PROD_CALC__GRP_PLAN_ID` FOREIGN KEY (`GRP_PLAN_ID`) REFERENCES `t_grp_plan` (`GRP_PLAN_ID`),
  CONSTRAINT `FK_MKT_PROD_CALC__MKT_PROD_ID` FOREIGN KEY (`MKT_PROD_ID`) REFERENCES `t_mkt_product` (`MKT_PROD_ID`)
) ENGINE=InnoDB AUTO_INCREMENT=17 DEFAULT CHARSET=utf8 COLLATE=utf8_bin COMMENT='营销产品主题计算表';
/*!40101 SET character_set_client = @saved_cs_client */;

--
-- Dumping data for table `t_mkt_prod_calc`
--

LOCK TABLES `t_mkt_prod_calc` WRITE;
/*!40000 ALTER TABLE `t_mkt_prod_calc` DISABLE KEYS */;
INSERT INTO `t_mkt_prod_calc` VALUES (3,18,12,29,'PREM_CAL',50.00,400,'2016-05-30 19:14:37','2016-05-30 19:15:42',400,'2016-05-30 19:14:37','2016-05-30 19:15:42'),(4,18,12,28,'PREM_CAL',100.00,400,'2016-05-30 19:14:41','2016-05-30 19:15:46',400,'2016-05-30 19:14:41','2016-05-30 19:15:46'),(12,20,14,32,'PREM_CAL',90.00,400,'2016-05-19 16:06:57','2016-05-19 16:06:41',400,'2016-05-19 16:06:57','2016-05-19 16:06:41'),(14,20,14,31,'PREM_CAL',115.00,400,'2016-05-25 11:24:34','2016-05-25 11:24:26',400,'2016-05-25 11:24:34','2016-05-25 11:24:26'),(15,25,19,37,'PREM_CAL',1.00,400,'2016-05-25 16:22:39','2016-05-25 16:22:30',400,'2016-05-25 16:22:39','2016-05-25 16:22:30'),(16,28,22,40,'PREM_CAL',100.00,400,'2016-05-27 16:29:21','2016-05-27 16:29:15',400,'2016-05-27 16:29:21','2016-05-27 16:29:15');
/*!40000 ALTER TABLE `t_mkt_prod_calc` ENABLE KEYS */;
UNLOCK TABLES;

--
-- Table structure for table `t_mkt_prod_calc_share`
--

DROP TABLE IF EXISTS `t_mkt_prod_calc_share`;
/*!40101 SET @saved_cs_client     = @@character_set_client */;
/*!40101 SET character_set_client = utf8 */;
CREATE TABLE `t_mkt_prod_calc_share` (
  `LIST_ID` bigint(20) NOT NULL AUTO_INCREMENT COMMENT '记录ID',
  `MKT_PROD_ID` bigint(20) NOT NULL COMMENT '营销产品ID',
  `GROUP_ID` bigint(20) NOT NULL COMMENT '产品组合ID',
  `PRODUCT_ID` bigint(20) NOT NULL COMMENT '产品ID',
  `TOPIC_CODE` varchar(20) COLLATE utf8_bin NOT NULL COMMENT '主题CODE',
  `SHARE_MODE` varchar(10) COLLATE utf8_bin NOT NULL COMMENT '分摊模式',
  `MAX_VALUE` decimal(16,2) DEFAULT NULL COMMENT '最大限额',
  `CREATE_BY` bigint(20) NOT NULL COMMENT '创建人',
  `CREATE_TIME` datetime NOT NULL COMMENT '创建用户时间',
  `CREATE_TIMESTAMP` datetime NOT NULL DEFAULT CURRENT_TIMESTAMP COMMENT '创建系统时间',
  `UPDATE_BY` bigint(20) NOT NULL COMMENT '更新人',
  `UPDATE_TIME` datetime NOT NULL COMMENT '更新用户时间',
  `UPDATE_TIMESTAMP` datetime NOT NULL DEFAULT CURRENT_TIMESTAMP ON UPDATE CURRENT_TIMESTAMP COMMENT '更新系统时间',
  PRIMARY KEY (`LIST_ID`),
  KEY `FK_MKT_PROD_CALC_SHARE__MKT_PR` (`MKT_PROD_ID`),
  KEY `FK_MKT_PROD_CALC_SHARE__GROUP_` (`GROUP_ID`),
  KEY `FK_MKT_PROD_CALC_SHARE__PRODUC` (`PRODUCT_ID`),
  CONSTRAINT `FK_MKT_PROD_CALC_SHARE__GROUP_` FOREIGN KEY (`GROUP_ID`) REFERENCES `t_prod_group` (`GROUP_ID`),
  CONSTRAINT `FK_MKT_PROD_CALC_SHARE__MKT_PR` FOREIGN KEY (`MKT_PROD_ID`) REFERENCES `t_mkt_product` (`MKT_PROD_ID`),
  CONSTRAINT `FK_MKT_PROD_CALC_SHARE__PRODUC` FOREIGN KEY (`PRODUCT_ID`) REFERENCES `t_product` (`PRODUCT_ID`)
) ENGINE=InnoDB AUTO_INCREMENT=8 DEFAULT CHARSET=utf8 COLLATE=utf8_bin COMMENT='营销产品主题计算分摊表';
/*!40101 SET character_set_client = @saved_cs_client */;

--
-- Dumping data for table `t_mkt_prod_calc_share`
--

LOCK TABLES `t_mkt_prod_calc_share` WRITE;
/*!40000 ALTER TABLE `t_mkt_prod_calc_share` DISABLE KEYS */;
INSERT INTO `t_mkt_prod_calc_share` VALUES (3,20,14,135,'PREM_CAL','2',0.00,400,'2016-05-19 16:14:33','2016-05-19 16:14:17',400,'2016-05-19 16:14:33','2016-05-19 16:14:17'),(4,20,14,136,'PREM_CAL','2',0.00,400,'2016-05-19 16:14:38','2016-05-19 16:14:22',400,'2016-05-19 16:14:38','2016-05-19 16:14:22'),(5,18,12,129,'PREM_CAL','2',NULL,400,'2016-05-30 19:14:49','2016-05-30 19:15:54',400,'2016-05-30 19:14:49','2016-05-30 19:15:54'),(6,18,12,130,'PREM_CAL','2',NULL,400,'2016-05-30 19:14:52','2016-05-30 19:15:57',400,'2016-05-30 19:14:52','2016-05-30 19:15:57'),(7,18,12,131,'PREM_CAL','2',NULL,400,'2016-05-30 19:14:55','2016-05-30 19:16:00',400,'2016-05-30 19:14:55','2016-05-30 19:16:00');
/*!40000 ALTER TABLE `t_mkt_prod_calc_share` ENABLE KEYS */;
UNLOCK TABLES;

--
-- Table structure for table `t_mkt_prod_conf`
--

DROP TABLE IF EXISTS `t_mkt_prod_conf`;
/*!40101 SET @saved_cs_client     = @@character_set_client */;
/*!40101 SET character_set_client = utf8 */;
CREATE TABLE `t_mkt_prod_conf` (
  `DISP_CONF_ID` bigint(20) NOT NULL AUTO_INCREMENT COMMENT '展示配置项ID',
  `MKT_PROD_ID` bigint(20) DEFAULT NULL COMMENT '营销产品ID',
  `ITEM_CODE` varchar(10) COLLATE utf8_unicode_ci DEFAULT NULL COMMENT '展示配置项（D_DISP_CONF_ITEM）',
  `ITEM_TYPE` varchar(10) COLLATE utf8_unicode_ci DEFAULT NULL COMMENT '展示配置项类型（D_DISP_CONF_TYPE）',
  `IS_DISPLAY` varchar(30) COLLATE utf8_unicode_ci DEFAULT NULL COMMENT '是否显示',
  `IS_PREMCAL` varchar(30) COLLATE utf8_unicode_ci DEFAULT NULL COMMENT '是否参与保费计算',
  PRIMARY KEY (`DISP_CONF_ID`),
  KEY `FK_MKT_PROD_CONF__MKT_PROD_ID` (`MKT_PROD_ID`),
  CONSTRAINT `FK_MKT_PROD_CONF__MKT_PROD` FOREIGN KEY (`MKT_PROD_ID`) REFERENCES `t_mkt_product` (`MKT_PROD_ID`)
) ENGINE=InnoDB AUTO_INCREMENT=12 DEFAULT CHARSET=utf8 COLLATE=utf8_unicode_ci COMMENT='营销产品展示配置项数据表';
/*!40101 SET character_set_client = @saved_cs_client */;

--
-- Dumping data for table `t_mkt_prod_conf`
--

LOCK TABLES `t_mkt_prod_conf` WRITE;
/*!40000 ALTER TABLE `t_mkt_prod_conf` DISABLE KEYS */;
INSERT INTO `t_mkt_prod_conf` VALUES (2,28,'14','1','1','0'),(3,28,'7','1','1','0'),(4,28,'9','1','1','0'),(6,18,'14','1','1','1'),(7,18,'7','1','1','0'),(8,18,'9','1','1','0'),(9,19,'14','1','1','0'),(10,19,'7','1','1','1'),(11,19,'9','1','1','0');
/*!40000 ALTER TABLE `t_mkt_prod_conf` ENABLE KEYS */;
UNLOCK TABLES;

--
-- Table structure for table `t_mkt_prod_conf_value`
--

DROP TABLE IF EXISTS `t_mkt_prod_conf_value`;
/*!40101 SET @saved_cs_client     = @@character_set_client */;
/*!40101 SET character_set_client = utf8 */;
CREATE TABLE `t_mkt_prod_conf_value` (
  `CONF_VALUE_ID` bigint(20) NOT NULL AUTO_INCREMENT COMMENT '展示配置项值ID',
  `DISP_CONF_ID` bigint(20) DEFAULT NULL COMMENT '展示配置项ID',
  `ORDER_ID` int(2) DEFAULT NULL COMMENT '展示配置项页面显示顺序',
  `DISP_VALUE` varchar(50) COLLATE utf8_unicode_ci DEFAULT NULL COMMENT '展示配置项展示值',
  `CAL_VALUE` varchar(50) COLLATE utf8_unicode_ci DEFAULT NULL COMMENT '展示配置项计算值',
  PRIMARY KEY (`CONF_VALUE_ID`),
  KEY `FK_DISP_CONF_ID` (`DISP_CONF_ID`),
  CONSTRAINT `FK_DISP_CONF_ID` FOREIGN KEY (`DISP_CONF_ID`) REFERENCES `t_mkt_prod_conf` (`DISP_CONF_ID`)
) ENGINE=InnoDB AUTO_INCREMENT=28 DEFAULT CHARSET=utf8 COLLATE=utf8_unicode_ci COMMENT='营销产品展示配置项值数据表';
/*!40101 SET character_set_client = @saved_cs_client */;

--
-- Dumping data for table `t_mkt_prod_conf_value`
--

LOCK TABLES `t_mkt_prod_conf_value` WRITE;
/*!40000 ALTER TABLE `t_mkt_prod_conf_value` DISABLE KEYS */;
INSERT INTO `t_mkt_prod_conf_value` VALUES (4,4,3,'18岁-65岁','18A-65A'),(5,2,4,'基本款','计划一'),(6,3,5,'一年','1Y'),(17,8,4,'5岁-17岁','5Y-17Y'),(18,7,5,'1年','1Y'),(19,6,6,'增强型','计划1'),(20,6,7,'基础型','计划2'),(21,9,10,'基础型','计划1'),(22,10,11,'1天','1D'),(23,10,12,'3天','3D'),(24,10,13,'5天','5D'),(25,10,14,'10天','10D'),(27,11,16,'18岁-60岁','18A-60A');
/*!40000 ALTER TABLE `t_mkt_prod_conf_value` ENABLE KEYS */;
UNLOCK TABLES;

--
-- Table structure for table `t_mkt_prod_fee`
--

DROP TABLE IF EXISTS `t_mkt_prod_fee`;
/*!40101 SET @saved_cs_client     = @@character_set_client */;
/*!40101 SET character_set_client = utf8 */;
CREATE TABLE `t_mkt_prod_fee` (
  `MKT_PROD_ID` bigint(20) DEFAULT NULL COMMENT '营销产品ID',
  `PRODUCT_ID` bigint(20) DEFAULT NULL COMMENT '产品ID',
  `FEE_TYPE` varchar(10) COLLATE utf8_bin DEFAULT NULL COMMENT '费用类型（D_FEE_TYPE）',
  `WITHDRAW_TYPE` varchar(10) COLLATE utf8_bin DEFAULT NULL COMMENT '领取类型（D_WITHDRAW_TYPE）',
  `IS_ACCOUNTING` varchar(10) COLLATE utf8_bin DEFAULT NULL COMMENT '是否记账（D_YES_NO）',
  `CREATE_BY` bigint(20) NOT NULL COMMENT '创建人',
  `CREATE_TIME` datetime NOT NULL COMMENT '创建用户时间',
  `CREATE_TIMESTAMP` datetime NOT NULL DEFAULT CURRENT_TIMESTAMP COMMENT '创建系统时间',
  `UPDATE_BY` bigint(20) NOT NULL COMMENT '更新人',
  `UPDATE_TIME` datetime NOT NULL COMMENT '更新用户时间',
  `UPDATE_TIMESTAMP` datetime NOT NULL DEFAULT CURRENT_TIMESTAMP ON UPDATE CURRENT_TIMESTAMP COMMENT '更新系统时间',
  KEY `FK_MKT_PROD_FEE__MKT_PROD_ID` (`MKT_PROD_ID`),
  KEY `FK_MKT_PROD_FEE__PRODUCT_ID` (`PRODUCT_ID`),
  CONSTRAINT `FK_MKT_PROD_FEE__MKT_PROD_ID` FOREIGN KEY (`MKT_PROD_ID`) REFERENCES `t_mkt_product` (`MKT_PROD_ID`),
  CONSTRAINT `FK_MKT_PROD_FEE__PRODUCT_ID` FOREIGN KEY (`PRODUCT_ID`) REFERENCES `t_product` (`PRODUCT_ID`)
) ENGINE=InnoDB DEFAULT CHARSET=utf8 COLLATE=utf8_bin COMMENT='营销产品费用配置表';
/*!40101 SET character_set_client = @saved_cs_client */;

--
-- Dumping data for table `t_mkt_prod_fee`
--

LOCK TABLES `t_mkt_prod_fee` WRITE;
/*!40000 ALTER TABLE `t_mkt_prod_fee` DISABLE KEYS */;
/*!40000 ALTER TABLE `t_mkt_prod_fee` ENABLE KEYS */;
UNLOCK TABLES;

--
-- Table structure for table `t_mkt_prod_ruleset`
--

DROP TABLE IF EXISTS `t_mkt_prod_ruleset`;
/*!40101 SET @saved_cs_client     = @@character_set_client */;
/*!40101 SET character_set_client = utf8 */;
CREATE TABLE `t_mkt_prod_ruleset` (
  `TOPIC_RULESET_ID` char(32) COLLATE utf8_bin NOT NULL COMMENT '主题规则集ID(UUID)',
  `MKT_PROD_ID` bigint(20) NOT NULL COMMENT '营销产品ID',
  `PRODUCT_ID` bigint(20) NOT NULL COMMENT '产品ID',
  `TOPIC_CODE` varchar(20) COLLATE utf8_bin NOT NULL COMMENT '主题CODE',
  `RULESET_NAME` varchar(200) COLLATE utf8_bin NOT NULL COMMENT '规则集名  SAMPLE : RULESET_{PRODUCT_ID}_{TOPIC_CODE}',
  `CREATE_BY` bigint(20) NOT NULL COMMENT '创建人',
  `CREATE_TIME` datetime NOT NULL COMMENT '创建用户时间',
  `CREATE_TIMESTAMP` datetime NOT NULL DEFAULT CURRENT_TIMESTAMP COMMENT '创建系统时间',
  `UPDATE_BY` bigint(20) NOT NULL COMMENT '更新人',
  `UPDATE_TIME` datetime NOT NULL COMMENT '更新用户时间',
  `UPDATE_TIMESTAMP` datetime NOT NULL DEFAULT CURRENT_TIMESTAMP ON UPDATE CURRENT_TIMESTAMP COMMENT '更新系统时间',
  PRIMARY KEY (`TOPIC_RULESET_ID`),
  KEY `FK_MKT_PROD_RULESET__MKT_PROD_` (`MKT_PROD_ID`),
  KEY `FK_MKT_PROD_RULESET__PRODUCT_I` (`PRODUCT_ID`),
  CONSTRAINT `FK_MKT_PROD_RULESET__MKT_PROD_` FOREIGN KEY (`MKT_PROD_ID`) REFERENCES `t_mkt_product` (`MKT_PROD_ID`),
  CONSTRAINT `FK_MKT_PROD_RULESET__PRODUCT_I` FOREIGN KEY (`PRODUCT_ID`) REFERENCES `t_product` (`PRODUCT_ID`)
) ENGINE=InnoDB DEFAULT CHARSET=utf8 COLLATE=utf8_bin COMMENT='营销产品沿用精算产品主题规则集表';
/*!40101 SET character_set_client = @saved_cs_client */;

--
-- Dumping data for table `t_mkt_prod_ruleset`
--

LOCK TABLES `t_mkt_prod_ruleset` WRITE;
/*!40000 ALTER TABLE `t_mkt_prod_ruleset` DISABLE KEYS */;
INSERT INTO `t_mkt_prod_ruleset` VALUES ('121f5f26219311e6b2e96c92bf178e06',20,135,'RULE_NB','RULE_NB',400,'2016-05-24 17:37:12','2016-05-24 17:37:02',400,'2016-05-24 17:37:12','2016-05-24 17:37:02');
/*!40000 ALTER TABLE `t_mkt_prod_ruleset` ENABLE KEYS */;
UNLOCK TABLES;

--
-- Table structure for table `t_mkt_prod_service`
--

DROP TABLE IF EXISTS `t_mkt_prod_service`;
/*!40101 SET @saved_cs_client     = @@character_set_client */;
/*!40101 SET character_set_client = utf8 */;
CREATE TABLE `t_mkt_prod_service` (
  `MKT_PROD_ID` bigint(20) DEFAULT NULL COMMENT '营销产品ID',
  `PRODUCT_ID` bigint(20) DEFAULT NULL COMMENT '精算产品ID',
  `ALLOW_SERVICE_ID` varchar(10) COLLATE utf8_bin DEFAULT NULL COMMENT '允许保全项ID（D_SERVICE）',
  `CREATE_BY` bigint(20) NOT NULL COMMENT '创建人',
  `CREATE_TIME` datetime NOT NULL COMMENT '创建用户时间',
  `CREATE_TIMESTAMP` datetime NOT NULL DEFAULT CURRENT_TIMESTAMP COMMENT '创建系统时间',
  `UPDATE_BY` bigint(20) NOT NULL COMMENT '更新人',
  `UPDATE_TIME` datetime NOT NULL COMMENT '更新用户时间',
  `UPDATE_TIMESTAMP` datetime NOT NULL DEFAULT CURRENT_TIMESTAMP ON UPDATE CURRENT_TIMESTAMP COMMENT '更新系统时间',
  KEY `FK_MKT_PROD_SERVICE__MKT_PROD_` (`MKT_PROD_ID`),
  KEY `FK_MKT_PROD_SERVICE__PRODUCT_I` (`PRODUCT_ID`),
  CONSTRAINT `FK_MKT_PROD_SERVICE__MKT_PROD_` FOREIGN KEY (`MKT_PROD_ID`) REFERENCES `t_mkt_product` (`MKT_PROD_ID`),
  CONSTRAINT `FK_MKT_PROD_SERVICE__PRODUCT_I` FOREIGN KEY (`PRODUCT_ID`) REFERENCES `t_product` (`PRODUCT_ID`)
) ENGINE=InnoDB DEFAULT CHARSET=utf8 COLLATE=utf8_bin COMMENT='营销产品保全项配置表';
/*!40101 SET character_set_client = @saved_cs_client */;

--
-- Dumping data for table `t_mkt_prod_service`
--

LOCK TABLES `t_mkt_prod_service` WRITE;
/*!40000 ALTER TABLE `t_mkt_prod_service` DISABLE KEYS */;
/*!40000 ALTER TABLE `t_mkt_prod_service` ENABLE KEYS */;
UNLOCK TABLES;

--
-- Table structure for table `t_mkt_prod_sign`
--

DROP TABLE IF EXISTS `t_mkt_prod_sign`;
/*!40101 SET @saved_cs_client     = @@character_set_client */;
/*!40101 SET character_set_client = utf8 */;
CREATE TABLE `t_mkt_prod_sign` (
  `LIST_ID` bigint(20) NOT NULL AUTO_INCREMENT COMMENT '签报记录ID',
  `MKT_PROD_ID` bigint(20) NOT NULL COMMENT '营销产品ID（营销活动ID）',
  `SIGN_FILE_NAME` varchar(100) COLLATE utf8_bin NOT NULL COMMENT '文件名',
  `SIGN_CONTENT_ID` varchar(30) COLLATE utf8_bin DEFAULT NULL COMMENT '签报资料ID（指向内容系统的内容ID）',
  `CREATE_BY` bigint(20) NOT NULL COMMENT '创建人',
  `CREATE_TIME` datetime NOT NULL COMMENT '创建用户时间',
  `CREATE_TIMESTAMP` datetime NOT NULL DEFAULT CURRENT_TIMESTAMP COMMENT '创建系统时间',
  `UPDATE_BY` bigint(20) NOT NULL COMMENT '更新人',
  `UPDATE_TIME` datetime NOT NULL COMMENT '更新用户时间',
  `UPDATE_TIMESTAMP` datetime NOT NULL DEFAULT CURRENT_TIMESTAMP ON UPDATE CURRENT_TIMESTAMP COMMENT '更新系统时间',
  PRIMARY KEY (`LIST_ID`),
  KEY `FK_MKT_PROD_SIGN__MKT_PROD_ID` (`MKT_PROD_ID`),
  CONSTRAINT `FK_MKT_PROD_SIGN__MKT_PROD_ID` FOREIGN KEY (`MKT_PROD_ID`) REFERENCES `t_mkt_product` (`MKT_PROD_ID`)
) ENGINE=InnoDB AUTO_INCREMENT=85 DEFAULT CHARSET=utf8 COLLATE=utf8_bin COMMENT='营销产品签报资料表';
/*!40101 SET character_set_client = @saved_cs_client */;

--
-- Dumping data for table `t_mkt_prod_sign`
--

LOCK TABLES `t_mkt_prod_sign` WRITE;
/*!40000 ALTER TABLE `t_mkt_prod_sign` DISABLE KEYS */;
INSERT INTO `t_mkt_prod_sign` VALUES (66,27,'演示场景（Demo Scenario）-Jessie.xlsx','暂无',400,'2016-05-12 17:29:21','2016-05-12 17:30:02',400,'2016-05-12 17:29:21','2016-05-12 17:30:02'),(67,27,'互联网保险平台功能清单V0.4.xlsx','暂无',400,'2016-05-12 17:29:39','2016-05-12 17:30:20',400,'2016-05-12 17:29:39','2016-05-12 17:30:20'),(68,28,'演示场景（Demo Scenario）-Jessie.xlsx','暂无',400,'2016-05-12 17:30:25','2016-05-12 17:31:06',400,'2016-05-12 17:30:25','2016-05-12 17:31:06'),(69,18,'演示场景（Demo Scenario）-Jessie.xlsx','暂无',400,'2016-05-12 17:31:07','2016-05-12 17:31:48',400,'2016-05-12 17:31:07','2016-05-12 17:31:48'),(70,19,'测试-租户管理.xlsx','暂无',400,'2016-05-12 17:32:40','2016-05-12 17:33:21',400,'2016-05-12 17:32:40','2016-05-12 17:33:21'),(71,20,'互联网保险平台功能清单V0.4.xlsx','暂无',400,'2016-05-12 17:33:32','2016-05-12 17:34:13',400,'2016-05-12 17:33:32','2016-05-12 17:34:13'),(72,21,'演示场景（Demo Scenario）-Jessie.xlsx','暂无',400,'2016-05-12 17:34:44','2016-05-12 17:35:25',400,'2016-05-12 17:34:44','2016-05-12 17:35:25'),(73,22,'演示场景（Demo Scenario）-Jessie.xlsx','暂无',400,'2016-05-12 17:35:14','2016-05-12 17:35:55',400,'2016-05-12 17:35:14','2016-05-12 17:35:55'),(74,23,'互联网保险平台功能清单V0.4.xlsx','暂无',400,'2016-05-12 17:35:33','2016-05-12 17:36:14',400,'2016-05-12 17:35:33','2016-05-12 17:36:14'),(77,24,'演示场景（Demo Scenario）-Jessie.xlsx','暂无',400,'2016-05-12 17:38:54','2016-05-12 17:39:35',400,'2016-05-12 17:38:54','2016-05-12 17:39:35'),(78,25,'演示场景（Demo Scenario）-Jessie.xlsx','暂无',400,'2016-05-12 17:39:55','2016-05-12 17:40:36',400,'2016-05-12 17:39:55','2016-05-12 17:40:36'),(79,26,'测试-租户管理.xlsx','暂无',400,'2016-05-12 17:40:25','2016-05-12 17:41:06',400,'2016-05-12 17:40:25','2016-05-12 17:41:06'),(80,18,'630集成测试准入准备-jessie.xlsx','暂无',400,'2016-05-30 19:20:25','2016-05-30 19:21:30',400,'2016-05-30 19:20:25','2016-05-30 19:21:30'),(82,28,'初始脚本管理.xlsx','暂无',400,'2016-05-31 14:54:42','2016-05-31 14:55:48',400,'2016-05-31 14:54:42','2016-05-31 14:55:48'),(83,28,'MKTDISPLAYCONF改.sql','暂无',400,'2016-05-31 14:58:24','2016-05-31 14:59:30',400,'2016-05-31 14:58:24','2016-05-31 14:59:30'),(84,28,'学安通 家有健康保险产品协议 20151117.docx','暂无',400,'2016-05-31 14:58:45','2016-05-31 14:59:51',400,'2016-05-31 14:58:45','2016-05-31 14:59:51');
/*!40000 ALTER TABLE `t_mkt_prod_sign` ENABLE KEYS */;
UNLOCK TABLES;

--
-- Table structure for table `t_mkt_product`
--

DROP TABLE IF EXISTS `t_mkt_product`;
/*!40101 SET @saved_cs_client     = @@character_set_client */;
/*!40101 SET character_set_client = utf8 */;
CREATE TABLE `t_mkt_product` (
  `MKT_PROD_ID` bigint(20) NOT NULL AUTO_INCREMENT COMMENT '营销产品ID（营销活动ID）',
  `MKT_PROD_CODE` varchar(30) COLLATE utf8_bin NOT NULL COMMENT '营销产品代码',
  `MKT_PROD_NAME` varchar(30) COLLATE utf8_bin NOT NULL COMMENT '营销产品名称',
  `GROUP_ID` bigint(20) DEFAULT NULL COMMENT '产品组合ID',
  `SPCL_AGREEMENT` varchar(2000) COLLATE utf8_bin DEFAULT NULL COMMENT '营销产品特约内容',
  `SPCL_VERSION` varchar(2000) COLLATE utf8_bin DEFAULT NULL COMMENT '营销产品特别说明',
  `MKT_PROD_STATUS` varchar(10) COLLATE utf8_bin NOT NULL COMMENT '营销产品状态（D_MKT_PROD_STATUS）',
  `APP_TYPE` varchar(10) COLLATE utf8_bin DEFAULT NULL COMMENT '投保方式（D_APP_TYPE）',
  `PREM_CAL_TYPE` varchar(10) COLLATE utf8_bin DEFAULT NULL COMMENT '保费计算方式（D_PREM_CAL_TYPE）',
  `CREATE_BY` bigint(20) NOT NULL COMMENT '创建人',
  `CREATE_TIME` datetime NOT NULL COMMENT '创建用户时间',
  `CREATE_TIMESTAMP` datetime NOT NULL DEFAULT CURRENT_TIMESTAMP COMMENT '创建系统时间',
  `UPDATE_BY` bigint(20) NOT NULL COMMENT '更新人',
  `UPDATE_TIME` datetime NOT NULL COMMENT '更新用户时间',
  `UPDATE_TIMESTAMP` datetime NOT NULL DEFAULT CURRENT_TIMESTAMP ON UPDATE CURRENT_TIMESTAMP COMMENT '更新系统时间',
  PRIMARY KEY (`MKT_PROD_ID`),
  UNIQUE KEY `UNI_MKT_PRODUCT__PROD_CODE` (`MKT_PROD_CODE`),
  KEY `FK_MKT_PRODUCT__GROUP_ID` (`GROUP_ID`),
  CONSTRAINT `FK_MKT_PRODUCT__GROUP_ID` FOREIGN KEY (`GROUP_ID`) REFERENCES `t_prod_group` (`GROUP_ID`)
) ENGINE=InnoDB AUTO_INCREMENT=32 DEFAULT CHARSET=utf8 COLLATE=utf8_bin COMMENT='营销产品表';
/*!40101 SET character_set_client = @saved_cs_client */;

--
-- Dumping data for table `t_mkt_product`
--

LOCK TABLES `t_mkt_product` WRITE;
/*!40000 ALTER TABLE `t_mkt_product` DISABLE KEYS */;
INSERT INTO `t_mkt_product` VALUES (18,'630MPA003','学生平安综合意外险',12,'无测试信息','无测试','1','1','1',400,'2016-05-11 10:29:58','2016-05-11 10:30:37',400,'2016-05-31 16:20:35','2016-05-31 16:21:41'),(19,'630MPA004','白领综合保障计划',13,'无','无','1','1','1',400,'2016-05-11 13:36:21','2016-05-11 13:37:01',400,'2016-05-16 10:39:08','2016-05-30 19:30:13'),(20,'630MPH001','学安通重疾保险产品',14,'无','无','1','1','1',400,'2016-05-11 15:01:33','2016-05-11 15:02:13',400,'2016-05-25 10:59:46','2016-05-30 19:30:13'),(21,'630MPH003','尊享无忧住院医疗险产品协议',15,'无','无','1','1','1',400,'2016-05-12 10:26:01','2016-05-12 10:26:42',400,'2016-05-24 19:26:39','2016-05-30 19:30:13'),(22,'630MPH002','蒲公英门急诊住院保障计划',16,'无','无','1',NULL,NULL,400,'2016-05-12 11:06:51','2016-05-12 11:07:32',400,'2016-05-12 17:35:09','2016-05-30 19:30:13'),(23,'630MPH004','泰康e顺女性疾病保险',17,'无','无','1',NULL,NULL,400,'2016-05-12 11:34:18','2016-05-12 11:34:59',400,'2016-05-12 17:37:48','2016-05-30 19:30:13'),(24,'630MPT001','境外游境外出差保障',18,'无','无','1',NULL,NULL,400,'2016-05-12 11:41:05','2016-05-12 11:41:46',400,'2016-05-12 17:38:05','2016-05-30 19:30:13'),(25,'630MPT002','国内旅游意外伤害保障',19,'无','无','1','1','1',400,'2016-05-12 11:54:13','2016-05-12 11:54:54',400,'2016-05-25 16:04:53','2016-05-30 19:30:13'),(26,'630MPT003','“e-神州逍遥游”境内旅游保险',20,'无','无','1','1','1',400,'2016-05-12 12:29:11','2016-05-12 12:29:51',400,'2016-05-26 15:10:55','2016-05-30 19:30:13'),(27,'630MPA002','股骨颈骨折意外伤害保险',21,'无','无','1','1','1',400,'2016-05-12 12:40:24','2016-05-12 12:41:05',400,'2016-05-30 19:25:31','2016-05-30 19:30:13'),(28,'630MPA001','天祥安顺综合意外伤害保险',22,'无','无','1','1','1',400,'2016-05-12 12:49:03','2016-05-12 12:49:44',400,'2016-05-31 14:58:19','2016-05-31 14:59:25'),(29,'nkey011','保险',20,'','特约','1',NULL,NULL,400,'2016-06-01 14:32:30','2016-06-01 14:33:37',400,'2016-06-01 14:51:48','2016-06-01 14:52:54');
/*!40000 ALTER TABLE `t_mkt_product` ENABLE KEYS */;
UNLOCK TABLES;

--
-- Table structure for table `t_mkt_ruleset`
--

DROP TABLE IF EXISTS `t_mkt_ruleset`;
/*!40101 SET @saved_cs_client     = @@character_set_client */;
/*!40101 SET character_set_client = utf8 */;
CREATE TABLE `t_mkt_ruleset` (
  `TOPIC_RULESET_ID` char(32) COLLATE utf8_bin NOT NULL COMMENT '主题规则集ID(UUID)',
  `MKT_PROD_ID` bigint(20) NOT NULL COMMENT '营销产品ID',
  `TOPIC_CODE` varchar(20) COLLATE utf8_bin NOT NULL COMMENT '主题CODE',
  `RULESET_NAME` varchar(200) COLLATE utf8_bin NOT NULL COMMENT '规则集名  SAMPLE : RULESET_{PRODUCT_ID}_{TOPIC_CODE}',
  `CREATE_BY` bigint(20) NOT NULL COMMENT '创建人',
  `CREATE_TIME` datetime NOT NULL COMMENT '创建用户时间',
  `CREATE_TIMESTAMP` datetime NOT NULL DEFAULT CURRENT_TIMESTAMP COMMENT '创建系统时间',
  `UPDATE_BY` bigint(20) NOT NULL COMMENT '更新人',
  `UPDATE_TIME` datetime NOT NULL COMMENT '更新用户时间',
  `UPDATE_TIMESTAMP` datetime NOT NULL DEFAULT CURRENT_TIMESTAMP ON UPDATE CURRENT_TIMESTAMP COMMENT '更新系统时间',
  PRIMARY KEY (`TOPIC_RULESET_ID`),
  KEY `FK_MKT_RULESET__MKT_PROD_ID` (`MKT_PROD_ID`),
  CONSTRAINT `FK_MKT_RULESET__MKT_PROD_ID` FOREIGN KEY (`MKT_PROD_ID`) REFERENCES `t_mkt_product` (`MKT_PROD_ID`)
) ENGINE=InnoDB DEFAULT CHARSET=utf8 COLLATE=utf8_bin COMMENT='营销产品主题规则集表';
/*!40101 SET character_set_client = @saved_cs_client */;

--
-- Dumping data for table `t_mkt_ruleset`
--

LOCK TABLES `t_mkt_ruleset` WRITE;
/*!40000 ALTER TABLE `t_mkt_ruleset` DISABLE KEYS */;
INSERT INTO `t_mkt_ruleset` VALUES ('02ae36ec17fc11e687e06c92bf178e06',27,'RULE_NB','',400,'2016-05-12 12:42:21','2016-05-12 12:43:02',400,'2016-05-12 12:42:21','2016-05-12 12:43:02'),('04944fde17f411e687e06c92bf178e06',23,'RULE_NB','',400,'2016-05-12 11:45:06','2016-05-12 11:45:49',400,'2016-05-12 11:45:06','2016-05-12 11:45:49'),('110a1d6817fd11e687e06c92bf178e06',28,'RULE_NB','',400,'2016-05-12 12:49:55','2016-05-12 12:50:36',400,'2016-05-12 12:49:55','2016-05-12 12:50:36'),('134b3bae173b11e687e06c92bf178e06',19,'RULE_NB','',400,'2016-05-11 13:41:18','2016-05-11 13:41:57',400,'2016-05-11 13:41:18','2016-05-11 13:41:57'),('486e75b427c311e6a7a4286ed488cc2d',29,'RULE_NB','',400,'2016-06-01 14:36:10','2016-06-01 14:37:16',400,'2016-06-01 14:36:10','2016-06-01 14:37:16'),('52eec9a717f111e687e06c92bf178e06',22,'RULE_NB','',400,'2016-05-12 11:25:52','2016-05-12 11:26:32',400,'2016-05-12 11:25:52','2016-05-12 11:26:32'),('54c3ea90174f11e687e06c92bf178e06',20,'','',400,'2016-05-11 16:06:17','2016-05-11 16:06:57',400,'2016-05-11 16:06:17','2016-05-11 16:06:57'),('929c06fd1d9811e6b2e96c92bf178e06',20,'RULE_NB','',400,'2016-05-19 16:06:37','2016-05-19 16:06:21',400,'2016-05-19 16:06:37','2016-05-19 16:06:21'),('9cda0e5d17ea11e687e06c92bf178e06',21,'RULE_NB','',400,'2016-05-12 10:37:49','2016-05-12 10:38:30',400,'2016-05-12 10:37:49','2016-05-12 10:38:30'),('a0270ac617f811e687e06c92bf178e06',25,'RULE_NB','',400,'2016-05-12 12:18:08','2016-05-12 12:18:48',400,'2016-05-12 12:18:08','2016-05-12 12:18:48'),('ac3a5396215111e6b2e96c92bf178e06',27,'RULE_UW','',400,'2016-05-24 09:49:04','2016-05-24 09:48:54',400,'2016-05-24 09:49:04','2016-05-24 09:48:54'),('c4fdd2a217f411e687e06c92bf178e06',24,'RULE_NB','',400,'2016-05-12 11:50:31','2016-05-12 11:51:12',400,'2016-05-12 11:50:31','2016-05-12 11:51:12'),('f9279fde172111e687e06c92bf178e06',18,'RULE_NB','',400,'2016-05-11 10:41:36','2016-05-11 10:42:16',400,'2016-05-11 10:41:36','2016-05-11 10:42:16');
/*!40000 ALTER TABLE `t_mkt_ruleset` ENABLE KEYS */;
UNLOCK TABLES;

--
-- Table structure for table `t_mkt_scale_limit`
--

DROP TABLE IF EXISTS `t_mkt_scale_limit`;
/*!40101 SET @saved_cs_client     = @@character_set_client */;
/*!40101 SET character_set_client = utf8 */;
CREATE TABLE `t_mkt_scale_limit` (
  `LIST_ID` bigint(20) NOT NULL AUTO_INCREMENT COMMENT '销售规模限制ID',
  `AGREEMENT_ID` bigint(20) NOT NULL COMMENT '协议ID',
  `MKT_PROD_ID` bigint(20) NOT NULL COMMENT '关联营销产品ID',
  `LIMIT_TYPE` varchar(10) COLLATE utf8_bin DEFAULT NULL COMMENT 'D_MKT_PROD_LIMIT_TYPE',
  `LIMIT_VALUE` bigint(20) DEFAULT NULL COMMENT '规模限制额',
  `CREATE_BY` bigint(20) NOT NULL COMMENT '创建人',
  `CREATE_TIME` datetime NOT NULL COMMENT '创建用户时间',
  `CREATE_TIMESTAMP` datetime NOT NULL DEFAULT CURRENT_TIMESTAMP COMMENT '创建系统时间',
  `UPDATE_BY` bigint(20) NOT NULL COMMENT '更新人',
  `UPDATE_TIME` datetime NOT NULL COMMENT '更新用户时间',
  `UPDATE_TIMESTAMP` datetime NOT NULL DEFAULT CURRENT_TIMESTAMP ON UPDATE CURRENT_TIMESTAMP COMMENT '更新系统时间',
  PRIMARY KEY (`LIST_ID`),
  KEY `FK_MKT_SCALE_LIMIT__AGREEMENT_` (`AGREEMENT_ID`),
  KEY `FK_MKT_SCALE_LIMIT__MKT_PROD_I` (`MKT_PROD_ID`),
  CONSTRAINT `FK_MKT_SCALE_LIMIT__AGREEMENT_` FOREIGN KEY (`AGREEMENT_ID`) REFERENCES `t_channel_agreement` (`AGREEMENT_ID`),
  CONSTRAINT `FK_MKT_SCALE_LIMIT__MKT_PROD_I` FOREIGN KEY (`MKT_PROD_ID`) REFERENCES `t_mkt_product` (`MKT_PROD_ID`)
) ENGINE=InnoDB DEFAULT CHARSET=utf8 COLLATE=utf8_bin COMMENT='销售规模限制表';
/*!40101 SET character_set_client = @saved_cs_client */;

--
-- Dumping data for table `t_mkt_scale_limit`
--

LOCK TABLES `t_mkt_scale_limit` WRITE;
/*!40000 ALTER TABLE `t_mkt_scale_limit` DISABLE KEYS */;
/*!40000 ALTER TABLE `t_mkt_scale_limit` ENABLE KEYS */;
UNLOCK TABLES;

--
-- Table structure for table `t_mkt_share_cost`
--

DROP TABLE IF EXISTS `t_mkt_share_cost`;
/*!40101 SET @saved_cs_client     = @@character_set_client */;
/*!40101 SET character_set_client = utf8 */;
CREATE TABLE `t_mkt_share_cost` (
  `SHARE_COST_ID` bigint(20) NOT NULL AUTO_INCREMENT COMMENT '公摊成本ID',
  `SHARE_COST_DESC` varchar(100) COLLATE utf8_bin DEFAULT NULL COMMENT '公摊成本的简要说明内容',
  `COST_ITEM_CODE` varchar(10) COLLATE utf8_bin DEFAULT NULL COMMENT '所属的成本项目代码（D_COST_ITEM）',
  `COST_ITEM_VALUE` bigint(20) DEFAULT NULL COMMENT '所属的成本项目金额',
  `CREATE_BY` bigint(20) NOT NULL COMMENT '创建人',
  `CREATE_TIME` datetime NOT NULL COMMENT '创建用户时间',
  `CREATE_TIMESTAMP` datetime NOT NULL DEFAULT CURRENT_TIMESTAMP COMMENT '创建系统时间',
  `UPDATE_BY` bigint(20) NOT NULL COMMENT '更新人',
  `UPDATE_TIME` datetime NOT NULL COMMENT '更新用户时间',
  `UPDATE_TIMESTAMP` datetime NOT NULL DEFAULT CURRENT_TIMESTAMP ON UPDATE CURRENT_TIMESTAMP COMMENT '更新系统时间',
  PRIMARY KEY (`SHARE_COST_ID`)
) ENGINE=InnoDB DEFAULT CHARSET=utf8 COLLATE=utf8_bin COMMENT='营销产品共摊成本表';
/*!40101 SET character_set_client = @saved_cs_client */;

--
-- Dumping data for table `t_mkt_share_cost`
--

LOCK TABLES `t_mkt_share_cost` WRITE;
/*!40000 ALTER TABLE `t_mkt_share_cost` DISABLE KEYS */;
/*!40000 ALTER TABLE `t_mkt_share_cost` ENABLE KEYS */;
UNLOCK TABLES;

--
-- Table structure for table `t_module_url`
--

DROP TABLE IF EXISTS `t_module_url`;
/*!40101 SET @saved_cs_client     = @@character_set_client */;
/*!40101 SET character_set_client = utf8 */;
CREATE TABLE `t_module_url` (
  `url_id` bigint(20) NOT NULL AUTO_INCREMENT,
  `RESOURCE_ID` bigint(20) DEFAULT NULL,
  `URL` varchar(200) COLLATE utf8_bin DEFAULT NULL,
  `EXTRA_QW` varchar(200) COLLATE utf8_bin DEFAULT NULL,
  `URL_DESC` varchar(200) COLLATE utf8_bin DEFAULT NULL,
  PRIMARY KEY (`url_id`),
  KEY `FK_MODULE_URL__RESOURCE_ID` (`RESOURCE_ID`),
  CONSTRAINT `FK_MODULE_URL__RESOURCE_ID` FOREIGN KEY (`RESOURCE_ID`) REFERENCES `t_menu_resource` (`resource_id`)
) ENGINE=InnoDB DEFAULT CHARSET=utf8 COLLATE=utf8_bin COMMENT='模块url';
/*!40101 SET character_set_client = @saved_cs_client */;

--
-- Dumping data for table `t_module_url`
--

LOCK TABLES `t_module_url` WRITE;
/*!40000 ALTER TABLE `t_module_url` DISABLE KEYS */;
/*!40000 ALTER TABLE `t_module_url` ENABLE KEYS */;
UNLOCK TABLES;

--
-- Table structure for table `t_mt_prod_amount`
--

DROP TABLE IF EXISTS `t_mt_prod_amount`;
/*!40101 SET @saved_cs_client     = @@character_set_client */;
/*!40101 SET character_set_client = utf8 */;
CREATE TABLE `t_mt_prod_amount` (
  `LEVEL_ID` int(11) NOT NULL AUTO_INCREMENT COMMENT '档次',
  `MT_PROD_ID` bigint(20) NOT NULL COMMENT '产品id',
  `LEVEL_CODE` varchar(4) COLLATE utf8_bin DEFAULT NULL,
  `LEVEL_VALUE` decimal(16,2) DEFAULT NULL COMMENT '档次值',
  `LEVEL_DESC` varchar(400) COLLATE utf8_bin DEFAULT NULL,
  `LEVEL_LABEL` varchar(400) COLLATE utf8_bin DEFAULT NULL,
  PRIMARY KEY (`LEVEL_ID`),
  KEY `Fk_MT_PROD_AMOUNT__PROD_ID` (`MT_PROD_ID`),
  CONSTRAINT `Fk_MT_PROD_AMOUNT__PROD_ID` FOREIGN KEY (`MT_PROD_ID`) REFERENCES `t_mt_product` (`PRODUCT_ID`)
) ENGINE=InnoDB DEFAULT CHARSET=utf8 COLLATE=utf8_bin;
/*!40101 SET character_set_client = @saved_cs_client */;

--
-- Dumping data for table `t_mt_prod_amount`
--

LOCK TABLES `t_mt_prod_amount` WRITE;
/*!40000 ALTER TABLE `t_mt_prod_amount` DISABLE KEYS */;
/*!40000 ALTER TABLE `t_mt_prod_amount` ENABLE KEYS */;
UNLOCK TABLES;

--
-- Table structure for table `t_mt_product`
--

DROP TABLE IF EXISTS `t_mt_product`;
/*!40101 SET @saved_cs_client     = @@character_set_client */;
/*!40101 SET character_set_client = utf8 */;
CREATE TABLE `t_mt_product` (
  `PRODUCT_ID` bigint(20) NOT NULL COMMENT '产品id',
  `AMOUNT_LOAD_TYPE` char(1) COLLATE utf8_bin NOT NULL COMMENT '保额承载方式 1. 固定保额 2.份数 3.不固定保额 4投保档次',
  `INSURED_YN` char(1) COLLATE utf8_bin DEFAULT NULL COMMENT '与被保人类别相关',
  `VEHICLE_USE_YN` char(1) COLLATE utf8_bin DEFAULT NULL COMMENT '车辆用途相关',
  `PURCHASE_TIME` char(1) COLLATE utf8_bin DEFAULT NULL COMMENT '购买时间相关',
  `SEATS_COUNT_YN` char(1) COLLATE utf8_bin DEFAULT NULL COMMENT '座位数',
  `TONNAGE_YN` char(1) COLLATE utf8_bin DEFAULT NULL COMMENT '吨位数',
  `POWER_YN` char(1) COLLATE utf8_bin DEFAULT NULL COMMENT '马力或功率',
  `LEVEL_YN` char(1) COLLATE utf8_bin DEFAULT NULL COMMENT '投保档次',
  `DIRVER_YN` char(1) COLLATE utf8_bin DEFAULT NULL COMMENT '司机相关',
  `PASSENGER_YN` char(1) COLLATE utf8_bin DEFAULT NULL COMMENT '乘客相关',
  `GLASS_MADE_IN_YN` char(1) COLLATE utf8_bin DEFAULT NULL COMMENT '玻璃产地（国产、进口)',
  `PURCHASE_AMOUNT_YN` char(1) COLLATE utf8_bin DEFAULT NULL COMMENT '购置价',
  `ATTCHED_MAIN_YN` char(1) COLLATE utf8_bin DEFAULT NULL COMMENT '主险相关',
  `ATTCHED_RIDER_YN` char(1) COLLATE utf8_bin DEFAULT NULL COMMENT '附加险相关',
  PRIMARY KEY (`PRODUCT_ID`),
  CONSTRAINT `fk_MT_PRODUCT__product_id` FOREIGN KEY (`PRODUCT_ID`) REFERENCES `t_product` (`PRODUCT_ID`)
) ENGINE=InnoDB DEFAULT CHARSET=utf8 COLLATE=utf8_bin COMMENT='车险产品';
/*!40101 SET character_set_client = @saved_cs_client */;

--
-- Dumping data for table `t_mt_product`
--

LOCK TABLES `t_mt_product` WRITE;
/*!40000 ALTER TABLE `t_mt_product` DISABLE KEYS */;
/*!40000 ALTER TABLE `t_mt_product` ENABLE KEYS */;
UNLOCK TABLES;

--
-- Table structure for table `t_organ_type`
--

DROP TABLE IF EXISTS `t_organ_type`;
/*!40101 SET @saved_cs_client     = @@character_set_client */;
/*!40101 SET character_set_client = utf8 */;
CREATE TABLE `t_organ_type` (
  `ORGAN_TYPE` varchar(2) COLLATE utf8_bin NOT NULL,
  `TYPE_NAME` varchar(100) COLLATE utf8_bin DEFAULT NULL,
  PRIMARY KEY (`ORGAN_TYPE`)
) ENGINE=InnoDB DEFAULT CHARSET=utf8 COLLATE=utf8_bin;
/*!40101 SET character_set_client = @saved_cs_client */;

--
-- Dumping data for table `t_organ_type`
--

LOCK TABLES `t_organ_type` WRITE;
/*!40000 ALTER TABLE `t_organ_type` DISABLE KEYS */;
INSERT INTO `t_organ_type` VALUES ('1','保险公司'),('2','基金公司'),('9','其他');
/*!40000 ALTER TABLE `t_organ_type` ENABLE KEYS */;
UNLOCK TABLES;

--
-- Table structure for table `t_pay_mode_conf`
--

DROP TABLE IF EXISTS `t_pay_mode_conf`;
/*!40101 SET @saved_cs_client     = @@character_set_client */;
/*!40101 SET character_set_client = utf8 */;
CREATE TABLE `t_pay_mode_conf` (
  `LIST_ID` bigint(20) NOT NULL AUTO_INCREMENT COMMENT '记录ID',
  `PAY_MODE` varchar(10) DEFAULT NULL COMMENT '收付款方式代码',
  `TR_CODE` varchar(10) DEFAULT NULL COMMENT '天融支付通道代码',
  PRIMARY KEY (`LIST_ID`)
) ENGINE=InnoDB DEFAULT CHARSET=utf8mb4 COMMENT='收付款方式关联配置表';
/*!40101 SET character_set_client = @saved_cs_client */;

--
-- Dumping data for table `t_pay_mode_conf`
--

LOCK TABLES `t_pay_mode_conf` WRITE;
/*!40000 ALTER TABLE `t_pay_mode_conf` DISABLE KEYS */;
/*!40000 ALTER TABLE `t_pay_mode_conf` ENABLE KEYS */;
UNLOCK TABLES;

--
-- Table structure for table `t_payment`
--

DROP TABLE IF EXISTS `t_payment`;
/*!40101 SET @saved_cs_client     = @@character_set_client */;
/*!40101 SET character_set_client = utf8 */;
CREATE TABLE `t_payment` (
  `PAYMENT_ID` bigint(20) NOT NULL AUTO_INCREMENT COMMENT '支付信息ID',
  `PROPOSAL_ID` bigint(20) DEFAULT NULL COMMENT '投保单ID',
  `ORGAN_ID` bigint(20) DEFAULT NULL COMMENT '机构id',
  `支付流水号` varchar(40) COLLATE utf8_bin DEFAULT NULL COMMENT '支付流水号',
  `金额` decimal(12,2) DEFAULT NULL COMMENT '金额',
  `币种` char(3) COLLATE utf8_bin DEFAULT NULL COMMENT '币种',
  `支付发起时间` date DEFAULT NULL COMMENT '支付发起时间',
  `支付完成时间` date DEFAULT NULL COMMENT '支付完成时间',
  `FAILS_COUNTER` int(11) DEFAULT '0' COMMENT '失败次数',
  `支付状态` int(11) DEFAULT NULL COMMENT '支付状态',
  `OFFSET_GLOBAL_ID` char(32) COLLATE utf8_bin NOT NULL,
  `CREATED_BY` bigint(20) DEFAULT NULL COMMENT '创建人',
  `CREATE_TIME` datetime DEFAULT CURRENT_TIMESTAMP COMMENT '创建时间',
  `UPDATE_BY` bigint(20) DEFAULT NULL COMMENT '更新记录人',
  `UPDATE_TIME` datetime NOT NULL DEFAULT CURRENT_TIMESTAMP ON UPDATE CURRENT_TIMESTAMP COMMENT '更新记录时间',
  PRIMARY KEY (`PAYMENT_ID`),
  KEY `FK_REFERENCE_23` (`PROPOSAL_ID`),
  KEY `FK_REFERENCE_31` (`ORGAN_ID`),
  CONSTRAINT `FK_REFERENCE_23` FOREIGN KEY (`PROPOSAL_ID`) REFERENCES `t_proposal` (`PROPOSAL_ID`),
  CONSTRAINT `FK_REFERENCE_31` FOREIGN KEY (`ORGAN_ID`) REFERENCES `t_company_organ` (`organ_id`)
) ENGINE=InnoDB DEFAULT CHARSET=utf8 COLLATE=utf8_bin COMMENT='支付信息表';
/*!40101 SET character_set_client = @saved_cs_client */;

--
-- Dumping data for table `t_payment`
--

LOCK TABLES `t_payment` WRITE;
/*!40000 ALTER TABLE `t_payment` DISABLE KEYS */;
/*!40000 ALTER TABLE `t_payment` ENABLE KEYS */;
UNLOCK TABLES;

--
-- Table structure for table `t_period_type`
--

DROP TABLE IF EXISTS `t_period_type`;
/*!40101 SET @saved_cs_client     = @@character_set_client */;
/*!40101 SET character_set_client = utf8 */;
CREATE TABLE `t_period_type` (
  `period_type` decimal(1,0) NOT NULL,
  `type_name` varchar(20) COLLATE utf8_bin DEFAULT NULL,
  PRIMARY KEY (`period_type`)
) ENGINE=InnoDB DEFAULT CHARSET=utf8 COLLATE=utf8_bin COMMENT='长短险类型';
/*!40101 SET character_set_client = @saved_cs_client */;

--
-- Dumping data for table `t_period_type`
--

LOCK TABLES `t_period_type` WRITE;
/*!40000 ALTER TABLE `t_period_type` DISABLE KEYS */;
INSERT INTO `t_period_type` VALUES (1,'一年期以上'),(2,'一年期'),(3,'一年期以内'),(4,'一年期以及一年期以内');
/*!40000 ALTER TABLE `t_period_type` ENABLE KEYS */;
UNLOCK TABLES;

--
-- Table structure for table `t_platform_resource`
--

DROP TABLE IF EXISTS `t_platform_resource`;
/*!40101 SET @saved_cs_client     = @@character_set_client */;
/*!40101 SET character_set_client = utf8 */;
CREATE TABLE `t_platform_resource` (
  `RESOURCE_ID` bigint(20) NOT NULL AUTO_INCREMENT,
  `resource_type` varchar(5) COLLATE utf8_bin DEFAULT NULL,
  `DESCRI` varchar(400) COLLATE utf8_bin DEFAULT NULL,
  `CODE` varchar(20) COLLATE utf8_bin DEFAULT NULL,
  `IP_V4` varchar(20) COLLATE utf8_bin DEFAULT NULL,
  `GATEWAY` varchar(20) COLLATE utf8_bin DEFAULT NULL,
  `IP_V6` varchar(20) COLLATE utf8_bin DEFAULT NULL,
  `MAC_ADDR` varchar(20) COLLATE utf8_bin DEFAULT NULL,
  `SERVICE_URL` varchar(4000) COLLATE utf8_bin DEFAULT NULL,
  `SECU_YN` char(1) COLLATE utf8_bin DEFAULT NULL,
  PRIMARY KEY (`RESOURCE_ID`),
  KEY `fk_platform_resource_1` (`resource_type`),
  CONSTRAINT `fk_platform_resource_1` FOREIGN KEY (`resource_type`) REFERENCES `t_platform_resource_type` (`resource_type`)
) ENGINE=InnoDB DEFAULT CHARSET=utf8 COLLATE=utf8_bin COMMENT='平台资源';
/*!40101 SET character_set_client = @saved_cs_client */;

--
-- Dumping data for table `t_platform_resource`
--

LOCK TABLES `t_platform_resource` WRITE;
/*!40000 ALTER TABLE `t_platform_resource` DISABLE KEYS */;
/*!40000 ALTER TABLE `t_platform_resource` ENABLE KEYS */;
UNLOCK TABLES;

--
-- Table structure for table `t_platform_resource_type`
--

DROP TABLE IF EXISTS `t_platform_resource_type`;
/*!40101 SET @saved_cs_client     = @@character_set_client */;
/*!40101 SET character_set_client = utf8 */;
CREATE TABLE `t_platform_resource_type` (
  `resource_type` char(5) COLLATE utf8_bin NOT NULL,
  `description` varchar(400) COLLATE utf8_bin DEFAULT NULL,
  PRIMARY KEY (`resource_type`)
) ENGINE=InnoDB DEFAULT CHARSET=utf8 COLLATE=utf8_bin COMMENT='平台资源分类';
/*!40101 SET character_set_client = @saved_cs_client */;

--
-- Dumping data for table `t_platform_resource_type`
--

LOCK TABLES `t_platform_resource_type` WRITE;
/*!40000 ALTER TABLE `t_platform_resource_type` DISABLE KEYS */;
/*!40000 ALTER TABLE `t_platform_resource_type` ENABLE KEYS */;
UNLOCK TABLES;

--
-- Table structure for table `t_premium_offset`
--

DROP TABLE IF EXISTS `t_premium_offset`;
/*!40101 SET @saved_cs_client     = @@character_set_client */;
/*!40101 SET character_set_client = utf8 */;
CREATE TABLE `t_premium_offset` (
  `OFFSET_GLOBAL_ID` char(32) COLLATE utf8_bin NOT NULL,
  `OFFSET_ID` bigint(20) NOT NULL AUTO_INCREMENT,
  `PREMIUM_ID` bigint(20) DEFAULT NULL COMMENT '应收费用ID',
  `PREMIUM_AMOUNT` decimal(12,2) NOT NULL COMMENT '保费金额',
  `PAYMENT_ID` bigint(20) NOT NULL COMMENT '支付信息ID',
  `ORGAN_ID` bigint(20) DEFAULT NULL COMMENT '租户ID',
  `PREM_CURRENCY` char(3) COLLATE utf8_bin NOT NULL COMMENT '保费币种',
  `PAYMENT_AMOUNT` decimal(12,2) NOT NULL COMMENT '支付金额',
  `PAYMENT_CURRENCY` char(3) COLLATE utf8_bin NOT NULL COMMENT '支付币种',
  `OFFSET_TYPE` int(11) NOT NULL COMMENT '冲销类型',
  `CREATED_BY` bigint(20) DEFAULT NULL COMMENT '创建人',
  `CREATE_TIME` datetime DEFAULT CURRENT_TIMESTAMP COMMENT '创建时间',
  `UPDATE_BY` bigint(20) DEFAULT NULL COMMENT '更新记录人',
  `UPDATE_TIME` datetime NOT NULL DEFAULT CURRENT_TIMESTAMP ON UPDATE CURRENT_TIMESTAMP COMMENT '更新记录时间',
  PRIMARY KEY (`OFFSET_ID`),
  KEY `FK_REFERENCE_36` (`PAYMENT_ID`),
  KEY `FK_REFERENCE_38` (`ORGAN_ID`),
  CONSTRAINT `FK_REFERENCE_36` FOREIGN KEY (`PAYMENT_ID`) REFERENCES `t_payment` (`PAYMENT_ID`),
  CONSTRAINT `FK_REFERENCE_38` FOREIGN KEY (`ORGAN_ID`) REFERENCES `t_company_organ` (`organ_id`)
) ENGINE=InnoDB DEFAULT CHARSET=utf8 COLLATE=utf8_bin COMMENT='费用冲销表';
/*!40101 SET character_set_client = @saved_cs_client */;

--
-- Dumping data for table `t_premium_offset`
--

LOCK TABLES `t_premium_offset` WRITE;
/*!40000 ALTER TABLE `t_premium_offset` DISABLE KEYS */;
/*!40000 ALTER TABLE `t_premium_offset` ENABLE KEYS */;
UNLOCK TABLES;

--
-- Table structure for table `t_print_his_task_20160413`
--

DROP TABLE IF EXISTS `t_print_his_task_20160413`;
/*!40101 SET @saved_cs_client     = @@character_set_client */;
/*!40101 SET character_set_client = utf8 */;
CREATE TABLE `t_print_his_task_20160413` (
  `TASK_ID` bigint(20) NOT NULL COMMENT '任务ID',
  `TEMPLATE_ID` bigint(20) NOT NULL COMMENT '模板ID',
  `BUSI_TYPE` varchar(30) COLLATE utf8_bin DEFAULT NULL COMMENT '业务类型',
  `BUSI_NO` varchar(30) COLLATE utf8_bin DEFAULT NULL COMMENT '业务号码',
  `SEND_TYPE` varchar(30) COLLATE utf8_bin NOT NULL COMMENT '打印任务类型',
  `CMS_PARAM` blob NOT NULL COMMENT '发送的短信参数',
  `TASK_STATUS` varchar(30) COLLATE utf8_bin NOT NULL COMMENT ' 任务处理状态\n	            --d_common_status',
  `TASK_NAME` varchar(30) COLLATE utf8_bin NOT NULL COMMENT '打印任务名称',
  `PRINT_TIME` datetime NOT NULL DEFAULT CURRENT_TIMESTAMP COMMENT '打印时间',
  `REPEAT_TIMES` int(11) DEFAULT NULL COMMENT '任务重发次数',
  `CREATE_BY` bigint(20) NOT NULL COMMENT '创建人',
  `CREATE_TIME` datetime NOT NULL DEFAULT CURRENT_TIMESTAMP COMMENT '创建时间',
  `UPDATE_BY` bigint(20) NOT NULL COMMENT '更新记录人',
  `UPDATE_TIME` datetime NOT NULL DEFAULT CURRENT_TIMESTAMP ON UPDATE CURRENT_TIMESTAMP COMMENT '更新记录时间',
  PRIMARY KEY (`TASK_ID`)
) ENGINE=InnoDB DEFAULT CHARSET=utf8 COLLATE=utf8_bin;
/*!40101 SET character_set_client = @saved_cs_client */;

--
-- Dumping data for table `t_print_his_task_20160413`
--

LOCK TABLES `t_print_his_task_20160413` WRITE;
/*!40000 ALTER TABLE `t_print_his_task_20160413` DISABLE KEYS */;
/*!40000 ALTER TABLE `t_print_his_task_20160413` ENABLE KEYS */;
UNLOCK TABLES;

--
-- Table structure for table `t_prod_biz_category`
--

DROP TABLE IF EXISTS `t_prod_biz_category`;
/*!40101 SET @saved_cs_client     = @@character_set_client */;
/*!40101 SET character_set_client = utf8 */;
CREATE TABLE `t_prod_biz_category` (
  `CATEGORY_ID` varchar(8) COLLATE utf8_bin NOT NULL COMMENT '类别id',
  `PARENT_CATE_ID` varchar(8) COLLATE utf8_bin DEFAULT NULL COMMENT '父类别id',
  `CATEGORY_NAME` varchar(100) COLLATE utf8_bin NOT NULL COMMENT '类别名称',
  `DESCRIPTION` varchar(200) COLLATE utf8_bin DEFAULT NULL COMMENT '类别描述',
  `CATEGORY_CODE` varchar(50) COLLATE utf8_bin NOT NULL COMMENT '类别代码',
  `IS_LEAF` decimal(1,0) NOT NULL DEFAULT '0' COMMENT '是否末级类别',
  `GRADE` decimal(2,0) NOT NULL COMMENT '类别等级',
  `INSERT_BY` bigint(20) DEFAULT NULL COMMENT '记录插入人',
  `UPDATE_BY` bigint(20) DEFAULT NULL COMMENT '记录更新人',
  `INSERT_TIME` datetime NOT NULL DEFAULT CURRENT_TIMESTAMP COMMENT '记录插入时间',
  `UPDATE_TIME` datetime NOT NULL DEFAULT CURRENT_TIMESTAMP COMMENT '记录更新时间',
  `INSERT_TIMESTAMP` datetime NOT NULL DEFAULT CURRENT_TIMESTAMP COMMENT '记录插入时间戳',
  `UPDATE_TIMESTAMP` datetime NOT NULL DEFAULT CURRENT_TIMESTAMP ON UPDATE CURRENT_TIMESTAMP COMMENT '记录更新时间戳',
  PRIMARY KEY (`CATEGORY_ID`)
) ENGINE=InnoDB DEFAULT CHARSET=utf8 COLLATE=utf8_bin COMMENT='产品业务分类表';
/*!40101 SET character_set_client = @saved_cs_client */;

--
-- Dumping data for table `t_prod_biz_category`
--

LOCK TABLES `t_prod_biz_category` WRITE;
/*!40000 ALTER TABLE `t_prod_biz_category` DISABLE KEYS */;
INSERT INTO `t_prod_biz_category` VALUES ('','25','',NULL,'',0,0,NULL,NULL,'2015-11-27 11:37:46','2015-11-27 11:37:46','2015-11-27 11:37:46','2015-11-27 11:37:46'),('1',NULL,'设计类型','设计类型','1',0,1,NULL,NULL,'2015-11-27 10:18:31','2015-11-27 10:18:31','2015-11-27 10:18:31','2015-11-27 11:36:53'),('10','7','健康保险','健康保险','10',1,2,NULL,NULL,'2015-11-27 11:29:45','2015-11-27 11:29:45','2015-11-27 11:29:45','2015-11-27 11:30:35'),('11','7','意外伤害保险','意外伤害保险','11',1,2,NULL,NULL,'2015-11-27 11:29:50','2015-11-27 11:29:50','2015-11-27 11:29:50','2015-11-27 11:30:36'),('12',NULL,'险种类别','险种类别','12',0,1,NULL,NULL,'2015-11-27 11:31:48','2015-11-27 11:31:48','2015-11-27 11:31:48','2015-11-27 11:31:54'),('13','12','定期寿险','定期寿险','',1,2,NULL,NULL,'2015-11-27 11:28:16','2015-11-27 11:28:16','2015-11-27 11:28:16','2015-11-27 11:32:11'),('14','12','终身寿险','终身寿险','14',1,2,NULL,NULL,'2015-11-27 11:33:00','2015-11-27 11:33:00','2015-11-27 11:33:00','2015-11-27 11:34:50'),('15','12','两全保险','两全保险','15',1,2,NULL,NULL,'2015-11-27 11:33:01','2015-11-27 11:33:01','2015-11-27 11:33:01','2015-11-27 11:34:42'),('16','12','非养老年金保险的其他年金保险','非养老年金保险的其他年金保险','16',1,2,NULL,NULL,'2015-11-27 11:33:03','2015-11-27 11:33:03','2015-11-27 11:33:03','2015-11-27 11:34:41'),('17','12','养老年金保险','养老年金保险','17',1,2,NULL,NULL,'2015-11-27 11:33:06','2015-11-27 11:33:06','2015-11-27 11:33:06','2015-11-27 11:34:41'),('18','12','疾病保险','疾病保险','18',1,2,NULL,NULL,'2015-11-27 11:33:09','2015-11-27 11:33:09','2015-11-27 11:33:09','2015-11-27 11:34:40'),('19','12','医疗保险','医疗保险','19',1,2,NULL,NULL,'2015-11-27 11:33:11','2015-11-27 11:33:11','2015-11-27 11:33:11','2015-11-27 11:34:39'),('2','1','普通型','普通型','2',1,2,NULL,NULL,'2015-11-27 10:18:32','2015-11-27 10:18:32','2015-11-27 10:18:32','2015-11-27 11:27:34'),('20','12','护理保险','护理保险','20',1,2,NULL,NULL,'2015-11-27 11:33:14','2015-11-27 11:33:14','2015-11-27 11:33:14','2015-11-27 11:34:33'),('21','12','意外伤害保险','意外伤害保险','21',1,2,NULL,NULL,'2015-11-27 11:34:32','2015-11-27 11:34:32','2015-11-27 11:34:32','2015-11-27 11:35:59'),('22','12','失能收入损失保险','失能收入损失保险','22',1,2,NULL,NULL,'2015-11-27 11:35:07','2015-11-27 11:35:07','2015-11-27 11:35:07','2015-11-27 11:35:59'),('23','12','健康保险委托管理产品','健康保险委托管理产品','23',1,2,NULL,NULL,'2015-11-27 11:35:09','2015-11-27 11:35:09','2015-11-27 11:35:09','2015-11-27 11:36:01'),('24','12','健康服务产品','健康服务产品','24',1,2,NULL,NULL,'2015-11-27 11:35:11','2015-11-27 11:35:11','2015-11-27 11:35:11','2015-11-27 11:36:04'),('25',NULL,'险种细分','险种细分','25',0,1,NULL,NULL,'2015-11-27 11:37:44','2015-11-27 11:37:44','2015-11-27 11:37:44','2015-11-27 11:37:44'),('26','25','非重疾保险','非重疾保险','26',1,2,NULL,NULL,'2015-11-27 11:38:25','2015-11-27 11:38:25','2015-11-27 11:38:25','2015-11-27 11:39:22'),('27','25','重疾保险','重疾保险','27',1,2,NULL,NULL,'2016-04-19 17:24:45','2016-04-19 17:24:45','2016-04-19 17:24:45','2016-04-19 17:24:45'),('28','25','定额给付型','定额给付型','28',1,2,NULL,NULL,'2015-11-27 11:38:30','2015-11-27 11:38:30','2015-11-27 11:38:30','2015-11-27 11:39:22'),('29','25','费用报销型','费用报销型','29',1,2,NULL,NULL,'2015-11-27 11:38:33','2015-11-27 11:38:33','2015-11-27 11:38:33','2015-11-27 11:39:23'),('3','1','分红型','分红型','3',1,2,NULL,NULL,'2015-11-27 10:18:34','2015-11-27 10:18:34','2015-11-27 10:18:34','2015-11-27 11:27:36'),('4','1','万能型','万能型','4',1,2,NULL,NULL,'2015-11-27 10:18:36','2015-11-27 10:18:36','2015-11-27 10:18:36','2015-11-27 11:27:39'),('5','1','投资连结型','投资连结型','5',1,2,NULL,NULL,'2015-11-27 10:19:06','2015-11-27 10:19:06','2015-11-27 10:19:06','2015-11-27 11:27:41'),('6','1','变额型','变额型','6',1,2,NULL,NULL,'2015-11-27 10:20:31','2015-11-27 10:20:31','2015-11-27 10:20:31','2015-11-27 11:28:01'),('7',NULL,'险种分类','险种分类','7',0,1,NULL,NULL,'2015-11-27 11:28:27','2015-11-27 11:28:27','2015-11-27 11:28:27','2015-11-27 11:36:50'),('9','7','年金保险','年金保险','9',1,2,NULL,NULL,'2015-11-27 11:28:35','2015-11-27 11:28:35','2015-11-27 11:28:35','2015-11-27 11:30:35');
/*!40000 ALTER TABLE `t_prod_biz_category` ENABLE KEYS */;
UNLOCK TABLES;

--
-- Table structure for table `t_prod_calc`
--

DROP TABLE IF EXISTS `t_prod_calc`;
/*!40101 SET @saved_cs_client     = @@character_set_client */;
/*!40101 SET character_set_client = utf8 */;
CREATE TABLE `t_prod_calc` (
  `TOPIC_CALC_ID` varchar(32) COLLATE utf8_bin NOT NULL COMMENT '主题因子序列号',
  `PRODUCT_ID` bigint(20) NOT NULL COMMENT '产品ID，冗余',
  `TOPIC_CODE` varchar(20) COLLATE utf8_bin DEFAULT NULL COMMENT '主题CODE',
  `FACTOR_DATA_TBL` varchar(40) COLLATE utf8_bin DEFAULT NULL COMMENT '主题因子表',
  `VERSION` varchar(20) COLLATE utf8_bin DEFAULT NULL COMMENT '版本1.0.0.1',
  `DEPRECATED_YN` char(1) COLLATE utf8_bin DEFAULT NULL COMMENT '有效标记',
  `UPDATE_ID` bigint(20) DEFAULT NULL COMMENT 'UPDATE_ID',
  `UPDATE_TIME` datetime DEFAULT CURRENT_TIMESTAMP COMMENT 'UPDATE TIME',
  `table_comment` varchar(200) COLLATE utf8_bin DEFAULT NULL COMMENT '表名称',
  `DATA_TBL_ALIAS` varchar(30) COLLATE utf8_bin DEFAULT NULL COMMENT '费率表别名',
  PRIMARY KEY (`TOPIC_CALC_ID`),
  KEY `fk_PROD_CALC__prod_id` (`PRODUCT_ID`),
  KEY `fk_PROD_CALC__topic_code` (`TOPIC_CODE`),
  CONSTRAINT `fk_PROD_CALC__prod_id` FOREIGN KEY (`PRODUCT_ID`) REFERENCES `t_product` (`PRODUCT_ID`),
  CONSTRAINT `fk_PROD_CALC__topic_code` FOREIGN KEY (`TOPIC_CODE`) REFERENCES `t_conf_topic` (`TOPIC_CODE`)
) ENGINE=InnoDB DEFAULT CHARSET=utf8 COLLATE=utf8_bin COMMENT='产品主题计算表';
/*!40101 SET character_set_client = @saved_cs_client */;

--
-- Dumping data for table `t_prod_calc`
--

LOCK TABLES `t_prod_calc` WRITE;
/*!40000 ALTER TABLE `t_prod_calc` DISABLE KEYS */;
INSERT INTO `t_prod_calc` VALUES ('049ff6261e3511e6b2e96c92bf178e06',134,'PREM_CAL','RATE_134_PREM_CAL_3','0.0.3','N',400,'2016-05-20 10:46:29','1','RATE_PROD_PREM_BY_AMOUNT_2'),('36f1a0cb15ce11e687e06c92bf178e06',132,'PREM_CAL','RATE_132_PREM_CAL_2','0.0.2','Y',400,'2016-05-11 13:20:51','RATE_PROD_PREM_BY_AMOUNT_4','RATE_PROD_PREM_BY_AMOUNT_4'),('391fd1a81d9211e6b2e96c92bf178e06',135,'PREM_CAL','RATE_135_PREM_CAL_1','0.0.1','N',400,'2016-05-19 15:21:10','RATE_PROD_PREM_BY_AMOUNT_5','RATE_PROD_PREM_BY_AMOUNT_5'),('3a4c6c541da711e6b2e96c92bf178e06',132,'PREM_CAL','RATE_132_PREM_CAL_6','0.0.6','Y',400,'2016-05-19 18:44:18','jobcate','RATE_PROD_PREM_BY_AMOUNT_4'),('3e92c378270011e6a7a4286ed488cc2d',130,'PREM_CAL','RATE_130_PREM_CAL_1','0.0.1','Y',400,'2016-06-01 10:31:19','AAAA','RATE_PROD_PREM_BY_AMOUNT_3'),('3f04a48c27a011e6a7a4286ed488cc2d',129,'PREM_CAL','RATE_129_PREM_CAL_2','0.0.2','Y',400,'2016-06-01 10:28:46','RATE_PROD_PREM_BY_AMOUNT_3','RATE_PROD_PREM_BY_AMOUNT_3'),('45936ece1d9511e6b2e96c92bf178e06',136,'PREM_CAL','RATE_136_PREM_CAL_1','0.0.1','Y',400,'2016-05-19 15:50:17','RATE_PROD_PREM_BY_AMOUNT_3','RATE_PROD_PREM_BY_AMOUNT_3'),('4c10835417e411e687e06c92bf178e06',140,'PREM_CAL','RATE_140_PREM_CAL_3','0.0.3','N',400,'2016-05-12 09:52:37','保额保费费率','RATE_PROD_PREM_BY_AMOUNT'),('53ef843f173811e687e06c92bf178e06',132,'PREM_CAL','RATE_132_PREM_CAL_3','0.0.3','Y',400,'2016-05-11 13:29:47','职业类别费率表','RATE_PROD_PREM_BY_AMOUNT_4'),('57b774ba15c111e687e06c92bf178e06',127,'PREM_CAL','RATE_127_PREM_CAL_2','0.0.2','N',400,'2016-05-09 16:37:25','RATE_PROD_PREM_BY_AMOUNT_2','RATE_PROD_PREM_BY_AMOUNT_2'),('5ebad6b91d9611e6b2e96c92bf178e06',136,'PREM_CAL','RATE_136_PREM_CAL_2','0.0.2','N',400,'2016-05-19 15:50:51','3','RATE_PROD_PREM_BY_AMOUNT_3'),('643ac9161e3511e6b2e96c92bf178e06',133,'PREM_CAL','RATE_133_PREM_CAL_2','0.0.2','N',400,'2016-05-20 10:49:09','calc4','RATE_PROD_PREM_BY_AMOUNT_3'),('6bcb7c8b133211e687e06c92bf178e06',126,'PREM_CAL','RATE_126_PREM_CAL_1','0.0.1','N',400,'2016-05-06 10:29:22','RATE_PROD_PREM_BY_LEVEL','RATE_PROD_PREM_BY_LEVEL'),('7275cb8915d611e687e06c92bf178e06',134,'PREM_CAL','RATE_134_PREM_CAL_1','0.0.1','Y',400,'2016-05-16 10:42:36','RATE_PROD_PREM_BY_AMOUNT_2','RATE_PROD_PREM_BY_AMOUNT_2'),('858026bb27a011e6a7a4286ed488cc2d',131,'PREM_CAL','RATE_131_PREM_CAL_2','0.0.2','N',400,'2016-06-01 10:28:09','RATE_PROD_PREM_BY_AMOUNT_3','RATE_PROD_PREM_BY_AMOUNT_3'),('8a8a036c173911e687e06c92bf178e06',132,'PREM_CAL','RATE_132_PREM_CAL_4','0.0.4','Y',400,'2016-05-19 17:24:55','职业类别费率表','RATE_PROD_PREM_BY_AMOUNT_4'),('8dfae8f7133d11e687e06c92bf178e06',127,'PREM_CAL','RATE_127_PREM_CAL_1','0.0.1','Y',400,'2016-05-06 17:08:33','RATE_PROD_PREM_BY_AMOUNT_2','RATE_PROD_PREM_BY_AMOUNT_2'),('9a47affc1da311e6b2e96c92bf178e06',132,'PREM_CAL','RATE_132_PREM_CAL_5','0.0.5','Y',400,'2016-05-19 17:51:04','RATE_132_PREM_CAL_4','RATE_PROD_PREM_BY_AMOUNT_4'),('a1ef937b176011e687e06c92bf178e06',133,'PREM_CAL','RATE_133_PREM_CAL_1','0.0.1','Y',400,'2016-05-20 10:48:08','保额保费费率表（按社保）','RATE_PROD_PREM_BY_AMOUNT_3'),('a5dcbfea1dae11e6b2e96c92bf178e06',132,'PREM_CAL','RATE_132_PREM_CAL_7','0.0.7','N',400,'2016-05-19 18:44:38','jobcate','RATE_PROD_PREM_BY_AMOUNT_4'),('b4ea477727a011e6a7a4286ed488cc2d',129,'PREM_CAL','RATE_129_PREM_CAL_4','0.0.4','Y',400,'2016-06-01 10:30:25','RATE_PROD_PREM_BY_AMOUNT_3','RATE_PROD_PREM_BY_AMOUNT_3'),('b8dfb838224e11e6b2e96c92bf178e06',142,'PREM_CAL','RATE_142_PREM_CAL_1','0.0.1','N',400,'2016-05-25 16:00:27','AAAA','RATE_PROD_PREM_BY_AMOUNT_2'),('c4f61d7215cb11e687e06c92bf178e06',132,'PREM_CAL','RATE_132_PREM_CAL_1','0.0.1','Y',400,'2016-05-09 18:08:43','RATE_PROD_PREM_BY_AMOUNT_4','RATE_PROD_PREM_BY_AMOUNT_4'),('cc4f8d7d17e211e687e06c92bf178e06',140,'PREM_CAL','RATE_140_PREM_CAL_1','0.0.1','Y',400,'2016-05-12 09:48:38','保额保费费率表（被保人年龄）','RATE_PROD_PREM_BY_AMOUNT'),('cdf7f29d15c111e687e06c92bf178e06',129,'PREM_CAL','RATE_129_PREM_CAL_2','0.0.2','Y',400,'2016-06-01 10:25:21','RATE_PROD_PREM_BY_AMOUNT_2','RATE_PROD_PREM_BY_AMOUNT_2'),('cf4f4c2626ff11e6a7a4286ed488cc2d',131,'PREM_CAL','RATE_131_PREM_CAL_1','0.0.1','Y',400,'2016-06-01 10:27:06','AAAA','RATE_PROD_PREM_BY_AMOUNT_3'),('da0efe131b0f11e6b2e96c92bf178e06',134,'PREM_CAL','RATE_134_PREM_CAL_2','0.0.2','Y',400,'2016-05-20 10:46:09','通用费率表','RATE_PROD_PREM_BY_AMOUNT_2'),('de2723e920b611e6b2e96c92bf178e06',143,'PREM_CAL','RATE_143_PREM_CAL_1','0.0.1','N',400,'2016-05-23 15:20:57','AAAA','RATE_PROD_PREM_BY_LEVEL'),('e15cdb3f27a011e6a7a4286ed488cc2d',129,'PREM_CAL','RATE_129_PREM_CAL_4','0.0.4','N',400,'2016-06-01 10:30:43','RATE_PROD_PREM_BY_AMOUNT_3','RATE_PROD_PREM_BY_AMOUNT_3'),('e429a90117e311e687e06c92bf178e06',140,'PREM_CAL','RATE_140_PREM_CAL_2','0.0.2','Y',400,'2016-05-12 09:51:56','保额保费费率表-年龄','RATE_PROD_PREM_BY_AMOUNT'),('f25999e5219111e6b2e96c92bf178e06',139,'PREM_CAL','RATE_139_PREM_CAL_1','0.0.1','N',400,'2016-05-24 17:29:09','AAAA','RATE_PROD_PREM_BY_AMOUNT'),('ff5d138c27a011e6a7a4286ed488cc2d',130,'PREM_CAL','RATE_130_PREM_CAL_2','0.0.2','N',400,'2016-06-01 10:31:33','RATE_PROD_PREM_BY_AMOUNT_3','RATE_PROD_PREM_BY_AMOUNT_3');
/*!40000 ALTER TABLE `t_prod_calc` ENABLE KEYS */;
UNLOCK TABLES;

--
-- Table structure for table `t_prod_calc_factor`
--

DROP TABLE IF EXISTS `t_prod_calc_factor`;
/*!40101 SET @saved_cs_client     = @@character_set_client */;
/*!40101 SET character_set_client = utf8 */;
CREATE TABLE `t_prod_calc_factor` (
  `TOPIC_CALC_ID` varchar(32) COLLATE utf8_bin DEFAULT NULL COMMENT '主题因子序列号',
  `FACTOR_ID` varchar(32) COLLATE utf8_bin DEFAULT NULL COMMENT '因子id FACTOR_ID',
  `PRODUCT_ID` bigint(20) NOT NULL COMMENT '产品ID，冗余',
  KEY `fk_T_PROD_CALC_FACTOR__FACTOR_ID` (`FACTOR_ID`),
  KEY `fk_T_PROD_CALC_FACTOR__TOPIC_CALC_ID` (`TOPIC_CALC_ID`),
  KEY `fk_PROD_CALC_FACTOR__prod_id` (`PRODUCT_ID`),
  CONSTRAINT `fk_PROD_CALC_FACTOR__prod_id` FOREIGN KEY (`PRODUCT_ID`) REFERENCES `t_product` (`PRODUCT_ID`),
  CONSTRAINT `fk_T_PROD_CALC_FACTOR__FACTOR_ID` FOREIGN KEY (`FACTOR_ID`) REFERENCES `t_conf_factor` (`FACTOR_ID`),
  CONSTRAINT `fk_T_PROD_CALC_FACTOR__TOPIC_CALC_ID` FOREIGN KEY (`TOPIC_CALC_ID`) REFERENCES `t_prod_calc` (`TOPIC_CALC_ID`)
) ENGINE=InnoDB DEFAULT CHARSET=utf8 COLLATE=utf8_bin COMMENT='产品主题计算因子关联表';
/*!40101 SET character_set_client = @saved_cs_client */;

--
-- Dumping data for table `t_prod_calc_factor`
--

LOCK TABLES `t_prod_calc_factor` WRITE;
/*!40000 ALTER TABLE `t_prod_calc_factor` DISABLE KEYS */;
INSERT INTO `t_prod_calc_factor` VALUES ('a5dcbfea1dae11e6b2e96c92bf178e06','a4e2883c10fd11e687e06c92bf178e06',132),('a5dcbfea1dae11e6b2e96c92bf178e06','c02be68f11db11e687e06c92bf178e06',132),('a5dcbfea1dae11e6b2e96c92bf178e06','d65eec3010fd11e687e06c92bf178e06',132),('643ac9161e3511e6b2e96c92bf178e06','0ead472911d111e687e06c92bf178e06',133),('643ac9161e3511e6b2e96c92bf178e06','a4e2883c10fd11e687e06c92bf178e06',133),('643ac9161e3511e6b2e96c92bf178e06','d65eec3010fd11e687e06c92bf178e06',133),('049ff6261e3511e6b2e96c92bf178e06','a4e2883c10fd11e687e06c92bf178e06',134),('049ff6261e3511e6b2e96c92bf178e06','d65eec3010fd11e687e06c92bf178e06',134),('391fd1a81d9211e6b2e96c92bf178e06','077be3acdc4111e5bebb6c92bf178e06',135),('391fd1a81d9211e6b2e96c92bf178e06','a4e2883c10fd11e687e06c92bf178e06',135),('391fd1a81d9211e6b2e96c92bf178e06','d65eec3010fd11e687e06c92bf178e06',135),('391fd1a81d9211e6b2e96c92bf178e06','db3e74a6060c11e687e06c92bf178e06',135),('5ebad6b91d9611e6b2e96c92bf178e06','0ead472911d111e687e06c92bf178e06',136),('5ebad6b91d9611e6b2e96c92bf178e06','a4e2883c10fd11e687e06c92bf178e06',136),('5ebad6b91d9611e6b2e96c92bf178e06','d65eec3010fd11e687e06c92bf178e06',136),('f25999e5219111e6b2e96c92bf178e06','a4e2883c10fd11e687e06c92bf178e06',139),('f25999e5219111e6b2e96c92bf178e06','d65eec3010fd11e687e06c92bf178e06',139),('f25999e5219111e6b2e96c92bf178e06','db3e74a6060c11e687e06c92bf178e06',139),('4c10835417e411e687e06c92bf178e06','a4e2883c10fd11e687e06c92bf178e06',140),('4c10835417e411e687e06c92bf178e06','d65eec3010fd11e687e06c92bf178e06',140),('4c10835417e411e687e06c92bf178e06','db3e74a6060c11e687e06c92bf178e06',140),('b8dfb838224e11e6b2e96c92bf178e06','a4e2883c10fd11e687e06c92bf178e06',142),('b8dfb838224e11e6b2e96c92bf178e06','d65eec3010fd11e687e06c92bf178e06',142),('de2723e920b611e6b2e96c92bf178e06','f078256d060211e687e06c92bf178e06',143),('6bcb7c8b133211e687e06c92bf178e06','f078256d060211e687e06c92bf178e06',126),('57b774ba15c111e687e06c92bf178e06','a4e2883c10fd11e687e06c92bf178e06',127),('57b774ba15c111e687e06c92bf178e06','d65eec3010fd11e687e06c92bf178e06',127),('858026bb27a011e6a7a4286ed488cc2d','0ead472911d111e687e06c92bf178e06',131),('858026bb27a011e6a7a4286ed488cc2d','a4e2883c10fd11e687e06c92bf178e06',131),('858026bb27a011e6a7a4286ed488cc2d','d65eec3010fd11e687e06c92bf178e06',131),('e15cdb3f27a011e6a7a4286ed488cc2d','0ead472911d111e687e06c92bf178e06',129),('e15cdb3f27a011e6a7a4286ed488cc2d','a4e2883c10fd11e687e06c92bf178e06',129),('e15cdb3f27a011e6a7a4286ed488cc2d','d65eec3010fd11e687e06c92bf178e06',129),('ff5d138c27a011e6a7a4286ed488cc2d','0ead472911d111e687e06c92bf178e06',130),('ff5d138c27a011e6a7a4286ed488cc2d','a4e2883c10fd11e687e06c92bf178e06',130),('ff5d138c27a011e6a7a4286ed488cc2d','d65eec3010fd11e687e06c92bf178e06',130);
/*!40000 ALTER TABLE `t_prod_calc_factor` ENABLE KEYS */;
UNLOCK TABLES;

--
-- Table structure for table `t_prod_charge_mode`
--

DROP TABLE IF EXISTS `t_prod_charge_mode`;
/*!40101 SET @saved_cs_client     = @@character_set_client */;
/*!40101 SET character_set_client = utf8 */;
CREATE TABLE `t_prod_charge_mode` (
  `LIST_ID` bigint(20) NOT NULL AUTO_INCREMENT COMMENT '主键',
  `PRODUCT_ID` bigint(20) NOT NULL COMMENT '产品id',
  `CHARGE_MODE` char(1) COLLATE utf8_bin DEFAULT NULL COMMENT '交费方式',
  PRIMARY KEY (`LIST_ID`),
  KEY `fk_PROD_CHARGE_MODE__product_id` (`PRODUCT_ID`),
  CONSTRAINT `fk_PROD_CHARGE_MODE__product_id` FOREIGN KEY (`PRODUCT_ID`) REFERENCES `t_product` (`PRODUCT_ID`)
) ENGINE=InnoDB DEFAULT CHARSET=utf8 COLLATE=utf8_bin COMMENT='产品缴费频度表';
/*!40101 SET character_set_client = @saved_cs_client */;

--
-- Dumping data for table `t_prod_charge_mode`
--

LOCK TABLES `t_prod_charge_mode` WRITE;
/*!40000 ALTER TABLE `t_prod_charge_mode` DISABLE KEYS */;
/*!40000 ALTER TABLE `t_prod_charge_mode` ENABLE KEYS */;
UNLOCK TABLES;

--
-- Table structure for table `t_prod_data_template`
--

DROP TABLE IF EXISTS `t_prod_data_template`;
/*!40101 SET @saved_cs_client     = @@character_set_client */;
/*!40101 SET character_set_client = utf8 */;
CREATE TABLE `t_prod_data_template` (
  `LIST_ID` bigint(20) NOT NULL AUTO_INCREMENT COMMENT 'PK',
  `DATA_TEMPLATE_ID` bigint(20) DEFAULT NULL COMMENT 'PK,模板id',
  `PRODUCT_ID` bigint(20) DEFAULT NULL COMMENT '产品id',
  PRIMARY KEY (`LIST_ID`),
  KEY `fk_prod_data_template__data_tmpl_id` (`DATA_TEMPLATE_ID`),
  KEY `fk_prod_data_template__prod_id` (`PRODUCT_ID`),
  CONSTRAINT `fk_prod_data_template__data_tmpl_id` FOREIGN KEY (`DATA_TEMPLATE_ID`) REFERENCES `t_data_template` (`DATA_TEMPLATE_ID`),
  CONSTRAINT `fk_prod_data_template__prod_id` FOREIGN KEY (`PRODUCT_ID`) REFERENCES `t_product` (`PRODUCT_ID`)
) ENGINE=InnoDB DEFAULT CHARSET=utf8 COLLATE=utf8_bin COMMENT='产品录入模板';
/*!40101 SET character_set_client = @saved_cs_client */;

--
-- Dumping data for table `t_prod_data_template`
--

LOCK TABLES `t_prod_data_template` WRITE;
/*!40000 ALTER TABLE `t_prod_data_template` DISABLE KEYS */;
/*!40000 ALTER TABLE `t_prod_data_template` ENABLE KEYS */;
UNLOCK TABLES;

--
-- Table structure for table `t_prod_group`
--

DROP TABLE IF EXISTS `t_prod_group`;
/*!40101 SET @saved_cs_client     = @@character_set_client */;
/*!40101 SET character_set_client = utf8 */;
CREATE TABLE `t_prod_group` (
  `GROUP_ID` bigint(20) NOT NULL AUTO_INCREMENT COMMENT '组合ID',
  `GROUP_CODE` varchar(30) COLLATE utf8_bin NOT NULL COMMENT '组合代码',
  `GROUP_NAME` varchar(200) COLLATE utf8_bin NOT NULL COMMENT '组合名称',
  `PLAN_CNT` int(2) NOT NULL COMMENT '组合计划数',
  `CREATE_BY` bigint(20) NOT NULL COMMENT '创建人',
  `CREATE_TIME` datetime NOT NULL COMMENT '创建用户时间',
  `CREATE_TIMESTAMP` datetime NOT NULL DEFAULT CURRENT_TIMESTAMP COMMENT '创建系统时间',
  `UPDATE_BY` bigint(20) NOT NULL COMMENT '更新人',
  `UPDATE_TIME` datetime NOT NULL COMMENT '更新用户时间',
  `UPDATE_TIMESTAMP` datetime NOT NULL DEFAULT CURRENT_TIMESTAMP ON UPDATE CURRENT_TIMESTAMP COMMENT '更新系统时间',
  PRIMARY KEY (`GROUP_ID`)
) ENGINE=InnoDB AUTO_INCREMENT=23 DEFAULT CHARSET=utf8 COLLATE=utf8_bin COMMENT='产品组合表';
/*!40101 SET character_set_client = @saved_cs_client */;

--
-- Dumping data for table `t_prod_group`
--

LOCK TABLES `t_prod_group` WRITE;
/*!40000 ALTER TABLE `t_prod_group` DISABLE KEYS */;
INSERT INTO `t_prod_group` VALUES (12,'630xspa','学生平安',2,400,'2016-05-31 14:49:29','2016-05-11 10:24:37',400,'2016-05-31 14:49:29','2016-05-31 14:50:35'),(13,'630bl','白领综合意外保障计划（原：学安通中国好老师产品）',1,400,'2016-05-24 10:43:28','2016-05-11 13:21:23',400,'2016-05-24 10:43:28','2016-05-24 10:43:18'),(14,'630xszj','学生重疾',2,400,'2016-05-26 14:44:38','2016-05-11 14:46:27',400,'2016-05-26 14:44:38','2016-05-26 14:44:31'),(15,'630zxwy','尊享无忧',1,400,'2016-05-24 14:42:10','2016-05-12 10:22:59',400,'2016-05-24 14:42:10','2016-05-24 14:42:00'),(16,'630pgy','蒲公英',1,400,'2016-05-31 14:51:20','2016-05-12 11:04:29',400,'2016-05-31 14:51:20','2016-05-31 14:52:26'),(17,'630tkes','泰康e顺',1,400,'2016-05-12 11:28:15','2016-05-12 11:28:56',400,'2016-05-12 11:28:15','2016-05-12 11:28:56'),(18,'630jwy','境外游',1,400,'2016-05-12 11:38:05','2016-05-12 11:38:45',400,'2016-05-12 11:38:05','2016-05-12 11:38:45'),(19,'630gnly','国内旅游',1,400,'2016-05-25 16:25:54','2016-05-12 11:52:55',400,'2016-05-25 16:25:54','2016-05-25 16:25:46'),(20,'630szxyy','e-神州逍遥游',3,400,'2016-05-31 17:55:41','2016-05-12 12:24:55',400,'2016-05-31 17:55:41','2016-05-31 17:56:47'),(21,'630ggj','股骨颈',5,400,'2016-05-31 14:44:13','2016-05-12 12:37:51',400,'2016-05-31 14:44:13','2016-05-31 14:45:18'),(22,'630txas','天祥安顺',1,400,'2016-05-29 11:30:24','2016-05-12 12:45:47',400,'2016-05-29 11:30:24','2016-05-29 11:30:20');
/*!40000 ALTER TABLE `t_prod_group` ENABLE KEYS */;
UNLOCK TABLES;

--
-- Table structure for table `t_prod_liab_calc`
--

DROP TABLE IF EXISTS `t_prod_liab_calc`;
/*!40101 SET @saved_cs_client     = @@character_set_client */;
/*!40101 SET character_set_client = utf8 */;
CREATE TABLE `t_prod_liab_calc` (
  `TOPIC_CALC_ID` varchar(32) COLLATE utf8_bin NOT NULL,
  `TOPIC_CODE` varchar(20) COLLATE utf8_bin DEFAULT NULL,
  `LIAB_ID` bigint(20) DEFAULT NULL COMMENT 'Benefit ID',
  `FACTOR_DATA_TBL` varchar(40) COLLATE utf8_bin DEFAULT NULL,
  `VERSION` varchar(20) COLLATE utf8_bin DEFAULT NULL,
  `DEPRECATED_YN` char(1) COLLATE utf8_bin DEFAULT NULL,
  `UPDATE_ID` bigint(20) DEFAULT NULL COMMENT 'UPDATE_ID',
  `UPDATE_TIME` datetime DEFAULT CURRENT_TIMESTAMP COMMENT 'UPDATE TIME',
  `TABLE_COMMENT` varchar(200) COLLATE utf8_bin DEFAULT NULL,
  `DATA_TBL_ALIAS` varchar(30) COLLATE utf8_bin DEFAULT NULL COMMENT '费率表别名',
  PRIMARY KEY (`TOPIC_CALC_ID`),
  KEY `fk_PROD_CALC__topic_code` (`TOPIC_CODE`),
  KEY `FK_Reference_105` (`LIAB_ID`),
  CONSTRAINT `FK_Reference_104` FOREIGN KEY (`TOPIC_CODE`) REFERENCES `t_conf_topic` (`TOPIC_CODE`),
  CONSTRAINT `FK_Reference_105` FOREIGN KEY (`LIAB_ID`) REFERENCES `t_liability` (`LIAB_ID`)
) ENGINE=InnoDB DEFAULT CHARSET=utf8 COLLATE=utf8_bin;
/*!40101 SET character_set_client = @saved_cs_client */;

--
-- Dumping data for table `t_prod_liab_calc`
--

LOCK TABLES `t_prod_liab_calc` WRITE;
/*!40000 ALTER TABLE `t_prod_liab_calc` DISABLE KEYS */;
/*!40000 ALTER TABLE `t_prod_liab_calc` ENABLE KEYS */;
UNLOCK TABLES;

--
-- Table structure for table `t_prod_liab_calc_factor`
--

DROP TABLE IF EXISTS `t_prod_liab_calc_factor`;
/*!40101 SET @saved_cs_client     = @@character_set_client */;
/*!40101 SET character_set_client = utf8 */;
CREATE TABLE `t_prod_liab_calc_factor` (
  `LIAB_ID` bigint(20) DEFAULT NULL COMMENT 'Benefit ID',
  `TOPIC_CALC_ID` varchar(32) COLLATE utf8_bin DEFAULT NULL,
  `FACTOR_ID` varchar(32) COLLATE utf8_bin DEFAULT NULL,
  `PRODUCT_ID` bigint(20) DEFAULT NULL COMMENT '产品ID',
  KEY `fk_T_PROD_CALC_FACTOR__FACTOR_ID` (`FACTOR_ID`),
  KEY `fk_T_PROD_CALC_FACTOR__TOPIC_CALC_ID` (`TOPIC_CALC_ID`),
  KEY `FK_Reference_106` (`LIAB_ID`),
  CONSTRAINT `FK_Reference_106` FOREIGN KEY (`LIAB_ID`) REFERENCES `t_liability` (`LIAB_ID`),
  CONSTRAINT `FK_Reference_107` FOREIGN KEY (`FACTOR_ID`) REFERENCES `t_conf_factor` (`FACTOR_ID`),
  CONSTRAINT `FK_Reference_108` FOREIGN KEY (`TOPIC_CALC_ID`) REFERENCES `t_prod_liab_calc` (`TOPIC_CALC_ID`)
) ENGINE=InnoDB DEFAULT CHARSET=utf8 COLLATE=utf8_bin;
/*!40101 SET character_set_client = @saved_cs_client */;

--
-- Dumping data for table `t_prod_liab_calc_factor`
--

LOCK TABLES `t_prod_liab_calc_factor` WRITE;
/*!40000 ALTER TABLE `t_prod_liab_calc_factor` DISABLE KEYS */;
/*!40000 ALTER TABLE `t_prod_liab_calc_factor` ENABLE KEYS */;
UNLOCK TABLES;

--
-- Table structure for table `t_prod_liab_formula`
--

DROP TABLE IF EXISTS `t_prod_liab_formula`;
/*!40101 SET @saved_cs_client     = @@character_set_client */;
/*!40101 SET character_set_client = utf8 */;
CREATE TABLE `t_prod_liab_formula` (
  `LIAB_FORMULA_ID` bigint(20) NOT NULL AUTO_INCREMENT COMMENT '责任序列号',
  `LIAB_ID` bigint(20) DEFAULT NULL COMMENT 'Benefit ID',
  `TOPIC_CODE` varchar(20) COLLATE utf8_bin DEFAULT NULL COMMENT '主题CODE',
  `business_formula` bigint(20) DEFAULT NULL COMMENT '责任公式',
  PRIMARY KEY (`LIAB_FORMULA_ID`),
  KEY `FK_Reference_75` (`TOPIC_CODE`),
  KEY `fk_PROD_LIABILITY__business_formula` (`business_formula`),
  KEY `fk_PROD_LIABILITY__liab_id` (`LIAB_ID`),
  CONSTRAINT `FK_Reference_75` FOREIGN KEY (`TOPIC_CODE`) REFERENCES `t_conf_topic` (`TOPIC_CODE`),
  CONSTRAINT `fk_PROD_LIABILITY__business_formula` FOREIGN KEY (`business_formula`) REFERENCES `t_conf_formula` (`FORMULA_ID`),
  CONSTRAINT `fk_PROD_LIABILITY__liab_id` FOREIGN KEY (`LIAB_ID`) REFERENCES `t_liability` (`LIAB_ID`)
) ENGINE=InnoDB AUTO_INCREMENT=189 DEFAULT CHARSET=utf8 COLLATE=utf8_bin COMMENT='责任级别计算公式';
/*!40101 SET character_set_client = @saved_cs_client */;

--
-- Dumping data for table `t_prod_liab_formula`
--

LOCK TABLES `t_prod_liab_formula` WRITE;
/*!40000 ALTER TABLE `t_prod_liab_formula` DISABLE KEYS */;
INSERT INTO `t_prod_liab_formula` VALUES (138,6100101,'PROD_CLM_LIAB_ADJ',46),(139,6100201,'PROD_CLM_LIAB_ADJ',55),(143,6100103,'PROD_CLM_LIAB_ADJ',48),(144,6100104,'PROD_CLM_LIAB_ADJ',47),(145,6100105,'PROD_CLM_LIAB_ADJ',50),(146,6100106,'PROD_CLM_LIAB_ADJ',49),(147,6100107,'PROD_CLM_LIAB_ADJ',52),(148,6100108,'PROD_CLM_LIAB_ADJ',51),(149,6100109,'PROD_CLM_LIAB_ADJ',54),(150,6100110,'PROD_CLM_LIAB_ADJ',53),(151,6100111,'PROD_CLM_LIAB_ADJ',65),(152,6100301,'PROD_CLM_LIAB_ADJ',46),(153,6100302,'PROD_CLM_LIAB_ADJ',45),(154,6200301,'PROD_CLM_LIAB_ADJ',65),(155,6100501,'PROD_CLM_LIAB_ADJ',54),(156,6200901,'PROD_CLM_LIAB_ADJ',62),(157,6200902,'PROD_CLM_LIAB_ADJ',63),(158,6200905,'PROD_CLM_LIAB_ADJ',64),(162,6300902,'PROD_CLM_LIAB_ADJ',45),(163,6300903,'PROD_CLM_LIAB_ADJ',60),(164,6300904,'PROD_CLM_LIAB_ADJ',56),(165,6300905,'PROD_CLM_LIAB_ADJ',59),(166,6300906,'PROD_CLM_LIAB_ADJ',61),(168,6200801,'PROD_CLM_LIAB_ADJ',43),(169,6200802,'PROD_CLM_LIAB_ADJ',43),(170,6200803,'PROD_CLM_LIAB_ADJ',43),(171,6200804,'PROD_CLM_LIAB_ADJ',43),(172,6200805,'PROD_CLM_LIAB_ADJ',43),(173,6200806,'PROD_CLM_LIAB_ADJ',43),(175,6100102,'PROD_CLM_LIAB_ADJ',45),(176,6300801,'PROD_CLM_LIAB_ADJ',46),(178,6300804,'PROD_CLM_LIAB_ADJ',60),(179,6200101,'PROD_CLM_LIAB_ADJ',67),(180,6200201,'PROD_CLM_LIAB_ADJ',57),(181,6300901,'PROD_CLM_LIAB_ADJ',44),(182,6100401,'PROD_CLM_LIAB_ADJ',43),(183,6100402,'PROD_CLM_LIAB_ADJ',43),(184,1,'PROD_CLM_LIAB_ADJ',45),(185,6200401,'PROD_CLM_LIAB_ADJ',62),(186,6200402,'PROD_CLM_LIAB_ADJ',63),(187,6200501,'PROD_CLM_LIAB_ADJ',48),(188,6200502,'PROD_CLM_LIAB_ADJ',48);
/*!40000 ALTER TABLE `t_prod_liab_formula` ENABLE KEYS */;
UNLOCK TABLES;

--
-- Table structure for table `t_prod_line_type`
--

DROP TABLE IF EXISTS `t_prod_line_type`;
/*!40101 SET @saved_cs_client     = @@character_set_client */;
/*!40101 SET character_set_client = utf8 */;
CREATE TABLE `t_prod_line_type` (
  `PROD_LINE_TYPE` decimal(1,0) NOT NULL COMMENT '产品线类型',
  `LINE_DESC` varchar(200) COLLATE utf8_bin DEFAULT NULL COMMENT '描述',
  PRIMARY KEY (`PROD_LINE_TYPE`)
) ENGINE=InnoDB DEFAULT CHARSET=utf8 COLLATE=utf8_bin COMMENT='产品线类型';
/*!40101 SET character_set_client = @saved_cs_client */;

--
-- Dumping data for table `t_prod_line_type`
--

LOCK TABLES `t_prod_line_type` WRITE;
/*!40000 ALTER TABLE `t_prod_line_type` DISABLE KEYS */;
/*!40000 ALTER TABLE `t_prod_line_type` ENABLE KEYS */;
UNLOCK TABLES;

--
-- Table structure for table `t_prod_ruleset`
--

DROP TABLE IF EXISTS `t_prod_ruleset`;
/*!40101 SET @saved_cs_client     = @@character_set_client */;
/*!40101 SET character_set_client = utf8 */;
CREATE TABLE `t_prod_ruleset` (
  `TOPIC_RULESET_ID` char(32) COLLATE utf8_bin NOT NULL COMMENT '主题规则集ID',
  `PRODUCT_ID` bigint(20) NOT NULL COMMENT '产品ID',
  `TOPIC_CODE` varchar(20) COLLATE utf8_bin NOT NULL COMMENT '主题CODE',
  `RULESET_NAME` varchar(200) COLLATE utf8_bin NOT NULL COMMENT '规则集名  SAMPLE : RULESET_{PRODUCT_ID}_{TOPIC_CODE}',
  `VERSION` varchar(20) COLLATE utf8_bin DEFAULT NULL COMMENT '版本',
  `DEPRECATED_YN` char(1) COLLATE utf8_bin DEFAULT NULL COMMENT '有效标记',
  `CREATE_BY` bigint(20) NOT NULL COMMENT '创建人',
  `CREATE_TIME` datetime NOT NULL COMMENT '创建用户时间',
  `CREATE_TIMESTAMP` datetime NOT NULL DEFAULT CURRENT_TIMESTAMP COMMENT '创建系统时间',
  `UPDATE_BY` bigint(20) NOT NULL COMMENT '更新人',
  `UPDATE_TIME` datetime NOT NULL COMMENT '更新用户时间',
  `UPDATE_TIMESTAMP` datetime NOT NULL DEFAULT CURRENT_TIMESTAMP ON UPDATE CURRENT_TIMESTAMP COMMENT '更新系统时间',
  PRIMARY KEY (`TOPIC_RULESET_ID`),
  KEY `FK_PROD_RULESET__PRODUCT_ID` (`PRODUCT_ID`),
  CONSTRAINT `FK_PROD_RULESET__PRODUCT_ID` FOREIGN KEY (`PRODUCT_ID`) REFERENCES `t_product` (`PRODUCT_ID`)
) ENGINE=InnoDB DEFAULT CHARSET=utf8 COLLATE=utf8_bin COMMENT='产品主题规则集表';
/*!40101 SET character_set_client = @saved_cs_client */;

--
-- Dumping data for table `t_prod_ruleset`
--

LOCK TABLES `t_prod_ruleset` WRITE;
/*!40000 ALTER TABLE `t_prod_ruleset` DISABLE KEYS */;
INSERT INTO `t_prod_ruleset` VALUES ('16341629175b11e687e06c92bf178e06',132,'RULE_NB','132_0_RULE_NB','0.0.1','N',400,'2016-05-11 17:30:26','2016-05-11 17:31:06',400,'2016-05-11 17:30:26','2016-05-11 17:31:06'),('1c8dfdf3181e11e687e06c92bf178e06',143,'RULE_NB','143_0_RULE_NB','0.0.1','Y',400,'2016-05-12 16:46:28','2016-05-12 16:47:08',400,'2016-05-12 16:46:28','2016-05-12 16:47:08'),('5b161124136a11e687e06c92bf178e06',127,'RULE_NB','127_0_RULE_NB','0.0.1','N',400,'2016-05-06 17:09:46','2016-05-06 17:10:19',400,'2016-05-06 17:09:46','2016-05-06 17:10:19'),('5e3c27f215d911e687e06c92bf178e06',135,'RULE_NB','135_0_RULE_NB','0.0.1','N',400,'2016-05-09 19:29:24','2016-05-09 19:30:01',400,'2016-05-09 19:29:24','2016-05-09 19:30:01'),('6a69d94e23d611e6b2e96c92bf178e06',126,'RULE_NB','126_0_RULE_NB','0.0.1','N',400,'2016-05-27 14:44:15','2016-05-27 14:44:09',400,'2016-05-27 14:44:15','2016-05-27 14:44:09'),('78509f0e171811e687e06c92bf178e06',139,'RULE_NB','139_0_RULE_NB','0.0.1','Y',400,'2016-05-11 09:33:35','2016-05-11 09:34:14',400,'2016-05-11 09:33:35','2016-05-11 09:34:14'),('94fe65ed135511e687e06c92bf178e06',127,'PREM_CAL','127_0_PREM_CAL','0.0.1','N',400,'2016-05-06 14:41:56','2016-05-06 14:41:37',400,'2016-05-06 14:41:56','2016-05-06 14:41:37'),('c4cfabca15dd11e687e06c92bf178e06',134,'RULE_NB','134_0_RULE_NB','0.0.1','N',400,'2016-05-09 20:00:54','2016-05-09 20:01:31',400,'2016-05-09 20:00:54','2016-05-09 20:01:31'),('df35b572165c11e687e06c92bf178e06',133,'RULE_NB','133_0_RULE_NB','0.0.1','N',400,'2016-05-10 11:10:43','2016-05-10 11:11:21',400,'2016-05-10 11:10:43','2016-05-10 11:11:21'),('ec8d8ab822f211e6b2e96c92bf178e06',143,'RULE_NB','143_0_RULE_NB','0.0.1','N',400,'2016-05-26 11:35:50','2016-05-26 11:35:42',400,'2016-05-26 11:35:50','2016-05-26 11:35:42');
/*!40000 ALTER TABLE `t_prod_ruleset` ENABLE KEYS */;
UNLOCK TABLES;

--
-- Table structure for table `t_prod_test_paper`
--

DROP TABLE IF EXISTS `t_prod_test_paper`;
/*!40101 SET @saved_cs_client     = @@character_set_client */;
/*!40101 SET character_set_client = utf8 */;
CREATE TABLE `t_prod_test_paper` (
  `PRODUCT_ID` bigint(20) DEFAULT NULL,
  `PAPER_ID` bigint(20) DEFAULT NULL COMMENT '问卷ID',
  KEY `FK_T_PROD_TEST_PAPER_2` (`PAPER_ID`),
  CONSTRAINT `FK_T_PROD_TEST_PAPER_2` FOREIGN KEY (`PAPER_ID`) REFERENCES `t_test_paper` (`PAPER_ID`)
) ENGINE=InnoDB DEFAULT CHARSET=utf8 COLLATE=utf8_bin COMMENT='产品测试问卷';
/*!40101 SET character_set_client = @saved_cs_client */;

--
-- Dumping data for table `t_prod_test_paper`
--

LOCK TABLES `t_prod_test_paper` WRITE;
/*!40000 ALTER TABLE `t_prod_test_paper` DISABLE KEYS */;
/*!40000 ALTER TABLE `t_prod_test_paper` ENABLE KEYS */;
UNLOCK TABLES;

--
-- Table structure for table `t_product`
--

DROP TABLE IF EXISTS `t_product`;
/*!40101 SET @saved_cs_client     = @@character_set_client */;
/*!40101 SET character_set_client = utf8 */;
CREATE TABLE `t_product` (
  `PRODUCT_ID` bigint(20) NOT NULL AUTO_INCREMENT COMMENT '产品id',
  `PRODUCT_CODE` varchar(40) COLLATE utf8_bin DEFAULT NULL COMMENT '产品代码（标准用）',
  `PROD_LINE_CODE` char(2) COLLATE utf8_bin DEFAULT NULL COMMENT '产品线',
  `PRODUCT_NAME` varchar(240) COLLATE utf8_bin DEFAULT NULL COMMENT '产品名称（系统用）',
  `PRODUCT_ABBR_NAME` varchar(240) COLLATE utf8_bin DEFAULT NULL COMMENT '产品简称',
  `PRODUCT_DESC` varchar(1000) COLLATE utf8_bin DEFAULT NULL COMMENT '产品描述',
  `MAIN_RIDER` char(1) COLLATE utf8_bin DEFAULT NULL COMMENT '主险/附加险  1主险、2 附加险 3 可主可附',
  `PRODUCT_CATEGORY1` varchar(8) COLLATE utf8_bin DEFAULT NULL COMMENT '设计类型:\n            普通型\n            分红型\n            万能型\n            投资连结型\n            变额型\n            ',
  `PRODUCT_CATEGORY2` varchar(8) COLLATE utf8_bin DEFAULT NULL COMMENT '险种分类:\n            人寿保险\n            年金保险\n            健康保险\n            意外伤害保险\n            ',
  `PRODUCT_CATEGORY3` varchar(8) COLLATE utf8_bin DEFAULT NULL COMMENT '险种类别:\n            定期寿险\n            终身寿险\n            两全保险\n            非养老年金保险的其他年金保险\n            养老年金保险\n            疾病保险\n            医疗保险\n            护理保险\n            失能收入损失保险\n            健康保险委托管理产品\n            健康服务产品\n            意外伤害保险\n            ',
  `PRODUCT_CATEGORY4` varchar(8) COLLATE utf8_bin DEFAULT NULL COMMENT '险种细分\n            \n            当险种类别为疾病保险时，下拉选项为：\n            1.重疾保险\n            2.非重疾保险\n            当险种类别为医疗保险时，下拉选项为：\n            1.定额给付型\n            2.费用报销型\n            ',
  `COVER_PERIOD_TYPE` decimal(1,0) DEFAULT NULL COMMENT '保障期间类型\n            一年期以上\n            一年期\n            一年期以内\n            一年期以及一年期以内',
  `PREMIUM_CURRENCY` char(3) COLLATE utf8_bin DEFAULT NULL COMMENT '定价币种 REFER T_MONEY',
  `RELEASE_DATE` datetime DEFAULT CURRENT_TIMESTAMP COMMENT '产品发布时间',
  `UPDATE_BY` bigint(20) DEFAULT NULL COMMENT '更新记录人',
  `UPDATE_TIME` datetime NOT NULL DEFAULT CURRENT_TIMESTAMP ON UPDATE CURRENT_TIMESTAMP COMMENT '更新记录时间',
  `INSERT_TIMESTAMP` datetime NOT NULL DEFAULT CURRENT_TIMESTAMP ON UPDATE CURRENT_TIMESTAMP COMMENT '插入时间戳',
  `CREATED_BY` bigint(20) DEFAULT NULL COMMENT '创建人',
  `CREATE_TIME` datetime DEFAULT CURRENT_TIMESTAMP COMMENT '创建时间',
  `LOCKED_BY` bigint(20) DEFAULT NULL COMMENT '当前锁定人',
  `LOCKED_WHY` char(3) COLLATE utf8_bin DEFAULT NULL COMMENT '锁定原因',
  PRIMARY KEY (`PRODUCT_ID`),
  KEY `FK_BUSI_PROD__CATEGORY1` (`PRODUCT_CATEGORY1`),
  KEY `FK_BUSI_PROD__CATEGORY2` (`PRODUCT_CATEGORY2`),
  KEY `FK_BUSI_PROD__CATEGORY3` (`PRODUCT_CATEGORY3`),
  KEY `FK_BUSI_PROD__CATEGORY4` (`PRODUCT_CATEGORY4`),
  KEY `FK_PRODUCT__PROD_LINE_CODE` (`PROD_LINE_CODE`),
  KEY `fk_product__cover_period_type` (`COVER_PERIOD_TYPE`),
  KEY `fk_product__main_rider` (`MAIN_RIDER`),
  CONSTRAINT `FK_BUSI_PROD__CATEGORY1` FOREIGN KEY (`PRODUCT_CATEGORY1`) REFERENCES `t_prod_biz_category` (`CATEGORY_ID`),
  CONSTRAINT `FK_BUSI_PROD__CATEGORY2` FOREIGN KEY (`PRODUCT_CATEGORY2`) REFERENCES `t_prod_biz_category` (`CATEGORY_ID`),
  CONSTRAINT `FK_BUSI_PROD__CATEGORY3` FOREIGN KEY (`PRODUCT_CATEGORY3`) REFERENCES `t_prod_biz_category` (`CATEGORY_ID`),
  CONSTRAINT `FK_BUSI_PROD__CATEGORY4` FOREIGN KEY (`PRODUCT_CATEGORY4`) REFERENCES `t_prod_biz_category` (`CATEGORY_ID`),
  CONSTRAINT `FK_PRODUCT__PROD_LINE_CODE` FOREIGN KEY (`PROD_LINE_CODE`) REFERENCES `t_product_line` (`PROD_LINE_CODE`),
  CONSTRAINT `fk_product__cover_period_type` FOREIGN KEY (`COVER_PERIOD_TYPE`) REFERENCES `t_period_type` (`period_type`),
  CONSTRAINT `fk_product__main_rider` FOREIGN KEY (`MAIN_RIDER`) REFERENCES `t_product_attch` (`ATTCH_TYPE`)
) ENGINE=InnoDB AUTO_INCREMENT=145 DEFAULT CHARSET=utf8 COLLATE=utf8_bin COMMENT='保险产品';
/*!40101 SET character_set_client = @saved_cs_client */;

--
-- Dumping data for table `t_product`
--

LOCK TABLES `t_product` WRITE;
/*!40000 ALTER TABLE `t_product` DISABLE KEYS */;
INSERT INTO `t_product` VALUES (126,'6301001','LF','天祥安顺综合意外伤害保险','天祥安顺综合意外伤害保险','天祥安顺综合意外伤害保险','M','2','11','21',NULL,2,NULL,'2016-05-05 15:43:45',400,'2016-05-05 15:47:06','2016-05-05 15:47:06',400,'2016-05-05 15:43:45',NULL,NULL),(127,'6301002','LF','股骨颈骨折意外伤害保险','股骨颈骨折意外伤害保险','股骨颈骨折意外伤害保险\r\n','M','2','11','21',NULL,2,NULL,'2016-05-06 10:52:18',400,'2016-05-06 10:52:30','2016-05-06 10:52:30',400,'2016-05-06 10:52:18',NULL,NULL),(129,'6301003','LF','学生意外伤害保险','学生意外伤害保险','学生意外伤害保险\r\n','M','2','11','21',NULL,2,NULL,'2016-05-06 17:10:52',400,'2016-05-06 17:11:04','2016-05-06 17:11:04',400,'2016-05-06 17:10:52',NULL,NULL),(130,'6302001','LF','附加学生意外伤害医疗费用补偿保险','附加学生意外伤害医疗费用','附加学生意外伤害医疗费用','R','2','10','19','29',2,NULL,'2016-05-09 16:45:28',400,'2016-05-09 18:47:03','2016-05-09 18:47:03',400,'2016-05-09 16:45:28',NULL,NULL),(131,'6302002','LF','附加学生补充住院医疗保险条款(B款)','附加学生补充住院医疗保险条款(B款)','附加学生补充住院医疗保险条款(B款)','R','2','10','19','29',2,NULL,'2016-05-09 17:31:50',400,'2016-05-09 17:32:33','2016-05-09 17:32:33',400,'2016-05-09 17:31:50',NULL,NULL),(132,'6301004','LF','意外伤害保险','意外伤害保险','意外伤害保险','M','2','11','21',NULL,2,NULL,'2016-05-09 17:48:26',400,'2016-05-11 16:26:46','2016-05-11 16:26:46',400,'2016-05-09 17:48:26',NULL,NULL),(133,'6302003','LF','附加意外伤害医疗费用保险条款（B款）','附加意外伤害医疗费用保险条款（B款）','附加意外伤害医疗费用保险条款（B款）\r\n','R','2','10','19','29',2,NULL,'2016-05-09 18:50:02',400,'2016-05-10 14:35:35','2016-05-10 14:35:35',400,'2016-05-09 18:50:02',NULL,NULL),(134,'6301005','LF','猝死保险','猝死保险','猝死保险\r\n','M','2','11','21',NULL,2,NULL,'2016-05-09 19:02:18',400,'2016-05-09 19:02:30','2016-05-09 19:02:30',400,'2016-05-09 19:02:18',NULL,NULL),(135,'6302004','LF','未成年人重大疾病保险','未成年人重大疾病保险','未成年人重大疾病保险\r\n','M','2','10','18','27',2,NULL,'2016-05-09 19:16:38',400,'2016-05-09 19:17:00','2016-05-09 19:17:00',400,'2016-05-09 19:16:38',NULL,NULL),(136,'6302005','LF','附加重大疾病住院津贴保险','附加重大疾病住院津贴保险','附加重大疾病住院津贴保险\r\n','R','2','10','18','27',2,NULL,'2016-05-09 19:33:05',400,'2016-05-09 19:33:21','2016-05-09 19:33:21',400,'2016-05-09 19:33:05',NULL,NULL),(137,'6302006','LF','蒲公英B款门急诊医疗保险','蒲公英B款门急诊医疗保险','蒲公英B款门急诊医疗保险\r\n','M','2','11','19','29',2,NULL,'2016-05-10 17:08:55',400,'2016-05-10 17:11:59','2016-05-10 17:11:59',400,'2016-05-10 17:08:55',NULL,NULL),(138,'6302007','LF','蒲公英住院津贴医疗保险','蒲公英住院津贴医疗保险','蒲公英住院津贴医疗保险\r\n','M','2','10','19','28',2,NULL,'2016-05-10 17:26:52',400,'2016-05-10 17:27:17','2016-05-10 17:27:17',400,'2016-05-10 17:26:52',NULL,NULL),(139,'6302008','LF','个人中高端住院医疗保险','个人中高端住院医疗保险','个人中高端住院医疗保险\r\n','M','2','10','19','29',2,NULL,'2016-05-10 17:35:22',400,'2016-05-10 17:35:43','2016-05-10 17:35:43',400,'2016-05-10 17:35:22',NULL,NULL),(140,'6302009','LF','e顺女性疾病保险','e顺女性疾病保险','e顺女性疾病保险\r\n\r\n\r\n\r\n','M','2','10','18','27',2,NULL,'2016-05-11 10:18:07',400,'2016-05-11 10:18:38','2016-05-11 10:18:38',400,'2016-05-11 10:18:07',NULL,NULL),(141,'6303001','LF','境外旅行意外伤害保险','境外旅行意外伤害保险','境外旅行意外伤害保险\r\n\r\n\r\n\r\n\r\n\r\n\r\n\r\n\r\n','M','2','11','21','',4,NULL,'2016-05-11 10:37:03',400,'2016-05-12 10:21:43','2016-05-12 10:21:43',400,'2016-05-11 10:37:03',NULL,NULL),(142,'6303008','LF','太平盛世旅游意外伤害保险','太平盛世旅游意外伤害保险','太平盛世旅游意外伤害保险\r\n\r\n\r\n','M','2','11','21',NULL,3,NULL,'2016-05-12 11:49:59',400,'2016-05-12 11:50:19','2016-05-12 11:50:19',400,'2016-05-12 11:49:59',NULL,NULL),(143,'6303009','LF','华夏游境内旅行意外伤害保险','华夏游境内旅行意外伤害保险','华夏游境内旅行意外伤害保险\r\n\r\n\r\n\r\n\r\n','M','2','11','21',NULL,4,NULL,'2016-05-12 11:55:47',400,'2016-05-25 15:34:07','2016-05-25 15:34:07',400,'2016-05-12 11:55:47',NULL,NULL),(144,'00001','LF','测试产品','测试产品','测试','M','2','11','21',NULL,2,NULL,'2016-05-31 17:08:44',400,'2016-05-31 17:09:09','2016-05-31 17:09:09',400,'2016-05-31 17:08:44',NULL,NULL);
/*!40000 ALTER TABLE `t_product` ENABLE KEYS */;
UNLOCK TABLES;

--
-- Table structure for table `t_product_attch`
--

DROP TABLE IF EXISTS `t_product_attch`;
/*!40101 SET @saved_cs_client     = @@character_set_client */;
/*!40101 SET character_set_client = utf8 */;
CREATE TABLE `t_product_attch` (
  `ATTCH_TYPE` char(1) COLLATE utf8_bin NOT NULL COMMENT '主附类别',
  `TYPE_NAME` varchar(40) COLLATE utf8_bin DEFAULT NULL COMMENT '类别名称',
  PRIMARY KEY (`ATTCH_TYPE`)
) ENGINE=InnoDB DEFAULT CHARSET=utf8 COLLATE=utf8_bin COMMENT='T_PRODUCT_ATTCH';
/*!40101 SET character_set_client = @saved_cs_client */;

--
-- Dumping data for table `t_product_attch`
--

LOCK TABLES `t_product_attch` WRITE;
/*!40000 ALTER TABLE `t_product_attch` DISABLE KEYS */;
INSERT INTO `t_product_attch` VALUES ('B','主险或附加险'),('M','主险'),('R','附加险');
/*!40000 ALTER TABLE `t_product_attch` ENABLE KEYS */;
UNLOCK TABLES;

--
-- Table structure for table `t_product_build_version`
--

DROP TABLE IF EXISTS `t_product_build_version`;
/*!40101 SET @saved_cs_client     = @@character_set_client */;
/*!40101 SET character_set_client = utf8 */;
CREATE TABLE `t_product_build_version` (
  `LIST_ID` bigint(20) NOT NULL AUTO_INCREMENT COMMENT 'pk SEQ_BUSINESS_PRD_VERSION__LIST_ID',
  `PRODUCT_ID` bigint(20) DEFAULT NULL COMMENT '产品id',
  `VERSION_NUMBER` decimal(5,4) DEFAULT NULL COMMENT '版本号 example: 2.0.5',
  `VALIDATE_DATE` datetime DEFAULT NULL COMMENT '生效日',
  `VERSION_RELEASE_NOTES` varchar(3000) COLLATE utf8_bin DEFAULT NULL COMMENT '版本修改内容',
  `INSERT_TIME` datetime NOT NULL DEFAULT CURRENT_TIMESTAMP COMMENT '创建时间',
  `UPDATE_TIME` datetime NOT NULL DEFAULT CURRENT_TIMESTAMP COMMENT '最新更新时间',
  `INSERT_TIMESTAMP` datetime NOT NULL DEFAULT CURRENT_TIMESTAMP ON UPDATE CURRENT_TIMESTAMP COMMENT '最新新增时间戳',
  `UPDATE_TIMESTAMP` datetime NOT NULL DEFAULT CURRENT_TIMESTAMP ON UPDATE CURRENT_TIMESTAMP COMMENT '最新更新时间戳',
  PRIMARY KEY (`LIST_ID`),
  KEY `fk_T_PRODUCT_BUILD_VERSION_prod_id` (`PRODUCT_ID`),
  CONSTRAINT `fk_T_PRODUCT_BUILD_VERSION_prod_id` FOREIGN KEY (`PRODUCT_ID`) REFERENCES `t_product` (`PRODUCT_ID`)
) ENGINE=InnoDB DEFAULT CHARSET=utf8 COLLATE=utf8_bin COMMENT='业务产品构建版本表';
/*!40101 SET character_set_client = @saved_cs_client */;

--
-- Dumping data for table `t_product_build_version`
--

LOCK TABLES `t_product_build_version` WRITE;
/*!40000 ALTER TABLE `t_product_build_version` DISABLE KEYS */;
/*!40000 ALTER TABLE `t_product_build_version` ENABLE KEYS */;
UNLOCK TABLES;

--
-- Table structure for table `t_product_formula`
--

DROP TABLE IF EXISTS `t_product_formula`;
/*!40101 SET @saved_cs_client     = @@character_set_client */;
/*!40101 SET character_set_client = utf8 */;
CREATE TABLE `t_product_formula` (
  `LIST_ID` bigint(20) NOT NULL AUTO_INCREMENT COMMENT '主键、序列号',
  `PRODUCT_ID` bigint(20) NOT NULL COMMENT '产品id',
  `TOPIC_CODE` varchar(20) COLLATE utf8_bin NOT NULL COMMENT '公式类型',
  `FORMULA_ID` bigint(20) NOT NULL COMMENT '公式id',
  `FORMULA_DESC` varchar(300) COLLATE utf8_bin DEFAULT NULL COMMENT '公式描述',
  `UPDATE_BY` bigint(20) DEFAULT NULL COMMENT '更新记录人',
  `UPDATE_TIME` datetime DEFAULT CURRENT_TIMESTAMP COMMENT '更新记录时间',
  `UPDATE_TIMESTAMP` datetime DEFAULT CURRENT_TIMESTAMP ON UPDATE CURRENT_TIMESTAMP COMMENT '更新记录时间戳',
  `INSERT_BY` bigint(20) DEFAULT NULL COMMENT '插入记录人',
  `INSERT_TIME` datetime DEFAULT CURRENT_TIMESTAMP COMMENT '插入记录时间',
  `INSERT_TIMESTAMP` datetime DEFAULT CURRENT_TIMESTAMP COMMENT '记录插入时间戳',
  PRIMARY KEY (`LIST_ID`),
  KEY `UNI_PRODUCT_FORMULA` (`TOPIC_CODE`),
  KEY `fk_PRODUCT_FORMULA__product_id` (`PRODUCT_ID`),
  CONSTRAINT `fk_PRODUCT_FORMULA__product_id` FOREIGN KEY (`PRODUCT_ID`) REFERENCES `t_product` (`PRODUCT_ID`)
) ENGINE=InnoDB AUTO_INCREMENT=166 DEFAULT CHARSET=utf8 COLLATE=utf8_bin COMMENT='产品公式配置表';
/*!40101 SET character_set_client = @saved_cs_client */;

--
-- Dumping data for table `t_product_formula`
--

LOCK TABLES `t_product_formula` WRITE;
/*!40000 ALTER TABLE `t_product_formula` DISABLE KEYS */;
INSERT INTO `t_product_formula` VALUES (102,126,'PREM_CAL',67,'每份保费100元。',400,'2016-05-06 10:32:26','2016-05-06 10:32:26',400,'2016-05-06 10:32:26','2016-05-06 10:32:26'),(103,127,'CASH_VALUE',66,'未满期净保费=保险费×[1-(保险单已经过天数/保险期间天数)]×(1-30%)     ',400,'2016-05-06 17:09:33','2016-05-06 17:09:33',400,'2016-05-06 17:09:33','2016-05-06 17:09:33'),(104,129,'CASH_VALUE',66,'未满期净保费=保险费×[1-(保险单已经过天数/保险期间天数)]×(1-10%) ',400,'2016-05-06 17:15:41','2016-05-06 17:15:41',400,'2016-05-06 17:15:41','2016-05-06 17:15:41'),(105,130,'CASH_VALUE',66,'同主险。',400,'2016-05-09 16:50:27','2016-05-09 16:50:27',400,'2016-05-09 16:50:27','2016-05-09 16:50:27'),(106,131,'CASH_VALUE',66,'同主险',400,'2016-05-09 17:46:57','2016-05-09 17:46:57',400,'2016-05-09 17:46:57','2016-05-09 17:46:57'),(109,133,'CASH_VALUE',66,'同主险',400,'2016-05-09 18:53:50','2016-05-09 18:53:50',400,'2016-05-09 18:53:50','2016-05-09 18:53:50'),(111,135,'CASH_VALUE',66,'保险费×[1-（保险合同已经过天数/保险期间天数）] ×（1-30%）。',400,'2016-05-09 19:29:42','2016-05-09 19:29:42',400,'2016-05-09 19:29:42','2016-05-09 19:29:42'),(112,136,'CASH_VALUE',66,'同主险',400,'2016-05-09 19:37:26','2016-05-09 19:37:26',400,'2016-05-09 19:37:26','2016-05-09 19:37:26'),(115,127,'PREM_CAL',68,'每万元保额对应的保费为10元。',400,'2016-05-10 14:22:42','2016-05-10 14:22:42',400,'2016-05-10 14:22:42','2016-05-10 14:22:42'),(121,136,'PREM_CAL',68,'单位保额1000元。',400,'2016-05-10 15:29:54','2016-05-10 15:29:54',400,'2016-05-10 15:29:54','2016-05-10 15:29:54'),(122,137,'CASH_VALUE',66,'保险费×（1-35%）×（1-经过天数÷365）',400,'2016-05-10 17:23:35','2016-05-10 17:23:35',400,'2016-05-10 17:23:35','2016-05-10 17:23:35'),(123,137,'PREM_CAL',68,'单位保额1000元。',400,'2016-05-10 17:23:57','2016-05-10 17:23:57',400,'2016-05-10 17:23:57','2016-05-10 17:23:57'),(124,138,'PREM_CAL',68,'单位保额5000',400,'2016-05-10 17:34:03','2016-05-10 17:34:03',400,'2016-05-10 17:34:03','2016-05-10 17:34:03'),(125,138,'CASH_VALUE',66,'保险费×（1-35%）×（1-经过天数÷365）',400,'2016-05-10 17:34:23','2016-05-10 17:34:23',400,'2016-05-10 17:34:23','2016-05-10 17:34:23'),(126,139,'PREM_CAL',68,'单位保额50万',400,'2016-05-11 09:31:41','2016-05-11 09:31:41',400,'2016-05-11 09:31:41','2016-05-11 09:31:41'),(127,139,'CASH_VALUE',66,'保险费×[1-（保险合同已经过天数/保险期间天数）] ×（1-30%）。',400,'2016-05-11 09:32:01','2016-05-11 09:32:01',400,'2016-05-11 09:32:01','2016-05-11 09:32:01'),(128,140,'CASH_VALUE',66,'保险费*（1-35%）*（1-经过天数/365)',400,'2016-05-11 10:30:51','2016-05-11 10:30:51',400,'2016-05-11 10:30:51','2016-05-11 10:30:51'),(129,140,'PREM_CAL',68,'单位保额1000',400,'2016-05-11 10:31:08','2016-05-11 10:31:08',400,'2016-05-11 10:31:08','2016-05-11 10:31:08'),(130,132,'PREM_CAL',71,'根据职业风险等级确定费率，计算保费',400,'2016-05-11 15:55:20','2016-05-11 15:55:20',400,'2016-05-11 15:55:20','2016-05-11 15:55:20'),(131,132,'RISK_DEATH',72,'死亡风险保额',407,'2016-05-11 16:18:30','2016-05-11 16:18:30',407,'2016-05-11 16:18:30','2016-05-11 16:18:30'),(132,132,'RISK_ACCIDENT',74,'意外风险保额',407,'2016-05-11 16:18:53','2016-05-11 16:18:53',407,'2016-05-11 16:18:53','2016-05-11 16:18:53'),(133,132,'RISK_CRITICAL',73,'重疾风险保额',407,'2016-05-11 16:19:07','2016-05-11 16:19:07',407,'2016-05-11 16:19:07','2016-05-11 16:19:07'),(134,132,'RISK_MEDICAL',75,'医疗风险保额',407,'2016-05-11 16:19:20','2016-05-11 16:19:20',407,'2016-05-11 16:19:20','2016-05-11 16:19:20'),(135,133,'PREM_CAL',76,'保额保费费率表（按社保） × 保额 / 单位保险金额',400,'2016-05-11 20:39:58','2016-05-11 20:39:58',400,'2016-05-11 20:39:58','2016-05-11 20:39:58'),(137,132,'CASH_VALUE',66,'折扣后保费×（1-产品的现价折算系数）×（险种满期日-计算基准日+1）/（险种满期日-险种生效日+1）',400,'2016-05-11 21:21:03','2016-05-11 21:21:03',400,'2016-05-11 21:21:03','2016-05-11 21:21:03'),(138,133,'RISK_ACCIDENT',74,'意外风险保额计算',400,'2016-05-11 21:22:19','2016-05-11 21:22:19',400,'2016-05-11 21:22:19','2016-05-11 21:22:19'),(139,133,'RISK_CRITICAL',73,'重疾风险保额计算',400,'2016-05-11 21:22:41','2016-05-11 21:22:41',400,'2016-05-11 21:22:41','2016-05-11 21:22:41'),(140,133,'RISK_DEATH',72,'风险保额计算',400,'2016-05-11 21:22:54','2016-05-11 21:22:54',400,'2016-05-11 21:22:54','2016-05-11 21:22:54'),(141,133,'RISK_MEDICAL',75,'风险保额计算',400,'2016-05-11 21:23:05','2016-05-11 21:23:05',400,'2016-05-11 21:23:05','2016-05-11 21:23:05'),(142,134,'CASH_VALUE',66,'折扣后保费×（1-产品的现价折算系数）×（险种满期日-计算基准日+1）/（险种满期日-险种生效日+1）',400,'2016-05-11 21:27:24','2016-05-11 21:27:24',400,'2016-05-11 21:27:24','2016-05-11 21:27:24'),(143,134,'RISK_ACCIDENT',74,'风险保额计算',400,'2016-05-11 21:27:44','2016-05-11 21:27:44',400,'2016-05-11 21:27:44','2016-05-11 21:27:44'),(144,134,'RISK_CRITICAL',73,'风险保额计算',400,'2016-05-11 21:27:53','2016-05-11 21:27:53',400,'2016-05-11 21:27:53','2016-05-11 21:27:53'),(145,134,'RISK_DEATH',72,'风险保额计算',400,'2016-05-11 21:28:01','2016-05-11 21:28:01',400,'2016-05-11 21:28:01','2016-05-11 21:28:01'),(146,134,'RISK_MEDICAL',75,'风险保额计算',400,'2016-05-11 21:28:12','2016-05-11 21:28:12',400,'2016-05-11 21:28:12','2016-05-11 21:28:12'),(147,134,'PREM_CAL',77,'保额保费费率表（通用） × 保额 / 单位保险金额',400,'2016-05-12 10:24:02','2016-05-12 10:24:02',400,'2016-05-12 10:24:02','2016-05-12 10:24:02'),(148,141,'CASH_VALUE',66,'保险费×[1-（保险合同已经过天数/保险期间天数）] ×（1-30%）。\r\n',400,'2016-05-12 11:49:18','2016-05-12 11:49:18',400,'2016-05-12 11:49:18','2016-05-12 11:49:18'),(149,142,'CASH_VALUE',66,'保险费×[1-（保险合同已经过天数/保险期间天数）] ×（1-30%）',400,'2016-05-12 11:55:01','2016-05-12 11:55:01',400,'2016-05-12 11:55:01','2016-05-12 11:55:01'),(151,143,'CASH_VALUE',66,'现金价值=保险费×[1-(保险单已经过天数/保险期间天数)] ×75%，不足一天的按一天算。',400,'2016-05-16 18:10:24','2016-05-16 18:10:24',400,'2016-05-16 18:10:24','2016-05-16 18:10:24'),(154,142,'PREM_CAL',68,'单位保额10000',400,'2016-05-25 16:02:20','2016-05-25 16:02:20',400,'2016-05-25 16:02:20','2016-05-25 16:02:20'),(158,126,'CASH_VALUE',66,'现金价值= 保险费×（ 1-35%）*（本合同约定的保险期间剩余天数 /本合同 约定的保险期间对应天数）',400,'2016-05-27 14:37:21','2016-05-27 14:37:21',400,'2016-05-27 14:37:21','2016-05-27 14:37:21'),(159,143,'PREM_CAL',67,'按份数，档次计算保费',400,'2016-05-31 14:28:00','2016-05-31 14:28:00',400,'2016-05-31 14:28:00','2016-05-31 14:28:00'),(160,135,'PREM_CAL',78,'5',400,'2016-05-31 20:15:26','2016-05-31 20:15:26',400,'2016-05-31 20:15:26','2016-05-31 20:15:26'),(164,131,'PREM_CAL',76,'3',400,'2016-06-01 10:28:49','2016-06-01 10:28:49',400,'2016-06-01 10:28:49','2016-06-01 10:28:49'),(165,130,'PREM_CAL',76,'3',400,'2016-06-01 10:32:14','2016-06-01 10:32:14',400,'2016-06-01 10:32:14','2016-06-01 10:32:14');
/*!40000 ALTER TABLE `t_product_formula` ENABLE KEYS */;
UNLOCK TABLES;

--
-- Table structure for table `t_product_line`
--

DROP TABLE IF EXISTS `t_product_line`;
/*!40101 SET @saved_cs_client     = @@character_set_client */;
/*!40101 SET character_set_client = utf8 */;
CREATE TABLE `t_product_line` (
  `PROD_LINE_CODE` char(2) COLLATE utf8_bin NOT NULL COMMENT '产品线代码',
  `PROD_LINE_NAME` varchar(200) COLLATE utf8_bin DEFAULT NULL COMMENT '产品线名称',
  `PROD_LIFE_TYPE` decimal(1,0) DEFAULT NULL COMMENT '保险/投资/消费支持/社交',
  `PROD_LINE_TAB` varchar(40) COLLATE utf8_bin DEFAULT NULL COMMENT '保险标的对应标的定义表  产品的实际定义表',
  `TARGET_OBJECT` varchar(200) COLLATE utf8_bin DEFAULT NULL COMMENT '保险标的名称',
  `TARGET_OBJ_TAB` varchar(40) COLLATE utf8_bin DEFAULT NULL COMMENT '保险标的对应标的数据存放表(举例： 人/车 T_customer/T_motor )',
  PRIMARY KEY (`PROD_LINE_CODE`)
) ENGINE=InnoDB DEFAULT CHARSET=utf8 COLLATE=utf8_bin COMMENT='产品线（内部定义产品用）\n产品线决定了产品的标的类型';
/*!40101 SET character_set_client = @saved_cs_client */;

--
-- Dumping data for table `t_product_line`
--

LOCK TABLES `t_product_line` WRITE;
/*!40000 ALTER TABLE `t_product_line` DISABLE KEYS */;
INSERT INTO `t_product_line` VALUES ('LF','寿险',0,'T_LF_PRODUCT','CUSTOMER','T_CUSTOMER'),('MT','车险',0,'T_MT_PRODUCT','MOTOR','T_MOTOR');
/*!40000 ALTER TABLE `t_product_line` ENABLE KEYS */;
UNLOCK TABLES;

--
-- Table structure for table `t_prop_beneficiary`
--

DROP TABLE IF EXISTS `t_prop_beneficiary`;
/*!40101 SET @saved_cs_client     = @@character_set_client */;
/*!40101 SET character_set_client = utf8 */;
CREATE TABLE `t_prop_beneficiary` (
  `BENEFICIARY_ID` varchar(32) NOT NULL DEFAULT '',
  `PROPOSAL_ID` bigint(20) DEFAULT NULL COMMENT '投保单ID',
  `PROP_INSURANT` bigint(20) DEFAULT NULL,
  `BEN_TYPE` varchar(10) DEFAULT NULL,
  `BEN_ORDER` bigint(20) DEFAULT NULL,
  `BENE_CUST_ID` bigint(20) DEFAULT NULL,
  `BENE_PERCENT` decimal(3,2) DEFAULT NULL,
  `IS_LEGAL` char(1) DEFAULT NULL,
  `PARTITION_INDI` bigint(20) DEFAULT NULL,
  PRIMARY KEY (`BENEFICIARY_ID`),
  KEY `FK_PROP_BEN__ID` (`PROPOSAL_ID`),
  KEY `FK_PROP_BEN__CUST_ID` (`BENE_CUST_ID`),
  CONSTRAINT `FK_PROP_BEN__CUST_ID` FOREIGN KEY (`BENE_CUST_ID`) REFERENCES `t_prop_customer` (`CUSTOMER_ID`),
  CONSTRAINT `FK_PROP_BEN__ID` FOREIGN KEY (`PROPOSAL_ID`) REFERENCES `t_proposal` (`PROPOSAL_ID`)
) ENGINE=InnoDB DEFAULT CHARSET=utf8;
/*!40101 SET character_set_client = @saved_cs_client */;

--
-- Dumping data for table `t_prop_beneficiary`
--

LOCK TABLES `t_prop_beneficiary` WRITE;
/*!40000 ALTER TABLE `t_prop_beneficiary` DISABLE KEYS */;
/*!40000 ALTER TABLE `t_prop_beneficiary` ENABLE KEYS */;
UNLOCK TABLES;

--
-- Table structure for table `t_prop_cust_addr`
--

DROP TABLE IF EXISTS `t_prop_cust_addr`;
/*!40101 SET @saved_cs_client     = @@character_set_client */;
/*!40101 SET character_set_client = utf8 */;
CREATE TABLE `t_prop_cust_addr` (
  `CUST_ADDR_ID` int(10) NOT NULL AUTO_INCREMENT COMMENT '地址ID',
  `CUSTOMER_ID` bigint(20) DEFAULT NULL COMMENT '客户id',
  `PROVINCE_CODE` varchar(6) COLLATE utf8_bin DEFAULT NULL,
  `CITY_CODE` varchar(6) COLLATE utf8_bin DEFAULT NULL,
  `DISTRICT_CODE` varchar(6) COLLATE utf8_bin DEFAULT NULL,
  `ORGAN_ID` bigint(20) DEFAULT NULL COMMENT '机构id',
  `ADDR_DETAIL` varchar(300) COLLATE utf8_bin DEFAULT NULL COMMENT '具体地址',
  `POSTAL_CODE` varchar(10) COLLATE utf8_bin DEFAULT NULL COMMENT '邮编',
  `LINKMAN` varchar(30) COLLATE utf8_bin DEFAULT NULL COMMENT '联系人',
  `CONTACT_NUMBER` varchar(30) COLLATE utf8_bin DEFAULT NULL COMMENT '联系人电话',
  PRIMARY KEY (`CUST_ADDR_ID`),
  KEY `FK_REFERENCE_34` (`ORGAN_ID`),
  KEY `FK_CUST_ADDR_CUSTOMER_ID` (`CUSTOMER_ID`),
  CONSTRAINT `FK_CUST_ADDR_CUSTOMER_ID` FOREIGN KEY (`CUSTOMER_ID`) REFERENCES `t_prop_customer` (`CUSTOMER_ID`),
  CONSTRAINT `FK_REFERENCE_34` FOREIGN KEY (`ORGAN_ID`) REFERENCES `t_company_organ` (`organ_id`)
) ENGINE=InnoDB DEFAULT CHARSET=utf8 COLLATE=utf8_bin COMMENT='客户地址表';
/*!40101 SET character_set_client = @saved_cs_client */;

--
-- Dumping data for table `t_prop_cust_addr`
--

LOCK TABLES `t_prop_cust_addr` WRITE;
/*!40000 ALTER TABLE `t_prop_cust_addr` DISABLE KEYS */;
/*!40000 ALTER TABLE `t_prop_cust_addr` ENABLE KEYS */;
UNLOCK TABLES;

--
-- Table structure for table `t_prop_customer`
--

DROP TABLE IF EXISTS `t_prop_customer`;
/*!40101 SET @saved_cs_client     = @@character_set_client */;
/*!40101 SET character_set_client = utf8 */;
CREATE TABLE `t_prop_customer` (
  `CUSTOMER_ID` bigint(20) NOT NULL AUTO_INCREMENT COMMENT '客户id',
  `ORGAN_ID` bigint(20) DEFAULT NULL COMMENT '机构id',
  `GLOBAL_CUST_ID` varchar(40) COLLATE utf8_bin DEFAULT NULL COMMENT '全局客户ID',
  `REAL_NAME` varchar(40) COLLATE utf8_bin DEFAULT NULL COMMENT '姓名',
  `PINYIN_NAME` varchar(40) COLLATE utf8_bin DEFAULT NULL COMMENT '拼音',
  `GENDER` char(1) COLLATE utf8_bin DEFAULT NULL COMMENT '性别',
  `BIRTHDAY` date NOT NULL COMMENT '生日',
  `CERTI_TYPE` varchar(3) COLLATE utf8_bin DEFAULT NULL COMMENT '证件类型',
  `CERTI_CODE` varchar(40) COLLATE utf8_bin DEFAULT NULL COMMENT '证件号码',
  `STATUS` char(1) COLLATE utf8_bin DEFAULT NULL COMMENT '状态',
  `NATIONALITY` varchar(50) COLLATE utf8_bin DEFAULT NULL COMMENT '国籍',
  `MOBILE_PHONE` varchar(40) COLLATE utf8_bin DEFAULT NULL COMMENT '移动电话',
  `IS_MARRIED` char(1) COLLATE utf8_bin DEFAULT NULL COMMENT '婚姻状态',
  `IS_SOCIALCARE` char(10) COLLATE utf8_bin DEFAULT NULL COMMENT '社保状态',
  `INDUSTRY` char(10) COLLATE utf8_bin DEFAULT NULL COMMENT '行业',
  `JOB_CODE` varchar(20) COLLATE utf8_bin DEFAULT NULL COMMENT '职业代码',
  `DEATH_DATE` date DEFAULT NULL COMMENT '死亡日期',
  `WORK_COMPANY` varchar(200) COLLATE utf8_bin DEFAULT NULL COMMENT '工作单位',
  `HEALTH_STATUS` varchar(20) COLLATE utf8_bin DEFAULT NULL COMMENT '健康状态',
  `HEIGHT` int(11) DEFAULT NULL COMMENT '身高(KG)',
  `WEIGHT` int(11) DEFAULT NULL COMMENT '体重(CM)',
  `ANNUAL_INCOME` decimal(6,2) DEFAULT NULL COMMENT '年收入(万元）',
  `PARTITION_INDI` char(2) COLLATE utf8_bin DEFAULT NULL,
  `CREATED_BY` bigint(20) DEFAULT NULL COMMENT '创建人',
  `CREATE_TIME` datetime DEFAULT CURRENT_TIMESTAMP COMMENT '创建时间',
  `UPDATE_BY` bigint(20) DEFAULT NULL COMMENT '更新记录人',
  `UPDATE_TIME` datetime NOT NULL DEFAULT CURRENT_TIMESTAMP ON UPDATE CURRENT_TIMESTAMP COMMENT '更新记录时间',
  PRIMARY KEY (`CUSTOMER_ID`),
  KEY `FK_REFERENCE_32` (`ORGAN_ID`),
  CONSTRAINT `FK_REFERENCE_32` FOREIGN KEY (`ORGAN_ID`) REFERENCES `t_company_organ` (`organ_id`)
) ENGINE=InnoDB DEFAULT CHARSET=utf8 COLLATE=utf8_bin COMMENT='投保单客户';
/*!40101 SET character_set_client = @saved_cs_client */;

--
-- Dumping data for table `t_prop_customer`
--

LOCK TABLES `t_prop_customer` WRITE;
/*!40000 ALTER TABLE `t_prop_customer` DISABLE KEYS */;
/*!40000 ALTER TABLE `t_prop_customer` ENABLE KEYS */;
UNLOCK TABLES;

--
-- Table structure for table `t_prop_insurant`
--

DROP TABLE IF EXISTS `t_prop_insurant`;
/*!40101 SET @saved_cs_client     = @@character_set_client */;
/*!40101 SET character_set_client = utf8 */;
CREATE TABLE `t_prop_insurant` (
  `PROP_INSURANT_ID` bigint(20) NOT NULL AUTO_INCREMENT,
  `PROPOSAL_ID` bigint(20) DEFAULT NULL,
  `CUSTOMER_ID` bigint(20) DEFAULT NULL COMMENT '客户id',
  `RELATION_TO_HOLDER` int(1) NOT NULL COMMENT '与投保人关系',
  `ORGAN_ID` bigint(20) DEFAULT NULL COMMENT '机构id',
  PRIMARY KEY (`PROP_INSURANT_ID`),
  KEY `FK_REFERENCE_13` (`CUSTOMER_ID`),
  KEY `FK_REFERENCE_14` (`PROPOSAL_ID`),
  KEY `FK_REFERENCE_33` (`ORGAN_ID`),
  CONSTRAINT `FK_REFERENCE_13` FOREIGN KEY (`CUSTOMER_ID`) REFERENCES `t_prop_customer` (`CUSTOMER_ID`),
  CONSTRAINT `FK_REFERENCE_14` FOREIGN KEY (`PROPOSAL_ID`) REFERENCES `t_proposal` (`PROPOSAL_ID`),
  CONSTRAINT `FK_REFERENCE_33` FOREIGN KEY (`ORGAN_ID`) REFERENCES `t_company_organ` (`organ_id`)
) ENGINE=InnoDB DEFAULT CHARSET=utf8 COLLATE=utf8_bin COMMENT='投保单被保人表';
/*!40101 SET character_set_client = @saved_cs_client */;

--
-- Dumping data for table `t_prop_insurant`
--

LOCK TABLES `t_prop_insurant` WRITE;
/*!40000 ALTER TABLE `t_prop_insurant` DISABLE KEYS */;
/*!40000 ALTER TABLE `t_prop_insurant` ENABLE KEYS */;
UNLOCK TABLES;

--
-- Table structure for table `t_proposal`
--

DROP TABLE IF EXISTS `t_proposal`;
/*!40101 SET @saved_cs_client     = @@character_set_client */;
/*!40101 SET character_set_client = utf8 */;
CREATE TABLE `t_proposal` (
  `PROPOSAL_ID` bigint(20) NOT NULL AUTO_INCREMENT COMMENT '投保单ID',
  `PROPOSAL_NO` varchar(20) COLLATE utf8_bin NOT NULL COMMENT '投保单号码',
  `PROPOSAL_TYPE` int(11) DEFAULT NULL COMMENT '投保单类型',
  `DATA_TEMPLATE_ID` bigint(20) DEFAULT NULL COMMENT '投保单模板',
  `APPLICATION_DATE` date DEFAULT NULL COMMENT '投保时间',
  `PAY_MODE` int(11) DEFAULT NULL COMMENT '支付方式',
  `EFFECTIVE_DATE` date DEFAULT NULL COMMENT '生效日',
  `EXPIRY_DATE` date DEFAULT NULL COMMENT '过期日',
  `SALES_CHANNEL` char(3) COLLATE utf8_bin DEFAULT NULL COMMENT '销售渠道',
  `SALES_AREA` char(3) COLLATE utf8_bin DEFAULT NULL COMMENT '销售地区',
  `HOLDER_CUST_ID` bigint(20) DEFAULT NULL COMMENT '投保人ID',
  `GROUP_PROPOSAL_ID` bigint(20) DEFAULT NULL COMMENT '总投保单ID',
  `PROPOSAL_STATUS` char(3) COLLATE utf8_bin DEFAULT NULL COMMENT '投保单状态',
  `ORGAN_ID` bigint(20) DEFAULT NULL COMMENT '机构id',
  `POLICY_NO` varchar(20) COLLATE utf8_bin DEFAULT NULL COMMENT '保单号码',
  `CREATED_BY` bigint(20) DEFAULT NULL COMMENT '创建人',
  `CREATE_TIME` datetime DEFAULT CURRENT_TIMESTAMP COMMENT '创建时间',
  `UPDATE_BY` bigint(20) DEFAULT NULL COMMENT '更新记录人',
  `UPDATE_TIME` datetime NOT NULL DEFAULT CURRENT_TIMESTAMP ON UPDATE CURRENT_TIMESTAMP COMMENT '更新记录时间',
  PRIMARY KEY (`PROPOSAL_ID`),
  KEY `FK_PROPOSAL__GROUP_PROP_ID` (`GROUP_PROPOSAL_ID`),
  KEY `FK_FK_PROPOSAL__HOLDER_ID` (`HOLDER_CUST_ID`),
  KEY `FK_REFERENCE_16` (`DATA_TEMPLATE_ID`),
  KEY `FK_REFERENCE_27` (`ORGAN_ID`),
  CONSTRAINT `FK_FK_PROPOSAL__HOLDER_ID` FOREIGN KEY (`HOLDER_CUST_ID`) REFERENCES `t_prop_customer` (`CUSTOMER_ID`),
  CONSTRAINT `FK_PROPOSAL__GROUP_PROP_ID` FOREIGN KEY (`GROUP_PROPOSAL_ID`) REFERENCES `t_group_proposal` (`GROUP_PROPOSAL_ID`),
  CONSTRAINT `FK_REFERENCE_16` FOREIGN KEY (`DATA_TEMPLATE_ID`) REFERENCES `t_data_template` (`DATA_TEMPLATE_ID`),
  CONSTRAINT `FK_REFERENCE_27` FOREIGN KEY (`ORGAN_ID`) REFERENCES `t_company_organ` (`organ_id`)
) ENGINE=InnoDB DEFAULT CHARSET=utf8 COLLATE=utf8_bin COMMENT='投保单表';
/*!40101 SET character_set_client = @saved_cs_client */;

--
-- Dumping data for table `t_proposal`
--

LOCK TABLES `t_proposal` WRITE;
/*!40000 ALTER TABLE `t_proposal` DISABLE KEYS */;
/*!40000 ALTER TABLE `t_proposal` ENABLE KEYS */;
UNLOCK TABLES;

--
-- Table structure for table `t_proposal_type`
--

DROP TABLE IF EXISTS `t_proposal_type`;
/*!40101 SET @saved_cs_client     = @@character_set_client */;
/*!40101 SET character_set_client = utf8 */;
CREATE TABLE `t_proposal_type` (
  `TYPE` int(11) NOT NULL,
  `NAME` varchar(30) COLLATE utf8_bin DEFAULT NULL,
  PRIMARY KEY (`TYPE`)
) ENGINE=InnoDB DEFAULT CHARSET=utf8 COLLATE=utf8_bin COMMENT='投保单类型';
/*!40101 SET character_set_client = @saved_cs_client */;

--
-- Dumping data for table `t_proposal_type`
--

LOCK TABLES `t_proposal_type` WRITE;
/*!40000 ALTER TABLE `t_proposal_type` DISABLE KEYS */;
/*!40000 ALTER TABLE `t_proposal_type` ENABLE KEYS */;
UNLOCK TABLES;

--
-- Table structure for table `t_pwd_arithmetic`
--

DROP TABLE IF EXISTS `t_pwd_arithmetic`;
/*!40101 SET @saved_cs_client     = @@character_set_client */;
/*!40101 SET character_set_client = utf8 */;
CREATE TABLE `t_pwd_arithmetic` (
  `ARITHMETIC_ID` bigint(20) NOT NULL AUTO_INCREMENT COMMENT '算法id',
  `NAME` varchar(50) COLLATE utf8_bin DEFAULT NULL COMMENT '算法名称',
  `CLASS_NAME` varchar(200) COLLATE utf8_bin DEFAULT NULL COMMENT '类名称',
  `SERVICE_NAME` varchar(200) COLLATE utf8_bin DEFAULT NULL COMMENT '服务名称',
  `REMARK` varchar(300) COLLATE utf8_bin DEFAULT NULL COMMENT '描述',
  `PRECATED_DATE` date DEFAULT NULL COMMENT '禁用日期',
  `AVAILABLE_DATE` date DEFAULT NULL COMMENT '启用日期',
  PRIMARY KEY (`ARITHMETIC_ID`)
) ENGINE=InnoDB AUTO_INCREMENT=4 DEFAULT CHARSET=utf8 COLLATE=utf8_bin COMMENT='密码加密算法表 ';
/*!40101 SET character_set_client = @saved_cs_client */;

--
-- Dumping data for table `t_pwd_arithmetic`
--

LOCK TABLES `t_pwd_arithmetic` WRITE;
/*!40000 ALTER TABLE `t_pwd_arithmetic` DISABLE KEYS */;
INSERT INTO `t_pwd_arithmetic` VALUES (1,'MD5',NULL,NULL,NULL,'2016-01-01','2016-01-02'),(2,'SHA',NULL,NULL,NULL,'2016-01-01','2015-12-31'),(3,'RSA',NULL,NULL,NULL,NULL,'2016-01-04');
/*!40000 ALTER TABLE `t_pwd_arithmetic` ENABLE KEYS */;
UNLOCK TABLES;

--
-- Table structure for table `t_question`
--

DROP TABLE IF EXISTS `t_question`;
/*!40101 SET @saved_cs_client     = @@character_set_client */;
/*!40101 SET character_set_client = utf8 */;
CREATE TABLE `t_question` (
  `QUESTION_ID` bigint(20) NOT NULL AUTO_INCREMENT COMMENT '试题ID',
  `QUESTION_CODE` varchar(10) COLLATE utf8_bin DEFAULT NULL COMMENT '试题代码',
  `QUESTION_BODY` varchar(400) COLLATE utf8_bin DEFAULT NULL COMMENT '试题内容',
  `ANSWER_TYPE` int(11) DEFAULT NULL COMMENT '试题答案类型\n              1--单选\n              2--多选\n              3--填空\n              4--阐述\n              5--单选题且最后一项为其他请说明',
  PRIMARY KEY (`QUESTION_ID`)
) ENGINE=InnoDB DEFAULT CHARSET=utf8 COLLATE=utf8_bin COMMENT='试题';
/*!40101 SET character_set_client = @saved_cs_client */;

--
-- Dumping data for table `t_question`
--

LOCK TABLES `t_question` WRITE;
/*!40000 ALTER TABLE `t_question` DISABLE KEYS */;
/*!40000 ALTER TABLE `t_question` ENABLE KEYS */;
UNLOCK TABLES;

--
-- Table structure for table `t_risk`
--

DROP TABLE IF EXISTS `t_risk`;
/*!40101 SET @saved_cs_client     = @@character_set_client */;
/*!40101 SET character_set_client = utf8 */;
CREATE TABLE `t_risk` (
  `RISK_ID` bigint(20) NOT NULL,
  `RISK_NAME` varchar(200) COLLATE utf8_bin DEFAULT NULL,
  `RISK_DESC` varchar(800) COLLATE utf8_bin DEFAULT NULL,
  PRIMARY KEY (`RISK_ID`)
) ENGINE=InnoDB DEFAULT CHARSET=utf8 COLLATE=utf8_bin COMMENT='风险定义表';
/*!40101 SET character_set_client = @saved_cs_client */;

--
-- Dumping data for table `t_risk`
--

LOCK TABLES `t_risk` WRITE;
/*!40000 ALTER TABLE `t_risk` DISABLE KEYS */;
/*!40000 ALTER TABLE `t_risk` ENABLE KEYS */;
UNLOCK TABLES;

--
-- Table structure for table `t_role`
--

DROP TABLE IF EXISTS `t_role`;
/*!40101 SET @saved_cs_client     = @@character_set_client */;
/*!40101 SET character_set_client = utf8 */;
CREATE TABLE `t_role` (
  `role_id` bigint(20) NOT NULL AUTO_INCREMENT,
  `ROLE_CODE` varchar(50) COLLATE utf8_bin DEFAULT NULL,
  `ROLE_NAME` varchar(100) COLLATE utf8_bin DEFAULT NULL,
  `ROLE_DESC` varchar(4000) COLLATE utf8_bin DEFAULT NULL,
  `ROLE_TYPE` decimal(1,0) NOT NULL,
  `STATUS` char(1) COLLATE utf8_bin DEFAULT NULL,
  `CREATE_BY` bigint(20) DEFAULT NULL,
  `UPDATE_BY` bigint(20) DEFAULT NULL,
  `INSERT_TIME` datetime NOT NULL DEFAULT CURRENT_TIMESTAMP,
  `UPDATE_TIME` datetime NOT NULL DEFAULT CURRENT_TIMESTAMP,
  PRIMARY KEY (`role_id`)
) ENGINE=InnoDB AUTO_INCREMENT=409 DEFAULT CHARSET=utf8 COLLATE=utf8_bin COMMENT='t_role';
/*!40101 SET character_set_client = @saved_cs_client */;

--
-- Dumping data for table `t_role`
--

LOCK TABLES `t_role` WRITE;
/*!40000 ALTER TABLE `t_role` DISABLE KEYS */;
INSERT INTO `t_role` VALUES (400,'ADMIN','系统管理员','系统管理员',2,'Y',400,400,'2015-08-21 13:02:56','2016-03-22 20:32:45'),(401,'NormalUser','普通用户','普通用户',2,'Y',400,400,'2016-01-16 16:57:06','2016-01-16 16:57:06'),(402,'QY001','企业用户角色','企业用户角色',2,'Y',400,400,'2016-05-29 12:56:58','2016-05-29 12:56:58'),(403,'aa11','aa','普通用户',2,'Y',400,400,'2016-05-31 11:04:33','2016-05-31 11:04:33'),(404,'64d2','普通用户2','',2,'Y',400,400,'2016-05-31 11:24:30','2016-05-31 11:24:30'),(405,'user1','特殊用户','特殊用户',2,'Y',400,400,'2016-05-31 11:31:34','2016-05-31 11:31:34'),(406,'11A','用户','用户',2,'Y',400,400,'2016-05-31 11:47:38','2016-05-31 11:47:38'),(407,'ab12','普通用户1','普通用户1',2,'Y',400,400,'2016-05-31 16:44:28','2016-05-31 16:44:28'),(408,'aa22','普通用户3','普通用户3',2,'Y',402,402,'2016-06-01 09:38:04','2016-06-01 09:38:04');
/*!40000 ALTER TABLE `t_role` ENABLE KEYS */;
UNLOCK TABLES;

--
-- Table structure for table `t_role_resource`
--

DROP TABLE IF EXISTS `t_role_resource`;
/*!40101 SET @saved_cs_client     = @@character_set_client */;
/*!40101 SET character_set_client = utf8 */;
CREATE TABLE `t_role_resource` (
  `RESOURCE_ID` bigint(20) NOT NULL,
  `ROLE_ID` bigint(20) NOT NULL,
  `INSERT_TIME` datetime NOT NULL DEFAULT CURRENT_TIMESTAMP,
  PRIMARY KEY (`RESOURCE_ID`,`ROLE_ID`),
  KEY `fk_role_resource__role_id` (`ROLE_ID`),
  CONSTRAINT `fk_role_resource__role_id` FOREIGN KEY (`ROLE_ID`) REFERENCES `t_role` (`role_id`)
) ENGINE=InnoDB DEFAULT CHARSET=utf8 COLLATE=utf8_bin COMMENT='角色下可用资源';
/*!40101 SET character_set_client = @saved_cs_client */;

--
-- Dumping data for table `t_role_resource`
--

LOCK TABLES `t_role_resource` WRITE;
/*!40000 ALTER TABLE `t_role_resource` DISABLE KEYS */;
INSERT INTO `t_role_resource` VALUES (0,403,'2016-05-31 11:10:06'),(0,406,'2016-05-31 16:40:47'),(0,407,'2016-05-31 16:44:28'),(0,408,'2016-06-01 10:27:52'),(1,402,'2016-05-29 12:56:57'),(1,403,'2016-05-31 11:10:06'),(1,404,'2016-05-31 11:24:21'),(1,406,'2016-05-31 16:40:47'),(1,407,'2016-05-31 16:44:28'),(1,408,'2016-06-01 10:27:52'),(2,402,'2016-05-29 12:56:57'),(2,403,'2016-05-31 11:10:06'),(2,405,'2016-05-31 11:31:29'),(2,406,'2016-05-31 16:40:47'),(2,407,'2016-05-31 16:44:28'),(2,408,'2016-06-01 10:27:52'),(3,403,'2016-05-31 11:10:06'),(3,406,'2016-05-31 16:40:47'),(3,407,'2016-05-31 16:44:28'),(3,408,'2016-06-01 10:27:52'),(6,402,'2016-05-29 12:56:57'),(6,403,'2016-05-31 11:10:06'),(6,406,'2016-05-31 16:40:47'),(6,407,'2016-05-31 16:44:28'),(6,408,'2016-06-01 10:27:52'),(7,402,'2016-05-29 12:56:57'),(7,403,'2016-05-31 11:10:06'),(7,405,'2016-05-31 11:31:29'),(7,406,'2016-05-31 16:40:47'),(7,407,'2016-05-31 16:44:28'),(7,408,'2016-06-01 10:27:52'),(10,402,'2016-05-29 12:56:57'),(10,403,'2016-05-31 11:10:06'),(10,406,'2016-05-31 16:40:47'),(10,407,'2016-05-31 16:44:28'),(10,408,'2016-06-01 10:27:52'),(11,402,'2016-05-29 12:56:57'),(11,403,'2016-05-31 11:10:06'),(11,406,'2016-05-31 16:40:47'),(11,407,'2016-05-31 16:44:28'),(11,408,'2016-06-01 10:27:52'),(12,402,'2016-05-29 12:56:57'),(13,402,'2016-05-29 12:56:57'),(13,403,'2016-05-31 11:10:06'),(13,406,'2016-05-31 16:40:47'),(13,407,'2016-05-31 16:44:28'),(13,408,'2016-06-01 10:27:52'),(14,403,'2016-05-31 11:10:06'),(14,406,'2016-05-31 16:40:47'),(14,407,'2016-05-31 16:44:28'),(14,408,'2016-06-01 10:27:52'),(15,402,'2016-05-29 12:56:57'),(15,403,'2016-05-31 11:10:06'),(15,405,'2016-05-31 11:31:29'),(15,406,'2016-05-31 16:40:47'),(15,407,'2016-05-31 16:44:28'),(15,408,'2016-06-01 10:27:52'),(16,403,'2016-05-31 11:10:06'),(16,406,'2016-05-31 16:40:47'),(16,407,'2016-05-31 16:44:28'),(16,408,'2016-06-01 10:27:52'),(17,403,'2016-05-31 11:10:06'),(17,406,'2016-05-31 16:40:47'),(17,407,'2016-05-31 16:44:28'),(17,408,'2016-06-01 10:27:52'),(19,403,'2016-05-31 11:10:06'),(19,406,'2016-05-31 16:40:47'),(19,407,'2016-05-31 16:44:28'),(19,408,'2016-06-01 10:27:52'),(21,403,'2016-05-31 11:10:06'),(21,406,'2016-05-31 16:40:47'),(21,407,'2016-05-31 16:44:28'),(21,408,'2016-06-01 10:27:52'),(22,403,'2016-05-31 11:10:06'),(22,406,'2016-05-31 16:40:47'),(22,407,'2016-05-31 16:44:28'),(22,408,'2016-06-01 10:27:52'),(23,403,'2016-05-31 11:10:06'),(23,406,'2016-05-31 16:40:47'),(23,407,'2016-05-31 16:44:28'),(23,408,'2016-06-01 10:27:52'),(24,403,'2016-05-31 11:10:06'),(24,406,'2016-05-31 16:40:47'),(24,407,'2016-05-31 16:44:28'),(24,408,'2016-06-01 10:27:52'),(28,402,'2016-05-29 12:56:57'),(28,403,'2016-05-31 11:10:06'),(28,406,'2016-05-31 16:40:47'),(28,407,'2016-05-31 16:44:28'),(28,408,'2016-06-01 10:27:52'),(34,402,'2016-05-29 12:56:57'),(34,403,'2016-05-31 11:10:06'),(34,406,'2016-05-31 16:40:47'),(34,407,'2016-05-31 16:44:28'),(34,408,'2016-06-01 10:27:52'),(35,403,'2016-05-31 11:10:06'),(35,406,'2016-05-31 16:40:47'),(35,407,'2016-05-31 16:44:28'),(35,408,'2016-06-01 10:27:52'),(48,403,'2016-05-31 11:10:06'),(48,406,'2016-05-31 16:40:47'),(48,407,'2016-05-31 16:44:28'),(48,408,'2016-06-01 10:27:52'),(51,403,'2016-05-31 11:10:06'),(51,406,'2016-05-31 16:40:47'),(51,407,'2016-05-31 16:44:28'),(51,408,'2016-06-01 10:27:52'),(54,403,'2016-05-31 11:10:06'),(54,406,'2016-05-31 16:40:47'),(54,407,'2016-05-31 16:44:28'),(54,408,'2016-06-01 10:27:52'),(55,403,'2016-05-31 11:10:06'),(55,406,'2016-05-31 16:40:47'),(55,407,'2016-05-31 16:44:28'),(55,408,'2016-06-01 10:27:52'),(56,403,'2016-05-31 11:10:06'),(56,406,'2016-05-31 16:40:47'),(56,407,'2016-05-31 16:44:28'),(56,408,'2016-06-01 10:27:52'),(57,403,'2016-05-31 11:10:06'),(57,406,'2016-05-31 16:40:47'),(57,407,'2016-05-31 16:44:28'),(57,408,'2016-06-01 10:27:52'),(58,403,'2016-05-31 11:10:06'),(58,406,'2016-05-31 16:40:47'),(58,407,'2016-05-31 16:44:28'),(58,408,'2016-06-01 10:27:52'),(59,403,'2016-05-31 11:10:06'),(59,406,'2016-05-31 16:40:47'),(59,407,'2016-05-31 16:44:28'),(59,408,'2016-06-01 10:27:52'),(63,403,'2016-05-31 11:10:06'),(63,406,'2016-05-31 16:40:47'),(63,407,'2016-05-31 16:44:28'),(63,408,'2016-06-01 10:27:52'),(64,403,'2016-05-31 11:10:06'),(64,406,'2016-05-31 16:40:47'),(64,407,'2016-05-31 16:44:28'),(64,408,'2016-06-01 10:27:52'),(65,403,'2016-05-31 11:10:06'),(65,406,'2016-05-31 16:40:47'),(65,407,'2016-05-31 16:44:28'),(65,408,'2016-06-01 10:27:52'),(66,403,'2016-05-31 11:10:06'),(66,406,'2016-05-31 16:40:47'),(66,407,'2016-05-31 16:44:28'),(66,408,'2016-06-01 10:27:52'),(67,403,'2016-05-31 11:10:06'),(67,406,'2016-05-31 16:40:47'),(67,407,'2016-05-31 16:44:28'),(67,408,'2016-06-01 10:27:52'),(68,402,'2016-05-29 12:56:57'),(68,403,'2016-05-31 11:10:06'),(68,406,'2016-05-31 16:40:47'),(68,407,'2016-05-31 16:44:28'),(68,408,'2016-06-01 10:27:52'),(69,403,'2016-05-31 11:10:06'),(69,406,'2016-05-31 16:40:47'),(69,407,'2016-05-31 16:44:28'),(69,408,'2016-06-01 10:27:52'),(70,402,'2016-05-29 12:56:57'),(70,403,'2016-05-31 11:10:06'),(70,406,'2016-05-31 16:40:47'),(70,407,'2016-05-31 16:44:28'),(70,408,'2016-06-01 10:27:52'),(71,403,'2016-05-31 11:10:06'),(71,406,'2016-05-31 16:40:47'),(71,407,'2016-05-31 16:44:28'),(71,408,'2016-06-01 10:27:52'),(72,403,'2016-05-31 11:10:06'),(72,406,'2016-05-31 16:40:47'),(72,407,'2016-05-31 16:44:28'),(72,408,'2016-06-01 10:27:52'),(73,403,'2016-05-31 11:10:06'),(73,406,'2016-05-31 16:40:47'),(73,407,'2016-05-31 16:44:28'),(73,408,'2016-06-01 10:27:52'),(74,402,'2016-05-29 12:56:57'),(74,403,'2016-05-31 11:10:06'),(74,406,'2016-05-31 16:40:47'),(74,407,'2016-05-31 16:44:28'),(74,408,'2016-06-01 10:27:52'),(75,403,'2016-05-31 11:10:06'),(75,406,'2016-05-31 16:40:47'),(75,407,'2016-05-31 16:44:28'),(75,408,'2016-06-01 10:27:52'),(81,403,'2016-05-31 11:10:06'),(81,406,'2016-05-31 16:40:47'),(81,407,'2016-05-31 16:44:28'),(81,408,'2016-06-01 10:27:52'),(85,403,'2016-05-31 11:10:06'),(85,406,'2016-05-31 16:40:47'),(85,407,'2016-05-31 16:44:28'),(85,408,'2016-06-01 10:27:52'),(102,403,'2016-05-31 11:10:06'),(102,406,'2016-05-31 16:40:47'),(102,407,'2016-05-31 16:44:28'),(102,408,'2016-06-01 10:27:52'),(112,403,'2016-05-31 11:10:06'),(112,406,'2016-05-31 16:40:47'),(112,407,'2016-05-31 16:44:28'),(112,408,'2016-06-01 10:27:52'),(124,403,'2016-05-31 11:10:06'),(124,406,'2016-05-31 16:40:47'),(124,407,'2016-05-31 16:44:28'),(124,408,'2016-06-01 10:27:52'),(125,403,'2016-05-31 11:10:06'),(125,406,'2016-05-31 16:40:47'),(125,407,'2016-05-31 16:44:28'),(125,408,'2016-06-01 10:27:52'),(126,403,'2016-05-31 11:10:06'),(126,406,'2016-05-31 16:40:47'),(126,407,'2016-05-31 16:44:28'),(126,408,'2016-06-01 10:27:52'),(129,403,'2016-05-31 11:10:06'),(129,406,'2016-05-31 16:40:47'),(129,407,'2016-05-31 16:44:28'),(129,408,'2016-06-01 10:27:52'),(137,403,'2016-05-31 11:10:06'),(137,406,'2016-05-31 16:40:47'),(137,407,'2016-05-31 16:44:28'),(137,408,'2016-06-01 10:27:52'),(139,403,'2016-05-31 11:10:06'),(139,406,'2016-05-31 16:40:47'),(139,407,'2016-05-31 16:44:28'),(139,408,'2016-06-01 10:27:52'),(140,403,'2016-05-31 11:10:06'),(140,406,'2016-05-31 16:40:47'),(140,407,'2016-05-31 16:44:28'),(140,408,'2016-06-01 10:27:52'),(144,403,'2016-05-31 11:10:06'),(144,406,'2016-05-31 16:40:47'),(144,407,'2016-05-31 16:44:28'),(144,408,'2016-06-01 10:27:52'),(145,403,'2016-05-31 11:10:06'),(145,406,'2016-05-31 16:40:47'),(145,407,'2016-05-31 16:44:28'),(145,408,'2016-06-01 10:27:52');
/*!40000 ALTER TABLE `t_role_resource` ENABLE KEYS */;
UNLOCK TABLES;

--
-- Table structure for table `t_ruleset_rule`
--

DROP TABLE IF EXISTS `t_ruleset_rule`;
/*!40101 SET @saved_cs_client     = @@character_set_client */;
/*!40101 SET character_set_client = utf8 */;
CREATE TABLE `t_ruleset_rule` (
  `LIST_ID` bigint(20) NOT NULL AUTO_INCREMENT COMMENT '记录ID',
  `TOPIC_RULESET_ID` char(32) COLLATE utf8_bin NOT NULL COMMENT '主题规则集ID',
  `RULE_ID` char(32) COLLATE utf8_bin NOT NULL COMMENT '规则ID',
  `RULE_PARAM_VALUES` varchar(500) COLLATE utf8_bin DEFAULT NULL COMMENT '规则参数值',
  PRIMARY KEY (`LIST_ID`),
  KEY `FK_RULESET_RULE__RULE_ID` (`RULE_ID`),
  CONSTRAINT `FK_RULESET_RULE__RULE_ID` FOREIGN KEY (`RULE_ID`) REFERENCES `t_conf_rule_template` (`RULE_ID`)
) ENGINE=InnoDB AUTO_INCREMENT=172 DEFAULT CHARSET=utf8 COLLATE=utf8_bin COMMENT='主题规则集规则关联表';
/*!40101 SET character_set_client = @saved_cs_client */;

--
-- Dumping data for table `t_ruleset_rule`
--

LOCK TABLES `t_ruleset_rule` WRITE;
/*!40000 ALTER TABLE `t_ruleset_rule` DISABLE KEYS */;
INSERT INTO `t_ruleset_rule` VALUES (59,'16341629175b11e687e06c92bf178e06','ff6f562d175911e687e06c92bf178e06','{ \"被保人最大年龄\":\"65\",\"被保人最小年龄\":\"0\"}'),(62,'c4cfabca15dd11e687e06c92bf178e06','ff6f562d175911e687e06c92bf178e06','{ \"被保人最大年龄\":\"65\",\"被保人最小年龄\":\"0\"}'),(68,'9cda0e5d17ea11e687e06c92bf178e06','ff6f562d175911e687e06c92bf178e06','{ \"被保人最大年龄\":\"50\",\"被保人最小年龄\":\"0\"}'),(72,'9cda0e5d17ea11e687e06c92bf178e06','65a35adc17ec11e687e06c92bf178e06','{ \"医疗类职业风险最高等级\":\"4\"}'),(73,'52eec9a717f111e687e06c92bf178e06','ff6f562d175911e687e06c92bf178e06',NULL),(88,'04944fde17f411e687e06c92bf178e06','65a35adc17ec11e687e06c92bf178e06',NULL),(89,'c4fdd2a217f411e687e06c92bf178e06','ff6f562d175911e687e06c92bf178e06',NULL),(90,'a0270ac617f811e687e06c92bf178e06','ff6f562d175911e687e06c92bf178e06',NULL),(91,'02ae36ec17fc11e687e06c92bf178e06','ff6f562d175911e687e06c92bf178e06','{ \"被保人最大年龄\":\"75\",\"被保人最小年龄\":\"50\"}'),(95,'110a1d6817fd11e687e06c92bf178e06','65a35adc17ec11e687e06c92bf178e06',NULL),(137,'c4fdd2a217f411e687e06c92bf178e06','65a35adc17ec11e687e06c92bf178e06','{ \"医疗类职业风险最高等级\":\"5\"}'),(144,'5e3c27f215d911e687e06c92bf178e06','ff6f562d175911e687e06c92bf178e06','{ \"被保人最大年龄\":\"17\",\"被保人最小年龄\":\"0\"}'),(146,'929c06fd1d9811e6b2e96c92bf178e06','e7cab23b1c9d11e6b2e96c92bf178e06','{ \"被保人最大年龄\":\"17\",\"被保人最小年龄\":\"0\"}'),(151,'02ae36ec17fc11e687e06c92bf178e06','65a35adc17ec11e687e06c92bf178e06','{ \"医疗类职业风险最高等级\":\"3\"}'),(152,'ac3a5396215111e6b2e96c92bf178e06','abe001a51d9011e6b2e96c92bf178e06','{ \"万\":\"100\"}'),(153,'121f5f26219311e6b2e96c92bf178e06','ff6f562d175911e687e06c92bf178e06',NULL),(166,'ec8d8ab822f211e6b2e96c92bf178e06','ff6f562d175911e687e06c92bf178e06','{ \"被保人最大年龄\":\"99\",\"被保人最小年龄\":\"1\"}'),(167,'6a69d94e23d611e6b2e96c92bf178e06','ff6f562d175911e687e06c92bf178e06','{ \"被保人最大年龄\":\"65\",\"被保人最小年龄\":\"18\"}'),(168,'f9279fde172111e687e06c92bf178e06','e7cab23b1c9d11e6b2e96c92bf178e06','{ \"被保人最大年龄\":\"17\",\"被保人最小年龄\":\"5\"}'),(169,'486e75b427c311e6a7a4286ed488cc2d','ff6f562d175911e687e06c92bf178e06','{ \"被保人最大年龄\":\"17\",\"被保人最小年龄\":\"1\"}');
/*!40000 ALTER TABLE `t_ruleset_rule` ENABLE KEYS */;
UNLOCK TABLES;

--
-- Table structure for table `t_sales_channel`
--

DROP TABLE IF EXISTS `t_sales_channel`;
/*!40101 SET @saved_cs_client     = @@character_set_client */;
/*!40101 SET character_set_client = utf8 */;
CREATE TABLE `t_sales_channel` (
  `CHANNEL_ID` bigint(20) NOT NULL AUTO_INCREMENT COMMENT '渠道ID',
  `CHANNEL_NAME` varchar(100) COLLATE utf8_bin NOT NULL COMMENT '渠道名',
  `SALES_CHANNEL` varchar(10) COLLATE utf8_bin NOT NULL COMMENT '渠道类型（D_SALES_CHANNEL）',
  `SALES_MODE` varchar(10) COLLATE utf8_bin NOT NULL COMMENT '销售模式（D_SALES_MODE）',
  `POLICY_TYPE` varchar(10) COLLATE utf8_bin DEFAULT NULL COMMENT '保险公司渠道（D_POLICY_TYPE）',
  `CHANNEL_ORGAN` bigint(20) NOT NULL COMMENT '渠道所属组织ID',
  `CREATE_BY` bigint(20) NOT NULL COMMENT '创建人',
  `CREATE_TIME` datetime NOT NULL COMMENT '创建用户时间',
  `CREATE_TIMESTAMP` datetime NOT NULL DEFAULT CURRENT_TIMESTAMP COMMENT '创建系统时间',
  `UPDATE_BY` bigint(20) NOT NULL COMMENT '更新人',
  `UPDATE_TIME` datetime NOT NULL COMMENT '更新用户时间',
  `UPDATE_TIMESTAMP` datetime NOT NULL DEFAULT CURRENT_TIMESTAMP ON UPDATE CURRENT_TIMESTAMP COMMENT '更新系统时间',
  PRIMARY KEY (`CHANNEL_ID`),
  KEY `FK_SALES_CHANNEL__CHANNEL_ORGA` (`CHANNEL_ORGAN`),
  CONSTRAINT `FK_SALES_CHANNEL__CHANNEL_ORGA` FOREIGN KEY (`CHANNEL_ORGAN`) REFERENCES `t_channel_organ` (`ORGAN_ID`)
) ENGINE=InnoDB AUTO_INCREMENT=2 DEFAULT CHARSET=utf8 COLLATE=utf8_bin COMMENT='销售渠道实例表';
/*!40101 SET character_set_client = @saved_cs_client */;

--
-- Dumping data for table `t_sales_channel`
--

LOCK TABLES `t_sales_channel` WRITE;
/*!40000 ALTER TABLE `t_sales_channel` DISABLE KEYS */;
INSERT INTO `t_sales_channel` VALUES (1,'电商官网A','2','13',NULL,2,400,'2016-05-31 15:42:16','2016-05-03 12:13:50',400,'2016-05-31 15:42:16','2016-05-31 15:43:22');
/*!40000 ALTER TABLE `t_sales_channel` ENABLE KEYS */;
UNLOCK TABLES;

--
-- Table structure for table `t_sms_task`
--

DROP TABLE IF EXISTS `t_sms_task`;
/*!40101 SET @saved_cs_client     = @@character_set_client */;
/*!40101 SET character_set_client = utf8 */;
CREATE TABLE `t_sms_task` (
  `TASK_ID` bigint(20) NOT NULL COMMENT '任务ID',
  `TEMPLATE_ID` bigint(20) NOT NULL COMMENT '短信模板ID',
  `SEND_TYPE` varchar(30) COLLATE utf8_bin NOT NULL COMMENT '短信发送类型\n            --0-即时短信\n            --1-定时短信',
  `SMS_PARAM` varchar(4000) COLLATE utf8_bin NOT NULL COMMENT '发送的短信参数',
  `TASK_STATUS` varchar(30) COLLATE utf8_bin DEFAULT '01',
  `SMS_ACCOUNT` varchar(300) COLLATE utf8_bin NOT NULL COMMENT '接收手机号/微信号',
  `SEND_TIME` datetime NOT NULL DEFAULT CURRENT_TIMESTAMP COMMENT '短信发送时间',
  `REPEAT_TIMES` int(11) DEFAULT '0',
  `CREATE_BY` bigint(20) NOT NULL COMMENT '创建人',
  `CREATE_TIME` datetime NOT NULL DEFAULT CURRENT_TIMESTAMP COMMENT '创建时间',
  `UPDATE_BY` bigint(20) NOT NULL COMMENT '更新记录人',
  `UPDATE_TIME` datetime NOT NULL DEFAULT CURRENT_TIMESTAMP ON UPDATE CURRENT_TIMESTAMP COMMENT '更新记录时间',
  PRIMARY KEY (`TASK_ID`),
  KEY `FK_FK_SMS_TASK__TEMPLATE_ID` (`TEMPLATE_ID`),
  CONSTRAINT `FK_FK_SMS_TASK__TEMPLATE_ID` FOREIGN KEY (`TEMPLATE_ID`) REFERENCES `t_sms_template` (`template_id`)
) ENGINE=InnoDB DEFAULT CHARSET=utf8 COLLATE=utf8_bin COMMENT='短信发送任务';
/*!40101 SET character_set_client = @saved_cs_client */;

--
-- Dumping data for table `t_sms_task`
--

LOCK TABLES `t_sms_task` WRITE;
/*!40000 ALTER TABLE `t_sms_task` DISABLE KEYS */;
/*!40000 ALTER TABLE `t_sms_task` ENABLE KEYS */;
UNLOCK TABLES;

--
-- Table structure for table `t_sms_task_err_log`
--

DROP TABLE IF EXISTS `t_sms_task_err_log`;
/*!40101 SET @saved_cs_client     = @@character_set_client */;
/*!40101 SET character_set_client = utf8 */;
CREATE TABLE `t_sms_task_err_log` (
  `LOG_ID` bigint(20) NOT NULL COMMENT '日志ID',
  `TASK_ID` bigint(20) NOT NULL COMMENT '任务ID',
  `SEND_TIME` datetime NOT NULL DEFAULT CURRENT_TIMESTAMP COMMENT '消息发送时间',
  `ERR_MESSAG` text COLLATE utf8_bin NOT NULL COMMENT '日志内容',
  `CREATE_TIME` datetime NOT NULL DEFAULT CURRENT_TIMESTAMP COMMENT '创建时间',
  PRIMARY KEY (`LOG_ID`)
) ENGINE=InnoDB DEFAULT CHARSET=utf8 COLLATE=utf8_bin COMMENT='短信发送失败日志';
/*!40101 SET character_set_client = @saved_cs_client */;

--
-- Dumping data for table `t_sms_task_err_log`
--

LOCK TABLES `t_sms_task_err_log` WRITE;
/*!40000 ALTER TABLE `t_sms_task_err_log` DISABLE KEYS */;
/*!40000 ALTER TABLE `t_sms_task_err_log` ENABLE KEYS */;
UNLOCK TABLES;

--
-- Table structure for table `t_sms_template`
--

DROP TABLE IF EXISTS `t_sms_template`;
/*!40101 SET @saved_cs_client     = @@character_set_client */;
/*!40101 SET character_set_client = utf8 */;
CREATE TABLE `t_sms_template` (
  `template_id` bigint(20) NOT NULL AUTO_INCREMENT,
  `TEMPLATE_CODE` varchar(30) COLLATE utf8_bin NOT NULL COMMENT '模板代码',
  `TEMPLATE_NAME` varchar(30) COLLATE utf8_bin NOT NULL COMMENT '模板名称',
  `TEMPLATE_STATUS` varchar(30) COLLATE utf8_bin NOT NULL COMMENT '模板状态(--D_COMM_STATUS)',
  `SYSTEM_CODE` varchar(30) COLLATE utf8_bin NOT NULL COMMENT '所属系统',
  `ORGAN_ID` bigint(20) NOT NULL COMMENT '所属机构',
  `SMS_TYPE` varchar(30) COLLATE utf8_bin DEFAULT NULL COMMENT '消息类型',
  `SEND_TYPE` varchar(30) COLLATE utf8_bin NOT NULL COMMENT '消息发送类型\n            --0-即时短信\n            --1-定时短信',
  `TEMPLATE_PATH` varchar(200) COLLATE utf8_bin DEFAULT NULL COMMENT '模板文件存储路径',
  `TEMPLATE_BODY` text COLLATE utf8_bin COMMENT '模板内容',
  `REPEAT_TIMES` int(11) NOT NULL COMMENT '失败重发次数',
  `CREATE_BY` bigint(20) NOT NULL COMMENT '创建人',
  `CREATE_TIME` datetime NOT NULL DEFAULT CURRENT_TIMESTAMP ON UPDATE CURRENT_TIMESTAMP COMMENT '创建时间',
  `UPDATE_BY` bigint(20) NOT NULL COMMENT '更新记录人',
  `UPDATE_TIME` datetime NOT NULL DEFAULT CURRENT_TIMESTAMP ON UPDATE CURRENT_TIMESTAMP COMMENT '更新记录时间',
  PRIMARY KEY (`template_id`)
) ENGINE=InnoDB DEFAULT CHARSET=utf8 COLLATE=utf8_bin COMMENT=' 消息模板';
/*!40101 SET character_set_client = @saved_cs_client */;

--
-- Dumping data for table `t_sms_template`
--

LOCK TABLES `t_sms_template` WRITE;
/*!40000 ALTER TABLE `t_sms_template` DISABLE KEYS */;
/*!40000 ALTER TABLE `t_sms_template` ENABLE KEYS */;
UNLOCK TABLES;

--
-- Table structure for table `t_sys_registry`
--

DROP TABLE IF EXISTS `t_sys_registry`;
/*!40101 SET @saved_cs_client     = @@character_set_client */;
/*!40101 SET character_set_client = utf8 */;
CREATE TABLE `t_sys_registry` (
  `REGISTRY_ID` bigint(20) NOT NULL AUTO_INCREMENT COMMENT '注册ID',
  `PARENT_ID` bigint(20) DEFAULT NULL COMMENT '上级注册ID',
  `SYSTEM_CODE` varchar(10) COLLATE utf8_bin NOT NULL COMMENT '所属系统',
  `REGISTRY_NAME` varchar(50) COLLATE utf8_bin NOT NULL COMMENT '注册名称',
  `REGISTRY_DESC` varchar(400) COLLATE utf8_bin DEFAULT NULL COMMENT '注册内容描述',
  PRIMARY KEY (`REGISTRY_ID`)
) ENGINE=InnoDB AUTO_INCREMENT=23 DEFAULT CHARSET=utf8 COLLATE=utf8_bin COMMENT='系统参数注册表';
/*!40101 SET character_set_client = @saved_cs_client */;

--
-- Dumping data for table `t_sys_registry`
--

LOCK TABLES `t_sys_registry` WRITE;
/*!40000 ALTER TABLE `t_sys_registry` DISABLE KEYS */;
INSERT INTO `t_sys_registry` VALUES (14,NULL,'PROP','RISK_MAX_AMOUNT','各风险类型的风险保额最大值'),(15,NULL,'IIWS','营销产品签报资料','营销产品签报资料'),(16,NULL,'IIWS','MKT_PROD_SIGN_UPLOAD','营销产品签报资料'),(17,NULL,'IIWS','EC_PROD_FEATURE_UPLOAD','商品特征文件上传'),(18,NULL,'IIWS','MKT_PREM_LINK_CONF_UPLOAD','营销产品保费速查与联动配置模板上传'),(19,NULL,'BCP','BCP_TRANS_PAY_OUTTIME','订单支付超时时间配置'),(20,NULL,'BCP','BCP_TRANS_TRY_TIMES','交易失败重试次数'),(21,NULL,'IIWS','EC_PROD_EXPORT','电商商品导出目录');
/*!40000 ALTER TABLE `t_sys_registry` ENABLE KEYS */;
UNLOCK TABLES;

--
-- Table structure for table `t_sys_registry_param`
--

DROP TABLE IF EXISTS `t_sys_registry_param`;
/*!40101 SET @saved_cs_client     = @@character_set_client */;
/*!40101 SET character_set_client = utf8 */;
CREATE TABLE `t_sys_registry_param` (
  `PARAM_ID` bigint(20) NOT NULL AUTO_INCREMENT COMMENT '注册参数ID',
  `REGISTRY_ID` bigint(20) NOT NULL COMMENT '注册ID',
  `PARAM_NAME` varchar(100) COLLATE utf8_bin NOT NULL COMMENT '参数名称',
  `PARAM_TYPE` varchar(50) COLLATE utf8_bin NOT NULL COMMENT '参数类型',
  `PARAM_VALUE` varchar(200) COLLATE utf8_bin DEFAULT NULL COMMENT '参数值',
  PRIMARY KEY (`PARAM_ID`),
  KEY `FK_FK_SYS_REGISTRY_PARAM__REGISTRY_ID` (`REGISTRY_ID`),
  CONSTRAINT `FK_FK_SYS_REGISTRY_PARAM__REGISTRY_ID` FOREIGN KEY (`REGISTRY_ID`) REFERENCES `t_sys_registry` (`REGISTRY_ID`)
) ENGINE=InnoDB AUTO_INCREMENT=22 DEFAULT CHARSET=utf8 COLLATE=utf8_bin COMMENT='系统参数注册表参数表';
/*!40101 SET character_set_client = @saved_cs_client */;

--
-- Dumping data for table `t_sys_registry_param`
--

LOCK TABLES `t_sys_registry_param` WRITE;
/*!40000 ALTER TABLE `t_sys_registry_param` DISABLE KEYS */;
INSERT INTO `t_sys_registry_param` VALUES (11,15,'上传地址','1','/opt/appdata/template'),(12,14,'RISK_DEATH','4','10000000'),(13,14,'RISK_HEALT','2','5000000'),(15,16,'PATH','1','/opt/appdata/mktprodsign/'),(16,17,'IMG_PATH','1','/opt/appdata/template/'),(17,18,'UPLOAD_PATH','1','/opt/appdata/tmp/'),(18,19,'PAY_OUTTIME','4','1440'),(19,20,'TRY_TIMES','4','3'),(20,21,'EC_PROD_EXPORT_PATH','1','/opt/appdata/exportpath');
/*!40000 ALTER TABLE `t_sys_registry_param` ENABLE KEYS */;
UNLOCK TABLES;

--
-- Table structure for table `t_temp`
--

DROP TABLE IF EXISTS `t_temp`;
/*!40101 SET @saved_cs_client     = @@character_set_client */;
/*!40101 SET character_set_client = utf8 */;
CREATE TABLE `t_temp` (
  `T_NAME` varchar(30) COLLATE utf8_bin DEFAULT NULL,
  `T_DATE` varchar(30) COLLATE utf8_bin DEFAULT NULL,
  `T_WEEK` varchar(30) COLLATE utf8_bin DEFAULT NULL,
  `T_TIME` varchar(30) COLLATE utf8_bin DEFAULT NULL
) ENGINE=InnoDB DEFAULT CHARSET=utf8 COLLATE=utf8_bin;
/*!40101 SET character_set_client = @saved_cs_client */;

--
-- Dumping data for table `t_temp`
--

LOCK TABLES `t_temp` WRITE;
/*!40000 ALTER TABLE `t_temp` DISABLE KEYS */;
/*!40000 ALTER TABLE `t_temp` ENABLE KEYS */;
UNLOCK TABLES;

--
-- Table structure for table `t_template_type`
--

DROP TABLE IF EXISTS `t_template_type`;
/*!40101 SET @saved_cs_client     = @@character_set_client */;
/*!40101 SET character_set_client = utf8 */;
CREATE TABLE `t_template_type` (
  `TEMPLATE_TYPE` int(11) NOT NULL COMMENT '模板分类',
  `TYPE_NAME` varchar(200) COLLATE utf8_bin DEFAULT NULL COMMENT '模板分类',
  PRIMARY KEY (`TEMPLATE_TYPE`)
) ENGINE=InnoDB DEFAULT CHARSET=utf8 COLLATE=utf8_bin COMMENT='模板分类';
/*!40101 SET character_set_client = @saved_cs_client */;

--
-- Dumping data for table `t_template_type`
--

LOCK TABLES `t_template_type` WRITE;
/*!40000 ALTER TABLE `t_template_type` DISABLE KEYS */;
/*!40000 ALTER TABLE `t_template_type` ENABLE KEYS */;
UNLOCK TABLES;

--
-- Table structure for table `t_test_paper`
--

DROP TABLE IF EXISTS `t_test_paper`;
/*!40101 SET @saved_cs_client     = @@character_set_client */;
/*!40101 SET character_set_client = utf8 */;
CREATE TABLE `t_test_paper` (
  `PAPER_ID` bigint(20) NOT NULL AUTO_INCREMENT COMMENT '问卷ID',
  `TEST_PURPOSE` varchar(10) COLLATE utf8_bin DEFAULT NULL COMMENT '问卷用途',
  `ACTION_CODE` char(10) COLLATE utf8_bin DEFAULT NULL,
  `PAPER_NAME` varchar(300) COLLATE utf8_bin NOT NULL COMMENT '问卷名称',
  `qualified_score` int(3) DEFAULT NULL COMMENT '及格分数',
  PRIMARY KEY (`PAPER_ID`),
  KEY `FK_T_TEST_PAPER_1` (`TEST_PURPOSE`),
  KEY `FK_T_TEST_PAPER_2` (`ACTION_CODE`),
  CONSTRAINT `FK_T_TEST_PAPER_1` FOREIGN KEY (`TEST_PURPOSE`) REFERENCES `d_test_pape_purpose` (`TEST_PURPOSE`),
  CONSTRAINT `FK_T_TEST_PAPER_2` FOREIGN KEY (`ACTION_CODE`) REFERENCES `d_test_failure_action` (`ACTION_CODE`)
) ENGINE=InnoDB DEFAULT CHARSET=utf8 COLLATE=utf8_bin;
/*!40101 SET character_set_client = @saved_cs_client */;

--
-- Dumping data for table `t_test_paper`
--

LOCK TABLES `t_test_paper` WRITE;
/*!40000 ALTER TABLE `t_test_paper` DISABLE KEYS */;
/*!40000 ALTER TABLE `t_test_paper` ENABLE KEYS */;
UNLOCK TABLES;

--
-- Table structure for table `t_test_paper_questions`
--

DROP TABLE IF EXISTS `t_test_paper_questions`;
/*!40101 SET @saved_cs_client     = @@character_set_client */;
/*!40101 SET character_set_client = utf8 */;
CREATE TABLE `t_test_paper_questions` (
  `PAPER_ID` bigint(20) NOT NULL COMMENT '问卷ID',
  `QUESTION_ID` bigint(20) NOT NULL COMMENT '试题ID',
  `DISPLAY_ORDER` int(3) DEFAULT NULL COMMENT '排序',
  `weight` int(11) DEFAULT NULL COMMENT '比重',
  PRIMARY KEY (`PAPER_ID`,`QUESTION_ID`),
  KEY `fk_T_TEST_PAPER_QUESTIONS_2` (`QUESTION_ID`),
  CONSTRAINT `fk_T_TEST_PAPER_QUESTIONS_1` FOREIGN KEY (`PAPER_ID`) REFERENCES `t_test_paper` (`PAPER_ID`),
  CONSTRAINT `fk_T_TEST_PAPER_QUESTIONS_2` FOREIGN KEY (`QUESTION_ID`) REFERENCES `t_question` (`QUESTION_ID`)
) ENGINE=InnoDB DEFAULT CHARSET=utf8 COLLATE=utf8_bin COMMENT='试卷内容';
/*!40101 SET character_set_client = @saved_cs_client */;

--
-- Dumping data for table `t_test_paper_questions`
--

LOCK TABLES `t_test_paper_questions` WRITE;
/*!40000 ALTER TABLE `t_test_paper_questions` DISABLE KEYS */;
/*!40000 ALTER TABLE `t_test_paper_questions` ENABLE KEYS */;
UNLOCK TABLES;

--
-- Table structure for table `t_title`
--

DROP TABLE IF EXISTS `t_title`;
/*!40101 SET @saved_cs_client     = @@character_set_client */;
/*!40101 SET character_set_client = utf8 */;
CREATE TABLE `t_title` (
  `TITLE_CODE` varchar(5) COLLATE utf8_bin NOT NULL,
  `TITLE_NAME` varchar(50) COLLATE utf8_bin DEFAULT NULL,
  PRIMARY KEY (`TITLE_CODE`)
) ENGINE=InnoDB DEFAULT CHARSET=utf8 COLLATE=utf8_bin COMMENT='头衔';
/*!40101 SET character_set_client = @saved_cs_client */;

--
-- Dumping data for table `t_title`
--

LOCK TABLES `t_title` WRITE;
/*!40000 ALTER TABLE `t_title` DISABLE KEYS */;
INSERT INTO `t_title` VALUES ('T001','经理'),('T002','科长'),('T003','处长');
/*!40000 ALTER TABLE `t_title` ENABLE KEYS */;
UNLOCK TABLES;

--
-- Table structure for table `t_trade_scene`
--

DROP TABLE IF EXISTS `t_trade_scene`;
/*!40101 SET @saved_cs_client     = @@character_set_client */;
/*!40101 SET character_set_client = utf8 */;
CREATE TABLE `t_trade_scene` (
  `SCENE_ID` bigint(20) NOT NULL,
  `SELLER_ID` bigint(20) DEFAULT NULL,
  `HOST_SELLER_ID` bigint(20) DEFAULT NULL,
  `HOST_PROD_ID` bigint(20) DEFAULT NULL,
  `SUBMIT_CHANNEL` bigint(20) DEFAULT NULL,
  PRIMARY KEY (`SCENE_ID`),
  KEY `fk_TRADE_SCENE__host_prod_id` (`SELLER_ID`),
  CONSTRAINT `fk_TRADE_SCENE__SCENE_id` FOREIGN KEY (`SCENE_ID`) REFERENCES `t_scene` (`SCENE_ID`),
  CONSTRAINT `fk_TRADE_SCENE__host_prod_id` FOREIGN KEY (`SELLER_ID`) REFERENCES `t_host_seller` (`SELLER_ID`)
) ENGINE=InnoDB DEFAULT CHARSET=utf8 COLLATE=utf8_bin COMMENT='保险业务中的交易场景';
/*!40101 SET character_set_client = @saved_cs_client */;

--
-- Dumping data for table `t_trade_scene`
--

LOCK TABLES `t_trade_scene` WRITE;
/*!40000 ALTER TABLE `t_trade_scene` DISABLE KEYS */;
/*!40000 ALTER TABLE `t_trade_scene` ENABLE KEYS */;
UNLOCK TABLES;

--
-- Table structure for table `t_underwrite_job`
--

DROP TABLE IF EXISTS `t_underwrite_job`;
/*!40101 SET @saved_cs_client     = @@character_set_client */;
/*!40101 SET character_set_client = utf8 */;
CREATE TABLE `t_underwrite_job` (
  `RATETABLE_ID` varchar(32) NOT NULL COMMENT '记录ID',
  `JOB_CATE` varchar(10) DEFAULT NULL COMMENT '职业代码（D_JOB_CATEGORY）',
  `JOB_RISK_CATE` varchar(10) DEFAULT NULL COMMENT '核保职业风险分类（D_JOB_RISK_CATE）',
  `RATE` bigint(20) DEFAULT NULL COMMENT '核保职业等级（D_JOB_UW_CLASS）',
  PRIMARY KEY (`RATETABLE_ID`)
) ENGINE=InnoDB DEFAULT CHARSET=utf8mb4 COMMENT='职业代码与核保风险等级匹配表';
/*!40101 SET character_set_client = @saved_cs_client */;

--
-- Dumping data for table `t_underwrite_job`
--

LOCK TABLES `t_underwrite_job` WRITE;
/*!40000 ALTER TABLE `t_underwrite_job` DISABLE KEYS */;
INSERT INTO `t_underwrite_job` VALUES ('0001001_1','0001001','1',1),('0001001_2','0001001','2',1),('0001001_3','0001001','3',1),('0001001_4','0001001','4',1),('0001001_5','0001001','5',1),('0001002_1','0001002','1',1),('0001002_2','0001002','2',2),('0001002_3','0001002','3',1),('0001002_4','0001002','4',1),('0001002_5','0001002','5',1),('0001003_1','0001003','1',1),('0001003_2','0001003','2',1),('0001003_3','0001003','3',1),('0001003_4','0001003','4',1),('0001003_5','0001003','5',1),('0001004_1','0001004','1',1),('0001004_2','0001004','2',1),('0001004_3','0001004','3',1),('0001004_4','0001004','4',1),('0001004_5','0001004','5',1),('0001005_1','0001005','1',1),('0001005_2','0001005','2',1),('0001005_3','0001005','3',1),('0001005_4','0001005','4',1),('0001005_5','0001005','5',1),('0001006_1','0001006','1',1),('0001006_2','0001006','2',1),('0001006_3','0001006','3',1),('0001006_4','0001006','4',1),('0001006_5','0001006','5',1),('0001007_1','0001007','1',2),('0001007_2','0001007','2',2),('0001007_3','0001007','3',1),('0001007_4','0001007','4',1),('0001007_5','0001007','5',2),('0101001_1','0101001','1',2),('0101001_2','0101001','2',2),('0101001_3','0101001','3',1),('0101001_4','0101001','4',1),('0101001_5','0101001','5',2),('0101002_1','0101002','1',3),('0101002_2','0101002','2',3),('0101002_3','0101002','3',1),('0101002_4','0101002','4',1),('0101002_5','0101002','5',3),('0101003_1','0101003','1',2),('0101003_2','0101003','2',2),('0101003_3','0101003','3',1),('0101003_4','0101003','4',1),('0101003_5','0101003','5',2),('0101004_1','0101004','1',2),('0101004_2','0101004','2',2),('0101004_3','0101004','3',1),('0101004_4','0101004','4',1),('0101004_5','0101004','5',2),('0101005_1','0101005','1',2),('0101005_2','0101005','2',2),('0101005_3','0101005','3',1),('0101005_4','0101005','4',1),('0101005_5','0101005','5',2),('0101006_1','0101006','1',2),('0101006_2','0101006','2',2),('0101006_3','0101006','3',1),('0101006_4','0101006','4',1),('0101006_5','0101006','5',2),('0101007_1','0101007','1',3),('0101007_2','0101007','2',3),('0101007_3','0101007','3',2),('0101007_4','0101007','4',1),('0101007_5','0101007','5',3),('0101008_1','0101008','1',3),('0101008_2','0101008','2',3),('0101008_3','0101008','3',2),('0101008_4','0101008','4',1),('0101008_5','0101008','5',3),('0101009_1','0101009','1',2),('0101009_2','0101009','2',2),('0101009_3','0101009','3',1),('0101009_4','0101009','4',1),('0101009_5','0101009','5',2),('0101010_1','0101010','1',2),('0101010_2','0101010','2',2),('0101010_3','0101010','3',1),('0101010_4','0101010','4',1),('0101010_5','0101010','5',2),('0101011_1','0101011','1',2),('0101011_2','0101011','2',3),('0101011_3','0101011','3',1),('0101011_4','0101011','4',1),('0101011_5','0101011','5',2),('0101012_1','0101012','1',2),('0101012_2','0101012','2',2),('0101012_3','0101012','3',1),('0101012_4','0101012','4',1),('0101012_5','0101012','5',2),('0101013_1','0101013','1',2),('0101013_2','0101013','2',2),('0101013_3','0101013','3',1),('0101013_4','0101013','4',1),('0101013_5','0101013','5',2),('0101014_1','0101014','1',2),('0101014_2','0101014','2',2),('0101014_3','0101014','3',1),('0101014_4','0101014','4',1),('0101014_5','0101014','5',2),('0101015_1','0101015','1',4),('0101015_2','0101015','2',4),('0101015_3','0101015','3',2),('0101015_4','0101015','4',1),('0101015_5','0101015','5',4),('0101016_1','0101016','1',2),('0101016_2','0101016','2',2),('0101016_3','0101016','3',1),('0101016_4','0101016','4',1),('0101016_5','0101016','5',2),('0101017_1','0101017','1',1),('0101017_2','0101017','2',2),('0101017_3','0101017','3',1),('0101017_4','0101017','4',1),('0101017_5','0101017','5',1),('0101018_1','0101018','1',1),('0101018_2','0101018','2',2),('0101018_3','0101018','3',1),('0101018_4','0101018','4',1),('0101018_5','0101018','5',1),('0101019_1','0101019','1',2),('0101019_2','0101019','2',3),('0101019_3','0101019','3',1),('0101019_4','0101019','4',1),('0101019_5','0101019','5',2),('0101020_1','0101020','1',3),('0101020_2','0101020','2',3),('0101020_3','0101020','3',2),('0101020_4','0101020','4',1),('0101020_5','0101020','5',3),('0101021_1','0101021','1',6),('0101021_2','0101021','2',0),('0101021_3','0101021','3',0),('0101021_4','0101021','4',0),('0101021_5','0101021','5',6),('0101022_1','0101022','1',1),('0101022_2','0101022','2',2),('0101022_3','0101022','3',1),('0101022_4','0101022','4',1),('0101022_5','0101022','5',1),('0101023_1','0101023','1',4),('0101023_2','0101023','2',4),('0101023_3','0101023','3',2),('0101023_4','0101023','4',1),('0101023_5','0101023','5',4),('0101024_1','0101024','1',4),('0101024_2','0101024','2',4),('0101024_3','0101024','3',2),('0101024_4','0101024','4',1),('0101024_5','0101024','5',4),('0102001_1','0102001','1',2),('0102001_2','0102001','2',2),('0102001_3','0102001','3',2),('0102001_4','0102001','4',1),('0102001_5','0102001','5',2),('0102002_1','0102002','1',2),('0102002_2','0102002','2',3),('0102002_3','0102002','3',1),('0102002_4','0102002','4',1),('0102002_5','0102002','5',2),('0102003_1','0102003','1',2),('0102003_2','0102003','2',4),('0102003_3','0102003','3',2),('0102003_4','0102003','4',1),('0102003_5','0102003','5',2),('0102004_1','0102004','1',1),('0102004_2','0102004','2',1),('0102004_3','0102004','3',1),('0102004_4','0102004','4',1),('0102004_5','0102004','5',1),('0102005_1','0102005','1',2),('0102005_2','0102005','2',2),('0102005_3','0102005','3',1),('0102005_4','0102005','4',1),('0102005_5','0102005','5',2),('0102006_1','0102006','1',2),('0102006_2','0102006','2',3),('0102006_3','0102006','3',1),('0102006_4','0102006','4',1),('0102006_5','0102006','5',2),('0201001_1','0201001','1',2),('0201001_2','0201001','2',2),('0201001_3','0201001','3',1),('0201001_4','0201001','4',1),('0201001_5','0201001','5',2),('0201002_1','0201002','1',2),('0201002_2','0201002','2',4),('0201002_3','0201002','3',2),('0201002_4','0201002','4',1),('0201002_5','0201002','5',2),('0201003_1','0201003','1',2),('0201003_2','0201003','2',2),('0201003_3','0201003','3',1),('0201003_4','0201003','4',1),('0201003_5','0201003','5',2),('0201004_1','0201004','1',1),('0201004_2','0201004','2',2),('0201004_3','0201004','3',1),('0201004_4','0201004','4',1),('0201004_5','0201004','5',1),('0201005_1','0201005','1',2),('0201005_2','0201005','2',3),('0201005_3','0201005','3',1),('0201005_4','0201005','4',1),('0201005_5','0201005','5',2),('0201006_1','0201006','1',1),('0201006_2','0201006','2',1),('0201006_3','0201006','3',1),('0201006_4','0201006','4',1),('0201006_5','0201006','5',1),('0201008_1','0201008','1',2),('0201008_2','0201008','2',2),('0201008_3','0201008','3',1),('0201008_4','0201008','4',1),('0201008_5','0201008','5',2),('0201009_1','0201009','1',3),('0201009_2','0201009','2',3),('0201009_3','0201009','3',1),('0201009_4','0201009','4',1),('0201009_5','0201009','5',3),('0201010_1','0201010','1',5),('0201010_2','0201010','2',0),('0201010_3','0201010','3',0),('0201010_4','0201010','4',0),('0201010_5','0201010','5',5),('0201011_1','0201011','1',4),('0201011_2','0201011','2',4),('0201011_3','0201011','3',2),('0201011_4','0201011','4',1),('0201011_5','0201011','5',4),('0201012_1','0201012','1',5),('0201012_2','0201012','2',0),('0201012_3','0201012','3',0),('0201012_4','0201012','4',0),('0201012_5','0201012','5',5),('0201013_1','0201013','1',2),('0201013_2','0201013','2',3),('0201013_3','0201013','3',1),('0201013_4','0201013','4',1),('0201013_5','0201013','5',2),('0202001_1','0202001','1',1),('0202001_2','0202001','2',2),('0202001_3','0202001','3',1),('0202001_4','0202001','4',1),('0202001_5','0202001','5',1),('0202002_1','0202002','1',1),('0202002_2','0202002','2',1),('0202002_3','0202002','3',1),('0202002_4','0202002','4',1),('0202002_5','0202002','5',1),('0301001_1','0301001','1',1),('0301001_2','0301001','2',2),('0301001_3','0301001','3',1),('0301001_4','0301001','4',1),('0301001_5','0301001','5',1),('0301002_1','0301002','1',2),('0301002_2','0301002','2',2),('0301002_3','0301002','3',1),('0301002_4','0301002','4',1),('0301002_5','0301002','5',2),('0301003_1','0301003','1',4),('0301003_2','0301003','2',4),('0301003_3','0301003','3',2),('0301003_4','0301003','4',1),('0301003_5','0301003','5',4),('0301004_1','0301004','1',2),('0301004_2','0301004','2',2),('0301004_3','0301004','3',1),('0301004_4','0301004','4',1),('0301004_5','0301004','5',2),('0301005_1','0301005','1',6),('0301005_2','0301005','2',0),('0301005_3','0301005','3',0),('0301005_4','0301005','4',0),('0301005_5','0301005','5',6),('0301006_1','0301006','1',6),('0301006_2','0301006','2',0),('0301006_3','0301006','3',0),('0301006_4','0301006','4',0),('0301006_5','0301006','5',6),('0301007_1','0301007','1',2),('0301007_2','0301007','2',2),('0301007_3','0301007','3',1),('0301007_4','0301007','4',1),('0301007_5','0301007','5',2),('0302001_1','0302001','1',2),('0302001_2','0302001','2',2),('0302001_3','0302001','3',1),('0302001_4','0302001','4',1),('0302001_5','0302001','5',2),('0302002_1','0302002','1',1),('0302002_2','0302002','2',2),('0302002_3','0302002','3',1),('0302002_4','0302002','4',1),('0302002_5','0302002','5',1),('0302003_1','0302003','1',3),('0302003_2','0302003','2',3),('0302003_3','0302003','3',1),('0302003_4','0302003','4',1),('0302003_5','0302003','5',3),('0302004_1','0302004','1',4),('0302004_2','0302004','2',4),('0302004_3','0302004','3',2),('0302004_4','0302004','4',1),('0302004_5','0302004','5',4),('0302005_1','0302005','1',4),('0302005_2','0302005','2',4),('0302005_3','0302005','3',2),('0302005_4','0302005','4',1),('0302005_5','0302005','5',4),('0302006_1','0302006','1',6),('0302006_2','0302006','2',0),('0302006_3','0302006','3',0),('0302006_4','0302006','4',0),('0302006_5','0302006','5',6),('0302007_1','0302007','1',6),('0302007_2','0302007','2',0),('0302007_3','0302007','3',0),('0302007_4','0302007','4',0),('0302007_5','0302007','5',6),('0302008_1','0302008','1',4),('0302008_2','0302008','2',4),('0302008_3','0302008','3',2),('0302008_4','0302008','4',1),('0302008_5','0302008','5',4),('0302009_1','0302009','1',5),('0302009_2','0302009','2',0),('0302009_3','0302009','3',2),('0302009_4','0302009','4',0),('0302009_5','0302009','5',5),('0302010_1','0302010','1',5),('0302010_2','0302010','2',0),('0302010_3','0302010','3',2),('0302010_4','0302010','4',0),('0302010_5','0302010','5',5),('0302011_1','0302011','1',2),('0302011_2','0302011','2',2),('0302011_3','0302011','3',1),('0302011_4','0302011','4',1),('0302011_5','0302011','5',2),('0302012_1','0302012','1',2),('0302012_2','0302012','2',2),('0302012_3','0302012','3',1),('0302012_4','0302012','4',1),('0302012_5','0302012','5',2),('0302013_1','0302013','1',2),('0302013_2','0302013','2',2),('0302013_3','0302013','3',1),('0302013_4','0302013','4',1),('0302013_5','0302013','5',2),('0302014_1','0302014','1',2),('0302014_2','0302014','2',2),('0302014_3','0302014','3',1),('0302014_4','0302014','4',1),('0302014_5','0302014','5',2),('0302015_1','0302015','1',4),('0302015_2','0302015','2',4),('0302015_3','0302015','3',2),('0302015_4','0302015','4',1),('0302015_5','0302015','5',4),('0302016_1','0302016','1',2),('0302016_2','0302016','2',3),('0302016_3','0302016','3',1),('0302016_4','0302016','4',1),('0302016_5','0302016','5',2),('0302017_1','0302017','1',3),('0302017_2','0302017','2',3),('0302017_3','0302017','3',1),('0302017_4','0302017','4',1),('0302017_5','0302017','5',3),('0302018_1','0302018','1',3),('0302018_2','0302018','2',3),('0302018_3','0302018','3',1),('0302018_4','0302018','4',1),('0302018_5','0302018','5',3),('0302019_1','0302019','1',2),('0302019_2','0302019','2',2),('0302019_3','0302019','3',1),('0302019_4','0302019','4',1),('0302019_5','0302019','5',2),('0302020_1','0302020','1',2),('0302020_2','0302020','2',2),('0302020_3','0302020','3',1),('0302020_4','0302020','4',1),('0302020_5','0302020','5',2),('0302021_1','0302021','1',2),('0302021_2','0302021','2',2),('0302021_3','0302021','3',1),('0302021_4','0302021','4',1),('0302021_5','0302021','5',2),('0303001_1','0303001','1',2),('0303001_2','0303001','2',3),('0303001_3','0303001','3',1),('0303001_4','0303001','4',1),('0303001_5','0303001','5',2),('0303002_1','0303002','1',4),('0303002_2','0303002','2',5),('0303002_3','0303002','3',2),('0303002_4','0303002','4',1),('0303002_5','0303002','5',4),('0303003_1','0303003','1',4),('0303003_2','0303003','2',5),('0303003_3','0303003','3',2),('0303003_4','0303003','4',1),('0303003_5','0303003','5',4),('0303004_1','0303004','1',3),('0303004_2','0303004','2',4),('0303004_3','0303004','3',2),('0303004_4','0303004','4',1),('0303004_5','0303004','5',3),('0303005_1','0303005','1',3),('0303005_2','0303005','2',4),('0303005_3','0303005','3',1),('0303005_4','0303005','4',1),('0303005_5','0303005','5',3),('0303006_1','0303006','1',2),('0303006_2','0303006','2',2),('0303006_3','0303006','3',1),('0303006_4','0303006','4',1),('0303006_5','0303006','5',2),('0303007_1','0303007','1',3),('0303007_2','0303007','2',3),('0303007_3','0303007','3',1),('0303007_4','0303007','4',1),('0303007_5','0303007','5',3),('0401001_1','0401001','1',5),('0401001_2','0401001','2',5),('0401001_3','0401001','3',2),('0401001_4','0401001','4',0),('0401001_5','0401001','5',5),('0401002_1','0401002','1',5),('0401002_2','0401002','2',5),('0401002_3','0401002','3',2),('0401002_4','0401002','4',0),('0401002_5','0401002','5',5),('0401003_1','0401003','1',5),('0401003_2','0401003','2',5),('0401003_3','0401003','3',2),('0401003_4','0401003','4',0),('0401003_5','0401003','5',5),('0401004_1','0401004','1',5),('0401004_2','0401004','2',5),('0401004_3','0401004','3',2),('0401004_4','0401004','4',0),('0401004_5','0401004','5',5),('0401005_1','0401005','1',0),('0401005_2','0401005','2',0),('0401005_3','0401005','3',0),('0401005_4','0401005','4',0),('0401005_5','0401005','5',0),('0401006_1','0401006','1',3),('0401006_2','0401006','2',3),('0401006_3','0401006','3',1),('0401006_4','0401006','4',1),('0401006_5','0401006','5',3),('0401007_1','0401007','1',3),('0401007_2','0401007','2',3),('0401007_3','0401007','3',1),('0401007_4','0401007','4',1),('0401007_5','0401007','5',3),('0401008_1','0401008','1',4),('0401008_2','0401008','2',4),('0401008_3','0401008','3',2),('0401008_4','0401008','4',1),('0401008_5','0401008','5',4),('0401009_1','0401009','1',3),('0401009_2','0401009','2',3),('0401009_3','0401009','3',1),('0401009_4','0401009','4',1),('0401009_5','0401009','5',3),('0401010_1','0401010','1',3),('0401010_2','0401010','2',3),('0401010_3','0401010','3',1),('0401010_4','0401010','4',1),('0401010_5','0401010','5',3),('0401011_1','0401011','1',3),('0401011_2','0401011','2',3),('0401011_3','0401011','3',1),('0401011_4','0401011','4',1),('0401011_5','0401011','5',3),('0401012_1','0401012','1',4),('0401012_2','0401012','2',4),('0401012_3','0401012','3',2),('0401012_4','0401012','4',1),('0401012_5','0401012','5',4),('0401013_1','0401013','1',4),('0401013_2','0401013','2',4),('0401013_3','0401013','3',2),('0401013_4','0401013','4',1),('0401013_5','0401013','5',4),('0401014_1','0401014','1',4),('0401014_2','0401014','2',4),('0401014_3','0401014','3',2),('0401014_4','0401014','4',1),('0401014_5','0401014','5',4),('0401015_1','0401015','1',4),('0401015_2','0401015','2',4),('0401015_3','0401015','3',2),('0401015_4','0401015','4',1),('0401015_5','0401015','5',4),('0401016_1','0401016','1',5),('0401016_2','0401016','2',6),('0401016_3','0401016','3',2),('0401016_4','0401016','4',0),('0401016_5','0401016','5',5),('0401017_1','0401017','1',3),('0401017_2','0401017','2',3),('0401017_3','0401017','3',1),('0401017_4','0401017','4',1),('0401017_5','0401017','5',3),('0401018_1','0401018','1',3),('0401018_2','0401018','2',3),('0401018_3','0401018','3',1),('0401018_4','0401018','4',1),('0401018_5','0401018','5',3),('0401019_1','0401019','1',5),('0401019_2','0401019','2',5),('0401019_3','0401019','3',2),('0401019_4','0401019','4',0),('0401019_5','0401019','5',5),('0401020_1','0401020','1',0),('0401020_2','0401020','2',0),('0401020_3','0401020','3',0),('0401020_4','0401020','4',0),('0401020_5','0401020','5',0),('0401021_1','0401021','1',4),('0401021_2','0401021','2',4),('0401021_3','0401021','3',2),('0401021_4','0401021','4',1),('0401021_5','0401021','5',4),('0401022_1','0401022','1',0),('0401022_2','0401022','2',0),('0401022_3','0401022','3',0),('0401022_4','0401022','4',0),('0401022_5','0401022','5',0),('0401023_1','0401023','1',3),('0401023_2','0401023','2',3),('0401023_3','0401023','3',1),('0401023_4','0401023','4',1),('0401023_5','0401023','5',3),('0401024_1','0401024','1',3),('0401024_2','0401024','2',3),('0401024_3','0401024','3',1),('0401024_4','0401024','4',1),('0401024_5','0401024','5',3),('0401025_1','0401025','1',1),('0401025_2','0401025','2',1),('0401025_3','0401025','3',1),('0401025_4','0401025','4',1),('0401025_5','0401025','5',1),('0401026_1','0401026','1',3),('0401026_2','0401026','2',3),('0401026_3','0401026','3',1),('0401026_4','0401026','4',1),('0401026_5','0401026','5',3),('0401027_1','0401027','1',6),('0401027_2','0401027','2',0),('0401027_3','0401027','3',0),('0401027_4','0401027','4',0),('0401027_5','0401027','5',6),('0401028_1','0401028','1',1),('0401028_2','0401028','2',1),('0401028_3','0401028','3',1),('0401028_4','0401028','4',1),('0401028_5','0401028','5',1),('0401029_1','0401029','1',1),('0401029_2','0401029','2',1),('0401029_3','0401029','3',1),('0401029_4','0401029','4',1),('0401029_5','0401029','5',1),('0401030_1','0401030','1',1),('0401030_2','0401030','2',1),('0401030_3','0401030','3',1),('0401030_4','0401030','4',1),('0401030_5','0401030','5',1),('0401031_1','0401031','1',3),('0401031_2','0401031','2',4),('0401031_3','0401031','3',2),('0401031_4','0401031','4',1),('0401031_5','0401031','5',3),('0401032_1','0401032','1',2),('0401032_2','0401032','2',3),('0401032_3','0401032','3',1),('0401032_4','0401032','4',1),('0401032_5','0401032','5',2),('0401033_1','0401033','1',4),('0401033_2','0401033','2',4),('0401033_3','0401033','3',2),('0401033_4','0401033','4',1),('0401033_5','0401033','5',4),('0401034_1','0401034','1',2),('0401034_2','0401034','2',2),('0401034_3','0401034','3',1),('0401034_4','0401034','4',1),('0401034_5','0401034','5',2),('0401035_1','0401035','1',2),('0401035_2','0401035','2',2),('0401035_3','0401035','3',1),('0401035_4','0401035','4',1),('0401035_5','0401035','5',2),('0401036_1','0401036','1',2),('0401036_2','0401036','2',3),('0401036_3','0401036','3',1),('0401036_4','0401036','4',1),('0401036_5','0401036','5',2),('0401037_1','0401037','1',2),('0401037_2','0401037','2',3),('0401037_3','0401037','3',1),('0401037_4','0401037','4',1),('0401037_5','0401037','5',2),('0402001_1','0402001','1',5),('0402001_2','0402001','2',5),('0402001_3','0402001','3',2),('0402001_4','0402001','4',0),('0402001_5','0402001','5',5),('0402003_1','0402003','1',0),('0402003_2','0402003','2',0),('0402003_3','0402003','3',0),('0402003_4','0402003','4',0),('0402003_5','0402003','5',0),('0402004_1','0402004','1',3),('0402004_2','0402004','2',3),('0402004_3','0402004','3',1),('0402004_4','0402004','4',1),('0402004_5','0402004','5',3),('0402005_1','0402005','1',5),('0402005_2','0402005','2',5),('0402005_3','0402005','3',2),('0402005_4','0402005','4',0),('0402005_5','0402005','5',5),('0402006_1','0402006','1',5),('0402006_2','0402006','2',5),('0402006_3','0402006','3',2),('0402006_4','0402006','4',0),('0402006_5','0402006','5',5),('0402007_1','0402007','1',6),('0402007_2','0402007','2',0),('0402007_3','0402007','3',0),('0402007_4','0402007','4',0),('0402007_5','0402007','5',6),('0403001_1','0403001','1',2),('0403001_2','0403001','2',3),('0403001_3','0403001','3',1),('0403001_4','0403001','4',1),('0403001_5','0403001','5',2),('0404001_1','0404001','1',4),('0404001_2','0404001','2',5),('0404001_3','0404001','3',2),('0404001_4','0404001','4',1),('0404001_5','0404001','5',4),('0404002_1','0404002','1',2),('0404002_2','0404002','2',2),('0404002_3','0404002','3',1),('0404002_4','0404002','4',1),('0404002_5','0404002','5',2),('0404003_1','0404003','1',1),('0404003_2','0404003','2',1),('0404003_3','0404003','3',1),('0404003_4','0404003','4',1),('0404003_5','0404003','5',1),('0404004_1','0404004','1',1),('0404004_2','0404004','2',1),('0404004_3','0404004','3',1),('0404004_4','0404004','4',1),('0404004_5','0404004','5',1),('0404005_1','0404005','1',1),('0404005_2','0404005','2',1),('0404005_3','0404005','3',1),('0404005_4','0404005','4',1),('0404005_5','0404005','5',1),('0405001_1','0405001','1',4),('0405001_2','0405001','2',4),('0405001_3','0405001','3',2),('0405001_4','0405001','4',1),('0405001_5','0405001','5',4),('0405002_1','0405002','1',4),('0405002_2','0405002','2',5),('0405002_3','0405002','3',2),('0405002_4','0405002','4',1),('0405002_5','0405002','5',4),('0405003_1','0405003','1',4),('0405003_2','0405003','2',4),('0405003_3','0405003','3',2),('0405003_4','0405003','4',1),('0405003_5','0405003','5',4),('0405004_1','0405004','1',3),('0405004_2','0405004','2',4),('0405004_3','0405004','3',2),('0405004_4','0405004','4',1),('0405004_5','0405004','5',3),('0405005_1','0405005','1',4),('0405005_2','0405005','2',5),('0405005_3','0405005','3',2),('0405005_4','0405005','4',1),('0405005_5','0405005','5',4),('0405006_1','0405006','1',4),('0405006_2','0405006','2',5),('0405006_3','0405006','3',2),('0405006_4','0405006','4',1),('0405006_5','0405006','5',4),('0405007_1','0405007','1',4),('0405007_2','0405007','2',4),('0405007_3','0405007','3',2),('0405007_4','0405007','4',1),('0405007_5','0405007','5',4),('0405008_1','0405008','1',4),('0405008_2','0405008','2',4),('0405008_3','0405008','3',2),('0405008_4','0405008','4',1),('0405008_5','0405008','5',4),('0405009_1','0405009','1',5),('0405009_2','0405009','2',5),('0405009_3','0405009','3',2),('0405009_4','0405009','4',0),('0405009_5','0405009','5',5),('0405010_1','0405010','1',4),('0405010_2','0405010','2',4),('0405010_3','0405010','3',2),('0405010_4','0405010','4',1),('0405010_5','0405010','5',4),('0405011_1','0405011','1',5),('0405011_2','0405011','2',5),('0405011_3','0405011','3',2),('0405011_4','0405011','4',0),('0405011_5','0405011','5',5),('0405012_1','0405012','1',4),('0405012_2','0405012','2',4),('0405012_3','0405012','3',2),('0405012_4','0405012','4',1),('0405012_5','0405012','5',4),('0405013_1','0405013','1',2),('0405013_2','0405013','2',3),('0405013_3','0405013','3',1),('0405013_4','0405013','4',1),('0405013_5','0405013','5',2),('0405014_1','0405014','1',3),('0405014_2','0405014','2',4),('0405014_3','0405014','3',1),('0405014_4','0405014','4',1),('0405014_5','0405014','5',3),('0405015_1','0405015','1',2),('0405015_2','0405015','2',2),('0405015_3','0405015','3',1),('0405015_4','0405015','4',1),('0405015_5','0405015','5',2),('0405016_1','0405016','1',3),('0405016_2','0405016','2',3),('0405016_3','0405016','3',1),('0405016_4','0405016','4',1),('0405016_5','0405016','5',3),('0405017_1','0405017','1',4),('0405017_2','0405017','2',4),('0405017_3','0405017','3',2),('0405017_4','0405017','4',1),('0405017_5','0405017','5',4),('0501001_1','0501001','1',1),('0501001_2','0501001','2',1),('0501001_3','0501001','3',1),('0501001_4','0501001','4',1),('0501001_5','0501001','5',1),('0501002_1','0501002','1',1),('0501002_2','0501002','2',1),('0501002_3','0501002','3',1),('0501002_4','0501002','4',1),('0501002_5','0501002','5',1),('0501003_1','0501003','1',1),('0501003_2','0501003','2',1),('0501003_3','0501003','3',1),('0501003_4','0501003','4',1),('0501003_5','0501003','5',1),('0501004_1','0501004','1',1),('0501004_2','0501004','2',1),('0501004_3','0501004','3',1),('0501004_4','0501004','4',1),('0501004_5','0501004','5',1),('0501005_1','0501005','1',2),('0501005_2','0501005','2',2),('0501005_3','0501005','3',1),('0501005_4','0501005','4',1),('0501005_5','0501005','5',2),('0501006_1','0501006','1',2),('0501006_2','0501006','2',2),('0501006_3','0501006','3',1),('0501006_4','0501006','4',1),('0501006_5','0501006','5',2),('0501007_1','0501007','1',4),('0501007_2','0501007','2',4),('0501007_3','0501007','3',2),('0501007_4','0501007','4',1),('0501007_5','0501007','5',4),('0501008_1','0501008','1',2),('0501008_2','0501008','2',2),('0501008_3','0501008','3',1),('0501008_4','0501008','4',1),('0501008_5','0501008','5',2),('0501009_1','0501009','1',3),('0501009_2','0501009','2',3),('0501009_3','0501009','3',1),('0501009_4','0501009','4',1),('0501009_5','0501009','5',3),('0501010_1','0501010','1',3),('0501010_2','0501010','2',3),('0501010_3','0501010','3',1),('0501010_4','0501010','4',1),('0501010_5','0501010','5',3),('0501011_1','0501011','1',2),('0501011_2','0501011','2',2),('0501011_3','0501011','3',1),('0501011_4','0501011','4',1),('0501011_5','0501011','5',2),('0501012_1','0501012','1',3),('0501012_2','0501012','2',3),('0501012_3','0501012','3',1),('0501012_4','0501012','4',1),('0501012_5','0501012','5',3),('0501013_1','0501013','1',4),('0501013_2','0501013','2',4),('0501013_3','0501013','3',2),('0501013_4','0501013','4',1),('0501013_5','0501013','5',4),('0501014_1','0501014','1',3),('0501014_2','0501014','2',3),('0501014_3','0501014','3',1),('0501014_4','0501014','4',1),('0501014_5','0501014','5',3),('0501015_1','0501015','1',3),('0501015_2','0501015','2',3),('0501015_3','0501015','3',1),('0501015_4','0501015','4',1),('0501015_5','0501015','5',3),('0501016_1','0501016','1',2),('0501016_2','0501016','2',2),('0501016_3','0501016','3',1),('0501016_4','0501016','4',1),('0501016_5','0501016','5',2),('0501017_1','0501017','1',3),('0501017_2','0501017','2',3),('0501017_3','0501017','3',1),('0501017_4','0501017','4',1),('0501017_5','0501017','5',3),('0501018_1','0501018','1',4),('0501018_2','0501018','2',4),('0501018_3','0501018','3',2),('0501018_4','0501018','4',1),('0501018_5','0501018','5',4),('0501019_1','0501019','1',2),('0501019_2','0501019','2',2),('0501019_3','0501019','3',1),('0501019_4','0501019','4',1),('0501019_5','0501019','5',2),('0501020_1','0501020','1',1),('0501020_2','0501020','2',1),('0501020_3','0501020','3',1),('0501020_4','0501020','4',1),('0501020_5','0501020','5',1),('0501021_1','0501021','1',2),('0501021_2','0501021','2',3),('0501021_3','0501021','3',1),('0501021_4','0501021','4',1),('0501021_5','0501021','5',2),('0501022_1','0501022','1',3),('0501022_2','0501022','2',3),('0501022_3','0501022','3',1),('0501022_4','0501022','4',1),('0501022_5','0501022','5',3),('0501023_1','0501023','1',1),('0501023_2','0501023','2',1),('0501023_3','0501023','3',1),('0501023_4','0501023','4',1),('0501023_5','0501023','5',1),('0501024_1','0501024','1',1),('0501024_2','0501024','2',1),('0501024_3','0501024','3',1),('0501024_4','0501024','4',1),('0501024_5','0501024','5',1),('0501025_1','0501025','1',5),('0501025_2','0501025','2',0),('0501025_3','0501025','3',0),('0501025_4','0501025','4',0),('0501025_5','0501025','5',5),('0501026_1','0501026','1',5),('0501026_2','0501026','2',0),('0501026_3','0501026','3',0),('0501026_4','0501026','4',0),('0501026_5','0501026','5',5),('0501027_1','0501027','1',5),('0501027_2','0501027','2',0),('0501027_3','0501027','3',0),('0501027_4','0501027','4',0),('0501027_5','0501027','5',5),('0501028_1','0501028','1',5),('0501028_2','0501028','2',0),('0501028_3','0501028','3',0),('0501028_4','0501028','4',0),('0501028_5','0501028','5',5),('0501029_1','0501029','1',5),('0501029_2','0501029','2',0),('0501029_3','0501029','3',0),('0501029_4','0501029','4',0),('0501029_5','0501029','5',5),('0501030_1','0501030','1',5),('0501030_2','0501030','2',0),('0501030_3','0501030','3',0),('0501030_4','0501030','4',0),('0501030_5','0501030','5',5),('0502001_1','0502001','1',5),('0502001_2','0502001','2',0),('0502001_3','0502001','3',0),('0502001_4','0502001','4',0),('0502001_5','0502001','5',5),('0502002_1','0502002','1',5),('0502002_2','0502002','2',0),('0502002_3','0502002','3',0),('0502002_4','0502002','4',0),('0502002_5','0502002','5',5),('0502003_1','0502003','1',5),('0502003_2','0502003','2',0),('0502003_3','0502003','3',0),('0502003_4','0502003','4',0),('0502003_5','0502003','5',5),('0502004_1','0502004','1',5),('0502004_2','0502004','2',0),('0502004_3','0502004','3',0),('0502004_4','0502004','4',0),('0502004_5','0502004','5',5),('0502005_1','0502005','1',5),('0502005_2','0502005','2',0),('0502005_3','0502005','3',0),('0502005_4','0502005','4',0),('0502005_5','0502005','5',5),('0502006_1','0502006','1',6),('0502006_2','0502006','2',0),('0502006_3','0502006','3',0),('0502006_4','0502006','4',0),('0502006_5','0502006','5',6),('0502007_1','0502007','1',6),('0502007_2','0502007','2',0),('0502007_3','0502007','3',0),('0502007_4','0502007','4',0),('0502007_5','0502007','5',6),('0502008_1','0502008','1',5),('0502008_2','0502008','2',0),('0502008_3','0502008','3',0),('0502008_4','0502008','4',0),('0502008_5','0502008','5',5),('0502009_1','0502009','1',5),('0502009_2','0502009','2',0),('0502009_3','0502009','3',0),('0502009_4','0502009','4',0),('0502009_5','0502009','5',5),('0502010_1','0502010','1',5),('0502010_2','0502010','2',0),('0502010_3','0502010','3',0),('0502010_4','0502010','4',0),('0502010_5','0502010','5',5),('0502011_1','0502011','1',5),('0502011_2','0502011','2',0),('0502011_3','0502011','3',0),('0502011_4','0502011','4',0),('0502011_5','0502011','5',5),('0502012_1','0502012','1',5),('0502012_2','0502012','2',0),('0502012_3','0502012','3',0),('0502012_4','0502012','4',0),('0502012_5','0502012','5',5),('0502013_1','0502013','1',5),('0502013_2','0502013','2',0),('0502013_3','0502013','3',0),('0502013_4','0502013','4',0),('0502013_5','0502013','5',5),('0502014_1','0502014','1',5),('0502014_2','0502014','2',5),('0502014_3','0502014','3',2),('0502014_4','0502014','4',0),('0502014_5','0502014','5',5),('0502015_1','0502015','1',6),('0502015_2','0502015','2',0),('0502015_3','0502015','3',0),('0502015_4','0502015','4',0),('0502015_5','0502015','5',6),('0502016_1','0502016','1',5),('0502016_2','0502016','2',5),('0502016_3','0502016','3',2),('0502016_4','0502016','4',0),('0502016_5','0502016','5',5),('0502017_1','0502017','1',5),('0502017_2','0502017','2',5),('0502017_3','0502017','3',2),('0502017_4','0502017','4',0),('0502017_5','0502017','5',5),('0502018_1','0502018','1',3),('0502018_2','0502018','2',3),('0502018_3','0502018','3',1),('0502018_4','0502018','4',1),('0502018_5','0502018','5',3);
/*!40000 ALTER TABLE `t_underwrite_job` ENABLE KEYS */;
UNLOCK TABLES;

--
-- Table structure for table `t_user`
--

DROP TABLE IF EXISTS `t_user`;
/*!40101 SET @saved_cs_client     = @@character_set_client */;
/*!40101 SET character_set_client = utf8 */;
CREATE TABLE `t_user` (
  `user_id` bigint(20) NOT NULL AUTO_INCREMENT,
  `USER_NAME` varchar(30) COLLATE utf8_bin DEFAULT NULL,
  `USER_PASSWORD` varchar(128) COLLATE utf8_bin DEFAULT NULL,
  `CUSTOMER_ID` bigint(20) DEFAULT NULL,
  `REAL_NAME` varchar(50) COLLATE utf8_bin DEFAULT NULL,
  `GENDER` char(1) COLLATE utf8_bin DEFAULT NULL,
  `USER_TYPE` decimal(1,0) NOT NULL,
  `STATUS` varchar(1) COLLATE utf8_bin DEFAULT NULL,
  `TELEPHONE` varchar(50) COLLATE utf8_bin DEFAULT NULL,
  `EMAIL` varchar(50) COLLATE utf8_bin DEFAULT NULL,
  `IP_ADDRESS` varchar(20) COLLATE utf8_bin DEFAULT NULL,
  `CREATE_BY` decimal(10,0) DEFAULT NULL,
  `UPDATE_BY` decimal(10,0) DEFAULT NULL,
  `INSERT_TIME` datetime NOT NULL DEFAULT CURRENT_TIMESTAMP,
  `UPDATE_TIME` datetime NOT NULL DEFAULT CURRENT_TIMESTAMP,
  `EMPLOYEE_ID` bigint(20) DEFAULT NULL COMMENT '员工id',
  `TIME_OFFSET` bigint(20) DEFAULT '0' COMMENT '与系统标准时间的偏移(毫秒)',
  PRIMARY KEY (`user_id`)
) ENGINE=InnoDB AUTO_INCREMENT=404 DEFAULT CHARSET=utf8 COLLATE=utf8_bin COMMENT='用户';
/*!40101 SET character_set_client = @saved_cs_client */;

--
-- Dumping data for table `t_user`
--

LOCK TABLES `t_user` WRITE;
/*!40000 ALTER TABLE `t_user` DISABLE KEYS */;
INSERT INTO `t_user` VALUES (400,'admin','e10adc3949ba59abbe56e057f20f883e',NULL,'管理员',NULL,0,'0',NULL,NULL,NULL,NULL,NULL,'2015-10-20 14:05:44','2016-05-31 15:46:51',1,-49),(401,'BXGS','e10adc3949ba59abbe56e057f20f883e',NULL,NULL,NULL,1,'1',NULL,NULL,NULL,400,400,'2016-05-29 11:08:27','2016-05-29 11:08:27',NULL,0),(402,'aa22','a906449d5769fa7361d7ecc6aa3f6d28',NULL,'路红',NULL,1,'0','13533333333','lh@qq.com','',400,400,'2016-05-31 18:16:21','2016-06-01 14:54:54',4,0),(403,'a123456','8df32286deed62bae5bf746672805c78',NULL,'企业用户123456',NULL,1,'1','13533332222','ab@qq.com','',402,402,'2016-06-01 09:57:52','2016-06-01 09:57:52',5,0);
/*!40000 ALTER TABLE `t_user` ENABLE KEYS */;
UNLOCK TABLES;

--
-- Table structure for table `t_user_role`
--

DROP TABLE IF EXISTS `t_user_role`;
/*!40101 SET @saved_cs_client     = @@character_set_client */;
/*!40101 SET character_set_client = utf8 */;
CREATE TABLE `t_user_role` (
  `USER_ID` bigint(20) NOT NULL,
  `ROLE_ID` bigint(20) NOT NULL,
  `VALID_INDI` char(1) COLLATE utf8_bin DEFAULT NULL,
  PRIMARY KEY (`USER_ID`,`ROLE_ID`),
  KEY `FK_USER_ROLE__ROLE_ID` (`ROLE_ID`),
  CONSTRAINT `FK_USER_ROLE__ROLE_ID` FOREIGN KEY (`ROLE_ID`) REFERENCES `t_role` (`role_id`),
  CONSTRAINT `FK_USER_ROLE__USER_ID` FOREIGN KEY (`USER_ID`) REFERENCES `t_user` (`user_id`)
) ENGINE=InnoDB DEFAULT CHARSET=utf8 COLLATE=utf8_bin COMMENT='用户的角色';
/*!40101 SET character_set_client = @saved_cs_client */;

--
-- Dumping data for table `t_user_role`
--

LOCK TABLES `t_user_role` WRITE;
/*!40000 ALTER TABLE `t_user_role` DISABLE KEYS */;
INSERT INTO `t_user_role` VALUES (400,400,'Y'),(401,402,'Y'),(401,403,'Y'),(402,408,'Y'),(403,408,'Y');
/*!40000 ALTER TABLE `t_user_role` ENABLE KEYS */;
UNLOCK TABLES;

--
-- Table structure for table `t_value_type`
--

DROP TABLE IF EXISTS `t_value_type`;
/*!40101 SET @saved_cs_client     = @@character_set_client */;
/*!40101 SET character_set_client = utf8 */;
CREATE TABLE `t_value_type` (
  `VALUE_TYPE` varchar(5) COLLATE utf8_bin NOT NULL COMMENT '数值类型',
  `VALUE_TYPE_NAME` varchar(100) COLLATE utf8_bin DEFAULT NULL COMMENT '数值类型解释',
  `VALUE_TYPE_JAVA` varchar(100) COLLATE utf8_bin DEFAULT NULL COMMENT 'java数值类型',
  `VALUE_TYPE_MYSQL` varchar(100) COLLATE utf8_bin DEFAULT NULL COMMENT 'MYSQL数值类型',
  `VALUE_TYPE_ORCL` varchar(100) COLLATE utf8_bin DEFAULT NULL COMMENT 'Oracle数值类型',
  PRIMARY KEY (`VALUE_TYPE`)
) ENGINE=InnoDB DEFAULT CHARSET=utf8 COLLATE=utf8_bin COMMENT='数值类型字典表';
/*!40101 SET character_set_client = @saved_cs_client */;

--
-- Dumping data for table `t_value_type`
--

LOCK TABLES `t_value_type` WRITE;
/*!40000 ALTER TABLE `t_value_type` DISABLE KEYS */;
INSERT INTO `t_value_type` VALUES ('1','字符串','java.lang.String','VARCHAR','VARCHAR2'),('2','日期','java.util.Date','DATE','DATE'),('3','时间戳','java.sql.Timestamp','DATETIME','DATE'),('4','整数','int','BIGINT','INTEGER'),('5','数字（整数或非整数）','java.math.BigDecimal','NUMERIC','NUMBER'),('6','子模板','CHILD_TEMPLATE',NULL,NULL),('7','业务对象','Object','OTHER','OTHER'),('8','空','void','OTHER','OTHER');
/*!40000 ALTER TABLE `t_value_type` ENABLE KEYS */;
UNLOCK TABLES;

--
-- Table structure for table `testtable`
--

DROP TABLE IF EXISTS `testtable`;
/*!40101 SET @saved_cs_client     = @@character_set_client */;
/*!40101 SET character_set_client = utf8 */;
CREATE TABLE `testtable` (
  `ratetable_id` varchar(100) COLLATE utf8_bin NOT NULL,
  `testCol3` varchar(100) COLLATE utf8_bin NOT NULL,
  `testCol2` bigint(20) NOT NULL,
  `testCol1` double(100,6) NOT NULL,
  PRIMARY KEY (`ratetable_id`)
) ENGINE=InnoDB DEFAULT CHARSET=utf8 COLLATE=utf8_bin;
/*!40101 SET character_set_client = @saved_cs_client */;

--
-- Dumping data for table `testtable`
--

LOCK TABLES `testtable` WRITE;
/*!40000 ALTER TABLE `testtable` DISABLE KEYS */;
/*!40000 ALTER TABLE `testtable` ENABLE KEYS */;
UNLOCK TABLES;

--
-- Table structure for table `y_user`
--

DROP TABLE IF EXISTS `y_user`;
/*!40101 SET @saved_cs_client     = @@character_set_client */;
/*!40101 SET character_set_client = utf8 */;
CREATE TABLE `y_user` (
  `id` int(11) NOT NULL AUTO_INCREMENT,
  `name` varchar(20) COLLATE utf8_bin NOT NULL,
  `psd` varchar(2) COLLATE utf8_bin NOT NULL,
  PRIMARY KEY (`id`)
) ENGINE=InnoDB DEFAULT CHARSET=utf8 COLLATE=utf8_bin;
/*!40101 SET character_set_client = @saved_cs_client */;

--
-- Dumping data for table `y_user`
--

LOCK TABLES `y_user` WRITE;
/*!40000 ALTER TABLE `y_user` DISABLE KEYS */;
/*!40000 ALTER TABLE `y_user` ENABLE KEYS */;
UNLOCK TABLES;
/*!40103 SET TIME_ZONE=@OLD_TIME_ZONE */;

/*!40101 SET SQL_MODE=@OLD_SQL_MODE */;
/*!40014 SET FOREIGN_KEY_CHECKS=@OLD_FOREIGN_KEY_CHECKS */;
/*!40014 SET UNIQUE_CHECKS=@OLD_UNIQUE_CHECKS */;
/*!40101 SET CHARACTER_SET_CLIENT=@OLD_CHARACTER_SET_CLIENT */;
/*!40101 SET CHARACTER_SET_RESULTS=@OLD_CHARACTER_SET_RESULTS */;
/*!40101 SET COLLATION_CONNECTION=@OLD_COLLATION_CONNECTION */;
/*!40111 SET SQL_NOTES=@OLD_SQL_NOTES */;

-- Dump completed on 2016-06-01 15:14:50
