-- MySQL dump 10.13  Distrib 5.7.12, for Linux (x86_64)
--
-- Host: localhost    Database: wift_mbrc_tst
-- ------------------------------------------------------
-- Server version	5.7.12-log

/*!40101 SET @OLD_CHARACTER_SET_CLIENT=@@CHARACTER_SET_CLIENT */;
/*!40101 SET @OLD_CHARACTER_SET_RESULTS=@@CHARACTER_SET_RESULTS */;
/*!40101 SET @OLD_COLLATION_CONNECTION=@@COLLATION_CONNECTION */;
/*!40101 SET NAMES utf8 */;
/*!40103 SET @OLD_TIME_ZONE=@@TIME_ZONE */;
/*!40103 SET TIME_ZONE='+00:00' */;
/*!40014 SET @OLD_UNIQUE_CHECKS=@@UNIQUE_CHECKS, UNIQUE_CHECKS=0 */;
/*!40014 SET @OLD_FOREIGN_KEY_CHECKS=@@FOREIGN_KEY_CHECKS, FOREIGN_KEY_CHECKS=0 */;
/*!40101 SET @OLD_SQL_MODE=@@SQL_MODE, SQL_MODE='NO_AUTO_VALUE_ON_ZERO' */;
/*!40111 SET @OLD_SQL_NOTES=@@SQL_NOTES, SQL_NOTES=0 */;

--
-- Table structure for table `d_account_type`
--

DROP TABLE IF EXISTS `d_account_type`;
/*!40101 SET @saved_cs_client     = @@character_set_client */;
/*!40101 SET character_set_client = utf8 */;
CREATE TABLE `d_account_type` (
  `CODE` varchar(10) NOT NULL,
  `NAME` varchar(200) DEFAULT NULL,
  `ENUM_NAME` varchar(30) DEFAULT NULL,
  `PINYIN` varchar(10) DEFAULT NULL,
  `PARENT_CODE` varchar(10) DEFAULT NULL,
  PRIMARY KEY (`CODE`)
) ENGINE=InnoDB DEFAULT CHARSET=utf8mb4 COMMENT='账户类型代码';
/*!40101 SET character_set_client = @saved_cs_client */;

--
-- Dumping data for table `d_account_type`
--

LOCK TABLES `d_account_type` WRITE;
/*!40000 ALTER TABLE `d_account_type` DISABLE KEYS */;
INSERT INTO `d_account_type` VALUES ('1','银行账户','','YXZH',''),('2','第三方支付','','DSFZF',''),('3','其他资金机构','','QTZJJG','');
/*!40000 ALTER TABLE `d_account_type` ENABLE KEYS */;
UNLOCK TABLES;

--
-- Table structure for table `d_bank`
--

DROP TABLE IF EXISTS `d_bank`;
/*!40101 SET @saved_cs_client     = @@character_set_client */;
/*!40101 SET character_set_client = utf8 */;
CREATE TABLE `d_bank` (
  `CODE` varchar(10) COLLATE utf8_bin NOT NULL,
  `NAME` varchar(200) COLLATE utf8_bin DEFAULT NULL,
  `ENUM_NAME` varchar(30) COLLATE utf8_bin DEFAULT NULL,
  `PINYIN` varchar(10) COLLATE utf8_bin DEFAULT NULL,
  `PARENT_CODE` varchar(10) COLLATE utf8_bin DEFAULT NULL,
  PRIMARY KEY (`CODE`)
) ENGINE=InnoDB DEFAULT CHARSET=utf8 COLLATE=utf8_bin COMMENT='银行代码';
/*!40101 SET character_set_client = @saved_cs_client */;

--
-- Dumping data for table `d_bank`
--

LOCK TABLES `d_bank` WRITE;
/*!40000 ALTER TABLE `d_bank` DISABLE KEYS */;
INSERT INTO `d_bank` VALUES ('1','银联商务（收单）','','YLSWSD',''),('100','中国邮政储蓄银行（收单）','','ZGYZCXYXSD',''),('102','中国工商银行','','ZGGSYX',''),('103','中国农业银行','','ZGNYYX',''),('104','中国银行','','ZGYX',''),('105','中国建设银行','','ZGJSYX',''),('201','国家开发银行','','GJKFYX',''),('202','中国进出口银行','','ZGJCKYX',''),('203','中国农业发展银行','','ZGNYFZYX',''),('301','交通银行','','JTYX',''),('302','中信银行','','ZXYX',''),('303','中国光大银行','','ZGGDYX',''),('304','华夏银行','','HXYX',''),('305','中国民生银行','','ZGMSYX',''),('306','广东发展银行','','GDFZYX',''),('307','深圳发展银行','','SZFZYX',''),('308','招商银行','','ZSYX',''),('309','兴业银行','','XYYX',''),('310','上海浦东发展银行','','SHPDFZYX',''),('311','上海银联商务/东莞商业银行','','SHYLSW/DZS',''),('313','城市商业银行','','CSSYYX',''),('314','农村商业银行（江苏）','','NCSYYXJS',''),('315','恒丰银行','','HFYX',''),('316','浙商银行','','ZSYX',''),('317','农村合作银行','','NCHZYX',''),('318','渤海银行股份有限公司','','BHYXGFYXGS',''),('319','徽商银行股份有限公司','','HSYXGFYXGS',''),('320','镇银行有限责任公司','','ZYXYXZRGS',''),('401','城市信用社','','CSXYS',''),('402','农村信用社（含北京农村商业银行）、东莞农信','','NCXYSHBJNC',''),('403','中国邮政储蓄银行（代收付）','','ZGYZCXYXDS',''),('501','汇丰银行','','HFYX',''),('502','东亚银行','','DYYX',''),('503','南洋商业银行','','NYSYYX',''),('504','恒生银行(中国)有限公司','','HSYX(ZG)YX',''),('505','中国银行（香港）有限公司','','ZGYXXGYXGS',''),('506','集友银行有限公司','','JYYXYXGS',''),('507','创兴银行有限公司','','CXYXYXGS',''),('509','星展银行（中国）有限公司','','XZYXZGYXGS',''),('510','永亨银行（中国）有限公司','','YHYXZGYXGS',''),('512','永隆银行','','YLYX',''),('531','花旗银行（中国）有限公司','','HQYXZGYXGS',''),('532','美国银行有限公司','','MGYXYXGS',''),('533','摩根大通银行(中国)有限公司','','MGDTYX(ZG)',''),('561','三菱东京日联银行(中国）有限公司','','SLDJRLYX(Z',''),('563','日本三井住友银行股份有限公司','','RBSJZYYXGF',''),('564','瑞穗实业银行（中国）有限公司','','RSSYYXZGYX',''),('565','日本山口银行股份有限公司','','RBSKYXGFYX',''),('591','韩国外换银行股份有限公司','','HGWHYXGFYX',''),('593','友利银行(中国)有限公司','','YLYX(ZG)YX',''),('594','韩国产业银行','','HGCYYX',''),('595','新韩银行(中国)有限公司','','XHYX(ZG)YX',''),('596','韩国中小企业银行有限公司','','HGZXQYYXYX',''),('597','韩亚银行（中国）有限公司','','HYYXZGYXGS',''),('621','华侨银行（中国）有限公司','','HQYXZGYXGS',''),('622','大华银行（中国）有限公司','','DHYXZGYXGS',''),('623','星展银行（中国）有限公司','','XZYXZGYXGS',''),('631','泰国盘谷银行(大众有限公司)','','TGPGYX(DZY',''),('641','奥地利中央合作银行股份有限公司','','ADLZYHZYXG',''),('651','比利时联合银行股份有限公司','','BLSLHYXGFY',''),('652','比利时富通银行有限公司','','BLSFTYXYXG',''),('661','荷兰银行','','HLYX',''),('662','荷兰安智银行股份有限公司','','HLAZYXGFYX',''),('671','渣打银行','','ZDYX',''),('672','英国苏格兰皇家银行公众有限公司','','YGSGLHJYXG',''),('691','法国兴业银行（中国)有限公司','','FGXYYXZG)Y',''),('694','法国东方汇理银行股份有限公司','','FGDFHLYXGF',''),('695','法国外贸银行股份有限公司','','FGWMYXGFYX',''),('711','德国德累斯登银行股份公司','','DGDLSDYXGF',''),('712','德意志银行（中国）有限公司','','DYZYXZGYXG',''),('713','德国商业银行股份有限公司','','DGSYYXGFYX',''),('714','德国西德银行股份有限公司','','DGXDYXGFYX',''),('715','德国巴伐利亚州银行','','DGBFLYZYX',''),('716','德国北德意志州银行','','DGBDYZZYX',''),('732','意大利联合圣保罗银行股份有限公司','','YDLLHSBLYX',''),('741','瑞士信贷银行股份有限公司','','RSXDYXGFYX',''),('742','瑞士银行','','RSYX',''),('751','加拿大丰业银行有限公司','','JNDFYYXYXG',''),('752','加拿大蒙特利尔银行有限公司','','JNDMTLEYXY',''),('761','澳大利亚和新西兰银行集团有限公司','','ADLYHXXLYX',''),('771','摩根士丹利国际银行（中国）有限公司','','MGSDLGJYXZ',''),('775','联合银行(中国)有限公司','','LHYX(ZG)YX',''),('776','荷兰合作银行有限公司','','HLHZYXYXGS',''),('781','厦门国际银行','','XMGJYX',''),('782','法国巴黎银行（中国）有限公司','','FGBLYXZGYX',''),('785','华商银行','','HSYX',''),('787','华一银行','','HYYX',''),('897','广东农村信用合作社（收单）','','GDNCXYHZSS',''),('898','银联商务（收单）','','YLSWSD',''),('969','(澳门地区)银行','','(AMDQ)YX',''),('989','(香港地区)银行','','(XGDQ)YX','');
/*!40000 ALTER TABLE `d_bank` ENABLE KEYS */;
UNLOCK TABLES;

--
-- Table structure for table `d_certi_type`
--

DROP TABLE IF EXISTS `d_certi_type`;
/*!40101 SET @saved_cs_client     = @@character_set_client */;
/*!40101 SET character_set_client = utf8 */;
CREATE TABLE `d_certi_type` (
  `CODE` varchar(10) CHARACTER SET utf8 COLLATE utf8_bin NOT NULL,
  `NAME` varchar(200) DEFAULT NULL,
  `ENUM_NAME` varchar(30) CHARACTER SET utf8 COLLATE utf8_bin DEFAULT NULL,
  `PINYIN` varchar(90) DEFAULT NULL,
  `PARENT_CODE` varchar(90) DEFAULT NULL,
  PRIMARY KEY (`CODE`)
) ENGINE=InnoDB DEFAULT CHARSET=utf8;
/*!40101 SET character_set_client = @saved_cs_client */;

--
-- Dumping data for table `d_certi_type`
--

LOCK TABLES `d_certi_type` WRITE;
/*!40000 ALTER TABLE `d_certi_type` DISABLE KEYS */;
INSERT INTO `d_certi_type` VALUES ('01','居民身份证','','JMSFZ',''),('02','户口簿','','HKB',''),('03','出生医学证明','','CSYXZM',''),('04','军官证','','JGZ',''),('05','普通护照','','PTHZ',''),('06','台湾居民来往大陆通行证','','TWJMLWDLTX',''),('07','港澳同胞回乡证（通行卡）','','GATBHXZTXK','');
/*!40000 ALTER TABLE `d_certi_type` ENABLE KEYS */;
UNLOCK TABLES;

--
-- Table structure for table `d_city`
--

DROP TABLE IF EXISTS `d_city`;
/*!40101 SET @saved_cs_client     = @@character_set_client */;
/*!40101 SET character_set_client = utf8 */;
CREATE TABLE `d_city` (
  `CODE` varchar(10) CHARACTER SET utf8 COLLATE utf8_bin NOT NULL,
  `NAME` varchar(200) DEFAULT NULL,
  `ENUM_NAME` varchar(30) CHARACTER SET utf8 COLLATE utf8_bin DEFAULT NULL,
  `PINYIN` varchar(90) DEFAULT NULL,
  `PARENT_CODE` varchar(90) DEFAULT NULL,
  PRIMARY KEY (`CODE`)
) ENGINE=InnoDB DEFAULT CHARSET=utf8;
/*!40101 SET character_set_client = @saved_cs_client */;

--
-- Dumping data for table `d_city`
--

LOCK TABLES `d_city` WRITE;
/*!40000 ALTER TABLE `d_city` DISABLE KEYS */;
INSERT INTO `d_city` VALUES ('110100','北京市',NULL,'BJS','110000'),('120100','天津市',NULL,'TJS','120000'),('130100','石家庄市',NULL,'SJZS','130000'),('130200','唐山市',NULL,'TSS','130000'),('130300','秦皇岛市',NULL,'QHDS','130000'),('130400','邯郸市',NULL,'HDS','130000'),('130500','邢台市',NULL,'XTS','130000'),('130600','保定市',NULL,'BDS','130000'),('130700','张家口市',NULL,'ZJKS','130000'),('130800','承德市',NULL,'CDS','130000'),('130900','沧州市',NULL,'CZS','130000'),('131000','廊坊市',NULL,'LFS','130000'),('131100','衡水市',NULL,'HSS','130000'),('140100','太原市',NULL,'TYS','140000'),('140200','大同市',NULL,'DTS','140000'),('140300','阳泉市',NULL,'YQS','140000'),('140400','长治市',NULL,'CZS','140000'),('140500','晋城市',NULL,'JCS','140000'),('140600','朔州市',NULL,'SZS','140000'),('140700','晋中市',NULL,'JZS','140000'),('140800','运城市',NULL,'YCS','140000'),('140900','忻州市',NULL,'XZS','140000'),('141000','临汾市',NULL,'LFS','140000'),('141100','吕梁市',NULL,'LLS','140000'),('150100','呼和浩特市',NULL,'HHHTS','150000'),('150200','包头市',NULL,'BTS','150000'),('150300','乌海市',NULL,'WHS','150000'),('150421','阿鲁科尔沁旗',NULL,'ALKEQQ','150000'),('150500','通辽市',NULL,'TLS','150000'),('150600','鄂尔多斯市',NULL,'EEDSS','150000'),('150700','呼伦贝尔市',NULL,'HLBES','150000'),('150800','巴彦淖尔市',NULL,'BYNES','150000'),('150900','乌兰察布市',NULL,'WLCBS','150000'),('152200','兴安盟',NULL,'XAM','150000'),('152500','锡林郭勒盟',NULL,'XLGLM','150000'),('152900','阿拉善盟',NULL,'ALSM','150000'),('210100','沈阳市',NULL,'SYS','210000'),('210200','大连市',NULL,'DLS','210000'),('210300','鞍山市',NULL,'ASS','210000'),('210400','抚顺市',NULL,'FSS','210000'),('210500','本溪市',NULL,'BXS','210000'),('210600','丹东市',NULL,'DDS','210000'),('210700','锦州市',NULL,'JZS','210000'),('210800','营口市',NULL,'YKS','210000'),('210900','阜新市',NULL,'FXS','210000'),('211000','辽阳市',NULL,'LYS','210000'),('211100','盘锦市',NULL,'PJS','210000'),('211200','铁岭市',NULL,'TLS','210000'),('211300','朝阳市',NULL,'CYS','210000'),('211400','葫芦岛市',NULL,'HLDS','210000'),('220100','长春市',NULL,'CCS','220000'),('220200','吉林市',NULL,'JLS','220000'),('220300','四平市',NULL,'SPS','220000'),('220400','辽源市',NULL,'LYS','220000'),('220500','通化市',NULL,'THS','220000'),('220600','白山市',NULL,'BSS','220000'),('220700','松原市',NULL,'SYS','220000'),('220800','白城市',NULL,'BCS','220000'),('222400','延边朝鲜族自治州',NULL,'YBCXZZZZ','220000'),('230100','哈尔滨市',NULL,'HEBS','230000'),('230200','齐齐哈尔市',NULL,'QQHES','230000'),('230300','鸡西市',NULL,'JXS','230000'),('230400','鹤岗市',NULL,'HGS','230000'),('230500','双鸭山市',NULL,'SYSS','230000'),('230600','大庆市',NULL,'DQS','230000'),('230700','伊春市',NULL,'YCS','230000'),('230800','佳木斯市',NULL,'JMSS','230000'),('230900','七台河市',NULL,'QTHS','230000'),('231000','牡丹江市',NULL,'MDJS','230000'),('231100','黑河市',NULL,'HHS','230000'),('231200','绥化市',NULL,'SHS','230000'),('232700','大兴安岭地区',NULL,'DXALDQ','230000'),('310100','上海市',NULL,'SHS','310000'),('320100','南京市',NULL,'NJS','320000'),('320200','无锡市',NULL,'WXS','320000'),('320300','徐州市',NULL,'XZS','320000'),('320400','常州市',NULL,'CZS','320000'),('320500','苏州市',NULL,'SZS','320000'),('320600','南通市',NULL,'NTS','320000'),('320700','连云港市',NULL,'LYGS','320000'),('320800','淮安市',NULL,'HAS','320000'),('320900','盐城市',NULL,'YCS','320000'),('321000','扬州市',NULL,'YZS','320000'),('321100','镇江市',NULL,'ZJS','320000'),('321200','泰州市',NULL,'TZS','320000'),('321300','宿迁市',NULL,'SQS','320000'),('330100','杭州市',NULL,'HZS','330000'),('330200','宁波市',NULL,'NBS','330000'),('330300','温州市',NULL,'WZS','330000'),('330400','嘉兴市',NULL,'JXS','330000'),('330500','湖州市',NULL,'HZS','330000'),('330600','绍兴市',NULL,'SXS','330000'),('330700','金华市',NULL,'JHS','330000'),('330800','衢州市',NULL,'ZZS','330000'),('330900','舟山市',NULL,'ZSS','330000'),('331000','台州市',NULL,'TZS','330000'),('331100','丽水市',NULL,'LSS','330000'),('340100','合肥市',NULL,'HFS','340000'),('340200','芜湖市',NULL,'WHS','340000'),('340300','蚌埠市',NULL,'BBS','340000'),('340400','淮南市',NULL,'HNS','340000'),('340500','马鞍山市',NULL,'MASS','340000'),('340600','淮北市',NULL,'HBS','340000'),('340700','铜陵市',NULL,'TLS','340000'),('340800','安庆市',NULL,'AQS','340000'),('341000','黄山市',NULL,'HSS','340000'),('341100','滁州市',NULL,'CZS','340000'),('341200','阜阳市',NULL,'FYS','340000'),('341300','宿州市',NULL,'SZS','340000'),('341500','六安市',NULL,'LAS','340000'),('341600','亳州市',NULL,'ZZS','340000'),('341700','池州市',NULL,'CZS','340000'),('341800','宣城市',NULL,'XCS','340000'),('350100','福州市',NULL,'FZS','350000'),('350200','厦门市',NULL,'XMS','350000'),('350300','莆田市',NULL,'PTS','350000'),('350400','三明市',NULL,'SMS','350000'),('350500','泉州市',NULL,'QZS','350000'),('350600','漳州市',NULL,'ZZS','350000'),('350700','南平市',NULL,'NPS','350000'),('350800','龙岩市',NULL,'LYS','350000'),('350900','宁德市',NULL,'NDS','350000'),('360100','南昌市',NULL,'NCS','360000'),('360200','景德镇市',NULL,'JDZS','360000'),('360300','萍乡市',NULL,'PXS','360000'),('360400','九江市',NULL,'JJS','360000'),('360500','新余市',NULL,'XYS','360000'),('360600','鹰潭市',NULL,'YTS','360000'),('360700','赣州市',NULL,'GZS','360000'),('360800','吉安市',NULL,'JAS','360000'),('360900','宜春市',NULL,'YCS','360000'),('361000','抚州市',NULL,'FZS','360000'),('361100','上饶市',NULL,'SRS','360000'),('370100','济南市',NULL,'JNS','370000'),('370200','青岛市',NULL,'QDS','370000'),('370300','淄博市',NULL,'ZBS','370000'),('370400','枣庄市',NULL,'ZZS','370000'),('370500','东营市',NULL,'DYS','370000'),('370600','烟台市',NULL,'YTS','370000'),('370700','潍坊市',NULL,'WFS','370000'),('370800','济宁市',NULL,'JNS','370000'),('370900','泰安市',NULL,'TAS','370000'),('371000','威海市',NULL,'WHS','370000'),('371100','日照市',NULL,'RZS','370000'),('371200','莱芜市',NULL,'LWS','370000'),('371300','临沂市',NULL,'LYS','370000'),('371400','德州市',NULL,'DZS','370000'),('371500','聊城市',NULL,'LCS','370000'),('371600','滨州市',NULL,'BZS','370000'),('371700','菏泽市',NULL,'HZS','370000'),('410100','郑州市',NULL,'ZZS','410000'),('410200','开封市',NULL,'KFS','410000'),('410300','洛阳市',NULL,'LYS','410000'),('410400','平顶山市',NULL,'PDSS','410000'),('410500','安阳市',NULL,'AYS','410000'),('410600','鹤壁市',NULL,'HBS','410000'),('410700','新乡市',NULL,'XXS','410000'),('410800','焦作市',NULL,'JZS','410000'),('410900','濮阳市',NULL,'ZYS','410000'),('411000','许昌市',NULL,'XCS','410000'),('411100','漯河市',NULL,'ZHS','410000'),('411200','三门峡市',NULL,'SMXS','410000'),('411300','南阳市',NULL,'NYS','410000'),('411400','商丘市',NULL,'SQS','410000'),('411500','信阳市',NULL,'XYS','410000'),('411600','周口市',NULL,'ZKS','410000'),('411700','驻马店市',NULL,'ZMDS','410000'),('419001','济源市',NULL,'JYS','410000'),('420100','武汉市',NULL,'WHS','420000'),('420200','黄石市',NULL,'HSS','420000'),('420300','十堰市',NULL,'SYS','420000'),('420500','宜昌市',NULL,'YCS','420000'),('420600','襄阳市',NULL,'XYS','420000'),('420700','鄂州市',NULL,'EZS','420000'),('420800','荆门市',NULL,'JMS','420000'),('420900','孝感市',NULL,'XGS','420000'),('421000','荆州市',NULL,'JZS','420000'),('421100','黄冈市',NULL,'HGS','420000'),('421200','咸宁市',NULL,'XNS','420000'),('421300','随州市',NULL,'SZS','420000'),('422800','恩施土家族苗族自治州',NULL,'ESTJZMZZZZ','420000'),('429004','仙桃市',NULL,'XTS','420000'),('430100','长沙市',NULL,'CSS','430000'),('430200','株洲市',NULL,'ZZS','430000'),('430300','湘潭市',NULL,'XTS','430000'),('430400','衡阳市',NULL,'HYS','430000'),('430500','邵阳市',NULL,'SYS','430000'),('430600','岳阳市',NULL,'YYS','430000'),('430700','常德市',NULL,'CDS','430000'),('430800','张家界市',NULL,'ZJJS','430000'),('430900','益阳市',NULL,'YYS','430000'),('431000','郴州市',NULL,'CZS','430000'),('431100','永州市',NULL,'YZS','430000'),('431200','怀化市',NULL,'HHS','430000'),('431300','娄底市',NULL,'LDS','430000'),('433100','湘西土家族苗族自治州',NULL,'XXTJZMZZZZ','430000'),('440100','广州市',NULL,'GZS','440000'),('440200','韶关市',NULL,'SGS','440000'),('440300','深圳市',NULL,'SZS','440000'),('440400','珠海市',NULL,'ZHS','440000'),('440500','汕头市',NULL,'STS','440000'),('440600','佛山市',NULL,'FSS','440000'),('440700','江门市',NULL,'JMS','440000'),('440800','湛江市',NULL,'ZJS','440000'),('440900','茂名市',NULL,'MMS','440000'),('441200','肇庆市',NULL,'ZQS','440000'),('441300','惠州市',NULL,'HZS','440000'),('441400','梅州市',NULL,'MZS','440000'),('441500','汕尾市',NULL,'SWS','440000'),('441600','河源市',NULL,'HYS','440000'),('441700','阳江市',NULL,'YJS','440000'),('441800','清远市',NULL,'QYS','440000'),('441900','东莞市',NULL,'DZS','440000'),('442000','中山市',NULL,'ZSS','440000'),('445100','潮州市',NULL,'CZS','440000'),('445200','揭阳市',NULL,'JYS','440000'),('445300','云浮市',NULL,'YFS','440000'),('450100','南宁市',NULL,'NNS','450000'),('450200','柳州市',NULL,'LZS','450000'),('450300','桂林市',NULL,'GLS','450000'),('450400','梧州市',NULL,'WZS','450000'),('450500','北海市',NULL,'BHS','450000'),('450600','防城港市',NULL,'FCGS','450000'),('450700','钦州市',NULL,'QZS','450000'),('450800','贵港市',NULL,'GGS','450000'),('450900','玉林市',NULL,'YLS','450000'),('451000','百色市',NULL,'BSS','450000'),('451100','贺州市',NULL,'HZS','450000'),('451200','河池市',NULL,'HCS','450000'),('451300','来宾市',NULL,'LBS','450000'),('451400','崇左市',NULL,'CZS','450000'),('460100','海口市',NULL,'HKS','460000'),('460200','三亚市',NULL,'SYS','460000'),('460300','三沙市',NULL,'SSS','460000'),('460400','儋州市',NULL,'ZZS','460000'),('500100','重庆市',NULL,'ZQS','500000'),('510100','成都市',NULL,'CDS','510000'),('510300','自贡市',NULL,'ZGS','510000'),('510400','攀枝花市',NULL,'PZHS','510000'),('510500','泸州市',NULL,'ZZS','510000'),('510600','德阳市',NULL,'DYS','510000'),('510700','绵阳市',NULL,'MYS','510000'),('510800','广元市',NULL,'GYS','510000'),('510900','遂宁市',NULL,'SNS','510000'),('511000','内江市',NULL,'NJS','510000'),('511100','乐山市',NULL,'LSS','510000'),('511300','南充市',NULL,'NCS','510000'),('511400','眉山市',NULL,'MSS','510000'),('511500','宜宾市',NULL,'YBS','510000'),('511600','广安市',NULL,'GAS','510000'),('511700','达州市',NULL,'DZS','510000'),('511800','雅安市',NULL,'YAS','510000'),('511900','巴中市',NULL,'BZS','510000'),('512000','资阳市',NULL,'ZYS','510000'),('513200','阿坝藏族羌族自治州',NULL,'ABCZQZZZZ','510000'),('513300','甘孜藏族自治州',NULL,'GZCZZZZ','510000'),('513400','凉山彝族自治州',NULL,'LSYZZZZ','510000'),('520100','贵阳市',NULL,'GYS','520000'),('520200','六盘水市',NULL,'LPSS','520000'),('520300','遵义市',NULL,'ZYS','520000'),('520400','安顺市',NULL,'ASS','520000'),('520500','毕节市',NULL,'BJS','520000'),('520600','铜仁市',NULL,'TRS','520000'),('522600','黔东南苗族侗族自治州',NULL,'QDNMZDZZZZ','520000'),('522700','黔南布依族苗族自治州',NULL,'QNBYZMZZZZ','520000'),('530100','昆明市',NULL,'KMS','530000'),('530300','曲靖市',NULL,'QJS','530000'),('530400','玉溪市',NULL,'YXS','530000'),('530500','保山市',NULL,'BSS','530000'),('530600','昭通市',NULL,'ZTS','530000'),('530700','丽江市',NULL,'LJS','530000'),('530800','普洱市',NULL,'PES','530000'),('530900','临沧市',NULL,'LCS','530000'),('532300','楚雄彝族自治州',NULL,'CXYZZZZ','530000'),('532500','红河哈尼族彝族自治州',NULL,'HHHNZYZZZZ','530000'),('532600','文山壮族苗族自治州',NULL,'WSZZMZZZZ','530000'),('532800','西双版纳傣族自治州',NULL,'XSBNDZZZZ','530000'),('532900','大理白族自治州',NULL,'DLBZZZZ','530000'),('533100','德宏傣族景颇族自治州',NULL,'DHDZJPZZZZ','530000'),('533300','怒江傈僳族自治州',NULL,'NJLSZZZZ','530000'),('533400','迪庆藏族自治州',NULL,'DQCZZZZ','530000'),('540100','拉萨市',NULL,'LSS','540000'),('540200','日喀则市',NULL,'RKZS','540000'),('540300','昌都市',NULL,'CDS','540000'),('540400','林芝地区',NULL,'LZDQ','540000'),('542200','山南地区',NULL,'SNDQ','540000'),('542400','那曲地区',NULL,'NQDQ','540000'),('542500','阿里地区',NULL,'ALDQ','540000'),('610100','西安市',NULL,'XAS','610000'),('610200','铜川市',NULL,'TCS','610000'),('610300','宝鸡市',NULL,'BJS','610000'),('610400','咸阳市',NULL,'XYS','610000'),('610500','渭南市',NULL,'WNS','610000'),('610600','延安市',NULL,'YAS','610000'),('610700','汉中市',NULL,'HZS','610000'),('610800','榆林市',NULL,'YLS','610000'),('610900','安康市',NULL,'AKS','610000'),('611000','商洛市',NULL,'SLS','610000'),('620100','兰州市',NULL,'LZS','620000'),('620200','嘉峪关市',NULL,'JYGS','620000'),('620300','金昌市',NULL,'JCS','620000'),('620400','白银市',NULL,'BYS','620000'),('620500','天水市',NULL,'TSS','620000'),('620600','武威市',NULL,'WWS','620000'),('620700','张掖市',NULL,'ZYS','620000'),('620800','平凉市',NULL,'PLS','620000'),('620900','酒泉市',NULL,'JQS','620000'),('621000','庆阳市',NULL,'QYS','620000'),('621100','定西市',NULL,'DXS','620000'),('621200','陇南市',NULL,'LNS','620000'),('622900','临夏回族自治州',NULL,'LXHZZZZ','620000'),('623000','甘南藏族自治州',NULL,'GNCZZZZ','620000'),('630100','西宁市',NULL,'XNS','630000'),('630200','海东市',NULL,'HDS','630000'),('632200','海北藏族自治州',NULL,'HBCZZZZ','630000'),('632300','黄南藏族自治州',NULL,'HNCZZZZ','630000'),('632500','海南藏族自治州',NULL,'HNCZZZZ','630000'),('632600','果洛藏族自治州',NULL,'GLCZZZZ','630000'),('632700','玉树藏族自治州',NULL,'YSCZZZZ','630000'),('632800','海西蒙古族藏族自治州',NULL,'HXMGZCZZZZ','630000'),('640100','银川市',NULL,'YCS','640000'),('640200','石嘴山市',NULL,'SZSS','640000'),('640300','吴忠市',NULL,'WZS','640000'),('640400','固原市',NULL,'GYS','640000'),('640500','中卫市',NULL,'ZWS','640000'),('650100','乌鲁木齐市',NULL,'WLMQS','650000'),('650200','克拉玛依市',NULL,'KLMYS','650000'),('650400','吐鲁番市',NULL,'TLFS','650000'),('652200','哈密地区',NULL,'HMDQ','650000'),('652300','昌吉回族自治州',NULL,'CJHZZZZ','650000'),('652700','博尔塔拉蒙古自治州',NULL,'BETLMGZZZ','650000'),('652800','巴音郭楞蒙古自治州',NULL,'BYGLMGZZZ','650000'),('652900','阿克苏地区',NULL,'AKSDQ','650000'),('653100','喀什地区',NULL,'KSDQ','650000'),('653200','和田地区',NULL,'HTDQ','650000'),('654000','伊犁哈萨克自治州',NULL,'YLHSKZZZ','650000'),('654200','塔城地区',NULL,'TCDQ','650000'),('654300','阿勒泰地区',NULL,'ALTDQ','650000'),('711000','台湾省',NULL,'TWS','710000'),('811000','香港特别行政区',NULL,'XGTBXZQ','810000'),('821000','澳门特别行政区',NULL,'AMTBXZQ','820000'),('999999','境外',NULL,'JW','999999');
/*!40000 ALTER TABLE `d_city` ENABLE KEYS */;
UNLOCK TABLES;

--
-- Table structure for table `d_claim_sub_type`
--

DROP TABLE IF EXISTS `d_claim_sub_type`;
/*!40101 SET @saved_cs_client     = @@character_set_client */;
/*!40101 SET character_set_client = utf8 */;
CREATE TABLE `d_claim_sub_type` (
  `CODE` varchar(10) NOT NULL,
  `NAME` varchar(200) DEFAULT NULL,
  `ENUM_NAME` varchar(30) DEFAULT NULL,
  `PINYIN` varchar(10) DEFAULT NULL,
  `PARENT_CODE` varchar(10) DEFAULT NULL,
  PRIMARY KEY (`CODE`)
) ENGINE=InnoDB DEFAULT CHARSET=utf8mb4 COMMENT='理赔赔付子类型代码表';
/*!40101 SET character_set_client = @saved_cs_client */;

--
-- Dumping data for table `d_claim_sub_type`
--

LOCK TABLES `d_claim_sub_type` WRITE;
/*!40000 ALTER TABLE `d_claim_sub_type` DISABLE KEYS */;
/*!40000 ALTER TABLE `d_claim_sub_type` ENABLE KEYS */;
UNLOCK TABLES;

--
-- Table structure for table `d_cust_rela`
--

DROP TABLE IF EXISTS `d_cust_rela`;
/*!40101 SET @saved_cs_client     = @@character_set_client */;
/*!40101 SET character_set_client = utf8 */;
CREATE TABLE `d_cust_rela` (
  `CODE` varchar(10) COLLATE utf8_bin NOT NULL,
  `NAME` varchar(200) COLLATE utf8_bin DEFAULT NULL,
  `ENUM_NAME` varchar(30) COLLATE utf8_bin DEFAULT NULL,
  `PINYIN` varchar(30) COLLATE utf8_bin DEFAULT NULL,
  `PARENT_CODE` varchar(30) COLLATE utf8_bin DEFAULT NULL,
  PRIMARY KEY (`CODE`)
) ENGINE=InnoDB DEFAULT CHARSET=utf8 COLLATE=utf8_bin;
/*!40101 SET character_set_client = @saved_cs_client */;

--
-- Dumping data for table `d_cust_rela`
--

LOCK TABLES `d_cust_rela` WRITE;
/*!40000 ALTER TABLE `d_cust_rela` DISABLE KEYS */;
INSERT INTO `d_cust_rela` VALUES ('00','本人','','BR',''),('01','父子','','FZ',''),('02','父女','','FN',''),('03','母子','','MZ',''),('04','母女','','MN',''),('05','祖孙','','ZS',''),('07','夫妻','','FQ',''),('08','兄弟','','XD',''),('09','兄妹','','XM',''),('10','姐弟','','JD',''),('11','姐妹','','JM',''),('12','叔侄','','SZ',''),('13','姑侄','','GZ',''),('18','朋友','','PY',''),('19','同事','','TS',''),('20','师生','','SS',''),('21','劳动关系','','LDGX',''),('22','法定','','FD',''),('25','婆媳','','PX',''),('26','公公与儿媳关系','','GGYEXGX',''),('27','翁婿','','WX',''),('28','岳母与女婿关系','','YMYNXGX',''),('29','代理人','','DLR',''),('30','亲戚','','QQ',''),('31','他人介绍','','TRJS',''),('32','陌生拜访','','MSBF',''),('33','自动投保','','ZDTB',''),('34','家属','','JS',''),('99','其他','','QT','');
/*!40000 ALTER TABLE `d_cust_rela` ENABLE KEYS */;
UNLOCK TABLES;

--
-- Table structure for table `d_district`
--

DROP TABLE IF EXISTS `d_district`;
/*!40101 SET @saved_cs_client     = @@character_set_client */;
/*!40101 SET character_set_client = utf8 */;
CREATE TABLE `d_district` (
  `CODE` varchar(10) CHARACTER SET utf8 COLLATE utf8_bin NOT NULL,
  `NAME` varchar(200) DEFAULT NULL,
  `ENUM_NAME` varchar(30) CHARACTER SET utf8 COLLATE utf8_bin DEFAULT NULL,
  `PINYIN` varchar(90) DEFAULT NULL,
  `PARENT_CODE` varchar(90) DEFAULT NULL,
  PRIMARY KEY (`CODE`)
) ENGINE=InnoDB DEFAULT CHARSET=utf8;
/*!40101 SET character_set_client = @saved_cs_client */;

--
-- Dumping data for table `d_district`
--

LOCK TABLES `d_district` WRITE;
/*!40000 ALTER TABLE `d_district` DISABLE KEYS */;
INSERT INTO `d_district` VALUES ('110101','东城区',NULL,'DCQ','110100'),('110102','西城区',NULL,'XCQ','110100'),('110105','朝阳区',NULL,'CYQ','110100'),('110106','丰台区',NULL,'FTQ','110100'),('110107','石景山区',NULL,'SJSQ','110100'),('110108','海淀区',NULL,'HDQ','110100'),('110109','门头沟区',NULL,'MTGQ','110100'),('110111','房山区',NULL,'FSQ','110100'),('110112','通州区',NULL,'TZQ','110100'),('110113','顺义区',NULL,'SYQ','110100'),('110114','昌平区',NULL,'CPQ','110100'),('110115','大兴区',NULL,'DXQ','110100'),('110116','怀柔区',NULL,'HRQ','110100'),('110117','平谷区',NULL,'PGQ','110100'),('110228','密云县',NULL,'MYX','110100'),('110229','延庆县',NULL,'YQX','110200'),('120101','和平区',NULL,'HPQ','120100'),('120102','河东区',NULL,'HDQ','120100'),('120103','河西区',NULL,'HXQ','120100'),('120104','南开区',NULL,'NKQ','120100'),('120105','河北区',NULL,'HBQ','120100'),('120106','红桥区',NULL,'HQQ','120100'),('120110','东丽区',NULL,'DLQ','120100'),('120111','西青区',NULL,'XQQ','120100'),('120112','津南区',NULL,'JNQ','120100'),('120113','北辰区',NULL,'BCQ','120100'),('120114','武清区',NULL,'WQQ','120100'),('120115','宝坻区',NULL,'BZQ','120100'),('120116','滨海新区',NULL,'BHXQ','120100'),('120221','宁河县',NULL,'NHX','120100'),('120223','静海县',NULL,'JHX','120200'),('120225','蓟县',NULL,'JX','120200'),('130102','长安区',NULL,'CAQ','130100'),('130103','桥东区',NULL,'QDQ','130100'),('130104','桥西区',NULL,'QXQ','130100'),('130105','新华区',NULL,'XHQ','130100'),('130107','井陉矿区',NULL,'JZKQ','130100'),('130108','裕华区',NULL,'YHQ','130100'),('130109','藁城区',NULL,'ZCQ','130100'),('130110','鹿泉区',NULL,'LQQ','130100'),('130111','栾城区',NULL,'ZCQ','130100'),('130121','井陉县',NULL,'JZX','130100'),('130123','正定县',NULL,'ZDX','130100'),('130125','行唐县',NULL,'XTX','130100'),('130126','灵寿县',NULL,'LSX','130100'),('130127','高邑县',NULL,'GYX','130100'),('130128','深泽县',NULL,'SZX','130100'),('130129','赞皇县',NULL,'ZHX','130100'),('130130','无极县',NULL,'WJX','130100'),('130131','平山县',NULL,'PSX','130100'),('130132','元氏县',NULL,'YSX','130100'),('130133','赵县',NULL,'ZX','130100'),('130181','辛集市',NULL,'XJS','130100'),('130183','晋州市',NULL,'JZS','130100'),('130184','新乐市',NULL,'XLS','130100'),('130202','路南区',NULL,'LNQ','130200'),('130203','路北区',NULL,'LBQ','130200'),('130204','古冶区',NULL,'GYQ','130200'),('130205','开平区',NULL,'KPQ','130200'),('130207','丰南区',NULL,'FNQ','130200'),('130208','丰润区',NULL,'FRQ','130200'),('130209','曹妃甸区',NULL,'CZDQ','130200'),('130223','滦县',NULL,'LX','130200'),('130224','滦南县',NULL,'LNX','130200'),('130225','乐亭县',NULL,'LTX','130200'),('130227','迁西县',NULL,'QXX','130200'),('130229','玉田县',NULL,'YTX','130200'),('130281','遵化市',NULL,'ZHS','130200'),('130283','迁安市',NULL,'QAS','130200'),('130302','海港区',NULL,'HGQ','130300'),('130303','山海关区',NULL,'SHGQ','130300'),('130304','北戴河区',NULL,'BDHQ','130300'),('130321','青龙满族自治县',NULL,'QLMZZZX','130300'),('130322','昌黎县',NULL,'CLX','130300'),('130323','抚宁县',NULL,'FNX','130300'),('130324','卢龙县',NULL,'LLX','130300'),('130402','邯山区',NULL,'HSQ','130400'),('130403','丛台区',NULL,'CTQ','130400'),('130404','复兴区',NULL,'FXQ','130400'),('130406','峰峰矿区',NULL,'FFKQ','130400'),('130421','邯郸县',NULL,'HDX','130400'),('130423','临漳县',NULL,'LZX','130400'),('130424','成安县',NULL,'CAX','130400'),('130425','大名县',NULL,'DMX','130400'),('130426','涉县',NULL,'SX','130400'),('130427','磁县',NULL,'CX','130400'),('130428','肥乡县',NULL,'FXX','130400'),('130429','永年县',NULL,'YNX','130400'),('130430','邱县',NULL,'QX','130400'),('130431','鸡泽县',NULL,'JZX','130400'),('130432','广平县',NULL,'GPX','130400'),('130433','馆陶县',NULL,'GTX','130400'),('130434','魏县',NULL,'WX','130400'),('130435','曲周县',NULL,'QZX','130400'),('130481','武安市',NULL,'WAS','130400'),('130502','桥东区',NULL,'QDQ','130500'),('130503','桥西区',NULL,'QXQ','130500'),('130521','邢台县',NULL,'XTX','130500'),('130522','临城县',NULL,'LCX','130500'),('130523','内丘县',NULL,'NQX','130500'),('130524','柏乡县',NULL,'BXX','130500'),('130525','隆尧县',NULL,'LYX','130500'),('130526','任县',NULL,'RX','130500'),('130527','南和县',NULL,'NHX','130500'),('130528','宁晋县',NULL,'NJX','130500'),('130529','巨鹿县',NULL,'JLX','130500'),('130530','新河县',NULL,'XHX','130500'),('130531','广宗县',NULL,'GZX','130500'),('130532','平乡县',NULL,'PXX','130500'),('130533','威县',NULL,'WX','130500'),('130534','清河县',NULL,'QHX','130500'),('130535','临西县',NULL,'LXX','130500'),('130581','南宫市',NULL,'NGS','130500'),('130582','沙河市',NULL,'SHS','130500'),('130602','新市区',NULL,'XSQ','130600'),('130603','北市区',NULL,'BSQ','130600'),('130604','南市区',NULL,'NSQ','130600'),('130621','满城县',NULL,'MCX','130600'),('130622','清苑县',NULL,'QYX','130600'),('130623','涞水县',NULL,'ZSX','130600'),('130624','阜平县',NULL,'FPX','130600'),('130625','徐水县',NULL,'XSX','130600'),('130626','定兴县',NULL,'DXX','130600'),('130627','唐县',NULL,'TX','130600'),('130628','高阳县',NULL,'GYX','130600'),('130629','容城县',NULL,'RCX','130600'),('130630','涞源县',NULL,'ZYX','130600'),('130631','望都县',NULL,'WDX','130600'),('130632','安新县',NULL,'AXX','130600'),('130633','易县',NULL,'YX','130600'),('130634','曲阳县',NULL,'QYX','130600'),('130635','蠡县',NULL,'ZX','130600'),('130636','顺平县',NULL,'SPX','130600'),('130637','博野县',NULL,'BYX','130600'),('130638','雄县',NULL,'XX','130600'),('130681','涿州市',NULL,'ZZS','130600'),('130682','定州市',NULL,'DZS','130600'),('130683','安国市',NULL,'AGS','130600'),('130684','高碑店市',NULL,'GBDS','130600'),('130702','桥东区',NULL,'QDQ','130700'),('130703','桥西区',NULL,'QXQ','130700'),('130705','宣化区',NULL,'XHQ','130700'),('130706','下花园区',NULL,'XHYQ','130700'),('130721','宣化县',NULL,'XHX','130700'),('130722','张北县',NULL,'ZBX','130700'),('130723','康保县',NULL,'KBX','130700'),('130724','沽源县',NULL,'GYX','130700'),('130725','尚义县',NULL,'SYX','130700'),('130726','蔚县',NULL,'WX','130700'),('130727','阳原县',NULL,'YYX','130700'),('130728','怀安县',NULL,'HAX','130700'),('130729','万全县',NULL,'WQX','130700'),('130730','怀来县',NULL,'HLX','130700'),('130731','涿鹿县',NULL,'ZLX','130700'),('130732','赤城县',NULL,'CCX','130700'),('130733','崇礼县',NULL,'CLX','130700'),('130802','双桥区',NULL,'SQQ','130800'),('130803','双滦区',NULL,'SLQ','130800'),('130804','鹰手营子矿区',NULL,'YSYZKQ','130800'),('130821','承德县',NULL,'CDX','130800'),('130822','兴隆县',NULL,'XLX','130800'),('130823','平泉县',NULL,'PQX','130800'),('130824','滦平县',NULL,'LPX','130800'),('130825','隆化县',NULL,'LHX','130800'),('130826','丰宁满族自治县',NULL,'FNMZZZX','130800'),('130827','宽城满族自治县',NULL,'KCMZZZX','130800'),('130828','围场满族蒙古族自治县',NULL,'WCMZMGZZZX','130800'),('130902','新华区',NULL,'XHQ','130900'),('130903','运河区',NULL,'YHQ','130900'),('130921','沧县',NULL,'CX','130900'),('130922','青县',NULL,'QX','130900'),('130923','东光县',NULL,'DGX','130900'),('130924','海兴县',NULL,'HXX','130900'),('130925','盐山县',NULL,'YSX','130900'),('130926','肃宁县',NULL,'SNX','130900'),('130927','南皮县',NULL,'NPX','130900'),('130928','吴桥县',NULL,'WQX','130900'),('130929','献县',NULL,'XX','130900'),('130930','孟村回族自治县',NULL,'MCHZZZX','130900'),('130981','泊头市',NULL,'BTS','130900'),('130982','任丘市',NULL,'RQS','130900'),('130983','黄骅市',NULL,'HZS','130900'),('130984','河间市',NULL,'HJS','130900'),('131002','安次区',NULL,'ACQ','131000'),('131003','广阳区',NULL,'GYQ','131000'),('131022','固安县',NULL,'GAX','131000'),('131023','永清县',NULL,'YQX','131000'),('131024','香河县',NULL,'XHX','131000'),('131025','大城县',NULL,'DCX','131000'),('131026','文安县',NULL,'WAX','131000'),('131028','大厂回族自治县',NULL,'DCHZZZX','131000'),('131081','霸州市',NULL,'BZS','131000'),('131082','三河市',NULL,'SHS','131000'),('131102','桃城区',NULL,'TCQ','131100'),('131121','枣强县',NULL,'ZQX','131100'),('131122','武邑县',NULL,'WYX','131100'),('131123','武强县',NULL,'WQX','131100'),('131124','饶阳县',NULL,'RYX','131100'),('131125','安平县',NULL,'APX','131100'),('131126','故城县',NULL,'GCX','131100'),('131127','景县',NULL,'JX','131100'),('131128','阜城县',NULL,'FCX','131100'),('131181','冀州市',NULL,'JZS','131100'),('131182','深州市',NULL,'SZS','131100'),('140105','小店区',NULL,'XDQ','140100'),('140106','迎泽区',NULL,'YZQ','140100'),('140107','杏花岭区',NULL,'XHLQ','140100'),('140108','尖草坪区',NULL,'JCPQ','140100'),('140109','万柏林区',NULL,'WBLQ','140100'),('140110','晋源区',NULL,'JYQ','140100'),('140121','清徐县',NULL,'QXX','140100'),('140122','阳曲县',NULL,'YQX','140100'),('140123','娄烦县',NULL,'LFX','140100'),('140181','古交市',NULL,'GJS','140100'),('140202','城区',NULL,'CQ','140200'),('140203','矿区',NULL,'KQ','140200'),('140211','南郊区',NULL,'NJQ','140200'),('140212','新荣区',NULL,'XRQ','140200'),('140221','阳高县',NULL,'YGX','140200'),('140222','天镇县',NULL,'TZX','140200'),('140223','广灵县',NULL,'GLX','140200'),('140224','灵丘县',NULL,'LQX','140200'),('140225','浑源县',NULL,'HYX','140200'),('140226','左云县',NULL,'ZYX','140200'),('140227','大同县',NULL,'DTX','140200'),('140302','城区',NULL,'CQ','140300'),('140303','矿区',NULL,'KQ','140300'),('140311','郊区',NULL,'JQ','140300'),('140321','平定县',NULL,'PDX','140300'),('140322','盂县',NULL,'YX','140300'),('140402','城区',NULL,'CQ','140400'),('140411','郊区',NULL,'JQ','140400'),('140421','长治县',NULL,'CZX','140400'),('140423','襄垣县',NULL,'XYX','140400'),('140424','屯留县',NULL,'TLX','140400'),('140425','平顺县',NULL,'PSX','140400'),('140426','黎城县',NULL,'LCX','140400'),('140427','壶关县',NULL,'HGX','140400'),('140428','长子县',NULL,'CZX','140400'),('140429','武乡县',NULL,'WXX','140400'),('140430','沁县',NULL,'QX','140400'),('140431','沁源县',NULL,'QYX','140400'),('140481','潞城市',NULL,'LCS','140400'),('140502','城区',NULL,'CQ','140500'),('140521','沁水县',NULL,'QSX','140500'),('140522','阳城县',NULL,'YCX','140500'),('140524','陵川县',NULL,'LCX','140500'),('140525','泽州县',NULL,'ZZX','140500'),('140581','高平市',NULL,'GPS','140500'),('140602','朔城区',NULL,'SCQ','140600'),('140603','平鲁区',NULL,'PLQ','140600'),('140621','山阴县',NULL,'SYX','140600'),('140622','应县',NULL,'YX','140600'),('140623','右玉县',NULL,'YYX','140600'),('140624','怀仁县',NULL,'HRX','140600'),('140702','榆次区',NULL,'YCQ','140700'),('140721','榆社县',NULL,'YSX','140700'),('140722','左权县',NULL,'ZQX','140700'),('140723','和顺县',NULL,'HSX','140700'),('140724','昔阳县',NULL,'XYX','140700'),('140725','寿阳县',NULL,'SYX','140700'),('140726','太谷县',NULL,'TGX','140700'),('140727','祁县',NULL,'QX','140700'),('140728','平遥县',NULL,'PYX','140700'),('140729','灵石县',NULL,'LSX','140700'),('140781','介休市',NULL,'JXS','140700'),('140802','盐湖区',NULL,'YHQ','140800'),('140821','临猗县',NULL,'LZX','140800'),('140822','万荣县',NULL,'WRX','140800'),('140823','闻喜县',NULL,'WXX','140800'),('140824','稷山县',NULL,'ZSX','140800'),('140825','新绛县',NULL,'XZX','140800'),('140826','绛县',NULL,'ZX','140800'),('140827','垣曲县',NULL,'YQX','140800'),('140828','夏县',NULL,'XX','140800'),('140829','平陆县',NULL,'PLX','140800'),('140830','芮城县',NULL,'ZCX','140800'),('140881','永济市',NULL,'YJS','140800'),('140882','河津市',NULL,'HJS','140800'),('140902','忻府区',NULL,'XFQ','140900'),('140921','定襄县',NULL,'DXX','140900'),('140922','五台县',NULL,'WTX','140900'),('140923','代县',NULL,'DX','140900'),('140924','繁峙县',NULL,'FZX','140900'),('140925','宁武县',NULL,'NWX','140900'),('140926','静乐县',NULL,'JLX','140900'),('140927','神池县',NULL,'SCX','140900'),('140928','五寨县',NULL,'WZX','140900'),('140929','岢岚县',NULL,'ZZX','140900'),('140930','河曲县',NULL,'HQX','140900'),('140931','保德县',NULL,'BDX','140900'),('140932','偏关县',NULL,'PGX','140900'),('140981','原平市',NULL,'YPS','140900'),('141002','尧都区',NULL,'YDQ','141000'),('141021','曲沃县',NULL,'QWX','141000'),('141022','翼城县',NULL,'YCX','141000'),('141023','襄汾县',NULL,'XFX','141000'),('141024','洪洞县',NULL,'HDX','141000'),('141025','古县',NULL,'GX','141000'),('141026','安泽县',NULL,'AZX','141000'),('141027','浮山县',NULL,'FSX','141000'),('141028','吉县',NULL,'JX','141000'),('141029','乡宁县',NULL,'XNX','141000'),('141030','大宁县',NULL,'DNX','141000'),('141031','隰县',NULL,'ZX','141000'),('141032','永和县',NULL,'YHX','141000'),('141033','蒲县',NULL,'PX','141000'),('141034','汾西县',NULL,'FXX','141000'),('141081','侯马市',NULL,'HMS','141000'),('141082','霍州市',NULL,'HZS','141000'),('141102','离石区',NULL,'LSQ','141100'),('141121','文水县',NULL,'WSX','141100'),('141122','交城县',NULL,'JCX','141100'),('141123','兴县',NULL,'XX','141100'),('141124','临县',NULL,'LX','141100'),('141125','柳林县',NULL,'LLX','141100'),('141126','石楼县',NULL,'SLX','141100'),('141127','岚县',NULL,'ZX','141100'),('141128','方山县',NULL,'FSX','141100'),('141129','中阳县',NULL,'ZYX','141100'),('141130','交口县',NULL,'JKX','141100'),('141181','孝义市',NULL,'XYS','141100'),('141182','汾阳市',NULL,'FYS','141100'),('150102','新城区',NULL,'XCQ','150100'),('150103','回民区',NULL,'HMQ','150100'),('150104','玉泉区',NULL,'YQQ','150100'),('150105','赛罕区',NULL,'SHQ','150100'),('150121','土默特左旗',NULL,'TMTZQ','150100'),('150122','托克托县',NULL,'TKTX','150100'),('150123','和林格尔县',NULL,'HLGEX','150100'),('150124','清水河县',NULL,'QSHX','150100'),('150125','武川县',NULL,'WCX','150100'),('150202','东河区',NULL,'DHQ','150200'),('150203','昆都仑区',NULL,'KDLQ','150200'),('150204','青山区',NULL,'QSQ','150200'),('150205','石拐区',NULL,'SGQ','150200'),('150206','白云鄂博矿区',NULL,'BYEBKQ','150200'),('150207','九原区',NULL,'JYQ','150200'),('150221','土默特右旗',NULL,'TMTYQ','150200'),('150222','固阳县',NULL,'GYX','150200'),('150223','达尔罕茂明安联合旗',NULL,'DEHMMALHQ','150200'),('150302','海勃湾区',NULL,'HBWQ','150300'),('150303','海南区',NULL,'HNQ','150300'),('150304','乌达区',NULL,'WDQ','150300'),('150400','赤峰市',NULL,'CFS','150300'),('150402','红山区',NULL,'HSQ','150400'),('150403','元宝山区',NULL,'YBSQ','150400'),('150404','松山区',NULL,'SSQ','150400'),('150422','巴林左旗',NULL,'BLZQ','150400'),('150423','巴林右旗',NULL,'BLYQ','150400'),('150424','林西县',NULL,'LXX','150400'),('150425','克什克腾旗',NULL,'KSKTQ','150400'),('150426','翁牛特旗',NULL,'WNTQ','150400'),('150428','喀喇沁旗',NULL,'KLQQ','150400'),('150429','宁城县',NULL,'NCX','150400'),('150430','敖汉旗',NULL,'AHQ','150400'),('150502','科尔沁区',NULL,'KEQQ','150500'),('150521','科尔沁左翼中旗',NULL,'KEQZYZQ','150500'),('150522','科尔沁左翼后旗',NULL,'KEQZYHQ','150500'),('150523','开鲁县',NULL,'KLX','150500'),('150524','库伦旗',NULL,'KLQ','150500'),('150525','奈曼旗',NULL,'NMQ','150500'),('150526','扎鲁特旗',NULL,'ZLTQ','150500'),('150581','霍林郭勒市',NULL,'HLGLS','150500'),('150602','东胜区',NULL,'DSQ','150600'),('150621','达拉特旗',NULL,'DLTQ','150600'),('150622','准格尔旗',NULL,'ZGEQ','150600'),('150623','鄂托克前旗',NULL,'ETKQQ','150600'),('150624','鄂托克旗',NULL,'ETKQ','150600'),('150625','杭锦旗',NULL,'HJQ','150600'),('150626','乌审旗',NULL,'WSQ','150600'),('150627','伊金霍洛旗',NULL,'YJHLQ','150600'),('150702','海拉尔区',NULL,'HLEQ','150700'),('150703','扎赉诺尔区',NULL,'ZZNEQ','150700'),('150721','阿荣旗',NULL,'ARQ','150700'),('150723','鄂伦春自治旗',NULL,'ELCZZQ','150700'),('150724','鄂温克族自治旗',NULL,'EWKZZZQ','150700'),('150725','陈巴尔虎旗',NULL,'CBEHQ','150700'),('150726','新巴尔虎左旗',NULL,'XBEHZQ','150700'),('150727','新巴尔虎右旗',NULL,'XBEHYQ','150700'),('150781','满洲里市',NULL,'MZLS','150700'),('150782','牙克石市',NULL,'YKSS','150700'),('150783','扎兰屯市',NULL,'ZLTS','150700'),('150784','额尔古纳市',NULL,'EEGNS','150700'),('150785','根河市',NULL,'GHS','150700'),('150802','临河区',NULL,'LHQ','150800'),('150821','五原县',NULL,'WYX','150800'),('150822','磴口县',NULL,'ZKX','150800'),('150823','乌拉特前旗',NULL,'WLTQQ','150800'),('150824','乌拉特中旗',NULL,'WLTZQ','150800'),('150825','乌拉特后旗',NULL,'WLTHQ','150800'),('150826','杭锦后旗',NULL,'HJHQ','150800'),('150902','集宁区',NULL,'JNQ','150900'),('150921','卓资县',NULL,'ZZX','150900'),('150922','化德县',NULL,'HDX','150900'),('150923','商都县',NULL,'SDX','150900'),('150924','兴和县',NULL,'XHX','150900'),('150925','凉城县',NULL,'LCX','150900'),('150926','察哈尔右翼前旗',NULL,'CHEYYQQ','150900'),('150927','察哈尔右翼中旗',NULL,'CHEYYZQ','150900'),('150928','察哈尔右翼后旗',NULL,'CHEYYHQ','150900'),('150929','四子王旗',NULL,'SZWQ','150900'),('150981','丰镇市',NULL,'FZS','150900'),('152201','乌兰浩特市',NULL,'WLHTS','152200'),('152202','阿尔山市',NULL,'AESS','152200'),('152221','科尔沁右翼前旗',NULL,'KEQYYQQ','152200'),('152222','科尔沁右翼中旗',NULL,'KEQYYZQ','152200'),('152223','扎赉特旗',NULL,'ZZTQ','152200'),('152224','突泉县',NULL,'TQX','152200'),('152501','二连浩特市',NULL,'ELHTS','152500'),('152502','锡林浩特市',NULL,'XLHTS','152500'),('152522','阿巴嘎旗',NULL,'ABGQ','152500'),('152523','苏尼特左旗',NULL,'SNTZQ','152500'),('152524','苏尼特右旗',NULL,'SNTYQ','152500'),('152525','东乌珠穆沁旗',NULL,'DWZMQQ','152500'),('152526','西乌珠穆沁旗',NULL,'XWZMQQ','152500'),('152527','太仆寺旗',NULL,'TPSQ','152500'),('152528','镶黄旗',NULL,'XHQ','152500'),('152529','正镶白旗',NULL,'ZXBQ','152500'),('152530','正蓝旗',NULL,'ZLQ','152500'),('152531','多伦县',NULL,'DLX','152500'),('152921','阿拉善左旗',NULL,'ALSZQ','152900'),('152922','阿拉善右旗',NULL,'ALSYQ','152900'),('152923','额济纳旗',NULL,'EJNQ','152900'),('210102','和平区',NULL,'HPQ','210100'),('210103','沈河区',NULL,'SHQ','210100'),('210104','大东区',NULL,'DDQ','210100'),('210105','皇姑区',NULL,'HGQ','210100'),('210106','铁西区',NULL,'TXQ','210100'),('210111','苏家屯区',NULL,'SJTQ','210100'),('210112','东陵区',NULL,'DLQ','210100'),('210113','沈北新区',NULL,'SBXQ','210100'),('210114','于洪区',NULL,'YHQ','210100'),('210122','辽中县',NULL,'LZX','210100'),('210123','康平县',NULL,'KPX','210100'),('210124','法库县',NULL,'FKX','210100'),('210181','新民市',NULL,'XMS','210100'),('210202','中山区',NULL,'ZSQ','210200'),('210203','西岗区',NULL,'XGQ','210200'),('210204','沙河口区',NULL,'SHKQ','210200'),('210211','甘井子区',NULL,'GJZQ','210200'),('210212','旅顺口区',NULL,'LSKQ','210200'),('210213','金州区',NULL,'JZQ','210200'),('210224','长海县',NULL,'CHX','210200'),('210281','瓦房店市',NULL,'WFDS','210200'),('210282','普兰店市',NULL,'PLDS','210200'),('210283','庄河市',NULL,'ZHS','210200'),('210302','铁东区',NULL,'TDQ','210300'),('210303','铁西区',NULL,'TXQ','210300'),('210304','立山区',NULL,'LSQ','210300'),('210311','千山区',NULL,'QSQ','210300'),('210321','台安县',NULL,'TAX','210300'),('210323','岫岩满族自治县',NULL,'ZYMZZZX','210300'),('210381','海城市',NULL,'HCS','210300'),('210402','新抚区',NULL,'XFQ','210400'),('210403','东洲区',NULL,'DZQ','210400'),('210404','望花区',NULL,'WHQ','210400'),('210411','顺城区',NULL,'SCQ','210400'),('210421','抚顺县',NULL,'FSX','210400'),('210422','新宾满族自治县',NULL,'XBMZZZX','210400'),('210423','清原满族自治县',NULL,'QYMZZZX','210400'),('210502','平山区',NULL,'PSQ','210500'),('210503','溪湖区',NULL,'XHQ','210500'),('210504','明山区',NULL,'MSQ','210500'),('210505','南芬区',NULL,'NFQ','210500'),('210521','本溪满族自治县',NULL,'BXMZZZX','210500'),('210522','桓仁满族自治县',NULL,'HRMZZZX','210500'),('210602','元宝区',NULL,'YBQ','210600'),('210603','振兴区',NULL,'ZXQ','210600'),('210604','振安区',NULL,'ZAQ','210600'),('210624','宽甸满族自治县',NULL,'KDMZZZX','210600'),('210681','东港市',NULL,'DGS','210600'),('210682','凤城市',NULL,'FCS','210600'),('210702','古塔区',NULL,'GTQ','210700'),('210703','凌河区',NULL,'LHQ','210700'),('210711','太和区',NULL,'THQ','210700'),('210726','黑山县',NULL,'HSX','210700'),('210727','义县',NULL,'YX','210700'),('210781','凌海市',NULL,'LHS','210700'),('210782','北镇市',NULL,'BZS','210700'),('210802','站前区',NULL,'ZQQ','210800'),('210803','西市区',NULL,'XSQ','210800'),('210804','鲅鱼圈区',NULL,'ZYQQ','210800'),('210811','老边区',NULL,'LBQ','210800'),('210881','盖州市',NULL,'GZS','210800'),('210882','大石桥市',NULL,'DSQS','210800'),('210902','海州区',NULL,'HZQ','210900'),('210903','新邱区',NULL,'XQQ','210900'),('210904','太平区',NULL,'TPQ','210900'),('210905','清河门区',NULL,'QHMQ','210900'),('210911','细河区',NULL,'XHQ','210900'),('210921','阜新蒙古族自治县',NULL,'FXMGZZZX','210900'),('210922','彰武县',NULL,'ZWX','210900'),('211002','白塔区',NULL,'BTQ','211000'),('211003','文圣区',NULL,'WSQ','211000'),('211004','宏伟区',NULL,'HWQ','211000'),('211005','弓长岭区',NULL,'GCLQ','211000'),('211011','太子河区',NULL,'TZHQ','211000'),('211021','辽阳县',NULL,'LYX','211000'),('211081','灯塔市',NULL,'DTS','211000'),('211102','双台子区',NULL,'STZQ','211100'),('211103','兴隆台区',NULL,'XLTQ','211100'),('211121','大洼县',NULL,'DWX','211100'),('211122','盘山县',NULL,'PSX','211100'),('211202','银州区',NULL,'YZQ','211200'),('211204','清河区',NULL,'QHQ','211200'),('211221','铁岭县',NULL,'TLX','211200'),('211223','西丰县',NULL,'XFX','211200'),('211224','昌图县',NULL,'CTX','211200'),('211281','调兵山市',NULL,'DBSS','211200'),('211282','开原市',NULL,'KYS','211200'),('211302','双塔区',NULL,'STQ','211300'),('211303','龙城区',NULL,'LCQ','211300'),('211321','朝阳县',NULL,'CYX','211300'),('211322','建平县',NULL,'JPX','211300'),('211381','北票市',NULL,'BPS','211300'),('211382','凌源市',NULL,'LYS','211300'),('211402','连山区',NULL,'LSQ','211400'),('211403','龙港区',NULL,'LGQ','211400'),('211404','南票区',NULL,'NPQ','211400'),('211421','绥中县',NULL,'SZX','211400'),('211422','建昌县',NULL,'JCX','211400'),('211481','兴城市',NULL,'XCS','211400'),('220102','南关区',NULL,'NGQ','220100'),('220103','宽城区',NULL,'KCQ','220100'),('220104','朝阳区',NULL,'CYQ','220100'),('220105','二道区',NULL,'EDQ','220100'),('220106','绿园区',NULL,'LYQ','220100'),('220112','双阳区',NULL,'SYQ','220100'),('220113','九台区',NULL,'JTQ','220100'),('220122','农安县',NULL,'NAX','220100'),('220182','榆树市',NULL,'YSS','220100'),('220183','德惠市',NULL,'DHS','220100'),('220202','昌邑区',NULL,'CYQ','220200'),('220203','龙潭区',NULL,'LTQ','220200'),('220204','船营区',NULL,'CYQ','220200'),('220211','丰满区',NULL,'FMQ','220200'),('220221','永吉县',NULL,'YJX','220200'),('220281','蛟河市',NULL,'ZHS','220200'),('220282','桦甸市',NULL,'ZDS','220200'),('220283','舒兰市',NULL,'SLS','220200'),('220284','磐石市',NULL,'PSS','220200'),('220302','铁西区',NULL,'TXQ','220300'),('220303','铁东区',NULL,'TDQ','220300'),('220322','梨树县',NULL,'LSX','220300'),('220323','伊通满族自治县',NULL,'YTMZZZX','220300'),('220381','公主岭市',NULL,'GZLS','220300'),('220382','双辽市',NULL,'SLS','220300'),('220402','龙山区',NULL,'LSQ','220400'),('220403','西安区',NULL,'XAQ','220400'),('220421','东丰县',NULL,'DFX','220400'),('220422','东辽县',NULL,'DLX','220400'),('220502','东昌区',NULL,'DCQ','220500'),('220503','二道江区',NULL,'EDJQ','220500'),('220521','通化县',NULL,'THX','220500'),('220523','辉南县',NULL,'HNX','220500'),('220524','柳河县',NULL,'LHX','220500'),('220581','梅河口市',NULL,'MHKS','220500'),('220582','集安市',NULL,'JAS','220500'),('220602','浑江区',NULL,'HJQ','220600'),('220605','江源区',NULL,'JYQ','220600'),('220621','抚松县',NULL,'FSX','220600'),('220622','靖宇县',NULL,'JYX','220600'),('220623','长白朝鲜族自治县',NULL,'CBCXZZZX','220600'),('220681','临江市',NULL,'LJS','220600'),('220702','宁江区',NULL,'NJQ','220700'),('220722','长岭县',NULL,'CLX','220700'),('220723','乾安县',NULL,'QAX','220700'),('220781','扶余市',NULL,'FYS','220700'),('220802','洮北区',NULL,'ZBQ','220800'),('220821','镇赉县',NULL,'ZZX','220800'),('220822','通榆县',NULL,'TYX','220800'),('220881','洮南市',NULL,'ZNS','220800'),('220882','大安市',NULL,'DAS','220800'),('222401','延吉市',NULL,'YJS','222400'),('222402','图们市',NULL,'TMS','222400'),('222403','敦化市',NULL,'DHS','222400'),('222404','珲春市',NULL,'ZCS','222400'),('222405','龙井市',NULL,'LJS','222400'),('222406','和龙市',NULL,'HLS','222400'),('222424','汪清县',NULL,'WQX','222400'),('222426','安图县',NULL,'ATX','222400'),('230102','道里区',NULL,'DLQ','230100'),('230103','南岗区',NULL,'NGQ','230100'),('230104','道外区',NULL,'DWQ','230100'),('230108','平房区',NULL,'PFQ','230100'),('230109','松北区',NULL,'SBQ','230100'),('230110','香坊区',NULL,'XFQ','230100'),('230111','呼兰区',NULL,'HLQ','230100'),('230112','阿城区',NULL,'ACQ','230100'),('230113','双城区',NULL,'SCQ','230100'),('230123','依兰县',NULL,'YLX','230100'),('230124','方正县',NULL,'FZX','230100'),('230125','宾县',NULL,'BX','230100'),('230126','巴彦县',NULL,'BYX','230100'),('230127','木兰县',NULL,'MLX','230100'),('230128','通河县',NULL,'THX','230100'),('230129','延寿县',NULL,'YSX','230100'),('230183','尚志市',NULL,'SZS','230100'),('230184','五常市',NULL,'WCS','230100'),('230202','龙沙区',NULL,'LSQ','230200'),('230203','建华区',NULL,'JHQ','230200'),('230204','铁锋区',NULL,'TFQ','230200'),('230205','昂昂溪区',NULL,'AAXQ','230200'),('230206','富拉尔基区',NULL,'FLEJQ','230200'),('230207','碾子山区',NULL,'NZSQ','230200'),('230208','梅里斯达斡尔族区',NULL,'MLSDWEZQ','230200'),('230221','龙江县',NULL,'LJX','230200'),('230223','依安县',NULL,'YAX','230200'),('230224','泰来县',NULL,'TLX','230200'),('230225','甘南县',NULL,'GNX','230200'),('230227','富裕县',NULL,'FYX','230200'),('230229','克山县',NULL,'KSX','230200'),('230230','克东县',NULL,'KDX','230200'),('230231','拜泉县',NULL,'BQX','230200'),('230281','讷河市',NULL,'ZHS','230200'),('230302','鸡冠区',NULL,'JGQ','230300'),('230303','恒山区',NULL,'HSQ','230300'),('230304','滴道区',NULL,'DDQ','230300'),('230305','梨树区',NULL,'LSQ','230300'),('230306','城子河区',NULL,'CZHQ','230300'),('230307','麻山区',NULL,'MSQ','230300'),('230321','鸡东县',NULL,'JDX','230300'),('230381','虎林市',NULL,'HLS','230300'),('230382','密山市',NULL,'MSS','230300'),('230402','向阳区',NULL,'XYQ','230400'),('230403','工农区',NULL,'GNQ','230400'),('230404','南山区',NULL,'NSQ','230400'),('230405','兴安区',NULL,'XAQ','230400'),('230406','东山区',NULL,'DSQ','230400'),('230407','兴山区',NULL,'XSQ','230400'),('230421','萝北县',NULL,'LBX','230400'),('230422','绥滨县',NULL,'SBX','230400'),('230502','尖山区',NULL,'JSQ','230500'),('230503','岭东区',NULL,'LDQ','230500'),('230505','四方台区',NULL,'SFTQ','230500'),('230506','宝山区',NULL,'BSQ','230500'),('230521','集贤县',NULL,'JXX','230500'),('230522','友谊县',NULL,'YYX','230500'),('230523','宝清县',NULL,'BQX','230500'),('230524','饶河县',NULL,'RHX','230500'),('230602','萨尔图区',NULL,'SETQ','230600'),('230603','龙凤区',NULL,'LFQ','230600'),('230604','让胡路区',NULL,'RHLQ','230600'),('230605','红岗区',NULL,'HGQ','230600'),('230606','大同区',NULL,'DTQ','230600'),('230621','肇州县',NULL,'ZZX','230600'),('230622','肇源县',NULL,'ZYX','230600'),('230623','林甸县',NULL,'LDX','230600'),('230624','杜尔伯特蒙古族自治县',NULL,'DEBTMGZZZX','230600'),('230702','伊春区',NULL,'YCQ','230700'),('230703','南岔区',NULL,'NCQ','230700'),('230704','友好区',NULL,'YHQ','230700'),('230705','西林区',NULL,'XLQ','230700'),('230706','翠峦区',NULL,'CLQ','230700'),('230707','新青区',NULL,'XQQ','230700'),('230708','美溪区',NULL,'MXQ','230700'),('230709','金山屯区',NULL,'JSTQ','230700'),('230710','五营区',NULL,'WYQ','230700'),('230711','乌马河区',NULL,'WMHQ','230700'),('230712','汤旺河区',NULL,'TWHQ','230700'),('230713','带岭区',NULL,'DLQ','230700'),('230714','乌伊岭区',NULL,'WYLQ','230700'),('230715','红星区',NULL,'HXQ','230700'),('230716','上甘岭区',NULL,'SGLQ','230700'),('230722','嘉荫县',NULL,'JYX','230700'),('230781','铁力市',NULL,'TLS','230700'),('230803','向阳区',NULL,'XYQ','230800'),('230804','前进区',NULL,'QJQ','230800'),('230805','东风区',NULL,'DFQ','230800'),('230811','郊区',NULL,'JQ','230800'),('230822','桦南县',NULL,'ZNX','230800'),('230826','桦川县',NULL,'ZCX','230800'),('230828','汤原县',NULL,'TYX','230800'),('230833','抚远县',NULL,'FYX','230800'),('230881','同江市',NULL,'TJS','230800'),('230882','富锦市',NULL,'FJS','230800'),('230902','新兴区',NULL,'XXQ','230900'),('230903','桃山区',NULL,'TSQ','230900'),('230904','茄子河区',NULL,'QZHQ','230900'),('230921','勃利县',NULL,'BLX','230900'),('231002','东安区',NULL,'DAQ','231000'),('231003','阳明区',NULL,'YMQ','231000'),('231004','爱民区',NULL,'AMQ','231000'),('231005','西安区',NULL,'XAQ','231000'),('231024','东宁县',NULL,'DNX','231000'),('231025','林口县',NULL,'LKX','231000'),('231081','绥芬河市',NULL,'SFHS','231000'),('231083','海林市',NULL,'HLS','231000'),('231084','宁安市',NULL,'NAS','231000'),('231085','穆棱市',NULL,'MLS','231000'),('231102','爱辉区',NULL,'AHQ','231100'),('231121','嫩江县',NULL,'NJX','231100'),('231123','逊克县',NULL,'XKX','231100'),('231124','孙吴县',NULL,'SWX','231100'),('231181','北安市',NULL,'BAS','231100'),('231182','五大连池市',NULL,'WDLCS','231100'),('231202','北林区',NULL,'BLQ','231200'),('231221','望奎县',NULL,'WKX','231200'),('231222','兰西县',NULL,'LXX','231200'),('231223','青冈县',NULL,'QGX','231200'),('231224','庆安县',NULL,'QAX','231200'),('231225','明水县',NULL,'MSX','231200'),('231226','绥棱县',NULL,'SLX','231200'),('231281','安达市',NULL,'ADS','231200'),('231282','肇东市',NULL,'ZDS','231200'),('231283','海伦市',NULL,'HLS','231200'),('232721','呼玛县',NULL,'HMX','232700'),('232722','塔河县',NULL,'THX','232700'),('232723','漠河县',NULL,'MHX','232700'),('310101','黄浦区',NULL,'HPQ','310100'),('310104','徐汇区',NULL,'XHQ','310100'),('310105','长宁区',NULL,'CNQ','310100'),('310106','静安区',NULL,'JAQ','310100'),('310107','普陀区',NULL,'PTQ','310100'),('310108','闸北区',NULL,'ZBQ','310100'),('310109','虹口区',NULL,'HKQ','310100'),('310110','杨浦区',NULL,'YPQ','310100'),('310112','闵行区',NULL,'ZXQ','310100'),('310113','宝山区',NULL,'BSQ','310100'),('310114','嘉定区',NULL,'JDQ','310100'),('310115','浦东新区',NULL,'PDXQ','310100'),('310116','金山区',NULL,'JSQ','310100'),('310117','松江区',NULL,'SJQ','310100'),('310118','青浦区',NULL,'QPQ','310100'),('310120','奉贤区',NULL,'FXQ','310100'),('310230','崇明县',NULL,'CMX','310100'),('320102','玄武区',NULL,'XWQ','320100'),('320104','秦淮区',NULL,'QHQ','320100'),('320105','建邺区',NULL,'JZQ','320100'),('320106','鼓楼区',NULL,'GLQ','320100'),('320111','浦口区',NULL,'PKQ','320100'),('320113','栖霞区',NULL,'QXQ','320100'),('320114','雨花台区',NULL,'YHTQ','320100'),('320115','江宁区',NULL,'JNQ','320100'),('320116','六合区',NULL,'LHQ','320100'),('320117','溧水区',NULL,'ZSQ','320100'),('320118','高淳区',NULL,'GCQ','320100'),('320202','崇安区',NULL,'CAQ','320200'),('320203','南长区',NULL,'NCQ','320200'),('320204','北塘区',NULL,'BTQ','320200'),('320205','锡山区',NULL,'XSQ','320200'),('320206','惠山区',NULL,'HSQ','320200'),('320211','滨湖区',NULL,'BHQ','320200'),('320281','江阴市',NULL,'JYS','320200'),('320282','宜兴市',NULL,'YXS','320200'),('320302','鼓楼区',NULL,'GLQ','320300'),('320303','云龙区',NULL,'YLQ','320300'),('320305','贾汪区',NULL,'JWQ','320300'),('320311','泉山区',NULL,'QSQ','320300'),('320312','铜山区',NULL,'TSQ','320300'),('320321','丰县',NULL,'FX','320300'),('320322','沛县',NULL,'PX','320300'),('320324','睢宁县',NULL,'ZNX','320300'),('320381','新沂市',NULL,'XYS','320300'),('320382','邳州市',NULL,'ZZS','320300'),('320402','天宁区',NULL,'TNQ','320400'),('320404','钟楼区',NULL,'ZLQ','320400'),('320405','戚墅堰区',NULL,'QSYQ','320400'),('320411','新北区',NULL,'XBQ','320400'),('320412','武进区',NULL,'WJQ','320400'),('320481','溧阳市',NULL,'ZYS','320400'),('320482','金坛市',NULL,'JTS','320400'),('320505','虎丘区',NULL,'HQQ','320500'),('320506','吴中区',NULL,'WZQ','320500'),('320507','相城区',NULL,'XCQ','320500'),('320508','姑苏区',NULL,'GSQ','320500'),('320509','吴江区',NULL,'WJQ','320500'),('320581','常熟市',NULL,'CSS','320500'),('320582','张家港市',NULL,'ZJGS','320500'),('320583','昆山市',NULL,'KSS','320500'),('320585','太仓市',NULL,'TCS','320500'),('320602','崇川区',NULL,'CCQ','320600'),('320611','港闸区',NULL,'GZQ','320600'),('320612','通州区',NULL,'TZQ','320600'),('320621','海安县',NULL,'HAX','320600'),('320623','如东县',NULL,'RDX','320600'),('320681','启东市',NULL,'QDS','320600'),('320682','如皋市',NULL,'RGS','320600'),('320684','海门市',NULL,'HMS','320600'),('320703','连云区',NULL,'LYQ','320700'),('320706','海州区',NULL,'HZQ','320700'),('320707','赣榆区',NULL,'GYQ','320700'),('320722','东海县',NULL,'DHX','320700'),('320723','灌云县',NULL,'GYX','320700'),('320724','灌南县',NULL,'GNX','320700'),('320802','清河区',NULL,'QHQ','320800'),('320803','淮安区',NULL,'HAQ','320800'),('320804','淮阴区',NULL,'HYQ','320800'),('320811','清浦区',NULL,'QPQ','320800'),('320826','涟水县',NULL,'LSX','320800'),('320829','洪泽县',NULL,'HZX','320800'),('320830','盱眙县',NULL,'ZZX','320800'),('320831','金湖县',NULL,'JHX','320800'),('320902','亭湖区',NULL,'THQ','320900'),('320903','盐都区',NULL,'YDQ','320900'),('320921','响水县',NULL,'XSX','320900'),('320922','滨海县',NULL,'BHX','320900'),('320923','阜宁县',NULL,'FNX','320900'),('320924','射阳县',NULL,'SYX','320900'),('320925','建湖县',NULL,'JHX','320900'),('320981','东台市',NULL,'DTS','320900'),('320982','大丰市',NULL,'DFS','320900'),('321002','广陵区',NULL,'GLQ','321000'),('321003','邗江区',NULL,'ZJQ','321000'),('321012','江都区',NULL,'JDQ','321000'),('321023','宝应县',NULL,'BYX','321000'),('321081','仪征市',NULL,'YZS','321000'),('321084','高邮市',NULL,'GYS','321000'),('321102','京口区',NULL,'JKQ','321100'),('321111','润州区',NULL,'RZQ','321100'),('321112','丹徒区',NULL,'DTQ','321100'),('321181','丹阳市',NULL,'DYS','321100'),('321182','扬中市',NULL,'YZS','321100'),('321183','句容市',NULL,'JRS','321100'),('321202','海陵区',NULL,'HLQ','321200'),('321203','高港区',NULL,'GGQ','321200'),('321204','姜堰区',NULL,'JYQ','321200'),('321281','兴化市',NULL,'XHS','321200'),('321282','靖江市',NULL,'JJS','321200'),('321283','泰兴市',NULL,'TXS','321200'),('321302','宿城区',NULL,'SCQ','321300'),('321311','宿豫区',NULL,'SYQ','321300'),('321322','沭阳县',NULL,'ZYX','321300'),('321323','泗阳县',NULL,'ZYX','321300'),('321324','泗洪县',NULL,'ZHX','321300'),('330102','上城区',NULL,'SCQ','330100'),('330103','下城区',NULL,'XCQ','330100'),('330104','江干区',NULL,'JGQ','330100'),('330105','拱墅区',NULL,'GSQ','330100'),('330106','西湖区',NULL,'XHQ','330100'),('330108','滨江区',NULL,'BJQ','330100'),('330109','萧山区',NULL,'XSQ','330100'),('330110','余杭区',NULL,'YHQ','330100'),('330111','富阳区',NULL,'FYQ','330100'),('330122','桐庐县',NULL,'TLX','330100'),('330127','淳安县',NULL,'CAX','330100'),('330182','建德市',NULL,'JDS','330100'),('330185','临安市',NULL,'LAS','330100'),('330203','海曙区',NULL,'HSQ','330200'),('330204','江东区',NULL,'JDQ','330200'),('330205','江北区',NULL,'JBQ','330200'),('330206','北仑区',NULL,'BLQ','330200'),('330211','镇海区',NULL,'ZHQ','330200'),('330212','鄞州区',NULL,'ZZQ','330200'),('330225','象山县',NULL,'XSX','330200'),('330226','宁海县',NULL,'NHX','330200'),('330281','余姚市',NULL,'YYS','330200'),('330282','慈溪市',NULL,'CXS','330200'),('330283','奉化市',NULL,'FHS','330200'),('330302','鹿城区',NULL,'LCQ','330300'),('330303','龙湾区',NULL,'LWQ','330300'),('330304','瓯海区',NULL,'ZHQ','330300'),('330322','洞头县',NULL,'DTX','330300'),('330324','永嘉县',NULL,'YJX','330300'),('330326','平阳县',NULL,'PYX','330300'),('330327','苍南县',NULL,'CNX','330300'),('330328','文成县',NULL,'WCX','330300'),('330329','泰顺县',NULL,'TSX','330300'),('330381','瑞安市',NULL,'RAS','330300'),('330382','乐清市',NULL,'LQS','330300'),('330402','南湖区',NULL,'NHQ','330400'),('330411','秀洲区',NULL,'XZQ','330400'),('330421','嘉善县',NULL,'JSX','330400'),('330424','海盐县',NULL,'HYX','330400'),('330481','海宁市',NULL,'HNS','330400'),('330482','平湖市',NULL,'PHS','330400'),('330483','桐乡市',NULL,'TXS','330400'),('330502','吴兴区',NULL,'WXQ','330500'),('330503','南浔区',NULL,'NZQ','330500'),('330521','德清县',NULL,'DQX','330500'),('330522','长兴县',NULL,'CXX','330500'),('330523','安吉县',NULL,'AJX','330500'),('330602','越城区',NULL,'YCQ','330600'),('330603','柯桥区',NULL,'KQQ','330600'),('330604','上虞区',NULL,'SYQ','330600'),('330624','新昌县',NULL,'XCX','330600'),('330681','诸暨市',NULL,'ZZS','330600'),('330683','嵊州市',NULL,'ZZS','330600'),('330702','婺城区',NULL,'ZCQ','330700'),('330703','金东区',NULL,'JDQ','330700'),('330723','武义县',NULL,'WYX','330700'),('330726','浦江县',NULL,'PJX','330700'),('330727','磐安县',NULL,'PAX','330700'),('330781','兰溪市',NULL,'LXS','330700'),('330782','义乌市',NULL,'YWS','330700'),('330783','东阳市',NULL,'DYS','330700'),('330784','永康市',NULL,'YKS','330700'),('330802','柯城区',NULL,'KCQ','330800'),('330803','衢江区',NULL,'ZJQ','330800'),('330822','常山县',NULL,'CSX','330800'),('330824','开化县',NULL,'KHX','330800'),('330825','龙游县',NULL,'LYX','330800'),('330881','江山市',NULL,'JSS','330800'),('330902','定海区',NULL,'DHQ','330900'),('330903','普陀区',NULL,'PTQ','330900'),('330921','岱山县',NULL,'ZSX','330900'),('330922','嵊泗县',NULL,'ZZX','330900'),('331002','椒江区',NULL,'JJQ','331000'),('331003','黄岩区',NULL,'HYQ','331000'),('331004','路桥区',NULL,'LQQ','331000'),('331021','玉环县',NULL,'YHX','331000'),('331022','三门县',NULL,'SMX','331000'),('331023','天台县',NULL,'TTX','331000'),('331024','仙居县',NULL,'XJX','331000'),('331081','温岭市',NULL,'WLS','331000'),('331082','临海市',NULL,'LHS','331000'),('331102','莲都区',NULL,'LDQ','331100'),('331121','青田县',NULL,'QTX','331100'),('331122','缙云县',NULL,'ZYX','331100'),('331123','遂昌县',NULL,'SCX','331100'),('331124','松阳县',NULL,'SYX','331100'),('331125','云和县',NULL,'YHX','331100'),('331126','庆元县',NULL,'QYX','331100'),('331127','景宁畲族自治县',NULL,'JNZZZZX','331100'),('331181','龙泉市',NULL,'LQS','331100'),('340102','瑶海区',NULL,'YHQ','340100'),('340103','庐阳区',NULL,'LYQ','340100'),('340104','蜀山区',NULL,'SSQ','340100'),('340111','包河区',NULL,'BHQ','340100'),('340121','长丰县',NULL,'CFX','340100'),('340122','肥东县',NULL,'FDX','340100'),('340123','肥西县',NULL,'FXX','340100'),('340124','庐江县',NULL,'LJX','340100'),('340181','巢湖市',NULL,'CHS','340100'),('340202','镜湖区',NULL,'JHQ','340200'),('340203','弋江区',NULL,'ZJQ','340200'),('340207','鸠江区',NULL,'ZJQ','340200'),('340208','三山区',NULL,'SSQ','340200'),('340221','芜湖县',NULL,'WHX','340200'),('340222','繁昌县',NULL,'FCX','340200'),('340223','南陵县',NULL,'NLX','340200'),('340225','无为县',NULL,'WWX','340200'),('340302','龙子湖区',NULL,'LZHQ','340300'),('340303','蚌山区',NULL,'BSQ','340300'),('340304','禹会区',NULL,'YHQ','340300'),('340311','淮上区',NULL,'HSQ','340300'),('340321','怀远县',NULL,'HYX','340300'),('340322','五河县',NULL,'WHX','340300'),('340323','固镇县',NULL,'GZX','340300'),('340402','大通区',NULL,'DTQ','340400'),('340403','田家庵区',NULL,'TJZQ','340400'),('340404','谢家集区',NULL,'XJJQ','340400'),('340405','八公山区',NULL,'BGSQ','340400'),('340406','潘集区',NULL,'PJQ','340400'),('340421','凤台县',NULL,'FTX','340400'),('340503','花山区',NULL,'HSQ','340500'),('340504','雨山区',NULL,'YSQ','340500'),('340506','博望区',NULL,'BWQ','340500'),('340521','当涂县',NULL,'DTX','340500'),('340522','含山县',NULL,'HSX','340500'),('340523','和县',NULL,'HX','340500'),('340602','杜集区',NULL,'DJQ','340600'),('340603','相山区',NULL,'XSQ','340600'),('340604','烈山区',NULL,'LSQ','340600'),('340621','濉溪县',NULL,'ZXX','340600'),('340702','铜官山区',NULL,'TGSQ','340700'),('340703','狮子山区',NULL,'SZSQ','340700'),('340711','郊区',NULL,'JQ','340700'),('340721','铜陵县',NULL,'TLX','340700'),('340802','迎江区',NULL,'YJQ','340800'),('340803','大观区',NULL,'DGQ','340800'),('340811','宜秀区',NULL,'YXQ','340800'),('340822','怀宁县',NULL,'HNX','340800'),('340823','枞阳县',NULL,'ZYX','340800'),('340824','潜山县',NULL,'QSX','340800'),('340825','太湖县',NULL,'THX','340800'),('340826','宿松县',NULL,'SSX','340800'),('340827','望江县',NULL,'WJX','340800'),('340828','岳西县',NULL,'YXX','340800'),('340881','桐城市',NULL,'TCS','340800'),('341002','屯溪区',NULL,'TXQ','341000'),('341003','黄山区',NULL,'HSQ','341000'),('341004','徽州区',NULL,'HZQ','341000'),('341021','歙县',NULL,'ZX','341000'),('341022','休宁县',NULL,'XNX','341000'),('341023','黟县',NULL,'ZX','341000'),('341024','祁门县',NULL,'QMX','341000'),('341102','琅琊区',NULL,'LZQ','341100'),('341103','南谯区',NULL,'NZQ','341100'),('341122','来安县',NULL,'LAX','341100'),('341124','全椒县',NULL,'QJX','341100'),('341125','定远县',NULL,'DYX','341100'),('341126','凤阳县',NULL,'FYX','341100'),('341181','天长市',NULL,'TCS','341100'),('341182','明光市',NULL,'MGS','341100'),('341202','颍州区',NULL,'ZZQ','341200'),('341203','颍东区',NULL,'ZDQ','341200'),('341204','颍泉区',NULL,'ZQQ','341200'),('341221','临泉县',NULL,'LQX','341200'),('341222','太和县',NULL,'THX','341200'),('341225','阜南县',NULL,'FNX','341200'),('341226','颍上县',NULL,'ZSX','341200'),('341282','界首市',NULL,'JSS','341200'),('341302','埇桥区',NULL,'QQ','341300'),('341321','砀山县',NULL,'ZSX','341300'),('341322','萧县',NULL,'XX','341300'),('341323','灵璧县',NULL,'LZX','341300'),('341324','泗县',NULL,'ZX','341300'),('341502','金安区',NULL,'JAQ','341500');
/*!40000 ALTER TABLE `d_district` ENABLE KEYS */;
UNLOCK TABLES;

--
-- Table structure for table `d_ec_channel_type`
--

DROP TABLE IF EXISTS `d_ec_channel_type`;
/*!40101 SET @saved_cs_client     = @@character_set_client */;
/*!40101 SET character_set_client = utf8 */;
CREATE TABLE `d_ec_channel_type` (
  `CODE` varchar(10) NOT NULL,
  `NAME` varchar(200) DEFAULT NULL,
  `ENUM_NAME` varchar(30) DEFAULT NULL,
  `PINYIN` varchar(10) DEFAULT NULL,
  `PARENT_CODE` varchar(10) DEFAULT NULL,
  PRIMARY KEY (`CODE`)
) ENGINE=InnoDB DEFAULT CHARSET=utf8mb4 COMMENT='Ƶͱ';
/*!40101 SET character_set_client = @saved_cs_client */;

--
-- Dumping data for table `d_ec_channel_type`
--

LOCK TABLES `d_ec_channel_type` WRITE;
/*!40000 ALTER TABLE `d_ec_channel_type` DISABLE KEYS */;
INSERT INTO `d_ec_channel_type` VALUES ('001','商品分类列表','PRODUCT_CATE','SPFLLB',NULL),('002','爆款商品频道','HOT_CHANNEL',NULL,NULL);
/*!40000 ALTER TABLE `d_ec_channel_type` ENABLE KEYS */;
UNLOCK TABLES;

--
-- Table structure for table `d_ec_feature_type`
--

DROP TABLE IF EXISTS `d_ec_feature_type`;
/*!40101 SET @saved_cs_client     = @@character_set_client */;
/*!40101 SET character_set_client = utf8 */;
CREATE TABLE `d_ec_feature_type` (
  `CODE` varchar(10) NOT NULL,
  `NAME` varchar(200) DEFAULT NULL,
  `ENUM_NAME` varchar(30) DEFAULT NULL,
  `PINYIN` varchar(10) DEFAULT NULL,
  `PARENT_CODE` varchar(10) DEFAULT NULL,
  PRIMARY KEY (`CODE`)
) ENGINE=InnoDB DEFAULT CHARSET=utf8mb4 COMMENT='Ʒͱ';
/*!40101 SET character_set_client = @saved_cs_client */;

--
-- Dumping data for table `d_ec_feature_type`
--

LOCK TABLES `d_ec_feature_type` WRITE;
/*!40000 ALTER TABLE `d_ec_feature_type` DISABLE KEYS */;
INSERT INTO `d_ec_feature_type` VALUES ('000','商品展示特征','PRODUCT_DISPLAY','SPZSTZ',NULL),('001','商品广告图片','ADVERTISE_ICON','SPGGTP','000'),('002','商品广告描述','ADVERTISE_DESC','SPGGMS','000'),('003','商品广告保障','ADVERTISE_COVERAGE','SPGGBZ','000'),('100','商品详情特征','PRODUCT_ITEM','SPXQTZ',NULL),('101','商品详情图片','ITEM_ICON','SPXQTP','100'),('102','详情介绍','ITEM_INTRODUCTION','SPXQJS','100'),('103','购买须知','ITEM_PURCHASE_NOTES','SPGMXZ','100'),('104','理赔指引','ITEM_CLAIM_GUIDE','SPLPZY','100'),('105','常见问题','ITEM_FAQ','SPCJWT','100');
/*!40000 ALTER TABLE `d_ec_feature_type` ENABLE KEYS */;
UNLOCK TABLES;

--
-- Table structure for table `d_ec_filter_type`
--

DROP TABLE IF EXISTS `d_ec_filter_type`;
/*!40101 SET @saved_cs_client     = @@character_set_client */;
/*!40101 SET character_set_client = utf8 */;
CREATE TABLE `d_ec_filter_type` (
  `CODE` varchar(10) NOT NULL,
  `NAME` varchar(200) DEFAULT NULL,
  `ENUM_NAME` varchar(30) DEFAULT NULL,
  `PINYIN` varchar(10) DEFAULT NULL,
  `PARENT_CODE` varchar(10) DEFAULT NULL,
  PRIMARY KEY (`CODE`)
) ENGINE=InnoDB DEFAULT CHARSET=utf8mb4 COMMENT='Ƶɸѡͱ';
/*!40101 SET character_set_client = @saved_cs_client */;

--
-- Dumping data for table `d_ec_filter_type`
--

LOCK TABLES `d_ec_filter_type` WRITE;
/*!40000 ALTER TABLE `d_ec_filter_type` DISABLE KEYS */;
INSERT INTO `d_ec_filter_type` VALUES ('001','年龄','AGE','NL',NULL),('002','保额','AMOUNT','BE',NULL),('003','价格','PRICE','JG',NULL),('004','保障期限','COVERAGE_PERIOD','BZQX',NULL),('005','特色保障','SPECIAL_COVERAGE','TSBZ',NULL),('006','重疾种类','ILLNESS_CATEGORY','ZJZL',NULL),('007','返还金额','RETURN AMOUNT','FHJE',NULL),('008','等待期','WAITING_PERIOD','DDQ',NULL);
/*!40000 ALTER TABLE `d_ec_filter_type` ENABLE KEYS */;
UNLOCK TABLES;

--
-- Table structure for table `d_ec_link_option`
--

DROP TABLE IF EXISTS `d_ec_link_option`;
/*!40101 SET @saved_cs_client     = @@character_set_client */;
/*!40101 SET character_set_client = utf8 */;
CREATE TABLE `d_ec_link_option` (
  `CODE` varchar(10) NOT NULL,
  `NAME` varchar(200) DEFAULT NULL,
  `ENUM_NAME` varchar(30) DEFAULT NULL,
  `PINYIN` varchar(10) DEFAULT NULL,
  `PARENT_CODE` varchar(10) DEFAULT NULL,
  PRIMARY KEY (`CODE`)
) ENGINE=InnoDB DEFAULT CHARSET=utf8mb4 COMMENT='Ƶѡ';
/*!40101 SET character_set_client = @saved_cs_client */;

--
-- Dumping data for table `d_ec_link_option`
--

LOCK TABLES `d_ec_link_option` WRITE;
/*!40000 ALTER TABLE `d_ec_link_option` DISABLE KEYS */;
INSERT INTO `d_ec_link_option` VALUES ('1','链接到默认页',NULL,'LJDMRY',NULL),('2','链接到列表第一页',NULL,'LJDLB',NULL),('3','使用动态页',NULL,'SYDTY',NULL);
/*!40000 ALTER TABLE `d_ec_link_option` ENABLE KEYS */;
UNLOCK TABLES;

--
-- Table structure for table `d_gender`
--

DROP TABLE IF EXISTS `d_gender`;
/*!40101 SET @saved_cs_client     = @@character_set_client */;
/*!40101 SET character_set_client = utf8 */;
CREATE TABLE `d_gender` (
  `CODE` varchar(10) CHARACTER SET utf8 COLLATE utf8_bin NOT NULL,
  `NAME` varchar(200) DEFAULT NULL,
  `ENUM_NAME` varchar(30) CHARACTER SET utf8 COLLATE utf8_bin DEFAULT NULL,
  `PINYIN` varchar(90) DEFAULT NULL,
  `PARENT_CODE` varchar(90) DEFAULT NULL,
  PRIMARY KEY (`CODE`)
) ENGINE=InnoDB DEFAULT CHARSET=utf8;
/*!40101 SET character_set_client = @saved_cs_client */;

--
-- Dumping data for table `d_gender`
--

LOCK TABLES `d_gender` WRITE;
/*!40000 ALTER TABLE `d_gender` DISABLE KEYS */;
INSERT INTO `d_gender` VALUES ('1','男','','N',''),('2','女','','N','');
/*!40000 ALTER TABLE `d_gender` ENABLE KEYS */;
UNLOCK TABLES;

--
-- Table structure for table `d_industry`
--

DROP TABLE IF EXISTS `d_industry`;
/*!40101 SET @saved_cs_client     = @@character_set_client */;
/*!40101 SET character_set_client = utf8 */;
CREATE TABLE `d_industry` (
  `CODE` varchar(10) CHARACTER SET utf8 COLLATE utf8_bin NOT NULL,
  `NAME` varchar(200) DEFAULT NULL,
  `ENUM_NAME` varchar(30) CHARACTER SET utf8 COLLATE utf8_bin DEFAULT NULL,
  `PINYIN` varchar(90) DEFAULT NULL,
  `PARENT_CODE` varchar(90) DEFAULT NULL,
  PRIMARY KEY (`CODE`)
) ENGINE=InnoDB DEFAULT CHARSET=utf8;
/*!40101 SET character_set_client = @saved_cs_client */;

--
-- Dumping data for table `d_industry`
--

LOCK TABLES `d_industry` WRITE;
/*!40000 ALTER TABLE `d_industry` DISABLE KEYS */;
INSERT INTO `d_industry` VALUES ('01','农业','','NY',''),('02','林业','','LY',''),('03','畜牧业','','XMY',''),('04','渔业','','YY',''),('05','农、林、牧、渔服务业','','NLMYFWY',''),('06','煤炭开采与洗选业','','MTKCYXXY',''),('07','石油和天然气开采业','','SYHTRQKCY',''),('08','黑色金属矿采选业','','HSJSKCXY',''),('09','有色金属矿采选业','','YSJSKCXY',''),('10','非金属矿采选业','','FJSKCXY',''),('11','其它矿采选业','','QTKCXY',''),('13','农副食品加工业','','NFSPJGY',''),('14','食品制造业','','SPZZY',''),('15','饮料制造业','','YLZZY',''),('16','烟草制品业','','YCZPY',''),('17','纺织业','','FZY',''),('18','纺织服装、鞋、帽制造业','','FZFZXMZZY',''),('19','皮革、毛皮、羽毛（绒）及其制品业','','PGMPYMRJQZ',''),('20','木材加工及木、竹、藤、棕、草制品业','','MCJGJMZTZC',''),('21','家具制造业','','JJZZY',''),('22','造纸及纸制品业','','ZZJZZPY',''),('23','印刷业、记录媒介的复制','','YSYJLMJDFZ',''),('24','文教体育用品制造业','','WJTYYPZZY',''),('25','石油加工、炼焦及核燃料加工业','','SYJGLJJHRL',''),('26','化学原料及化学制品制造业','','HXYLJHXZPZ',''),('27','医药制造业','','YYZZY',''),('28','化学纤维制造业','','HXXWZZY',''),('29','橡胶制品业','','XJZPY',''),('30','塑料制品业','','SLZPY',''),('31','非金属矿物制品业','','FJSKWZPY',''),('32','黑色金属冶炼及压延加工业','','HSJSYLJYYJ',''),('33','有色金属冶炼及压延加工业','','YSJSYLJYYJ',''),('34','金属制品业','','JSZPY',''),('35','通用设备制造业','','TYSBZZY',''),('36','专业设备制造业','','ZYSBZZY',''),('37','交通运输设备制造业','','JTYSSBZZY',''),('51','铁路运输业','','TLYSY',''),('52','道路运输业','','DLYSY',''),('53','城市公共交通业','','CSGGJTY',''),('54','水上运输业','','SSYSY',''),('55','航空运输业','','HKYSY',''),('56','管道运输业','','GDYSY',''),('57','装卸搬运和其它运输服务业','','ZXBYHQTYSF',''),('58','仓储业','','CCY',''),('59','邮政业','','YZY',''),('60','电信和其它信息传输服务业','','DXHQTXXCSF',''),('61','计算机服务业','','JSJFWY',''),('62','软件业','','RJY',''),('63','批发业','','PFY',''),('65','零售业','','LSY',''),('66','住宿业','','ZSY',''),('67','餐饮业','','CYY',''),('68','银行业','','YXY',''),('69','证券业','','ZQY',''),('70','保险业','','BXY',''),('71','其它金融活动','','QTJRHD',''),('72','房地产业','','FDCY',''),('73','租赁业','','ZLY',''),('74','商务服务业','','SWFWY',''),('75','研究与试验发展','','YJYSYFZ',''),('76','专业技术服务业','','ZYJSFWY',''),('77','科技交流和推广服务业','','KJJLHTGFWY',''),('78','地质勘查业','','DZKCY',''),('79','水利管理业','','SLGLY',''),('80','环境管理业','','HJGLY',''),('81','公共设施管理业','','GGSSGLY',''),('82','居民服务业','','JMFWY',''),('83','其它服务业','','QTFWY',''),('85','卫生','','WS',''),('86','社会保障业','','SHBZY',''),('87','社会福利业','','SHFLY',''),('88','新闻出版业','','XWCBY',''),('89','广播、电视、电影和音像业','','GBDSDYHYXY',''),('90','文化艺术业','','WHYSY',''),('91','体育','','TY',''),('92','娱乐业','','YLY',''),('93','中国共产党机关','','ZGGCDJG',''),('94','国家机构','','GJJG',''),('95','人民政协和民主党派','','RMZXHMZDP',''),('96','群众团体、社会团体和宗教组织','','QZTTSHTTHZ',''),('97','基层群众自治组织','','JCQZZZZZ',''),('98','国际组织','','GJZZ',''),('99','其它','','QT','');
/*!40000 ALTER TABLE `d_industry` ENABLE KEYS */;
UNLOCK TABLES;

--
-- Table structure for table `d_liability_category`
--

DROP TABLE IF EXISTS `d_liability_category`;
/*!40101 SET @saved_cs_client     = @@character_set_client */;
/*!40101 SET character_set_client = utf8 */;
CREATE TABLE `d_liability_category` (
  `CODE` varchar(10) CHARACTER SET utf8 COLLATE utf8_bin NOT NULL,
  `NAME` varchar(200) DEFAULT NULL,
  `ENUM_NAME` varchar(30) DEFAULT NULL,
  `PINYIN` varchar(10) DEFAULT NULL,
  `PARENT_CODE` varchar(10) DEFAULT NULL COMMENT '所属的责任大分类（D_DISABILITY_TYPE）',
  PRIMARY KEY (`CODE`)
) ENGINE=InnoDB DEFAULT CHARSET=utf8 COMMENT='人身险责任类别代码表';
/*!40101 SET character_set_client = @saved_cs_client */;

--
-- Dumping data for table `d_liability_category`
--

LOCK TABLES `d_liability_category` WRITE;
/*!40000 ALTER TABLE `d_liability_category` DISABLE KEYS */;
INSERT INTO `d_liability_category` VALUES ('0','医疗','','YL','1'),('1','医疗费用-住院','','YLFY-ZY','1'),('10','重大疾病','','ZDJB','1'),('10001','投保人资料变更','','TBRZLBG','2'),('10002','被保人资料变更','','BBRZLBG','2'),('10003','受益人资料变更','','SYRZLBG','2'),('10004','客户联系方式变更','','KHLXFSBG','2'),('10300','职业变更','','ZYBG','2'),('10502','被保人生日性别更正','','BBRSRXBGZ','2'),('11','失能','','SN','1'),('12','护理','','HL','1'),('13','特定疾病','','TDJB','1'),('14','豁免','','HM','1'),('15','失业','','SY','1'),('2','医疗费用-门诊','','YLFY-MZ','1'),('20100','投保人变更','','TBRBG','2'),('20202','增加被保险人','','ZJBBXR','2'),('20203','减少被保险人','','JSBBXR','2'),('20300','受益人变更','','SYRBG','2'),('20400','保额变更','','BEBG','2'),('20500','保费变更','','BFBG','2'),('20601','增加险种','','ZJXZ','2'),('20602','减少险种','','JSXZ','2'),('20800','交费频率变更','','JFPLBG','2'),('21000','保障变更','','BZBG','2'),('21100','产品转换','','CPZH','2'),('3','医疗费用-生育','','YLFY-SY','1'),('30100','犹豫期退保','','YYQTB','2'),('30202','复效','','FX','2'),('30300','退保','','TB','2'),('30400','保险公司解除合同','','BXGSJCHT','2'),('30500','保单基本信息变更','','BDJBXXBG','2'),('30600','保单转出','','BDZC','2'),('30700','保单转入','','BDZR','2'),('30800','保单二次核保','','BDECHB','2'),('4','医疗费用-体检','','YLFY-TJ','1'),('40400','自垫选择权变更','','ZDXZQBG','2'),('40500','续保选择权变更','','XBXZQBG','2'),('5','预防接种','','YFJZ','1'),('6','定额给付','','DEGF','1'),('60200','投资账户领取','','TZZHLQ','2'),('60300','追加投资','','ZJTZ','2'),('7','医疗费用-其它','','YLFY-QT','1'),('8','死亡','','SW','1'),('9','伤残','','SC','1'),('98','缴费','','JF','7');
/*!40000 ALTER TABLE `d_liability_category` ENABLE KEYS */;
UNLOCK TABLES;

--
-- Table structure for table `d_liability_type`
--

DROP TABLE IF EXISTS `d_liability_type`;
/*!40101 SET @saved_cs_client     = @@character_set_client */;
/*!40101 SET character_set_client = utf8 */;
CREATE TABLE `d_liability_type` (
  `CODE` varchar(10) CHARACTER SET utf8 COLLATE utf8_bin NOT NULL,
  `NAME` varchar(200) DEFAULT NULL,
  `ENUM_NAME` varchar(30) DEFAULT NULL,
  `PINYIN` varchar(10) DEFAULT NULL,
  `PARENT_CODE` varchar(166) DEFAULT NULL,
  PRIMARY KEY (`CODE`)
) ENGINE=InnoDB DEFAULT CHARSET=utf8 COMMENT='责任大分类代码表';
/*!40101 SET character_set_client = @saved_cs_client */;

--
-- Dumping data for table `d_liability_type`
--

LOCK TABLES `d_liability_type` WRITE;
/*!40000 ALTER TABLE `d_liability_type` DISABLE KEYS */;
INSERT INTO `d_liability_type` VALUES ('1','理赔','','LP',''),('2','保全','','BQ',''),('3','红利','','HL',''),('4','生存','','SC',''),('5','排除','','PC',''),('6','特约','','TY',''),('7','缴费','','JF','');
/*!40000 ALTER TABLE `d_liability_type` ENABLE KEYS */;
UNLOCK TABLES;

--
-- Table structure for table `d_nationality`
--

DROP TABLE IF EXISTS `d_nationality`;
/*!40101 SET @saved_cs_client     = @@character_set_client */;
/*!40101 SET character_set_client = utf8 */;
CREATE TABLE `d_nationality` (
  `CODE` varchar(10) CHARACTER SET utf8 COLLATE utf8_bin NOT NULL,
  `NAME` varchar(200) DEFAULT NULL,
  `ENUM_NAME` varchar(30) CHARACTER SET utf8 COLLATE utf8_bin DEFAULT NULL,
  `PINYIN` varchar(90) DEFAULT NULL,
  `PARENT_CODE` varchar(90) DEFAULT NULL,
  PRIMARY KEY (`CODE`)
) ENGINE=InnoDB DEFAULT CHARSET=utf8;
/*!40101 SET character_set_client = @saved_cs_client */;

--
-- Dumping data for table `d_nationality`
--

LOCK TABLES `d_nationality` WRITE;
/*!40000 ALTER TABLE `d_nationality` DISABLE KEYS */;
INSERT INTO `d_nationality` VALUES ('01','汉族','','HZ',''),('02','满族','','MZ',''),('03','回族','','HZ',''),('04','藏族','','CZ',''),('05','维吾尔族','','WWEZ',''),('06','苗族','','MZ',''),('07','彝族','','YZ',''),('08','壮族','','ZZ',''),('09','布依族','','BYZ',''),('10','朝鲜族','','CXZ',''),('11','蒙古族','','MGZ',''),('12','侗族','','DZ',''),('13','瑶族','','YZ',''),('14','白族','','BZ',''),('15','土家族','','TJZ',''),('16','哈尼族','','HNZ',''),('17','哈萨克族','','HSKZ',''),('18','傣族','','DZ',''),('19','黎族','','LZ',''),('20','傈僳族','','LSZ',''),('21','佤族','','ZZ',''),('22','畲族','','ZZ',''),('23','高山族','','GSZ',''),('24','拉祜族','','LZZ',''),('25','水族','','SZ',''),('26','东乡族','','DXZ',''),('27','纳西族','','NXZ',''),('28','景颇族','','JPZ',''),('29','柯尔克孜族','','KEKZZ',''),('30','土族','','TZ',''),('31','达翰尔族','','DHEZ',''),('32','仫佬族','','ZLZ',''),('33','羌族','','QZ',''),('34','布朗族','','BLZ',''),('35','撒拉族','','SLZ',''),('36','毛难族','','MNZ',''),('37','仡佬族','','ZLZ',''),('38','锡伯族','','XBZ',''),('39','阿昌族','','ACZ',''),('40','普米族','','PMZ',''),('41','塔吉克族','','TJKZ',''),('42','怒族','','NZ',''),('43','乌孜别克族','','WZBKZ',''),('44','俄罗斯族','','ELSZ',''),('45','鄂温克族','','EWKZ',''),('46','崩龙族','','BLZ',''),('47','保安族','','BAZ',''),('48','裕固族','','YGZ',''),('49','京族','','JZ',''),('50','塔塔尔族','','TTEZ',''),('51','独龙族','','DLZ',''),('52','鄂伦春族','','ELCZ',''),('53','赫哲族','','HZZ',''),('54','门巴族','','MBZ',''),('55','珞巴族','','ZBZ',''),('56','基诺族','','JNZ',''),('57','其他族','','QTZ',''),('58','入籍族','','RJZ','');
/*!40000 ALTER TABLE `d_nationality` ENABLE KEYS */;
UNLOCK TABLES;

--
-- Table structure for table `d_province`
--

DROP TABLE IF EXISTS `d_province`;
/*!40101 SET @saved_cs_client     = @@character_set_client */;
/*!40101 SET character_set_client = utf8 */;
CREATE TABLE `d_province` (
  `CODE` varchar(10) CHARACTER SET utf8 COLLATE utf8_bin NOT NULL,
  `NAME` varchar(200) DEFAULT NULL,
  `ENUM_NAME` varchar(30) CHARACTER SET utf8 COLLATE utf8_bin DEFAULT NULL,
  `PINYIN` varchar(90) DEFAULT NULL,
  `PARENT_CODE` varchar(90) DEFAULT NULL,
  PRIMARY KEY (`CODE`)
) ENGINE=InnoDB DEFAULT CHARSET=utf8;
/*!40101 SET character_set_client = @saved_cs_client */;

--
-- Dumping data for table `d_province`
--

LOCK TABLES `d_province` WRITE;
/*!40000 ALTER TABLE `d_province` DISABLE KEYS */;
INSERT INTO `d_province` VALUES ('110000','北京市',NULL,'BJS','156'),('120000','天津市',NULL,'TJS','156'),('130000','河北省',NULL,'HBS','156'),('140000','山西省',NULL,'SXS','156'),('150000','内蒙古自治区',NULL,'NMGZZQ','156'),('210000','辽宁省',NULL,'LNS','156'),('220000','吉林省',NULL,'JLS','156'),('230000','黑龙江省',NULL,'HLJS','156'),('310000','上海市',NULL,'SHS','156'),('320000','江苏省',NULL,'JSS','156'),('330000','浙江省',NULL,'ZJS','156'),('340000','安徽省',NULL,'AHS','156'),('350000','福建省',NULL,'FJS','156'),('360000','江西省',NULL,'JXS','156'),('370000','山东省',NULL,'SDS','156'),('410000','河南省',NULL,'HNS','156'),('420000','湖北省',NULL,'HBS','156'),('430000','湖南省',NULL,'HNS','156'),('440000','广东省',NULL,'GDS','156'),('450000','广西壮族自治区',NULL,'GXZZZZQ','156'),('460000','海南省',NULL,'HNS','156'),('500000','重庆市',NULL,'ZQS','156'),('510000','四川省',NULL,'SCS','156'),('520000','贵州省',NULL,'GZS','156'),('530000','云南省',NULL,'YNS','156'),('540000','西藏自治区',NULL,'XCZZQ','156'),('610000','陕西省',NULL,'SXS','156'),('620000','甘肃省',NULL,'GSS','156'),('630000','青海省',NULL,'QHS','156'),('640000','宁夏回族自治区',NULL,'NXHZZZQ','156'),('650000','新疆维吾尔自治区',NULL,'XJWWEZZQ','156'),('710000','台湾省',NULL,'TWS','156'),('810000','香港特别行政区',NULL,'XGTBXZQ','156'),('820000','澳门特别行政区',NULL,'AMTBXZQ','156'),('999999','境外',NULL,'JW','156');
/*!40000 ALTER TABLE `d_province` ENABLE KEYS */;
UNLOCK TABLES;

--
-- Table structure for table `d_relation_type`
--

DROP TABLE IF EXISTS `d_relation_type`;
/*!40101 SET @saved_cs_client     = @@character_set_client */;
/*!40101 SET character_set_client = utf8 */;
CREATE TABLE `d_relation_type` (
  `CODE` varchar(10) COLLATE utf8_bin NOT NULL,
  `NAME` varchar(200) COLLATE utf8_bin DEFAULT NULL,
  `ENUM_NAME` varchar(30) COLLATE utf8_bin DEFAULT NULL,
  `PINYIN` varchar(10) COLLATE utf8_bin DEFAULT NULL,
  `PARENT_CODE` varchar(10) COLLATE utf8_bin DEFAULT NULL,
  PRIMARY KEY (`CODE`)
) ENGINE=InnoDB DEFAULT CHARSET=utf8 COLLATE=utf8_bin;
/*!40101 SET character_set_client = @saved_cs_client */;

--
-- Dumping data for table `d_relation_type`
--

LOCK TABLES `d_relation_type` WRITE;
/*!40000 ALTER TABLE `d_relation_type` DISABLE KEYS */;
/*!40000 ALTER TABLE `d_relation_type` ENABLE KEYS */;
UNLOCK TABLES;

--
-- Table structure for table `d_religion`
--

DROP TABLE IF EXISTS `d_religion`;
/*!40101 SET @saved_cs_client     = @@character_set_client */;
/*!40101 SET character_set_client = utf8 */;
CREATE TABLE `d_religion` (
  `CODE` varchar(10) NOT NULL,
  `NAME` varchar(200) DEFAULT NULL,
  `ENUM_NAME` varchar(30) DEFAULT NULL,
  `PINYIN` varchar(10) DEFAULT NULL,
  `PARENT_CODE` varchar(10) DEFAULT NULL,
  PRIMARY KEY (`CODE`)
) ENGINE=InnoDB DEFAULT CHARSET=utf8mb4 COMMENT='宗教信仰代码';
/*!40101 SET character_set_client = @saved_cs_client */;

--
-- Dumping data for table `d_religion`
--

LOCK TABLES `d_religion` WRITE;
/*!40000 ALTER TABLE `d_religion` DISABLE KEYS */;
INSERT INTO `d_religion` VALUES ('1','佛教','','FJ',''),('2','基督教','','JDJ',''),('3','印度教','','YDJ',''),('4','穆斯林教','','MSLJ',''),('5','印度锡克教','','YDXKJ',''),('6','道教','','DJ',''),('9','其他','','QT','');
/*!40000 ALTER TABLE `d_religion` ENABLE KEYS */;
UNLOCK TABLES;

--
-- Table structure for table `d_test_failure_action`
--

DROP TABLE IF EXISTS `d_test_failure_action`;
/*!40101 SET @saved_cs_client     = @@character_set_client */;
/*!40101 SET character_set_client = utf8 */;
CREATE TABLE `d_test_failure_action` (
  `ACTION_CODE` varchar(30) COLLATE utf8_bin NOT NULL COMMENT 'ACTION_CODE',
  `ACTION_DESC` varchar(300) COLLATE utf8_bin DEFAULT NULL COMMENT '策略说明',
  PRIMARY KEY (`ACTION_CODE`)
) ENGINE=InnoDB DEFAULT CHARSET=utf8 COLLATE=utf8_bin COMMENT='问卷测试不及格处理策略';
/*!40101 SET character_set_client = @saved_cs_client */;

--
-- Dumping data for table `d_test_failure_action`
--

LOCK TABLES `d_test_failure_action` WRITE;
/*!40000 ALTER TABLE `d_test_failure_action` DISABLE KEYS */;
/*!40000 ALTER TABLE `d_test_failure_action` ENABLE KEYS */;
UNLOCK TABLES;

--
-- Table structure for table `d_test_pape_purpose`
--

DROP TABLE IF EXISTS `d_test_pape_purpose`;
/*!40101 SET @saved_cs_client     = @@character_set_client */;
/*!40101 SET character_set_client = utf8 */;
CREATE TABLE `d_test_pape_purpose` (
  `TEST_PURPOSE` varchar(30) COLLATE utf8_bin NOT NULL COMMENT '用途',
  `PURPOSE_DESC` varchar(300) COLLATE utf8_bin DEFAULT NULL COMMENT '用途说明',
  PRIMARY KEY (`TEST_PURPOSE`)
) ENGINE=InnoDB DEFAULT CHARSET=utf8 COLLATE=utf8_bin COMMENT='测试问卷用途';
/*!40101 SET character_set_client = @saved_cs_client */;

--
-- Dumping data for table `d_test_pape_purpose`
--

LOCK TABLES `d_test_pape_purpose` WRITE;
/*!40000 ALTER TABLE `d_test_pape_purpose` DISABLE KEYS */;
/*!40000 ALTER TABLE `d_test_pape_purpose` ENABLE KEYS */;
UNLOCK TABLES;

--
-- Table structure for table `t_answer_option`
--

DROP TABLE IF EXISTS `t_answer_option`;
/*!40101 SET @saved_cs_client     = @@character_set_client */;
/*!40101 SET character_set_client = utf8 */;
CREATE TABLE `t_answer_option` (
  `QUESTION_ID` bigint(20) NOT NULL COMMENT '试题ID',
  `OPTION_CODE` char(1) COLLATE utf8_bin NOT NULL DEFAULT 'A' COMMENT '答案代码',
  `OPTION_DESC` varchar(300) COLLATE utf8_bin NOT NULL COMMENT '答案描述',
  `OPTION_SCORE` int(11) DEFAULT '0' COMMENT '答案选项分值',
  `OPTION_TEXT_FLAG` char(1) COLLATE utf8_bin DEFAULT '1' COMMENT '答案选项含有填空\n             1-含有\n             0-不含有',
  `OPTION_TEXT_COUNT` int(11) DEFAULT NULL COMMENT '答案含有几个填空OPTION_TEXT_COUNT',
  PRIMARY KEY (`QUESTION_ID`,`OPTION_CODE`),
  CONSTRAINT `FK_T_ANSWER_OPTION_1` FOREIGN KEY (`QUESTION_ID`) REFERENCES `t_question` (`QUESTION_ID`)
) ENGINE=InnoDB DEFAULT CHARSET=utf8 COLLATE=utf8_bin COMMENT='答案选项';
/*!40101 SET character_set_client = @saved_cs_client */;

--
-- Dumping data for table `t_answer_option`
--

LOCK TABLES `t_answer_option` WRITE;
/*!40000 ALTER TABLE `t_answer_option` DISABLE KEYS */;
/*!40000 ALTER TABLE `t_answer_option` ENABLE KEYS */;
UNLOCK TABLES;

--
-- Table structure for table `t_base_pinyin`
--

DROP TABLE IF EXISTS `t_base_pinyin`;
/*!40101 SET @saved_cs_client     = @@character_set_client */;
/*!40101 SET character_set_client = utf8 */;
CREATE TABLE `t_base_pinyin` (
  `pin_yin` varchar(255) CHARACTER SET gbk NOT NULL,
  `code` int(11) NOT NULL,
  PRIMARY KEY (`code`)
) ENGINE=InnoDB DEFAULT CHARSET=utf8 COLLATE=utf8_bin;
/*!40101 SET character_set_client = @saved_cs_client */;

--
-- Dumping data for table `t_base_pinyin`
--

LOCK TABLES `t_base_pinyin` WRITE;
/*!40000 ALTER TABLE `t_base_pinyin` DISABLE KEYS */;
INSERT INTO `t_base_pinyin` VALUES ('zuo',10254),('zun',10256),('zui',10260),('zuan',10262),('zu',10270),('zou',10274),('zong',10281),('zi',10296),('zhuo',10307),('zhun',10309),('zhui',10315),('zhuang',10322),('zhuan',10328),('zhuai',10329),('zhua',10331),('zhu',10519),('zhou',10533),('zhong',10544),('zhi',10587),('zheng',10764),('zhen',10780),('zhe',10790),('zhao',10800),('zhang',10815),('zhan',10832),('zhai',10838),('zha',11014),('zeng',11018),('zen',11019),('zei',11020),('ze',11024),('zao',11038),('zang',11041),('zan',11045),('zai',11052),('za',11055),('yun',11067),('yue',11077),('yuan',11097),('yu',11303),('you',11324),('yong',11339),('yo',11340),('ying',11358),('yin',11536),('yi',11589),('ye',11604),('yao',11781),('yang',11798),('yan',11831),('ya',11847),('xun',11861),('xue',11867),('xuan',12039),('xu',12058),('xiu',12067),('xiong',12074),('xing',12089),('xin',12099),('xie',12120),('xiao',12300),('xiang',12320),('xian',12346),('xia',12359),('xi',12556),('wu',12585),('wo',12594),('weng',12597),('wen',12607),('wei',12802),('wang',12812),('wan',12829),('wai',12831),('wa',12838),('tuo',12849),('tun',12852),('tui',12858),('tuan',12860),('tu',12871),('tou',12875),('tong',12888),('ting',13060),('tie',13063),('tiao',13068),('tian',13076),('ti',13091),('teng',13095),('te',13096),('tao',13107),('tang',13120),('tan',13138),('tai',13147),('ta',13318),('suo',13326),('sun',13329),('sui',13340),('suan',13343),('su',13356),('sou',13359),('song',13367),('si',13383),('shuo',13387),('shun',13391),('shui',13395),('shuang',13398),('shuan',13400),('shuai',13404),('shua',13406),('shu',13601),('shou',13611),('shi',13658),('sheng',13831),('shen',13847),('she',13859),('shao',13870),('shang',13878),('shan',13894),('shai',13896),('sha',13905),('seng',13906),('sen',13907),('se',13910),('sao',13914),('sang',13917),('san',14083),('sai',14087),('sa',14090),('ruo',14092),('run',14094),('rui',14097),('ruan',14099),('ru',14109),('rou',14112),('rong',14122),('ri',14123),('reng',14125),('ren',14135),('re',14137),('rao',14140),('rang',14145),('ran',14149),('qun',14151),('que',14159),('quan',14170),('qu',14345),('qiu',14353),('qiong',14355),('qing',14368),('qin',14379),('qie',14384),('qiao',14399),('qiang',14407),('qian',14429),('qia',14594),('qi',14630),('pu',14645),('po',14654),('ping',14663),('pin',14668),('pie',14670),('piao',14674),('pian',14678),('pi',14857),('peng',14871),('pen',14873),('pei',14882),('pao',14889),('pang',14894),('pan',14902),('pai',14908),('pa',14914),('ou',14921),('o',14922),('nuo',14926),('nue',14928),('nuan',14929),('nv',14930),('nu',14933),('nong',14937),('niu',14941),('ning',15109),('nin',15110),('nie',15117),('niao',15119),('niang',15121),('nian',15128),('ni',15139),('neng',15140),('nen',15141),('nei',15143),('ne',15144),('nao',15149),('nang',15150),('nan',15153),('nai',15158),('na',15165),('mu',15180),('mou',15183),('mo',15362),('miu',15363),('ming',15369),('min',15375),('mie',15377),('miao',15385),('mian',15394),('mi',15408),('meng',15416),('men',15419),('mei',15435),('me',15436),('mao',15448),('mang',15454),('man',15625),('mai',15631),('ma',15640),('luo',15652),('lun',15659),('lue',15661),('luan',15667),('lv',15681),('lu',15701),('lou',15707),('long',15878),('liu',15889),('ling',15903),('lin',15915),('lie',15920),('liao',15933),('liang',15944),('lian',15958),('lia',15959),('li',16155),('leng',16158),('lei',16169),('le',16171),('lao',16180),('lang',16187),('lan',16202),('lai',16205),('la',16212),('kuo',16216),('kun',16220),('kui',16393),('kuang',16401),('kuan',16403),('kuai',16407),('kua',16412),('ku',16419),('kou',16423),('kong',16427),('keng',16429),('ken',16433),('ke',16448),('kao',16452),('kang',16459),('kan',16465),('kai',16470),('ka',16474),('jun',16647),('jue',16657),('juan',16664),('ju',16689),('jiu',16706),('jiong',16708),('jing',16733),('jin',16915),('jie',16942),('jiao',16970),('jiang',16983),('jian',17185),('jia',17202),('ji',17417),('huo',17427),('hun',17433),('hui',17454),('huang',17468),('huan',17482),('huai',17487),('hua',17496),('hu',17676),('hou',17683),('hong',17692),('heng',17697),('hen',17701),('hei',17703),('he',17721),('hao',17730),('hang',17733),('han',17752),('hai',17759),('ha',17922),('guo',17928),('gun',17931),('gui',17947),('guang',17950),('guan',17961),('guai',17964),('gua',17970),('gu',17988),('gou',17997),('gong',18012),('geng',18181),('gen',18183),('gei',18184),('ge',18201),('gao',18211),('gang',18220),('gan',18231),('gai',18237),('ga',18239),('fu',18446),('fou',18447),('fo',18448),('feng',18463),('fen',18478),('fei',18490),('fang',18501),('fan',18518),('fa',18526),('er',18696),('en',18697),('e',18710),('duo',18722),('dun',18731),('dui',18735),('duan',18741),('du',18756),('dou',18763),('dong',18773),('diu',18774),('ding',18783),('die',18952),('diao',18961),('dian',18977),('di',18996),('deng',19003),('de',19006),('dao',19018),('dang',19023),('dan',19038),('dai',19212),('da',19218),('cuo',19224),('cun',19227),('cui',19235),('cuan',19238),('cu',19242),('cou',19243),('cong',19249),('ci',19261),('chuo',19263),('chun',19270),('chui',19275),('chuang',19281),('chuan',19288),('chuai',19289),('chu',19467),('chou',19479),('chong',19484),('chi',19500),('cheng',19515),('chen',19525),('che',19531),('chao',19540),('chang',19715),('chan',19725),('chai',19728),('cha',19739),('ceng',19741),('ce',19746),('cao',19751),('cang',19756),('can',19763),('cai',19774),('ca',19775),('bu',19784),('bo',19805),('bing',19976),('bin',19982),('bie',19986),('biao',19990),('bian',20002),('bi',20026),('beng',20032),('ben',20036),('bei',20051),('bao',20230),('bang',20242),('ban',20257),('bai',20265),('ba',20283),('ao',20292),('ang',20295),('an',20304),('ai',20317),('a',20319);
/*!40000 ALTER TABLE `t_base_pinyin` ENABLE KEYS */;
UNLOCK TABLES;

--
-- Table structure for table `t_clm_accident`
--

DROP TABLE IF EXISTS `t_clm_accident`;
/*!40101 SET @saved_cs_client     = @@character_set_client */;
/*!40101 SET character_set_client = utf8 */;
CREATE TABLE `t_clm_accident` (
  `ACCIDENT_UUID` varchar(32) NOT NULL COMMENT '事故信息流水号',
  `ORGAN_ID` bigint(20) NOT NULL COMMENT '租户ID',
  `REPORT_UUID` varchar(32) NOT NULL COMMENT '报案流水号',
  `ACCIDENT_REASON` varchar(3) DEFAULT NULL COMMENT '事故原因',
  `ACCIDENT_DATE` date DEFAULT NULL COMMENT '事故时间',
  `CLM_TYPE_CODE` varchar(30) DEFAULT NULL COMMENT '理赔类型',
  `DEATH_FLAG` char(1) DEFAULT NULL COMMENT '是否死亡',
  `HOSPITAL_FLAG` char(1) DEFAULT NULL COMMENT '是否住院',
  `OTHER_APPLY` char(1) DEFAULT NULL COMMENT '是否申请第三方补偿',
  `ACCIDENT_DESC` text COMMENT '事故经过描述',
  `CREATE_BY` bigint(20) DEFAULT NULL COMMENT '记录创建人',
  `CREATE_TIME` datetime DEFAULT NULL COMMENT '记录创建时间',
  `UPDATE_BY` bigint(20) DEFAULT NULL COMMENT '记录更新人',
  `UPDATE_TIME` datetime DEFAULT NULL COMMENT '记录更新时间',
  `UPDATE_TIMESTAMP` datetime DEFAULT NULL COMMENT '记录更新时间戳',
  `CREATE_TIMESTAMP` datetime DEFAULT NULL COMMENT '记录创建时间戳',
  PRIMARY KEY (`ACCIDENT_UUID`),
  KEY `FK_REFERENCE_21` (`REPORT_UUID`),
  CONSTRAINT `FK_REFERENCE_21` FOREIGN KEY (`REPORT_UUID`) REFERENCES `t_clm_report` (`REPORT_UUID`)
) ENGINE=InnoDB DEFAULT CHARSET=utf8 COMMENT='事故信息表';
/*!40101 SET character_set_client = @saved_cs_client */;

--
-- Dumping data for table `t_clm_accident`
--

LOCK TABLES `t_clm_accident` WRITE;
/*!40000 ALTER TABLE `t_clm_accident` DISABLE KEYS */;
/*!40000 ALTER TABLE `t_clm_accident` ENABLE KEYS */;
UNLOCK TABLES;

--
-- Table structure for table `t_clm_account`
--

DROP TABLE IF EXISTS `t_clm_account`;
/*!40101 SET @saved_cs_client     = @@character_set_client */;
/*!40101 SET character_set_client = utf8 */;
CREATE TABLE `t_clm_account` (
  `ACC_UID` varchar(32) NOT NULL COMMENT '报案账户流水号',
  `ORGAN_ID` bigint(20) NOT NULL COMMENT '租户ID',
  `REPORT_UUID` varchar(32) DEFAULT NULL COMMENT '报案流水号',
  `BANK_CODE` varchar(3) DEFAULT NULL COMMENT '银行代码',
  `ACCOUNT_NAME` varchar(50) DEFAULT NULL COMMENT '账户名称',
  `ACCOUNT_NO` varchar(40) DEFAULT NULL COMMENT '银行帐号',
  `ACCOUNT_PHONE` varchar(20) DEFAULT NULL COMMENT '手机号',
  `CREATE_BY` bigint(20) DEFAULT NULL COMMENT '记录创建人',
  `CREATE_TIME` datetime DEFAULT NULL COMMENT '记录创建时间',
  `UPDATE_BY` bigint(20) DEFAULT NULL COMMENT '记录更新人',
  `UPDATE_TIME` datetime DEFAULT NULL COMMENT '记录更新时间',
  `UPDATE_TIMESTAMP` datetime DEFAULT NULL COMMENT '记录更新时间戳',
  `CREATE_TIMESTAMP` datetime DEFAULT NULL COMMENT '记录创建时间戳',
  PRIMARY KEY (`ACC_UID`),
  KEY `FK_REFERENCE_24` (`REPORT_UUID`),
  CONSTRAINT `FK_REFERENCE_24` FOREIGN KEY (`REPORT_UUID`) REFERENCES `t_clm_report` (`REPORT_UUID`)
) ENGINE=InnoDB DEFAULT CHARSET=utf8 COMMENT='报案账户信息表';
/*!40101 SET character_set_client = @saved_cs_client */;

--
-- Dumping data for table `t_clm_account`
--

LOCK TABLES `t_clm_account` WRITE;
/*!40000 ALTER TABLE `t_clm_account` DISABLE KEYS */;
/*!40000 ALTER TABLE `t_clm_account` ENABLE KEYS */;
UNLOCK TABLES;

--
-- Table structure for table `t_clm_data`
--

DROP TABLE IF EXISTS `t_clm_data`;
/*!40101 SET @saved_cs_client     = @@character_set_client */;
/*!40101 SET character_set_client = utf8 */;
CREATE TABLE `t_clm_data` (
  `DATA_UUID` varchar(32) NOT NULL COMMENT '事故资料流水号',
  `ORGAN_ID` bigint(20) NOT NULL COMMENT '租户ID',
  `REPORT_UUID` varchar(32) NOT NULL COMMENT '报案流水号',
  `CHECKLIST_ITEM` varchar(32) DEFAULT NULL COMMENT '理赔单证号码',
  `CLM_DATA_FLAG` varchar(1) DEFAULT NULL COMMENT '原/复印件标识  1:原件  2:复印件',
  `CLM_AMOUNT` decimal(12,2) DEFAULT NULL COMMENT '索赔金额',
  `CLM_DATA_URL` varchar(200) DEFAULT NULL COMMENT '理赔文件路径',
  `CLM_DATA_STATUS` varchar(1) DEFAULT NULL COMMENT '文件审核状态',
  `FILE_NAME` varchar(50) DEFAULT NULL COMMENT '文件名称',
  `FILE_TYPE` varchar(10) DEFAULT NULL COMMENT '文件类型',
  `FILE_SIZE` varchar(32) DEFAULT NULL COMMENT '文件大小',
  `SORT_NO` int(11) DEFAULT NULL COMMENT '当前文件序号',
  `UPLOAD_DATE` date DEFAULT NULL COMMENT '文件上传时间',
  `CREATE_BY` bigint(20) DEFAULT NULL COMMENT '记录创建人',
  `CREATE_TIME` datetime DEFAULT NULL COMMENT '记录创建时间',
  `UPDATE_BY` bigint(20) DEFAULT NULL COMMENT '记录更新人',
  `UPDATE_TIME` datetime DEFAULT NULL COMMENT '记录更新时间',
  `UPDATE_TIMESTAMP` datetime DEFAULT NULL COMMENT '记录更新时间戳',
  `CREATE_TIMESTAMP` datetime DEFAULT NULL COMMENT '记录创建时间戳',
  PRIMARY KEY (`DATA_UUID`),
  KEY `FK_REFERENCE_23` (`REPORT_UUID`),
  CONSTRAINT `FK_REFERENCE_23` FOREIGN KEY (`REPORT_UUID`) REFERENCES `t_clm_report` (`REPORT_UUID`)
) ENGINE=InnoDB DEFAULT CHARSET=utf8 COMMENT='事故资料表';
/*!40101 SET character_set_client = @saved_cs_client */;

--
-- Dumping data for table `t_clm_data`
--

LOCK TABLES `t_clm_data` WRITE;
/*!40000 ALTER TABLE `t_clm_data` DISABLE KEYS */;
/*!40000 ALTER TABLE `t_clm_data` ENABLE KEYS */;
UNLOCK TABLES;

--
-- Table structure for table `t_clm_insured`
--

DROP TABLE IF EXISTS `t_clm_insured`;
/*!40101 SET @saved_cs_client     = @@character_set_client */;
/*!40101 SET character_set_client = utf8 */;
CREATE TABLE `t_clm_insured` (
  `INSURED_UUID` varchar(32) NOT NULL COMMENT '流水号主键',
  `ORGAN_ID` bigint(20) NOT NULL COMMENT '租户ID',
  `REPORT_UUID` varchar(32) NOT NULL COMMENT '报案流水号',
  `INSURED_CUST_ID` bigint(32) DEFAULT NULL COMMENT '出险人客户号',
  `INSURED_NAME` varchar(10) DEFAULT NULL COMMENT '出险人姓名',
  `CERTI_TYPE` varchar(3) DEFAULT NULL COMMENT '证件类型',
  `CERTI_CODE` varchar(40) DEFAULT NULL COMMENT '证件号码',
  `INSURED_PHONE` varchar(20) DEFAULT NULL COMMENT '出险人手机号',
  `CREATE_BY` bigint(20) DEFAULT NULL COMMENT '记录创建人',
  `CREATE_TIME` datetime DEFAULT NULL COMMENT '记录创建时间',
  `UPDATE_BY` bigint(20) DEFAULT NULL COMMENT '记录更新人',
  `UPDATE_TIME` datetime DEFAULT NULL COMMENT '记录更新时间',
  `UPDATE_TIMESTAMP` datetime DEFAULT NULL COMMENT '记录更新时间戳',
  `CREATE_TIMESTAMP` datetime DEFAULT NULL COMMENT '记录创建时间戳',
  PRIMARY KEY (`INSURED_UUID`),
  KEY `FK_REFERENCE_22` (`REPORT_UUID`),
  CONSTRAINT `FK_REFERENCE_22` FOREIGN KEY (`REPORT_UUID`) REFERENCES `t_clm_report` (`REPORT_UUID`)
) ENGINE=InnoDB DEFAULT CHARSET=utf8 COMMENT='理赔申请出险人信息表';
/*!40101 SET character_set_client = @saved_cs_client */;

--
-- Dumping data for table `t_clm_insured`
--

LOCK TABLES `t_clm_insured` WRITE;
/*!40000 ALTER TABLE `t_clm_insured` DISABLE KEYS */;
/*!40000 ALTER TABLE `t_clm_insured` ENABLE KEYS */;
UNLOCK TABLES;

--
-- Table structure for table `t_clm_report`
--

DROP TABLE IF EXISTS `t_clm_report`;
/*!40101 SET @saved_cs_client     = @@character_set_client */;
/*!40101 SET character_set_client = utf8 */;
CREATE TABLE `t_clm_report` (
  `REPORT_UUID` varchar(32) NOT NULL COMMENT '报案流水号',
  `ORGAN_ID` bigint(20) NOT NULL COMMENT '租户ID',
  `CLIENT_CODE` varchar(5) DEFAULT NULL COMMENT '客户端代码',
  `REPORT_ID` bigint(20) DEFAULT NULL COMMENT '报案号',
  `USER_ID` bigint(20) DEFAULT NULL COMMENT '报案人ID',
  `USER_NAME` varchar(20) DEFAULT NULL COMMENT '报案人姓名',
  `CERTI_TYPE` varchar(3) DEFAULT NULL COMMENT '证件类型',
  `CERTI_CODE` varchar(40) DEFAULT NULL COMMENT '证件号码',
  `REPORT_PHONE` varchar(20) DEFAULT NULL COMMENT '报案人手机号',
  `RELATION_TO_INSURED` varchar(2) DEFAULT NULL COMMENT '与出险人关系',
  `REPORT_DATE` date DEFAULT NULL COMMENT '报案时间',
  `REPORT_STATUS` varchar(1) DEFAULT NULL COMMENT '报案状态',
  `CREATE_BY` bigint(20) DEFAULT NULL COMMENT '记录创建人',
  `CREATE_TIME` datetime DEFAULT NULL COMMENT '记录创建时间',
  `UPDATE_BY` bigint(20) DEFAULT NULL COMMENT '记录更新人',
  `UPDATE_TIME` datetime DEFAULT NULL COMMENT '记录更新时间',
  `UPDATE_TIMESTAMP` datetime DEFAULT NULL COMMENT '记录更新时间戳',
  `CREATE_TIMESTAMP` datetime DEFAULT NULL COMMENT '记录创建时间戳',
  PRIMARY KEY (`REPORT_UUID`)
) ENGINE=InnoDB DEFAULT CHARSET=utf8 COMMENT='在线报案主表';
/*!40101 SET character_set_client = @saved_cs_client */;

--
-- Dumping data for table `t_clm_report`
--

LOCK TABLES `t_clm_report` WRITE;
/*!40000 ALTER TABLE `t_clm_report` DISABLE KEYS */;
/*!40000 ALTER TABLE `t_clm_report` ENABLE KEYS */;
UNLOCK TABLES;

--
-- Table structure for table `t_code`
--

DROP TABLE IF EXISTS `t_code`;
/*!40101 SET @saved_cs_client     = @@character_set_client */;
/*!40101 SET character_set_client = utf8 */;
CREATE TABLE `t_code` (
  `LABEL_NAME` varchar(50) COLLATE utf8_bin NOT NULL DEFAULT '',
  `TABLE_NAME` varchar(40) COLLATE utf8_bin NOT NULL,
  `TABLE_DESC` varchar(200) COLLATE utf8_bin DEFAULT NULL,
  `ID_COLUMN` varchar(40) COLLATE utf8_bin DEFAULT NULL,
  `ID_COLUMN_TYPE` varchar(40) COLLATE utf8_bin DEFAULT NULL,
  `DESC_COLUMN` varchar(40) COLLATE utf8_bin DEFAULT NULL,
  `ORDER_COLUMN` varchar(40) COLLATE utf8_bin DEFAULT NULL,
  `CODE_COLUMN` varchar(40) COLLATE utf8_bin DEFAULT NULL,
  `NEED_CACHE` char(1) COLLATE utf8_bin DEFAULT 'Y',
  `NOT_EXISTS_MSG` varchar(200) COLLATE utf8_bin DEFAULT NULL,
  `INSERT_TIME` datetime NOT NULL DEFAULT CURRENT_TIMESTAMP,
  `UPDATE_TIME` datetime NOT NULL DEFAULT CURRENT_TIMESTAMP,
  `DATA_FILTER` varchar(200) COLLATE utf8_bin DEFAULT NULL,
  PRIMARY KEY (`LABEL_NAME`)
) ENGINE=InnoDB DEFAULT CHARSET=utf8 COLLATE=utf8_bin;
/*!40101 SET character_set_client = @saved_cs_client */;

--
-- Dumping data for table `t_code`
--

LOCK TABLES `t_code` WRITE;
/*!40000 ALTER TABLE `t_code` DISABLE KEYS */;
INSERT INTO `t_code` VALUES ('D_ACCIDENT_STATUS','D_ACCIDENT_STATUS','','CODE','S','NAME','CODE','CODE','Y',NULL,'2016-04-06 17:17:28','2016-04-06 17:17:30',NULL),('D_API_TYPE','D_API_TYPE','API','CODE','S','NAME','CODE','CODE','Y',NULL,'2016-02-05 14:12:49','2016-02-05 14:12:49',NULL),('D_APPRAISAL_AGENCY','D_APPRAISAL_AGENCY','','CODE','S','NAME','CODE','CODE','Y',NULL,'2016-04-06 19:52:45','2016-04-06 19:52:46',NULL),('D_APP_SYSTEM','D_APP_SYSTEM','ϵͳ','CODE','S','NAME','CODE','CODE','Y',NULL,'2016-02-05 14:12:49','2016-02-05 14:12:49',NULL),('D_BANK','D_BANK','','CODE','S','NAME','CODE','CODE','Y',NULL,'2016-04-27 15:47:54','2016-04-27 15:47:59',NULL),('D_CAPITAL_TYPE','D_CAPITAL_TYPE','','CODE','S','NAME','CODE','CODE','Y',NULL,'2015-12-30 15:47:02','2015-12-30 15:47:02',NULL),('D_CERTI_TYPE','D_CERTI_TYPE','֤','CODE','S','NAME','CODE','CODE','Y','Null','2016-01-08 10:47:09','2016-01-08 10:47:13',NULL),('D_CHARGE_MODE','D_CHARGE_MODE','','CHARGE_MODE','S','CHARGE_NAME','CHARGE_MODE','CHARGE_MODE','Y',NULL,'2015-12-31 11:59:39','2015-12-31 11:59:39',NULL),('D_CHECKLIST_ITEM_STATUS','D_CHECKLIST_ITEM_STATUS','','CODE','S','NAME','CODE','CODE','Y',NULL,'2016-04-06 13:53:53','2016-04-06 13:53:55',NULL),('D_CHECKLIST_STATUS','D_CHECKLIST_STATUS','checkListStatus','CODE','S','NAME','CODE','CODE','Y',NULL,'2016-03-31 00:00:00','2016-03-31 00:00:00',NULL),('D_CITY','D_CITY','','CODE','S','NAME','CODE','CODE','Y',NULL,'2015-12-31 11:58:58','2015-12-31 11:58:58',NULL),('D_CLAIM_NATURE','D_CLAIM_NATURE','','CODE','S','NAME','CODE','CODE','Y',NULL,'2016-04-06 16:25:29','2016-04-06 16:25:31',NULL),('D_CLAIM_REAL','D_CUST_RELA','','CODE','S','NAME','CODE','CODE','Y',NULL,'2016-03-18 11:32:44','2016-03-18 11:32:46',NULL),('D_CLAIM_TYPE','D_CLAIM_TYPE','','CODE','S','NAME','CODE','CODE','Y',NULL,'2016-04-06 15:46:40','2016-04-06 15:46:42',NULL),('D_CMS_TYPE','D_CMS_TYPE','','CODE','S','NAME','CODE','CODE','Y',NULL,'2016-03-28 17:49:51','2016-03-28 17:49:51',NULL),('D_COMMON_STATUS','D_COMMON_STATUS','ͳһ״̬','CODE','S','NAME','CODE','CODE','Y',NULL,'2016-02-24 00:00:00','2016-02-24 00:00:00',NULL),('D_CUST_RELA','D_CUST_RELA','','CODE','S','NAME','CODE','CODE','Y',NULL,'2016-04-18 18:21:52','2016-04-18 18:21:52',NULL),('D_DEFORMITY_ITEM','D_DEFORMITY_ITEM','','CODE','S','NAME','CODE','CODE','Y',NULL,'2016-04-06 19:46:35','2016-04-06 19:46:40',NULL),('D_DIAGNOSE_CODE','D_DIAGNOSE_CODE','','CODE','S','NAME','CODE','CODE','Y',NULL,'2016-04-06 16:58:22','2016-04-06 16:58:23',NULL),('D_DISTRICT','D_DISTRICT','','CODE','S','NAME','CODE','CODE','Y',NULL,'2015-12-31 11:58:28','2015-12-31 11:58:28',NULL),('D_DOCUMENT_TYPE','D_DOCUMENT_TYPE','','CODE','S','NAME','CODE','CODE','Y','Null','2016-01-26 12:02:47','2016-01-26 12:02:47','Null'),('D_EC_CHANNEL_TYPE','D_EC_CHANNEL_TYPE','','CODE','S','NAME','CODE','CODE','Y',NULL,'2016-04-14 09:44:35','2016-04-14 09:44:37',NULL),('D_EC_CHL_STATUS','D_COMMON_STATUS','Ƶ','CODE','S','NAME','CODE','CODE','Y',NULL,'2016-04-18 14:00:27','2016-04-18 14:00:27','CODE = \'06\' or CODE = \'07\''),('D_EC_FILTER_TYPE','D_EC_FILTER_TYPE','','CODE','S','NAME','CODE','CODE','Y',NULL,'2016-04-14 11:14:21','2016-04-14 11:14:24',NULL),('D_EC_LINK_OPTION','D_EC_LINK_OPTION','','CODE','S','NAME','CODE','CODE','Y',NULL,'2016-03-02 14:30:27','2016-03-02 14:30:27',NULL),('D_EDUCATION','D_EDUCATION','ѧ','CODE','S','NAME','CODE','CODE','Y',NULL,'2016-01-06 14:52:26','2016-01-06 14:52:26',NULL),('D_EFORMITY_GRADE','D_EFORMITY_GRADE','','CODE','S','NAME','CODE','CODE','Y',NULL,'2016-04-06 19:46:32','2016-04-06 19:46:38',NULL),('D_EFORMITY_TYPE','D_EFORMITY_TYPE','','CODE','S','NAME','CODE','CODE','Y',NULL,'2016-04-06 19:46:30','2016-04-06 19:46:37',NULL),('D_FEE_TABLE','D_FEE_TABLE','','FEE_TABLE_CODE','S','FEE_TABLE_NAME','FEE_TABLE_CODE','FEE_TABLE_CODE','N',NULL,'2016-04-13 20:08:07','2016-04-13 20:08:09',NULL),('D_HOSPITAL','D_HOSPITAL','ҽԺ','CODE','S','NAME','CODE','CODE','Y',NULL,'2016-04-06 16:46:39','2016-04-06 16:46:42',NULL),('D_INDUSTRY','D_INDUSTRY','','CODE','S','NAME','CODE','CODE','Y',NULL,'2015-12-31 11:57:58','2015-12-31 11:57:58',NULL),('D_INPUT_STYLE','D_INPUT_STYLE','','STYLE_CODE','S','STYLE_NAME','STYLE_CODE','STYLE_CODE','Y',NULL,'2015-12-28 15:45:54','2015-12-28 15:45:54',NULL),('D_LIABILITY_TYPE','D_LIABILITY_TYPE','','CODE','S','NAME','CODE','CODE','Y',NULL,'2016-03-31 10:47:50','2016-03-31 10:47:52',NULL),('D_LIAB_CLAUSE_PARAM','D_LIAB_CLAUSE_PARAM','','CODE','S','NAME','CODE','CODE','Y',NULL,'2016-03-11 17:14:53','2016-03-11 17:15:00',NULL),('D_MKT_ACT','D_MKT_ACT','Ӫ','CODE','S','NAME','CODE','CODE','N',NULL,'2016-03-23 16:58:55','2016-03-23 16:58:57',NULL),('D_MKT_ACT_ELEMENT','D_MKT_ACT_ELEMENT','Ӫ','CODE','S','NAME','CODE','CODE','N',NULL,'2015-12-31 11:44:58','2015-12-31 11:44:58',NULL),('D_MKT_PROD_ELEMENT','D_MKT_PROD_ELEMENT','','CODE','L','NAME','CODE','CODE','N',NULL,'2016-03-24 14:37:41','2016-03-24 14:37:44',NULL),('D_MKT_PROD_LIMIT_TYPE','D_MKT_PROD_LIMIT_TYPE','','CODE','S','NAME','CODE','CODE','Y',NULL,'2016-03-25 12:54:22','2016-03-25 12:54:24',NULL),('D_MKT_PROD_STATUS','D_MKT_PROD_STATUS','Ӫ','CODE','S','NAME','CODE','CODE','Y',NULL,'2016-03-15 09:41:52','2016-03-15 09:41:54',NULL),('D_MKT_SHARE_MODE','D_MKT_SHARE_MODE','','CODE','L','NAME','CODE','CODE','N',NULL,'2016-04-05 16:01:20','2016-04-05 16:01:21',NULL),('D_PROP_STATUS','D_PROP_STATUS','Ͷ','CODE','S','NAME','CODE','CODE','Y',NULL,'2015-12-31 11:56:17','2015-12-31 11:56:17',NULL),('D_PROVINCE','D_PROVINCE','ʡ','CODE','S','NAME','CODE','CODE','Y',NULL,'2015-12-31 11:55:54','2015-12-31 11:55:54',NULL),('D_RATE_TABLE_ALIAS','D_RATE_TABLE_ALIAS','','CODE','S','NAME','CODE','CODE','Y',NULL,'2016-03-28 18:09:07','2016-03-28 18:09:11',NULL),('D_SALES_CHANNEL','D_SALES_CHANNEL','','CODE','S','NAME','CODE','CODE','Y',NULL,'2016-01-06 14:54:45','2016-01-06 14:54:45',NULL),('D_SALES_MODE','D_SALES_MODE','','CODE','S','NAME','CODE','CODE','Y',NULL,'2016-03-24 11:49:45','2016-03-24 11:49:47',NULL),('D_SERVICE','D_SERVICE','','CODE','S','NAME','CODE','CODE','Y',NULL,'2016-01-06 14:54:45','2016-01-06 14:54:45',NULL),('D_SMS_TASK_STATUS','D_COMMON_STATUS','','CODE','S','NAME','CODE','CODE','Y',NULL,'2016-03-02 14:30:27','2016-03-02 14:30:27','CODE = \'01\' or CODE = \'04\' or CODE = \'05\''),('D_SMS_TMPL_STATUS','D_COMMON_STATUS','','CODE','S','NAME','CODE','CODE','Y',NULL,'2016-03-02 14:30:27','2016-03-02 14:30:27','CODE = \'06\' or CODE = \'07\''),('D_SYSTEM','D_SYSTEM','','CODE','S','NAME','CODE','CODE','Y',NULL,'2016-03-03 21:01:44','2016-03-03 21:01:44',NULL),('D_TRANS_HANDLER_TYPE','D_TRANS_HANDLER_TYPE','','CODE','S','NAME','CODE','CODE','Y',NULL,'2016-02-24 17:16:31','2016-02-24 17:16:31',NULL),('EC_PRODUCT_CATE','T_EC_CHANNEL','','CHANNEL_ID','L','CHANNEL_NAME','CHANNEL_ID','CHANNEL_ID','N',NULL,'2016-04-13 15:59:32','2016-04-13 15:59:32','CHANNEL_TYPE=\'001\' and CLASS_ORDER = 1'),('T_CMS_TYPE','T_CMS_TYPE','','CODE','S','NAME','CODE','CODE','Y',NULL,'2016-03-21 16:46:31','2016-03-21 16:46:31',NULL),('T_COMPANY_ORGAN','T_COMPANY_ORGAN','','ORGAN_ID','L','ORGAN_NAME','ORGAN_ID','ORGAN_ID','N',NULL,'2016-01-08 15:53:13','2016-01-08 15:53:13',NULL),('T_CONF_DOMAIN','T_CONF_DOMAIN','','DOMAIN_CODE','S','DOMAIN_NAME',NULL,'DOMAIN_CODE',NULL,NULL,'2015-12-28 11:59:11','2015-12-28 11:59:11',NULL),('T_CONF_FORMULA','T_CONF_FORMULA','','FORMULA_ID','L','FORMULA_NAME',NULL,'FORMULA_NAME','N',NULL,'2015-12-03 13:57:04','2015-12-03 13:57:04',NULL),('T_CONF_TOPIC','T_CONF_TOPIC','','TOPIC_CODE','S','TOPIC_NAME','TOPIC_CODE','TOPIC_CODE','N',NULL,'2015-12-03 03:00:15','2015-12-03 03:00:15','DEPRECATED_YN = \'N\''),('T_CURRENCY','T_CURRENCY','','CURRENCY_CODE','S','CURRENCY_NAME','CURRENCY_CODE','CURRENCY_CODE','Y',NULL,'2015-12-31 11:54:32','2015-12-31 11:54:32',NULL),('T_DATA_TEMPLATE','T_DATA_TEMPLATE','','DATA_TEMPLATE_ID','L','TEMPLATE_NAME',NULL,'DATA_TEMPLATE_ID','N',NULL,'2015-12-28 10:58:08','2015-12-28 10:58:08',NULL),('T_DEPARTMENT','T_DEPARTMENT','','DEPART_ID','L','NAME','DEPART_ID','DEPART_ID','Y','','2016-01-08 13:37:19','2016-01-08 13:37:19',''),('T_EC_CHANNEL','T_EC_CHANNEL','','CHANNEL_ID','L','CHANNEL_NAME','CHANNEL_ID','CHANNEL_ID','N',NULL,'2016-04-14 10:01:53','2016-04-14 10:01:58',NULL),('T_GENDER','D_GENDER','','CODE','S','NAME','CODE','CODE','Y',NULL,'2015-12-31 11:53:21','2015-12-31 11:53:21',NULL),('T_GRP_PRODUCT','T_GRP_PRODUCT','','GRP_PROD_ID','L','PRODUCT_ID','PRODUCT_ID','PRODUCT_ID','Y',NULL,'2016-03-16 10:57:22','2016-03-16 10:57:24',NULL),('T_INSURANCE_OBJECT','T_INSURANCE_OBJECT','','OBJECT_CODE','S','OBJECT_NAME',NULL,'OBJECT_CODE','Y',NULL,'2015-12-03 10:47:06','2015-12-03 10:47:06',NULL),('T_JOB_CATEGORY','T_JOB_CATEGORY','ְҵ','JOB_CODE','S','JOB_NAME','JOB_CODE','JOB_CODE','Y',NULL,'2015-12-31 11:52:44','2015-12-31 11:52:44',NULL),('T_JOB_NATURE','T_JOB_NATURE','','NATURE_ID','S','NATURE_DESC','NATURE_ID','NATURE_ID','Y',NULL,'2015-12-31 11:51:58','2015-12-31 11:51:58',NULL),('T_LIABILITY_CATEGORY','D_LIABILITY_CATEGORY','','CODE','S','NAME','CODE','CODE','Y',NULL,'2015-12-08 10:55:48','2015-12-08 10:55:48',NULL),('T_LIABILITY_TYPE','D_LIABILITY_TYPE','','CODE','S','NAME','CODE','CODE','Y',NULL,'2015-12-04 18:22:51','2015-12-04 18:22:51',NULL),('T_MKT_PRODUCT','T_MKT_PRODUCT','Ӫ','MKT_PROD_CODE','S','MKT_PROD_NAME','MKT_PROD_CODE','MKT_PROD_CODE','N',NULL,'2016-03-14 19:02:25','2016-03-29 19:02:28',NULL),('T_MKT_PRODUCT_CODE_NAME','T_MKT_PRODUCT','Ӫ','MKT_PROD_CODE','S','MKT_PROD_NAME','MKT_PROD_CODE','MKT_PROD_CODE','N',NULL,'2016-04-13 11:57:21','2016-04-13 11:57:23',NULL),('T_MKT_PROD_NAME','T_MKT_PROD_NAME','Ӫ','MKT_PROD_ID','L','MKT_PROD_NAME','MKT_PROD_ID','MKT_PROD_ID','N',NULL,'2016-04-13 16:28:49','2016-04-13 16:28:49',NULL),('T_NATIONALITY','D_COUNTRY','','CODE','S','NAME','CODE','CODE','Y',NULL,'2015-12-31 11:51:37','2015-12-31 11:51:37',NULL),('T_ORGAN_TYPE','T_ORGAN_TYPE','','ORGAN_TYPE','S','TYPE_NAME','ORGAN_TYPE','ORGAN_TYPE','Y',NULL,'2015-12-31 11:50:29','2015-12-31 11:50:29',NULL),('T_PAY_MODE','','֧','PAY_MODE','S','NAME','PAY_MODE','PAY_MODE','Y',NULL,'2015-12-31 11:49:47','2015-12-31 11:49:47',NULL),('T_PERIOD_TYPE','T_PERIOD_TYPE','','PERIOD_TYPE','L','TYPE_NAME','PERIOD_TYPE','TYPE_NAME','Y',NULL,'2015-12-04 02:32:47','2015-12-04 02:32:47',NULL),('T_PERSON_RELATIONSHIP','T_PERSON_RELATIONSHIP','','TYPE','S','NAME','TYPE','TYPE','Y',NULL,'2015-12-31 11:49:18','2015-12-31 11:49:18',NULL),('T_PRODUCT_ATTCH','T_PRODUCT_ATTCH','','ATTCH_TYPE','S','TYPE_NAME','ATTCH_TYPE','TYPE_NAME','Y',NULL,'2015-12-04 02:25:31','2015-12-04 02:25:31',NULL),('T_PRODUCT_CODE','T_PRODUCT','','PRODUCT_ID','L','PRODUCT_CODE','PRODUCT_CODE','PRODUCT_CODE','N',NULL,'2016-03-15 14:28:51','2016-03-15 14:28:55',NULL),('T_PRODUCT_LINE','T_PRODUCT_LINE','','PROD_LINE_CODE','S','PROD_LINE_NAME',NULL,'PROD_LINE_NAME','Y',NULL,'2015-12-03 10:37:25','2015-12-03 10:37:25',NULL),('T_PRODUCT_NAME','T_PRODUCT','','PRODUCT_ID','L','PRODUCT_NAME','PRODUCT_NAME','PRODUCT_CODE','N',NULL,'2016-03-15 14:28:51','2016-03-15 14:28:55',NULL),('T_PROD_BIZ_CATEGORY','T_PROD_BIZ_CATEGORY','','CATEGORY_ID','S','CATEGORY_NAME','CATEGORY_ID','CATEGORY_NAME','Y',NULL,'2015-12-03 13:06:53','2015-12-03 13:06:53',NULL),('T_PROD_GROUP_CODE','T_PROD_GROUP','','GROUP_ID','L','GROUP_CODE','GROUP_ID','GROUP_ID','Y',NULL,'2016-03-16 13:39:43','2016-03-16 13:39:45',NULL),('T_PROD_GROUP_NAME','T_PROD_GROUP','','GROUP_ID','L','GROUP_NAME','GROUP_ID','GROUP_ID','Y',NULL,'2016-03-16 11:45:04','2016-03-16 11:45:07',NULL),('T_PROPOSAL_TYPE','T_PROPOSAL_TYPE','Ͷ','TYPE','S','NAME','TYPE','TYPE','Y',NULL,'2015-12-31 11:48:32','2015-12-31 11:48:32',NULL),('T_PWD_ARITHMETIC','T_PWD_ARITHMETIC','','ARITHMETIC_ID','L','NAME','ARITHMETIC_ID','ARITHMETIC_ID','N',NULL,'2016-01-04 19:16:03','2016-01-04 19:16:03',NULL),('T_RULE_NAME','t_conf_rule_template','','RULE_ID','S','RULE_NAME','RULE_ID','RULE_ID','N',NULL,'2016-04-14 14:47:56','2016-04-14 14:47:58',NULL),('T_SALES_CHANNEL','T_SALES_CHANNEL','','CHANNEL_ID','S','CHANNEL_DESC','CHANNEL_ID','CHANNEL_ID','Y',NULL,'2015-12-31 11:46:24','2015-12-31 11:46:24',NULL),('T_SMS_SEND_TYPE','T_SMS_TYPE','','CODE','S','NAME','CODE','CODE','Y',NULL,'2016-03-04 11:37:10','2016-03-04 11:37:10','SMS_TYPE = \'smsSendType\''),('T_SMS_TYPE','T_SMS_TYPE','','CODE','S','NAME','CODE','CODE','Y',NULL,'2016-03-04 11:37:10','2016-03-04 11:37:10','SMS_TYPE = \'smsType\''),('T_TEMPLATE_TYPE','T_TEMPLATE_TYPE','ģ','\r\nTEMPLATE_TYPE','S','TYPE_NAME','TEMPLATE_TYPE','TEMPLATE_TYPE','N',NULL,'2015-12-15 16:57:25','2015-12-15 16:57:25',NULL),('T_TITLE','T_TITLE','ְ','TITLE_CODE','S','TITLE_NAME',NULL,'TITLE_CODE','Y',NULL,'2016-01-06 14:54:45','2016-01-06 14:54:47',NULL),('T_USER','T_USER','USER_NAME','USER_ID','USER_ID','USER_NAME','USER_ID','USER_ID','N',NULL,'2016-04-05 11:32:55','2016-04-05 11:32:59',NULL),('T_VALUE_TYPE','T_VALUE_TYPE','','VALUE_TYPE','S','VALUE_TYPE_NAME','VALUE_TYPE','VALUE_TYPE','Y',NULL,'2015-12-09 03:12:12','2015-12-09 03:12:12',NULL),('T_YES_NO','D_YES_NO','','CODE','S','NAME','CODE','CODE','Y',NULL,'2015-12-31 11:44:58','2015-12-31 11:44:58',NULL);
/*!40000 ALTER TABLE `t_code` ENABLE KEYS */;
UNLOCK TABLES;

--
-- Table structure for table `t_commodity_comment`
--

DROP TABLE IF EXISTS `t_commodity_comment`;
/*!40101 SET @saved_cs_client     = @@character_set_client */;
/*!40101 SET character_set_client = utf8 */;
CREATE TABLE `t_commodity_comment` (
  `COMMENT_ID` varchar(32) COLLATE utf8_bin NOT NULL COMMENT '评价ID，PK',
  `COMMODITY_TYPE` int(11) DEFAULT NULL COMMENT '商品类型',
  `RATING` int(11) DEFAULT NULL COMMENT '商品评价(5星级)1-5',
  `RECOMMENDER` varchar(30) COLLATE utf8_bin DEFAULT NULL COMMENT '评价人（会员）',
  `RATING_TIME` datetime DEFAULT NULL COMMENT '评价时间',
  `COMMODITY_ID` bigint(20) DEFAULT NULL COMMENT '营销产品ID',
  `COMMENT_CONTENT` varchar(100) COLLATE utf8_bin DEFAULT NULL COMMENT '评价内容',
  `SCENARIO_PREMIUM` decimal(14,2) DEFAULT NULL COMMENT '当时保费',
  PRIMARY KEY (`COMMENT_ID`)
) ENGINE=InnoDB DEFAULT CHARSET=utf8 COLLATE=utf8_bin COMMENT='产品评价';
/*!40101 SET character_set_client = @saved_cs_client */;

--
-- Dumping data for table `t_commodity_comment`
--

LOCK TABLES `t_commodity_comment` WRITE;
/*!40000 ALTER TABLE `t_commodity_comment` DISABLE KEYS */;
/*!40000 ALTER TABLE `t_commodity_comment` ENABLE KEYS */;
UNLOCK TABLES;

--
-- Table structure for table `t_commodity_order`
--

DROP TABLE IF EXISTS `t_commodity_order`;
/*!40101 SET @saved_cs_client     = @@character_set_client */;
/*!40101 SET character_set_client = utf8 */;
CREATE TABLE `t_commodity_order` (
  `ORDER_ID` varchar(32) NOT NULL COMMENT '订单ID',
  `MEMBER_ID` varchar(32) DEFAULT NULL COMMENT '会员ID',
  `ORDER_NO` varchar(32) DEFAULT NULL COMMENT '订单号',
  `MAKE_ORDER_TIME` datetime DEFAULT NULL COMMENT '下订单时间',
  `commodity_count` int(11) DEFAULT NULL COMMENT '订单商品数',
  `ORDER_CONFIRM_TIME` datetime DEFAULT NULL COMMENT '订单确认时间',
  `PAY_APPLY_TIME` datetime DEFAULT NULL COMMENT '订单支付申请时间',
  `PAY_TRY_TIMES` int(11) DEFAULT NULL COMMENT '支付尝试次数',
  `PAY_FINISH_TIME` datetime DEFAULT NULL COMMENT '支付完成时间',
  `ORDER_STATUS` int(11) DEFAULT NULL COMMENT '订单状态\n              ORDER_STATUS    \n                1- 待确认\n                2- 已经确认\n                3- 待支付\n                4- 自动取消（超时自动）\n                5- 客户手动取消\n                6- 后台维护取消\n            ',
  `ORGAN_ID` bigint(20) DEFAULT NULL COMMENT '租户ID',
  `TOTAL_AMOUNT` decimal(16,2) DEFAULT NULL COMMENT '总价',
  PRIMARY KEY (`ORDER_ID`)
) ENGINE=InnoDB DEFAULT CHARSET=utf8;
/*!40101 SET character_set_client = @saved_cs_client */;

--
-- Dumping data for table `t_commodity_order`
--

LOCK TABLES `t_commodity_order` WRITE;
/*!40000 ALTER TABLE `t_commodity_order` DISABLE KEYS */;
/*!40000 ALTER TABLE `t_commodity_order` ENABLE KEYS */;
UNLOCK TABLES;

--
-- Table structure for table `t_cs_application`
--

DROP TABLE IF EXISTS `t_cs_application`;
/*!40101 SET @saved_cs_client     = @@character_set_client */;
/*!40101 SET character_set_client = utf8 */;
CREATE TABLE `t_cs_application` (
  `CS_APPLICATION_ID` varchar(32) COLLATE utf8_bin NOT NULL COMMENT '申请ID',
  `MEMBER_ID` varchar(32) COLLATE utf8_bin DEFAULT NULL COMMENT '会员ID',
  `APPLY_TIME` datetime DEFAULT NULL COMMENT '申请时间',
  `SERVICE_APPLY_CODE` bigint(20) DEFAULT NULL COMMENT '保全受理号码',
  `SERVICE_TYPE` varchar(10) COLLATE utf8_bin DEFAULT NULL COMMENT '保全类型\n            \n            SELECT * FROM  `d_liability_category` WHERE parent_code=2;',
  `insert_time` datetime DEFAULT NULL COMMENT '创建时间',
  `update_time` datetime DEFAULT NULL COMMENT '更新时间',
  `apply_channel` varchar(30) COLLATE utf8_bin DEFAULT NULL COMMENT '申请渠道  1-eweb   2.wechat 3. callcenter 4.mail',
  `status` int(11) DEFAULT NULL COMMENT '申请状态  1-受理  0-录入中  2-取消',
  PRIMARY KEY (`CS_APPLICATION_ID`)
) ENGINE=InnoDB DEFAULT CHARSET=utf8 COLLATE=utf8_bin COMMENT='在线保全申请\n  当SERVICE_TYPE =10001 或10002 或10003时,修改信息保存在 T';
/*!40101 SET character_set_client = @saved_cs_client */;

--
-- Dumping data for table `t_cs_application`
--

LOCK TABLES `t_cs_application` WRITE;
/*!40000 ALTER TABLE `t_cs_application` DISABLE KEYS */;
/*!40000 ALTER TABLE `t_cs_application` ENABLE KEYS */;
UNLOCK TABLES;

--
-- Table structure for table `t_cs_contact_chg`
--

DROP TABLE IF EXISTS `t_cs_contact_chg`;
/*!40101 SET @saved_cs_client     = @@character_set_client */;
/*!40101 SET character_set_client = utf8 */;
CREATE TABLE `t_cs_contact_chg` (
  `changerecord_id` varchar(32) COLLATE utf8_bin NOT NULL COMMENT '数据修改信息ID',
  `CS_APPLICATION_ID` varchar(32) COLLATE utf8_bin DEFAULT NULL COMMENT '申请ID',
  `customer_id` bigint(20) DEFAULT NULL COMMENT '客户ID',
  `policy_id` varchar(10) COLLATE utf8_bin DEFAULT NULL COMMENT '保单ID',
  `address_Id` varchar(40) COLLATE utf8_bin DEFAULT NULL COMMENT '地址ID',
  `country_code` varchar(30) COLLATE utf8_bin DEFAULT NULL COMMENT '国家代码',
  `province_code` varchar(30) COLLATE utf8_bin DEFAULT NULL COMMENT '省份',
  `city_code` varchar(30) COLLATE utf8_bin DEFAULT NULL COMMENT '城市',
  `district_code` varchar(30) COLLATE utf8_bin DEFAULT NULL COMMENT '区县',
  `house_address` varchar(500) COLLATE utf8_bin DEFAULT NULL COMMENT '具体地址',
  `mobile` varchar(30) COLLATE utf8_bin DEFAULT NULL COMMENT '手机号码',
  `email` varchar(30) COLLATE utf8_bin DEFAULT NULL COMMENT '电子信箱',
  `insert_time` datetime DEFAULT NULL COMMENT '记录创建时间',
  `update_time` datetime DEFAULT NULL COMMENT '记录更新时间',
  PRIMARY KEY (`changerecord_id`),
  KEY `FK_CS_CONTACT_CHG__application` (`CS_APPLICATION_ID`),
  CONSTRAINT `FK_CS_CONTACT_CHG__application` FOREIGN KEY (`CS_APPLICATION_ID`) REFERENCES `t_cs_application` (`CS_APPLICATION_ID`)
) ENGINE=InnoDB DEFAULT CHARSET=utf8 COLLATE=utf8_bin COMMENT='联系信息修改';
/*!40101 SET character_set_client = @saved_cs_client */;

--
-- Dumping data for table `t_cs_contact_chg`
--

LOCK TABLES `t_cs_contact_chg` WRITE;
/*!40000 ALTER TABLE `t_cs_contact_chg` DISABLE KEYS */;
/*!40000 ALTER TABLE `t_cs_contact_chg` ENABLE KEYS */;
UNLOCK TABLES;

--
-- Table structure for table `t_cs_surrender`
--

DROP TABLE IF EXISTS `t_cs_surrender`;
/*!40101 SET @saved_cs_client     = @@character_set_client */;
/*!40101 SET character_set_client = utf8 */;
CREATE TABLE `t_cs_surrender` (
  `changerecord_id` varchar(32) COLLATE utf8_bin NOT NULL COMMENT '数据修改信息ID',
  `CS_APPLICATION_ID` varchar(32) COLLATE utf8_bin DEFAULT NULL COMMENT '申请ID',
  `customer_id` bigint(20) DEFAULT NULL COMMENT '客户ID',
  `policy_id` varchar(40) COLLATE utf8_bin DEFAULT NULL COMMENT '保单ID',
  `item_id` varchar(40) COLLATE utf8_bin DEFAULT NULL COMMENT '险种ID',
  `insert_time` datetime DEFAULT NULL COMMENT '记录创建时间',
  `update_time` datetime DEFAULT NULL COMMENT '记录更新时间',
  PRIMARY KEY (`changerecord_id`),
  KEY `fk_CS_SURRENDER__application` (`CS_APPLICATION_ID`),
  CONSTRAINT `fk_CS_SURRENDER__application` FOREIGN KEY (`CS_APPLICATION_ID`) REFERENCES `t_cs_application` (`CS_APPLICATION_ID`)
) ENGINE=InnoDB DEFAULT CHARSET=utf8 COLLATE=utf8_bin COMMENT='退保信息申请表';
/*!40101 SET character_set_client = @saved_cs_client */;

--
-- Dumping data for table `t_cs_surrender`
--

LOCK TABLES `t_cs_surrender` WRITE;
/*!40000 ALTER TABLE `t_cs_surrender` DISABLE KEYS */;
/*!40000 ALTER TABLE `t_cs_surrender` ENABLE KEYS */;
UNLOCK TABLES;

--
-- Table structure for table `t_customer`
--

DROP TABLE IF EXISTS `t_customer`;
/*!40101 SET @saved_cs_client     = @@character_set_client */;
/*!40101 SET character_set_client = utf8 */;
CREATE TABLE `t_customer` (
  `ORDER_ID` varchar(32) NOT NULL COMMENT '订单ID',
  `CUSTOMER_ID` bigint(20) NOT NULL,
  `NAME` varchar(100) NOT NULL,
  `GENDER` char(1) NOT NULL,
  `BIRTHDAY` date NOT NULL,
  `CERTI_TYPE` varchar(3) NOT NULL,
  `CERTI_CODE` varchar(40) NOT NULL,
  `CERTI_VALID_START_DATE` date DEFAULT NULL,
  `CERTI_VALID_END_DATE` date DEFAULT NULL,
  `MARRIAGE_ID` varchar(2) DEFAULT NULL,
  `EDUCATION_ID` varchar(2) DEFAULT NULL,
  `HEIGHT` decimal(4,1) DEFAULT NULL,
  `WEIGHT` decimal(5,2) DEFAULT NULL,
  `INCOME` decimal(10,0) DEFAULT NULL,
  `NATIONALITY` varchar(3) DEFAULT NULL,
  `COMPANY_NAME` varchar(100) DEFAULT NULL,
  `JOB_NAME` varchar(100) DEFAULT NULL,
  `INDUSTRY_ID` varchar(4) DEFAULT NULL,
  `JOB_CATE_ID` varchar(10) DEFAULT NULL,
  `COMPANY_KIND` varchar(2) DEFAULT NULL,
  `ACADEMIC_TITLE` varchar(3) DEFAULT NULL,
  `SMOKING` char(1) DEFAULT NULL,
  `Social_Security_Number` varchar(30) DEFAULT NULL,
  `IS_RETIRED` char(1) DEFAULT NULL,
  `level` varchar(2) DEFAULT NULL,
  `ADDRESS_ID` bigint(20) DEFAULT NULL,
  `MOBILE` varchar(20) DEFAULT NULL,
  `OFFICE_TEL` varchar(40) DEFAULT NULL,
  `HOME_TEL` varchar(40) DEFAULT NULL,
  `FAX` varchar(40) DEFAULT NULL,
  `FIRST_NAME` varchar(100) DEFAULT NULL,
  `MID_NAME` varchar(40) DEFAULT NULL,
  `LAST_NAME` varchar(40) DEFAULT NULL,
  `ALIAS_NAME` varchar(100) DEFAULT NULL,
  `RELIGION_CODE` varchar(3) DEFAULT NULL,
  `CHILD_COUNT` decimal(2,0) DEFAULT NULL,
  `STATUS` char(1) DEFAULT NULL,
  `DEATH_DATE` date DEFAULT NULL,
  `EMAIL_1` varchar(100) DEFAULT NULL,
  `EMAIL_2` varchar(100) DEFAULT NULL,
  `QQ` varchar(50) DEFAULT NULL,
  `WEIXIN` varchar(50) DEFAULT NULL,
  `WeiBo` varchar(100) DEFAULT NULL,
  `Web` varchar(200) DEFAULT NULL,
  `INSERT_TIME` datetime DEFAULT NULL,
  `UPDATE_TIME` datetime DEFAULT NULL,
  `INSERT_BY` bigint(20) DEFAULT NULL,
  `UPDATE_BY` bigint(20) DEFAULT NULL,
  PRIMARY KEY (`ORDER_ID`,`CUSTOMER_ID`)
) ENGINE=InnoDB DEFAULT CHARSET=utf8;
/*!40101 SET character_set_client = @saved_cs_client */;

--
-- Dumping data for table `t_customer`
--

LOCK TABLES `t_customer` WRITE;
/*!40000 ALTER TABLE `t_customer` DISABLE KEYS */;
/*!40000 ALTER TABLE `t_customer` ENABLE KEYS */;
UNLOCK TABLES;

--
-- Table structure for table `t_customer_address`
--

DROP TABLE IF EXISTS `t_customer_address`;
/*!40101 SET @saved_cs_client     = @@character_set_client */;
/*!40101 SET character_set_client = utf8 */;
CREATE TABLE `t_customer_address` (
  `ADDRESS_ID` bigint(20) NOT NULL,
  `ORDER_ID` varchar(32) DEFAULT NULL COMMENT '订单ID',
  `CUSTOMER_ID` bigint(20) DEFAULT NULL,
  `ADDRESS_TYPE` varchar(1) DEFAULT NULL,
  `ADDRESS_FORMAT_TYPE` varchar(1) DEFAULT NULL,
  `COUNTRY_CODE` varchar(3) DEFAULT NULL,
  `ADDRESS_FORMAT_1` varchar(200) DEFAULT NULL,
  `ADDRESS_FORMAT_2` varchar(100) DEFAULT NULL,
  `ADDRESS_FORMAT_3` varchar(100) DEFAULT NULL,
  `ADDRESS_FORMAT_4` varchar(100) DEFAULT NULL,
  `ADDRESS_1` varchar(100) DEFAULT NULL,
  `ADDRESS_2` varchar(100) DEFAULT NULL,
  `POST_CODE` varchar(10) DEFAULT NULL,
  `CONTACT_PERSON` varchar(100) DEFAULT NULL,
  `CONTACT_TEL` varchar(100) DEFAULT NULL,
  `CONTACT_MOBILE` varchar(100) DEFAULT NULL,
  `ADDRESS_STATUS` varchar(1) DEFAULT NULL,
  `TEL_FORMAT_TYPE` varchar(1) DEFAULT NULL,
  `INSERT_TIME` datetime DEFAULT NULL,
  `UPDATE_TIME` datetime DEFAULT NULL,
  `INSERT_BY` bigint(20) DEFAULT NULL,
  `UPDATE_BY` bigint(20) DEFAULT NULL,
  PRIMARY KEY (`ADDRESS_ID`)
) ENGINE=InnoDB DEFAULT CHARSET=utf8;
/*!40101 SET character_set_client = @saved_cs_client */;

--
-- Dumping data for table `t_customer_address`
--

LOCK TABLES `t_customer_address` WRITE;
/*!40000 ALTER TABLE `t_customer_address` DISABLE KEYS */;
/*!40000 ALTER TABLE `t_customer_address` ENABLE KEYS */;
UNLOCK TABLES;

--
-- Table structure for table `t_ec_channel_product`
--

DROP TABLE IF EXISTS `t_ec_channel_product`;
/*!40101 SET @saved_cs_client     = @@character_set_client */;
/*!40101 SET character_set_client = utf8 */;
CREATE TABLE `t_ec_channel_product` (
  `CHANNEL_ID` bigint(20) DEFAULT NULL,
  `PRODUCT_ID` bigint(20) DEFAULT NULL,
  `CREATE_BY` bigint(20) DEFAULT NULL,
  `CREATE_TIME` datetime DEFAULT NULL,
  `CREATE_TIMESTAMP` datetime DEFAULT NULL,
  `UPDATE_BY` bigint(20) DEFAULT NULL,
  `UPDATE_TIME` datetime DEFAULT NULL,
  `UPDATE_TIMESTAMP` datetime DEFAULT NULL
) ENGINE=InnoDB DEFAULT CHARSET=utf8;
/*!40101 SET character_set_client = @saved_cs_client */;

--
-- Dumping data for table `t_ec_channel_product`
--

LOCK TABLES `t_ec_channel_product` WRITE;
/*!40000 ALTER TABLE `t_ec_channel_product` DISABLE KEYS */;
INSERT INTO `t_ec_channel_product` VALUES (4,1,400,'2016-05-29 13:14:23','2016-05-29 13:14:38',400,'2016-05-29 13:14:23','2016-05-29 13:14:38'),(4,3,400,'2016-05-31 14:34:56','2016-05-31 14:36:01',400,'2016-05-31 14:34:56','2016-05-31 14:36:01');
/*!40000 ALTER TABLE `t_ec_channel_product` ENABLE KEYS */;
UNLOCK TABLES;

--
-- Table structure for table `t_ec_product`
--

DROP TABLE IF EXISTS `t_ec_product`;
/*!40101 SET @saved_cs_client     = @@character_set_client */;
/*!40101 SET character_set_client = utf8 */;
CREATE TABLE `t_ec_product` (
  `PRODUCT_ID` bigint(20) NOT NULL COMMENT '商品ID',
  `PRODUCT_CODE` varchar(30) COLLATE utf8_bin NOT NULL COMMENT '商品代码',
  `PRODUCT_NAME` varchar(200) COLLATE utf8_bin NOT NULL COMMENT '商品名称',
  `MKT_PRODUCT_ID` bigint(20) NOT NULL COMMENT '营销产品ID',
  `PRICE` decimal(12,2) DEFAULT NULL COMMENT '商品价格',
  `DISCOUNT_RATE` decimal(12,2) DEFAULT NULL COMMENT '折扣率',
  `DISCOUNT_PRICE` decimal(12,2) DEFAULT NULL COMMENT '折后价格',
  `REGISTER_CHANNEL` varchar(30) COLLATE utf8_bin NOT NULL COMMENT '注册渠道',
  `LINK_URL` varchar(200) COLLATE utf8_bin DEFAULT '0',
  `STATUS` varchar(30) COLLATE utf8_bin NOT NULL COMMENT '产品状态',
  `PROD_LINK_URL` varchar(300) COLLATE utf8_bin DEFAULT NULL COMMENT '商品链接',
  `CREATE_BY` bigint(20) NOT NULL COMMENT '创建人',
  `CREATE_TIME` datetime NOT NULL COMMENT '创建用户时间',
  `CREATE_TIMESTAMP` datetime NOT NULL DEFAULT CURRENT_TIMESTAMP ON UPDATE CURRENT_TIMESTAMP COMMENT '创建系统时间',
  `UPDATE_BY` bigint(20) NOT NULL COMMENT '更新记录人',
  `UPDATE_TIME` datetime NOT NULL COMMENT '更新用户时间',
  `UPDATE_TIMESTAMP` datetime NOT NULL DEFAULT CURRENT_TIMESTAMP ON UPDATE CURRENT_TIMESTAMP COMMENT '更新系统时间',
  PRIMARY KEY (`PRODUCT_ID`)
) ENGINE=InnoDB DEFAULT CHARSET=utf8 COLLATE=utf8_bin COMMENT='电商商品展示主表';
/*!40101 SET character_set_client = @saved_cs_client */;

--
-- Dumping data for table `t_ec_product`
--

LOCK TABLES `t_ec_product` WRITE;
/*!40000 ALTER TABLE `t_ec_product` DISABLE KEYS */;
INSERT INTO `t_ec_product` VALUES (1,'1','学生平安综合意外险',18,50.00,NULL,NULL,'1','accident/1.html','06',NULL,400,'2016-05-29 13:14:23','2016-05-31 15:45:48',400,'2016-05-29 13:14:23','2016-05-31 15:45:48'),(3,'630MPA004','白领综合保障计划',19,28.00,NULL,NULL,'1','accident/3.html','06',NULL,400,'2016-05-31 14:34:56','2016-05-31 14:36:01',400,'2016-05-31 14:34:56','2016-05-31 14:36:01');
/*!40000 ALTER TABLE `t_ec_product` ENABLE KEYS */;
UNLOCK TABLES;

--
-- Table structure for table `t_ec_product_feature`
--

DROP TABLE IF EXISTS `t_ec_product_feature`;
/*!40101 SET @saved_cs_client     = @@character_set_client */;
/*!40101 SET character_set_client = utf8 */;
CREATE TABLE `t_ec_product_feature` (
  `FEATURE_ID` bigint(20) NOT NULL AUTO_INCREMENT,
  `PRODUCT_ID` bigint(20) NOT NULL COMMENT '商品ID',
  `TEMPLATE_ID` bigint(20) NOT NULL COMMENT '模板ID',
  `TEMPLATE_REF_ID` bigint(20) DEFAULT NULL,
  `FEATURE_TYPE` varchar(4000) COLLATE utf8_bin DEFAULT NULL COMMENT '特征资源类型\n            --001-文字描述\n            --002-图片路径\n            --003-链接路径',
  `FEATURE_RESOURCE` varchar(4000) COLLATE utf8_bin DEFAULT NULL COMMENT '关联的资源',
  `CREATE_BY` bigint(20) NOT NULL COMMENT '创建人',
  `CREATE_TIME` datetime NOT NULL COMMENT '创建用户时间',
  `CREATE_TIMESTAMP` datetime NOT NULL DEFAULT CURRENT_TIMESTAMP ON UPDATE CURRENT_TIMESTAMP COMMENT '创建系统时间',
  `UPDATE_BY` bigint(20) NOT NULL COMMENT '更新记录人',
  `UPDATE_TIME` datetime NOT NULL COMMENT '更新用户时间',
  `UPDATE_TIMESTAMP` datetime NOT NULL DEFAULT CURRENT_TIMESTAMP ON UPDATE CURRENT_TIMESTAMP COMMENT '更新系统时间',
  PRIMARY KEY (`FEATURE_ID`),
  KEY `FK_Reference_12` (`PRODUCT_ID`),
  CONSTRAINT `FK_Reference_12` FOREIGN KEY (`PRODUCT_ID`) REFERENCES `t_ec_product` (`PRODUCT_ID`)
) ENGINE=InnoDB AUTO_INCREMENT=100 DEFAULT CHARSET=utf8 COLLATE=utf8_bin COMMENT='产品特征定义表';
/*!40101 SET character_set_client = @saved_cs_client */;

--
-- Dumping data for table `t_ec_product_feature`
--

LOCK TABLES `t_ec_product_feature` WRITE;
/*!40000 ALTER TABLE `t_ec_product_feature` DISABLE KEYS */;
INSERT INTO `t_ec_product_feature` VALUES (56,3,8,21,'002','1-白领综合保障计划.png',400,'2016-05-31 17:31:07','2016-05-31 17:31:56',400,'2016-05-31 17:31:07','2016-05-31 17:31:56'),(57,3,8,22,'001','白领综合保障计划',400,'2016-05-31 17:31:07','2016-05-31 17:31:56',400,'2016-05-31 17:31:07','2016-05-31 17:31:56'),(58,3,8,23,'001','* 留爱不留债，留情不留种',400,'2016-05-31 17:31:07','2016-05-31 17:31:56',400,'2016-05-31 17:31:07','2016-05-31 17:31:56'),(59,1,8,21,'002','1.png',400,'2016-05-31 22:25:28','2016-05-31 22:26:17',400,'2016-05-31 22:25:28','2016-05-31 22:26:17'),(60,1,8,22,'003','Test',400,'2016-05-31 22:25:28','2016-05-31 22:26:17',400,'2016-05-31 22:25:28','2016-05-31 22:26:17'),(61,1,8,23,'003','test',400,'2016-05-31 22:25:28','2016-05-31 22:26:17',400,'2016-05-31 22:25:28','2016-05-31 22:26:17');
/*!40000 ALTER TABLE `t_ec_product_feature` ENABLE KEYS */;
UNLOCK TABLES;

--
-- Table structure for table `t_ec_product_filter`
--

DROP TABLE IF EXISTS `t_ec_product_filter`;
/*!40101 SET @saved_cs_client     = @@character_set_client */;
/*!40101 SET character_set_client = utf8 */;
CREATE TABLE `t_ec_product_filter` (
  `PRODUCT_ID` bigint(20) DEFAULT NULL,
  `FILTER_ID` bigint(20) DEFAULT NULL
) ENGINE=InnoDB DEFAULT CHARSET=utf8;
/*!40101 SET character_set_client = @saved_cs_client */;

--
-- Dumping data for table `t_ec_product_filter`
--

LOCK TABLES `t_ec_product_filter` WRITE;
/*!40000 ALTER TABLE `t_ec_product_filter` DISABLE KEYS */;
/*!40000 ALTER TABLE `t_ec_product_filter` ENABLE KEYS */;
UNLOCK TABLES;

--
-- Table structure for table `t_ec_template`
--

DROP TABLE IF EXISTS `t_ec_template`;
/*!40101 SET @saved_cs_client     = @@character_set_client */;
/*!40101 SET character_set_client = utf8 */;
CREATE TABLE `t_ec_template` (
  `template_id` bigint(20) NOT NULL AUTO_INCREMENT COMMENT '模板ID',
  `parent_id` bigint(20) DEFAULT NULL COMMENT '父模板ID',
  `template_type` varchar(100) COLLATE utf8_bin NOT NULL COMMENT '模板类型\n            1-HTML模板（允许存在下级模板）\n            2-频道/元素模板',
  `template_code` varchar(100) COLLATE utf8_bin NOT NULL COMMENT '模板代码',
  `template_name` varchar(400) COLLATE utf8_bin NOT NULL COMMENT '模板名称',
  `template_desc` varchar(4000) COLLATE utf8_bin DEFAULT NULL COMMENT '模板说明',
  `template_path` varchar(300) COLLATE utf8_bin DEFAULT NULL COMMENT '模板路径',
  `html_path` varchar(300) COLLATE utf8_bin DEFAULT NULL COMMENT '模板生成路径',
  `status` varchar(30) COLLATE utf8_bin DEFAULT NULL COMMENT '模板状态',
  `create_by` bigint(20) NOT NULL COMMENT '创建人',
  `create_time` datetime NOT NULL COMMENT '创建用户时间',
  `create_timestamp` datetime NOT NULL DEFAULT CURRENT_TIMESTAMP ON UPDATE CURRENT_TIMESTAMP COMMENT '创建系统时间',
  `update_by` bigint(20) NOT NULL COMMENT '更新记录人',
  `update_time` datetime NOT NULL COMMENT '更新用户时间',
  `update_timestamp` datetime NOT NULL DEFAULT CURRENT_TIMESTAMP ON UPDATE CURRENT_TIMESTAMP COMMENT '更新系统时间',
  PRIMARY KEY (`template_id`)
) ENGINE=InnoDB AUTO_INCREMENT=100 DEFAULT CHARSET=utf8 COLLATE=utf8_bin COMMENT='电商模板表';
/*!40101 SET character_set_client = @saved_cs_client */;

--
-- Dumping data for table `t_ec_template`
--

LOCK TABLES `t_ec_template` WRITE;
/*!40000 ALTER TABLE `t_ec_template` DISABLE KEYS */;
INSERT INTO `t_ec_template` VALUES (1,-1,'2','ACC_DETAIL','意外险详情模板（2016）','意外险详情模板（2016-Version0.1）','/zong/product/accident_2016.html','accident/${productId}.html','06',400,'2016-05-27 14:11:37','2016-05-31 15:31:19',400,'2016-05-31 15:30:14','2016-05-31 15:31:03'),(2,-1,'2','HEALTH_DETAIL','健康险详情模板（2016）','健康险商品详情模板（2016）','/zong/product/health001.html','health/${productId}.html','06',400,'2016-05-27 14:33:16','2016-05-29 13:17:04',400,'2016-05-29 13:16:49','2016-05-29 13:16:49'),(3,-1,'2','TRAVELLING_DETAIL','旅游险详情模板（2016）','旅游险商品详情模板（2016）','travelling/travelling001.html','travelling/${productId}.html','06',400,'2016-05-27 14:36:25','2016-05-29 13:17:11',400,'2016-05-29 13:16:56','2016-05-29 13:16:56'),(4,-1,'1','CHARACTERISTIC_PRODUCT','特色产品模板2016','特色产品模板','/zong/characteristic_product.html','home/characteristic_product.html','06',400,'2016-05-27 14:40:33','2016-05-31 16:38:23',400,'2016-05-31 16:37:17','2016-05-31 16:38:06'),(8,-1,'2','PRODUCT_ITEM_DISPLAY','商品列表展示项目配置模板','商品列表展示项目配置模板用于定义展示列表的产品信息配置','N/A','N/A','06',400,'2016-05-31 17:26:27','2016-05-31 17:29:33',400,'2016-05-31 17:28:28','2016-05-31 17:29:17');
/*!40000 ALTER TABLE `t_ec_template` ENABLE KEYS */;
UNLOCK TABLES;

--
-- Table structure for table `t_ec_template_label`
--

DROP TABLE IF EXISTS `t_ec_template_label`;
/*!40101 SET @saved_cs_client     = @@character_set_client */;
/*!40101 SET character_set_client = utf8 */;
CREATE TABLE `t_ec_template_label` (
  `label_id` bigint(20) NOT NULL AUTO_INCREMENT COMMENT '标签ID',
  `label_code` varchar(50) COLLATE utf8_bin NOT NULL COMMENT '标签代码',
  `label_name` varchar(200) COLLATE utf8_bin NOT NULL COMMENT '标签名称',
  `status` char(1) COLLATE utf8_bin NOT NULL COMMENT '标签状态',
  `invoke_bean` varchar(100) COLLATE utf8_bin NOT NULL COMMENT '标签内容bean',
  `invoke_method` varchar(100) COLLATE utf8_bin DEFAULT NULL COMMENT '标签内容获取方法',
  `default_value` varchar(100) COLLATE utf8_bin DEFAULT NULL COMMENT '标签内容默认值',
  `create_by` bigint(20) NOT NULL COMMENT '创建人',
  `create_time` datetime NOT NULL COMMENT '创建用户时间',
  `create_timestamp` datetime NOT NULL DEFAULT CURRENT_TIMESTAMP ON UPDATE CURRENT_TIMESTAMP COMMENT '创建系统时间',
  `update_by` bigint(20) NOT NULL COMMENT '更新记录人',
  `update_time` datetime NOT NULL COMMENT '更新用户时间',
  `update_timestamp` datetime NOT NULL DEFAULT CURRENT_TIMESTAMP ON UPDATE CURRENT_TIMESTAMP COMMENT '更新系统时间',
  PRIMARY KEY (`label_id`)
) ENGINE=InnoDB AUTO_INCREMENT=100 DEFAULT CHARSET=utf8 COLLATE=utf8_bin COMMENT='电商模板标签定义表';
/*!40101 SET character_set_client = @saved_cs_client */;

--
-- Dumping data for table `t_ec_template_label`
--

LOCK TABLES `t_ec_template_label` WRITE;
/*!40000 ALTER TABLE `t_ec_template_label` DISABLE KEYS */;
INSERT INTO `t_ec_template_label` VALUES (1,'ADVERTISE_ICON','商品广告图片','Y','product_bean','getProductDetailItem','',400,'2016-05-27 14:13:20','2016-05-27 14:13:20',400,'2016-05-27 14:13:20','2016-05-27 14:13:20'),(2,'ADVERTISE_DESC','商品广告描述','Y','product_bean','getProductDetailItem','',400,'2016-05-27 14:18:50','2016-05-27 14:18:50',400,'2016-05-27 14:18:50','2016-05-27 14:18:50'),(3,'ADVERTISE_COVERAGE','商品广告保障','Y','product_bean','getProductDetailItem','',400,'2016-05-27 14:19:17','2016-05-27 14:19:17',400,'2016-05-27 14:19:17','2016-05-27 14:19:17'),(4,'ITEM_ICON','商品详情图片','Y','product_bean','getProductDetailItem','',400,'2016-05-27 14:20:07','2016-05-27 14:20:07',400,'2016-05-27 14:20:07','2016-05-27 14:20:07'),(5,'ITEM_INTRODUCTION','详情介绍','Y','product_bean','getProductDetailItem','',400,'2016-05-27 14:20:33','2016-05-27 14:20:33',400,'2016-05-27 14:20:33','2016-05-27 14:20:33'),(6,'ITEM_PURCHASE_NOTES','购买须知','Y','product_bean','getProductDetailItem','',400,'2016-05-27 14:21:00','2016-05-27 14:21:00',400,'2016-05-27 14:21:00','2016-05-27 14:21:00'),(7,'ITEM_CLAIM_GUIDE','理赔指引','Y','product_bean','getProductDetailItem','',400,'2016-05-27 14:21:37','2016-05-27 14:21:37',400,'2016-05-27 14:21:37','2016-05-27 14:21:37'),(8,'ITEM_FAQ','常见问题','Y','product_bean','getProductDetailItem','',400,'2016-05-27 14:23:18','2016-05-27 14:23:18',400,'2016-05-27 14:23:18','2016-05-27 14:23:18'),(9,'PRODUCT_ITEMS_OPTION','商品购买选项','Y','product_bean','getProductItemsOption','',400,'2016-05-27 14:23:51','2016-05-27 14:23:51',400,'2016-05-27 14:23:51','2016-05-27 14:23:51');
/*!40000 ALTER TABLE `t_ec_template_label` ENABLE KEYS */;
UNLOCK TABLES;

--
-- Table structure for table `t_ec_template_label_ref`
--

DROP TABLE IF EXISTS `t_ec_template_label_ref`;
/*!40101 SET @saved_cs_client     = @@character_set_client */;
/*!40101 SET character_set_client = utf8 */;
CREATE TABLE `t_ec_template_label_ref` (
  `ref_id` bigint(20) NOT NULL AUTO_INCREMENT COMMENT '关系主键',
  `template_id` bigint(20) NOT NULL COMMENT '模板ID',
  `label_id` bigint(20) NOT NULL COMMENT '参数ID',
  `create_by` bigint(20) NOT NULL COMMENT '创建人',
  `create_time` datetime NOT NULL COMMENT '创建用户时间',
  `create_timestamp` datetime NOT NULL DEFAULT CURRENT_TIMESTAMP ON UPDATE CURRENT_TIMESTAMP COMMENT '创建系统时间',
  `update_by` bigint(20) NOT NULL COMMENT '更新记录人',
  `update_time` datetime NOT NULL COMMENT '更新用户时间',
  `update_timestamp` datetime NOT NULL DEFAULT CURRENT_TIMESTAMP ON UPDATE CURRENT_TIMESTAMP COMMENT '更新系统时间',
  PRIMARY KEY (`ref_id`),
  KEY `FK_FK_EC_TEM_LAB_REF__LABEL_ID` (`label_id`),
  KEY `FK_FK_EC_TEM_LAB_REF__TEMPLATE_ID` (`template_id`),
  CONSTRAINT `FK_FK_EC_TEM_LAB_REF__LABEL_ID` FOREIGN KEY (`label_id`) REFERENCES `t_ec_template_label` (`label_id`),
  CONSTRAINT `FK_FK_EC_TEM_LAB_REF__TEMPLATE_ID` FOREIGN KEY (`template_id`) REFERENCES `t_ec_template` (`template_id`)
) ENGINE=InnoDB AUTO_INCREMENT=100 DEFAULT CHARSET=utf8 COLLATE=utf8_bin COMMENT='电商模板标签关系表';
/*!40101 SET character_set_client = @saved_cs_client */;

--
-- Dumping data for table `t_ec_template_label_ref`
--

LOCK TABLES `t_ec_template_label_ref` WRITE;
/*!40000 ALTER TABLE `t_ec_template_label_ref` DISABLE KEYS */;
INSERT INTO `t_ec_template_label_ref` VALUES (21,8,1,400,'2016-05-31 17:27:27','2016-05-31 17:26:38',400,'2016-05-31 17:27:27','2016-05-31 17:26:38'),(22,8,2,400,'2016-05-31 17:27:35','2016-05-31 17:26:46',400,'2016-05-31 17:27:35','2016-05-31 17:26:46'),(23,8,3,400,'2016-05-31 17:27:41','2016-05-31 17:26:52',400,'2016-05-31 17:27:41','2016-05-31 17:26:52');
/*!40000 ALTER TABLE `t_ec_template_label_ref` ENABLE KEYS */;
UNLOCK TABLES;

--
-- Table structure for table `t_insurance_role`
--

DROP TABLE IF EXISTS `t_insurance_role`;
/*!40101 SET @saved_cs_client     = @@character_set_client */;
/*!40101 SET character_set_client = utf8 */;
CREATE TABLE `t_insurance_role` (
  `ORDER_ID` varchar(32) NOT NULL COMMENT '订单ID',
  `CUSTOMER_ID` bigint(20) NOT NULL COMMENT '客户ID',
  `ROLE_TYPE` int(11) NOT NULL COMMENT '保单角色1-投保人 2-被保人',
  `relation2Holder` int(11) NOT NULL COMMENT '与投保人关系',
  PRIMARY KEY (`ORDER_ID`,`CUSTOMER_ID`,`ROLE_TYPE`)
) ENGINE=InnoDB DEFAULT CHARSET=utf8;
/*!40101 SET character_set_client = @saved_cs_client */;

--
-- Dumping data for table `t_insurance_role`
--

LOCK TABLES `t_insurance_role` WRITE;
/*!40000 ALTER TABLE `t_insurance_role` DISABLE KEYS */;
/*!40000 ALTER TABLE `t_insurance_role` ENABLE KEYS */;
UNLOCK TABLES;

--
-- Table structure for table `t_job_category`
--

DROP TABLE IF EXISTS `t_job_category`;
/*!40101 SET @saved_cs_client     = @@character_set_client */;
/*!40101 SET character_set_client = utf8 */;
CREATE TABLE `t_job_category` (
  `JOB_CODE` varchar(30) DEFAULT NULL,
  `JOB_NAME` varchar(600) DEFAULT NULL,
  `INDUSTRY_CODE` varchar(12) DEFAULT NULL
) ENGINE=InnoDB DEFAULT CHARSET=utf8;
/*!40101 SET character_set_client = @saved_cs_client */;

--
-- Dumping data for table `t_job_category`
--

LOCK TABLES `t_job_category` WRITE;
/*!40000 ALTER TABLE `t_job_category` DISABLE KEYS */;
/*!40000 ALTER TABLE `t_job_category` ENABLE KEYS */;
UNLOCK TABLES;

--
-- Table structure for table `t_mbrc_favorites`
--

DROP TABLE IF EXISTS `t_mbrc_favorites`;
/*!40101 SET @saved_cs_client     = @@character_set_client */;
/*!40101 SET character_set_client = utf8 */;
CREATE TABLE `t_mbrc_favorites` (
  `FAVORITES_ID` varchar(32) COLLATE utf8_bin NOT NULL COMMENT '收藏ID',
  `MEMBER_ID` varchar(32) COLLATE utf8_bin NOT NULL COMMENT '会员ID',
  `PRODUCT_ID` bigint(20) NOT NULL COMMENT '商品ID',
  `KEEP_TIME` datetime NOT NULL COMMENT '收藏时间',
  `CANCEL_TIME` datetime DEFAULT NULL COMMENT '取消收藏时间',
  PRIMARY KEY (`FAVORITES_ID`),
  KEY `FK_MBRC_FAVORITES__EC_PROD` (`PRODUCT_ID`),
  CONSTRAINT `FK_MBRC_FAVORITES__EC_PROD` FOREIGN KEY (`PRODUCT_ID`) REFERENCES `t_ec_product` (`PRODUCT_ID`)
) ENGINE=InnoDB DEFAULT CHARSET=utf8 COLLATE=utf8_bin COMMENT='商品收藏';
/*!40101 SET character_set_client = @saved_cs_client */;

--
-- Dumping data for table `t_mbrc_favorites`
--

LOCK TABLES `t_mbrc_favorites` WRITE;
/*!40000 ALTER TABLE `t_mbrc_favorites` DISABLE KEYS */;
/*!40000 ALTER TABLE `t_mbrc_favorites` ENABLE KEYS */;
UNLOCK TABLES;

--
-- Table structure for table `t_mbrc_growth`
--

DROP TABLE IF EXISTS `t_mbrc_growth`;
/*!40101 SET @saved_cs_client     = @@character_set_client */;
/*!40101 SET character_set_client = utf8 */;
CREATE TABLE `t_mbrc_growth` (
  `GORWTH_ID` bigint(20) NOT NULL COMMENT '成长ID',
  `MEMBER_ID` varchar(32) NOT NULL,
  `PARTITION_INDI` bigint(20) NOT NULL,
  `GROWTH_VALUE` bigint(20) NOT NULL COMMENT '成长值',
  `SOURCE_CODE` varchar(10) DEFAULT NULL COMMENT '成长来源（D_MBR_GROWTH_SRC）',
  `SOURCE_DESC` varchar(100) DEFAULT NULL COMMENT '成长来源详情',
  `CREATE_BY` bigint(20) NOT NULL COMMENT '创建人',
  `CREATE_TIME` datetime NOT NULL COMMENT '创建用户时间',
  `CREATE_TIMESTAMP` datetime NOT NULL DEFAULT CURRENT_TIMESTAMP COMMENT '创建系统时间',
  `UPDATE_BY` bigint(20) NOT NULL COMMENT '更新人',
  `UPDATE_TIME` datetime NOT NULL COMMENT '更新用户时间',
  `UPDATE_TIMESTAMP` datetime NOT NULL DEFAULT CURRENT_TIMESTAMP ON UPDATE CURRENT_TIMESTAMP COMMENT '更新系统时间',
  PRIMARY KEY (`GORWTH_ID`),
  KEY `FK_MBRC_GROWTH__MEMBER_ID` (`MEMBER_ID`),
  CONSTRAINT `FK_MBRC_GROWTH__MEMBER_ID` FOREIGN KEY (`MEMBER_ID`) REFERENCES `t_mbrc_member` (`MEMBER_ID`)
) ENGINE=InnoDB DEFAULT CHARSET=utf8 COMMENT='会员成长表';
/*!40101 SET character_set_client = @saved_cs_client */;

--
-- Dumping data for table `t_mbrc_growth`
--

LOCK TABLES `t_mbrc_growth` WRITE;
/*!40000 ALTER TABLE `t_mbrc_growth` DISABLE KEYS */;
/*!40000 ALTER TABLE `t_mbrc_growth` ENABLE KEYS */;
UNLOCK TABLES;

--
-- Table structure for table `t_mbrc_interest`
--

DROP TABLE IF EXISTS `t_mbrc_interest`;
/*!40101 SET @saved_cs_client     = @@character_set_client */;
/*!40101 SET character_set_client = utf8 */;
CREATE TABLE `t_mbrc_interest` (
  `INTEREST_ID` varchar(32) NOT NULL COMMENT '权益ID',
  `MEMBER_ID` varchar(32) NOT NULL COMMENT '会员ID',
  `PARTITION_INDI` bigint(20) NOT NULL COMMENT '分库ID',
  `INTEREST_TYPE` varchar(10) NOT NULL COMMENT '权益类型（D_MBR_INTEREST_TYPE）',
  `INTEREST_VALUE` bigint(20) NOT NULL COMMENT '权益值',
  `DISTRI_TYPE` varchar(30) DEFAULT NULL COMMENT '动支原因 参照d_mbr_distri_type',
  `DUE_DATE` date DEFAULT NULL COMMENT '权益到期时间',
  `ORDER_ID` varchar(19) DEFAULT NULL COMMENT '订单ID',
  `CREATE_BY` bigint(20) NOT NULL COMMENT '创建人',
  `CREATE_TIME` datetime NOT NULL COMMENT '创建用户时间',
  `CREATE_TIMESTAMP` datetime NOT NULL DEFAULT CURRENT_TIMESTAMP COMMENT '创建系统时间',
  `UPDATE_BY` bigint(20) NOT NULL COMMENT '更新人',
  `UPDATE_TIME` datetime NOT NULL COMMENT '更新用户时间',
  `UPDATE_TIMESTAMP` datetime NOT NULL DEFAULT CURRENT_TIMESTAMP ON UPDATE CURRENT_TIMESTAMP COMMENT '更新系统时间',
  PRIMARY KEY (`INTEREST_ID`),
  KEY `FK_MBRC_INTEREST__MEMBER_ID` (`MEMBER_ID`),
  CONSTRAINT `FK_MBRC_INTEREST__MEMBER_ID` FOREIGN KEY (`MEMBER_ID`) REFERENCES `t_mbrc_member` (`MEMBER_ID`)
) ENGINE=InnoDB DEFAULT CHARSET=utf8 COMMENT='会员权益表';
/*!40101 SET character_set_client = @saved_cs_client */;

--
-- Dumping data for table `t_mbrc_interest`
--

LOCK TABLES `t_mbrc_interest` WRITE;
/*!40000 ALTER TABLE `t_mbrc_interest` DISABLE KEYS */;
/*!40000 ALTER TABLE `t_mbrc_interest` ENABLE KEYS */;
UNLOCK TABLES;

--
-- Table structure for table `t_mbrc_interest_money`
--

DROP TABLE IF EXISTS `t_mbrc_interest_money`;
/*!40101 SET @saved_cs_client     = @@character_set_client */;
/*!40101 SET character_set_client = utf8 */;
CREATE TABLE `t_mbrc_interest_money` (
  `INTEREST_MONEY_ID` bigint(20) NOT NULL COMMENT '权益现金ID',
  `INTEREST_TYPE` varchar(10) NOT NULL COMMENT '权益类型（D_MBR_INTEREST_TYPE）',
  `CONV_AMOUNT` decimal(3,2) NOT NULL COMMENT '单位权益折算到的固定金额（如：0.01代表1权益值=0.01元）',
  PRIMARY KEY (`INTEREST_MONEY_ID`)
) ENGINE=InnoDB DEFAULT CHARSET=utf8 COMMENT='会员权益与现金折算表';
/*!40101 SET character_set_client = @saved_cs_client */;

--
-- Dumping data for table `t_mbrc_interest_money`
--

LOCK TABLES `t_mbrc_interest_money` WRITE;
/*!40000 ALTER TABLE `t_mbrc_interest_money` DISABLE KEYS */;
/*!40000 ALTER TABLE `t_mbrc_interest_money` ENABLE KEYS */;
UNLOCK TABLES;

--
-- Table structure for table `t_mbrc_mbr_address`
--

DROP TABLE IF EXISTS `t_mbrc_mbr_address`;
/*!40101 SET @saved_cs_client     = @@character_set_client */;
/*!40101 SET character_set_client = utf8 */;
CREATE TABLE `t_mbrc_mbr_address` (
  `ADDRESS_ID` bigint(20) NOT NULL COMMENT '地址ID',
  `MEMBER_ID` varchar(32) NOT NULL COMMENT '会员ID',
  `PARTITION_INDI` bigint(20) NOT NULL COMMENT '分库ID',
  `ADDRESS_TYPE` varchar(10) DEFAULT NULL COMMENT '地址类型',
  `ADDRESS_FORMAT_TYPE` varchar(10) DEFAULT NULL COMMENT '地址格式类型(1 FREE  2.FIX  FORMAT FOR SG  4. POST FORMAT)',
  `COUNTRY_CODE` varchar(10) DEFAULT NULL COMMENT '国家代码（D_COUNTRY）',
  `ADDRESS_FORMAT_1` varchar(100) DEFAULT NULL COMMENT '标准地址：代表省-直辖市',
  `ADDRESS_FORMAT_2` varchar(100) DEFAULT NULL COMMENT '标准地址：代表市',
  `ADDRESS_FORMAT_3` varchar(100) DEFAULT NULL COMMENT '标准地址：代表区-县',
  `ADDRESS_FORMAT_4` varchar(100) DEFAULT NULL COMMENT '标准地址：输入地址',
  `ADDRESS_1` varchar(100) DEFAULT NULL COMMENT '无格式地址1',
  `ADDRESS_2` varchar(100) DEFAULT NULL COMMENT '无格式地址2',
  `POST_CODE` varchar(10) DEFAULT NULL COMMENT '邮编',
  `ADDRESS_STATUS` varchar(10) DEFAULT NULL COMMENT '地址状态(1-有效,2-无效)',
  `TEL_FORMAT_TYPE` varchar(10) DEFAULT NULL COMMENT '电话格式（(1 FREE  2.FIX ）',
  `CONTACT_PERSON` varchar(100) DEFAULT NULL COMMENT '联系人',
  `CONTACT_TEL` varchar(100) DEFAULT NULL COMMENT '联系电话',
  `CONTACT_MOBILE` varchar(100) DEFAULT NULL COMMENT '联系手机',
  `TEL_FORMAT_1` varchar(10) DEFAULT NULL COMMENT '国家代码号',
  `TEL_FORMAT_2` varchar(10) DEFAULT NULL COMMENT '区号',
  `TEL_FORMAT_3` varchar(10) DEFAULT NULL COMMENT '电话号码',
  `TEL_FORMAT_4` varchar(10) DEFAULT NULL COMMENT '分机号码',
  `CREATE_BY` bigint(20) NOT NULL COMMENT '创建人',
  `CREATE_TIME` datetime NOT NULL COMMENT '创建用户时间',
  `CREATE_TIMESTAMP` datetime NOT NULL DEFAULT CURRENT_TIMESTAMP COMMENT '创建系统时间',
  `UPDATE_BY` bigint(20) NOT NULL COMMENT '更新人',
  `UPDATE_TIME` datetime NOT NULL COMMENT '更新用户时间',
  `UPDATE_TIMESTAMP` datetime NOT NULL DEFAULT CURRENT_TIMESTAMP ON UPDATE CURRENT_TIMESTAMP COMMENT '更新系统时间',
  PRIMARY KEY (`ADDRESS_ID`),
  KEY `FK_MBRC_MBR_ADDRESS__MEMBER_ID` (`MEMBER_ID`),
  CONSTRAINT `FK_MBRC_MBR_ADDRESS__MEMBER_ID` FOREIGN KEY (`MEMBER_ID`) REFERENCES `t_mbrc_member` (`MEMBER_ID`)
) ENGINE=InnoDB DEFAULT CHARSET=utf8 COMMENT='会员地址表';
/*!40101 SET character_set_client = @saved_cs_client */;

--
-- Dumping data for table `t_mbrc_mbr_address`
--

LOCK TABLES `t_mbrc_mbr_address` WRITE;
/*!40000 ALTER TABLE `t_mbrc_mbr_address` DISABLE KEYS */;
/*!40000 ALTER TABLE `t_mbrc_mbr_address` ENABLE KEYS */;
UNLOCK TABLES;

--
-- Table structure for table `t_mbrc_member`
--

DROP TABLE IF EXISTS `t_mbrc_member`;
/*!40101 SET @saved_cs_client     = @@character_set_client */;
/*!40101 SET character_set_client = utf8 */;
CREATE TABLE `t_mbrc_member` (
  `MEMBER_ID` varchar(32) NOT NULL COMMENT '会员ID',
  `CUSTOMER_ID` bigint(20) DEFAULT NULL COMMENT '客户ID',
  `PARTITION_INDI` bigint(20) NOT NULL COMMENT '分库ID',
  `MOBILE` varchar(20) DEFAULT NULL COMMENT '手机号码',
  `MEMBER_GRADE` varchar(10) DEFAULT NULL COMMENT '会员等级（D_MBR_GRADE)',
  `GRADE_VALID_START_DATE` date DEFAULT NULL COMMENT '证件有效开始日期',
  `GRADE_VALID_END_DATE` date DEFAULT NULL COMMENT '证件有效结束日期',
  `NICK_NAME` varchar(100) DEFAULT NULL COMMENT '昵称',
  `NAME` varchar(100) DEFAULT NULL COMMENT '姓名',
  `CERTI_TYPE` varchar(10) DEFAULT NULL COMMENT '证件类型（D_CERTI_TYPE)',
  `CERTI_CODE` varchar(40) DEFAULT NULL COMMENT '证件号码',
  `CERTI_VALID_START_DATE` date DEFAULT NULL COMMENT '证件有效开始日期',
  `CERTI_VALID_END_DATE` date DEFAULT NULL COMMENT '证件有效结束日期',
  `GENDER` varchar(10) DEFAULT NULL COMMENT '性别（D_GENDER）',
  `BIRTHDAY` date DEFAULT NULL COMMENT '生日',
  `MARRIAGE_ID` varchar(10) DEFAULT NULL COMMENT '婚姻状况（D_MARRIAGE）',
  `EDUCATION_ID` varchar(10) DEFAULT NULL COMMENT '教育学历（D_EDUCATION）',
  `HEIGHT` decimal(4,1) DEFAULT NULL COMMENT '身高(Cm)',
  `WEIGHT` decimal(5,2) DEFAULT NULL COMMENT '体重(Kg)',
  `INCOME` decimal(10,0) DEFAULT NULL COMMENT '年收入（人民币）',
  `NATIONALITY` varchar(10) DEFAULT NULL COMMENT '民族（D_NATIONALITY）',
  `COMPANY_NAME` varchar(100) DEFAULT NULL COMMENT '单位名称',
  `JOB_NAME` varchar(100) DEFAULT NULL COMMENT '当前职业名称',
  `INDUSTRY_ID` varchar(10) DEFAULT NULL COMMENT '行业代码（D_INDUSTRY）',
  `JOB_CATE_ID` varchar(10) DEFAULT NULL COMMENT '当前职业类别（D_JOB_CATEGORY）',
  `COMPANY_KIND` varchar(10) DEFAULT NULL COMMENT '企业性质（D_COMPANY_CATEGORY）',
  `ACADEMIC_TITLE` varchar(10) DEFAULT NULL COMMENT '职称（D_JOB_GRADE）',
  `SMOKING` varchar(10) DEFAULT NULL COMMENT '是否吸烟（D_YES_NO)',
  `SOCIAL_SECURITY_NUMBER` varchar(100) DEFAULT NULL COMMENT '社保号码',
  `IS_RETIRED` varchar(10) DEFAULT NULL COMMENT '是否退休（D_YES_NO)',
  `ADDRESS_ID` bigint(20) DEFAULT NULL COMMENT '默认地址ID',
  `OFFICE_TEL` varchar(40) DEFAULT NULL COMMENT '公司联系电话',
  `HOME_TEL` varchar(40) DEFAULT NULL COMMENT '家庭联系电话',
  `FAX` varchar(40) DEFAULT NULL COMMENT '传真号码',
  `FIRST_NAME` varchar(100) DEFAULT NULL COMMENT 'First Name',
  `MID_NAME` varchar(40) DEFAULT NULL COMMENT 'Mid Name',
  `LAST_NAME` varchar(40) DEFAULT NULL COMMENT 'Last Name',
  `ALIAS_NAME` varchar(100) DEFAULT NULL COMMENT '别名',
  `RELIGION_CODE` varchar(10) DEFAULT NULL COMMENT '宗教信仰（D_RELIGION）',
  `CHILD_COUNT` decimal(2,0) DEFAULT NULL COMMENT '子女情况',
  `STATUS` varchar(10) DEFAULT NULL COMMENT '会员状态',
  `DEATH_DATE` date DEFAULT NULL COMMENT '死亡日期',
  `EMAIL_1` varchar(100) DEFAULT NULL COMMENT '电子邮箱1',
  `EMAIL_2` varchar(100) DEFAULT NULL COMMENT '电子邮箱2',
  `QQ` varchar(50) DEFAULT NULL COMMENT 'QQ号码',
  `WEIXIN` varchar(50) DEFAULT NULL COMMENT '微信号码',
  `WeiBo` varchar(100) DEFAULT NULL COMMENT '微博',
  `Web` varchar(200) DEFAULT NULL COMMENT '网址',
  `CREATE_BY` bigint(20) NOT NULL COMMENT '创建人',
  `CREATE_TIME` datetime NOT NULL COMMENT '创建用户时间',
  `CREATE_TIMESTAMP` datetime NOT NULL DEFAULT CURRENT_TIMESTAMP COMMENT '创建系统时间',
  `UPDATE_BY` bigint(20) NOT NULL COMMENT '更新人',
  `UPDATE_TIME` datetime NOT NULL COMMENT '更新用户时间',
  `UPDATE_TIMESTAMP` datetime NOT NULL DEFAULT CURRENT_TIMESTAMP ON UPDATE CURRENT_TIMESTAMP COMMENT '更新系统时间',
  `ATTENDENCE_TIME` datetime(6) DEFAULT NULL COMMENT '最近签到时间（冗余字段）',
  `ATTENDENCE_COUNT` int(11) DEFAULT NULL COMMENT '连续签到次数',
  PRIMARY KEY (`MEMBER_ID`)
) ENGINE=InnoDB DEFAULT CHARSET=utf8 COMMENT='会员基本信息表';
/*!40101 SET character_set_client = @saved_cs_client */;

--
-- Dumping data for table `t_mbrc_member`
--

LOCK TABLES `t_mbrc_member` WRITE;
/*!40000 ALTER TABLE `t_mbrc_member` DISABLE KEYS */;
INSERT INTO `t_mbrc_member` VALUES ('5747fc550bb3e40a1e5fca04',NULL,146433544520711906,'18888031948',NULL,NULL,NULL,NULL,NULL,NULL,NULL,NULL,NULL,NULL,NULL,NULL,NULL,NULL,NULL,NULL,NULL,NULL,NULL,NULL,NULL,NULL,NULL,NULL,NULL,NULL,NULL,NULL,NULL,NULL,NULL,NULL,NULL,NULL,NULL,NULL,NULL,NULL,NULL,NULL,NULL,NULL,NULL,NULL,400,'2016-05-27 18:47:38','2016-05-27 18:47:38',400,'2016-05-27 18:47:38','2016-05-27 18:47:38',NULL,NULL),('574804c20bb3e40a1e5fca05',NULL,146433760265134879,'18656472543',NULL,NULL,NULL,NULL,NULL,NULL,NULL,NULL,NULL,NULL,NULL,NULL,NULL,NULL,NULL,NULL,NULL,NULL,NULL,NULL,NULL,NULL,NULL,NULL,NULL,NULL,NULL,NULL,NULL,NULL,NULL,NULL,NULL,NULL,NULL,NULL,NULL,NULL,NULL,NULL,NULL,NULL,NULL,NULL,400,'2016-05-27 18:47:38','2016-05-27 18:47:38',400,'2016-05-27 18:47:38','2016-05-27 18:47:38',NULL,NULL),('574805530bb3e40a1e5fca06',NULL,146433774769011040,'18656472547',NULL,NULL,NULL,NULL,NULL,NULL,NULL,NULL,NULL,NULL,NULL,NULL,NULL,NULL,NULL,NULL,NULL,NULL,NULL,NULL,NULL,NULL,NULL,NULL,NULL,NULL,NULL,NULL,NULL,NULL,NULL,NULL,NULL,NULL,NULL,NULL,NULL,NULL,NULL,NULL,NULL,NULL,NULL,NULL,400,'2016-05-27 18:47:38','2016-05-27 18:47:38',400,'2016-05-27 18:47:38','2016-05-27 18:47:38',NULL,NULL),('5748063d0bb3e40a1e5fca07',NULL,146433798143440495,'187222222366',NULL,NULL,NULL,NULL,NULL,NULL,NULL,NULL,NULL,NULL,NULL,NULL,NULL,NULL,NULL,NULL,NULL,NULL,NULL,NULL,NULL,NULL,NULL,NULL,NULL,NULL,NULL,NULL,NULL,NULL,NULL,NULL,NULL,NULL,NULL,NULL,NULL,NULL,NULL,NULL,NULL,NULL,NULL,NULL,400,'2016-05-27 18:47:38','2016-05-27 18:47:38',400,'2016-05-27 18:47:38','2016-05-27 18:47:38',NULL,NULL),('5748257434608208006750f1',NULL,146434597228188624,'13621961626',NULL,NULL,NULL,NULL,NULL,NULL,NULL,NULL,NULL,NULL,NULL,NULL,NULL,NULL,NULL,NULL,NULL,NULL,NULL,NULL,NULL,NULL,NULL,NULL,NULL,NULL,NULL,NULL,NULL,NULL,NULL,NULL,NULL,NULL,NULL,NULL,NULL,NULL,NULL,NULL,NULL,NULL,NULL,NULL,400,'2016-05-29 15:28:37','2016-05-29 15:28:37',400,'2016-05-29 15:28:37','2016-05-29 15:28:37',NULL,NULL),('5748268334608208006750f2',NULL,146434624322299239,'13312345678',NULL,NULL,NULL,NULL,NULL,NULL,NULL,NULL,NULL,NULL,NULL,NULL,NULL,NULL,NULL,NULL,NULL,NULL,NULL,NULL,NULL,NULL,NULL,NULL,NULL,NULL,NULL,NULL,NULL,NULL,NULL,NULL,NULL,NULL,NULL,NULL,NULL,NULL,NULL,NULL,NULL,NULL,NULL,NULL,400,'2016-05-29 15:28:37','2016-05-29 15:28:37',400,'2016-05-29 15:28:37','2016-05-29 15:28:37',NULL,NULL),('574826b434608208006750f3',NULL,146434629295067391,'13312345678',NULL,NULL,NULL,NULL,NULL,NULL,NULL,NULL,NULL,NULL,NULL,NULL,NULL,NULL,NULL,NULL,NULL,NULL,NULL,NULL,NULL,NULL,NULL,NULL,NULL,NULL,NULL,NULL,NULL,NULL,NULL,NULL,NULL,NULL,NULL,NULL,NULL,NULL,NULL,NULL,NULL,NULL,NULL,NULL,400,'2016-05-29 15:28:37','2016-05-29 15:28:37',400,'2016-05-29 15:28:37','2016-05-29 15:28:37',NULL,NULL),('5748276f34608208006750f4',NULL,146434647980448318,'13312345678',NULL,NULL,NULL,NULL,NULL,NULL,NULL,NULL,NULL,NULL,NULL,NULL,NULL,NULL,NULL,NULL,NULL,NULL,NULL,NULL,NULL,NULL,NULL,NULL,NULL,NULL,NULL,NULL,NULL,NULL,NULL,NULL,NULL,NULL,NULL,NULL,NULL,NULL,NULL,NULL,NULL,NULL,NULL,NULL,400,'2016-05-29 15:28:38','2016-05-29 15:28:38',400,'2016-05-29 15:28:38','2016-05-29 15:28:38',NULL,NULL),('574827b834608208006750f6',NULL,146434655254064676,'13312345679',NULL,NULL,NULL,NULL,NULL,NULL,NULL,NULL,NULL,NULL,NULL,NULL,NULL,NULL,NULL,NULL,NULL,NULL,NULL,NULL,NULL,NULL,NULL,NULL,NULL,NULL,NULL,NULL,NULL,NULL,NULL,NULL,NULL,NULL,NULL,NULL,NULL,NULL,NULL,NULL,NULL,NULL,NULL,NULL,400,'2016-05-29 15:28:38','2016-05-29 15:28:38',400,'2016-05-29 15:28:38','2016-05-29 15:28:38',NULL,NULL),('5748284234608208006750f7',NULL,146434669053827674,'18810950067',NULL,NULL,NULL,NULL,NULL,NULL,NULL,NULL,NULL,NULL,NULL,NULL,NULL,NULL,NULL,NULL,NULL,NULL,NULL,NULL,NULL,NULL,NULL,NULL,NULL,NULL,NULL,NULL,NULL,NULL,NULL,NULL,NULL,NULL,NULL,NULL,NULL,NULL,NULL,NULL,NULL,NULL,NULL,NULL,400,'2016-05-29 15:28:38','2016-05-29 15:28:38',400,'2016-05-29 15:28:38','2016-05-29 15:28:38',NULL,NULL),('574a712434608208006750fb',NULL,146449642030551488,'18810950068',NULL,NULL,NULL,NULL,NULL,NULL,NULL,NULL,NULL,NULL,NULL,NULL,NULL,NULL,NULL,NULL,NULL,NULL,NULL,NULL,NULL,NULL,NULL,NULL,NULL,NULL,NULL,NULL,NULL,NULL,NULL,NULL,NULL,NULL,NULL,NULL,NULL,NULL,NULL,NULL,NULL,NULL,NULL,NULL,400,'2016-05-29 15:28:38','2016-05-29 15:28:38',400,'2016-05-29 15:28:38','2016-05-29 15:28:38',NULL,NULL),('574b91dcf51a520800d41c3c',NULL,146457033229255817,'18611997063',NULL,NULL,NULL,NULL,NULL,NULL,NULL,NULL,NULL,NULL,NULL,NULL,NULL,NULL,NULL,NULL,NULL,NULL,NULL,NULL,NULL,NULL,NULL,NULL,NULL,NULL,NULL,NULL,NULL,NULL,NULL,NULL,NULL,NULL,NULL,NULL,NULL,NULL,NULL,NULL,NULL,NULL,NULL,NULL,400,'2016-05-30 09:05:33','2016-05-30 09:05:33',400,'2016-05-30 09:05:33','2016-05-30 09:05:33',NULL,NULL),('574babfff51a520800d41c3d',NULL,146457702333395097,'13677777777',NULL,NULL,NULL,NULL,NULL,NULL,NULL,NULL,NULL,NULL,NULL,NULL,NULL,NULL,NULL,NULL,NULL,NULL,NULL,NULL,NULL,NULL,NULL,NULL,NULL,NULL,NULL,NULL,NULL,NULL,NULL,NULL,NULL,NULL,NULL,NULL,NULL,NULL,NULL,NULL,NULL,NULL,NULL,NULL,400,'2016-05-30 10:57:03','2016-05-30 10:57:03',400,'2016-05-30 10:57:03','2016-05-30 10:57:03',NULL,NULL),('574baf2bf51a520800d41c3e',NULL,146457783552416644,'13501722504',NULL,NULL,NULL,NULL,NULL,NULL,NULL,NULL,NULL,NULL,NULL,NULL,NULL,NULL,NULL,NULL,NULL,NULL,NULL,NULL,NULL,NULL,NULL,NULL,NULL,NULL,NULL,NULL,NULL,NULL,NULL,NULL,NULL,NULL,NULL,NULL,NULL,NULL,NULL,NULL,NULL,NULL,NULL,NULL,400,'2016-05-30 11:10:36','2016-05-30 11:10:36',400,'2016-05-30 11:10:36','2016-05-30 11:10:36',NULL,NULL),('574bb378f51a520800d41c3f',NULL,146457893685935592,'13651960756',NULL,NULL,NULL,NULL,NULL,NULL,NULL,NULL,NULL,NULL,NULL,NULL,NULL,NULL,NULL,NULL,NULL,NULL,NULL,NULL,NULL,NULL,NULL,NULL,NULL,NULL,NULL,NULL,NULL,NULL,NULL,NULL,NULL,NULL,NULL,NULL,NULL,NULL,NULL,NULL,NULL,NULL,NULL,NULL,400,'2016-05-30 11:28:57','2016-05-30 11:28:57',400,'2016-05-30 11:28:57','2016-05-30 11:28:57',NULL,NULL),('574bdbb3f51a520800d41c42',NULL,146458923546719119,'15861574699',NULL,NULL,NULL,NULL,NULL,NULL,NULL,NULL,NULL,NULL,NULL,NULL,NULL,NULL,NULL,NULL,NULL,NULL,NULL,NULL,NULL,NULL,NULL,NULL,NULL,NULL,NULL,NULL,NULL,NULL,NULL,NULL,NULL,NULL,NULL,NULL,NULL,NULL,NULL,NULL,NULL,NULL,NULL,NULL,400,'2016-05-30 14:20:35','2016-05-30 14:20:35',400,'2016-05-30 14:20:35','2016-05-30 14:20:35',NULL,NULL),('574bdd18f51a520800d41c43',NULL,146458959248077319,'18833334444',NULL,NULL,NULL,NULL,NULL,NULL,NULL,NULL,NULL,NULL,NULL,NULL,NULL,NULL,NULL,NULL,NULL,NULL,NULL,NULL,NULL,NULL,NULL,NULL,NULL,NULL,NULL,NULL,NULL,NULL,NULL,NULL,NULL,NULL,NULL,NULL,NULL,NULL,NULL,NULL,NULL,NULL,NULL,NULL,400,'2016-05-30 14:26:32','2016-05-30 14:26:32',400,'2016-05-30 14:26:32','2016-05-30 14:26:32',NULL,NULL),('574bdeb4f51a520800d41c44',NULL,146459000479981400,'18844443333',NULL,NULL,NULL,NULL,NULL,NULL,NULL,NULL,NULL,NULL,NULL,NULL,NULL,NULL,NULL,NULL,NULL,NULL,NULL,NULL,NULL,NULL,NULL,NULL,NULL,NULL,NULL,NULL,NULL,NULL,NULL,NULL,NULL,NULL,NULL,NULL,NULL,NULL,NULL,NULL,NULL,NULL,NULL,NULL,400,'2016-05-30 14:33:25','2016-05-30 14:33:25',400,'2016-05-30 14:33:25','2016-05-30 14:33:25',NULL,NULL),('574bdfeaf51a520800d41c45',NULL,146459031483687744,'18844443355',NULL,NULL,NULL,NULL,NULL,NULL,NULL,NULL,NULL,NULL,NULL,NULL,NULL,NULL,NULL,NULL,NULL,NULL,NULL,NULL,NULL,NULL,NULL,NULL,NULL,NULL,NULL,NULL,NULL,NULL,NULL,NULL,NULL,NULL,NULL,NULL,NULL,NULL,NULL,NULL,NULL,NULL,NULL,NULL,400,'2016-05-30 14:38:35','2016-05-30 14:38:35',400,'2016-05-30 14:38:35','2016-05-30 14:38:35',NULL,NULL),('574be0adf51a520800d41c46',NULL,146459050931735163,'18811112222',NULL,NULL,NULL,NULL,NULL,NULL,NULL,NULL,NULL,NULL,NULL,NULL,NULL,NULL,NULL,NULL,NULL,NULL,NULL,NULL,NULL,NULL,NULL,NULL,NULL,NULL,NULL,NULL,NULL,NULL,NULL,NULL,NULL,NULL,NULL,NULL,NULL,NULL,NULL,NULL,NULL,NULL,NULL,NULL,400,'2016-05-30 14:41:49','2016-05-30 14:41:49',400,'2016-05-30 14:41:49','2016-05-30 14:41:49',NULL,NULL),('574be146f51a520800d41c47',NULL,146459066259540763,'13877776666',NULL,NULL,NULL,NULL,NULL,NULL,NULL,NULL,NULL,NULL,NULL,NULL,NULL,NULL,NULL,NULL,NULL,NULL,NULL,NULL,NULL,NULL,NULL,NULL,NULL,NULL,NULL,NULL,NULL,NULL,NULL,NULL,NULL,NULL,NULL,NULL,NULL,NULL,NULL,NULL,NULL,NULL,NULL,NULL,400,'2016-05-30 14:44:23','2016-05-30 14:44:23',400,'2016-05-30 14:44:23','2016-05-30 14:44:23',NULL,NULL),('574be318f51a520800d41c48',NULL,146459112802223973,'13815166778',NULL,NULL,NULL,NULL,NULL,NULL,NULL,NULL,NULL,NULL,NULL,NULL,NULL,NULL,NULL,NULL,NULL,NULL,NULL,NULL,NULL,NULL,NULL,NULL,NULL,NULL,NULL,NULL,NULL,NULL,NULL,NULL,NULL,NULL,NULL,NULL,NULL,NULL,NULL,NULL,NULL,NULL,NULL,NULL,400,'2016-05-30 14:52:08','2016-05-30 14:52:08',400,'2016-05-30 14:52:08','2016-05-30 14:52:08',NULL,NULL),('574be450f51a520800d41c4a',NULL,146459144000947321,'13815166779',NULL,NULL,NULL,NULL,NULL,NULL,NULL,NULL,NULL,NULL,NULL,NULL,NULL,NULL,NULL,NULL,NULL,NULL,NULL,NULL,NULL,NULL,NULL,NULL,NULL,NULL,NULL,NULL,NULL,NULL,NULL,NULL,NULL,NULL,NULL,NULL,NULL,NULL,NULL,NULL,NULL,NULL,NULL,NULL,400,'2016-05-30 14:57:20','2016-05-30 14:57:20',400,'2016-05-30 14:57:20','2016-05-30 14:57:20',NULL,NULL),('574bed02f51a520800d41c4b',NULL,146459366638589038,'18822223333',NULL,NULL,NULL,'123zz','张三','111','320282199408063963',NULL,NULL,'','1987-08-13',NULL,NULL,NULL,NULL,NULL,NULL,NULL,NULL,NULL,NULL,NULL,NULL,NULL,NULL,NULL,NULL,NULL,NULL,NULL,NULL,NULL,NULL,NULL,NULL,NULL,NULL,NULL,NULL,NULL,NULL,NULL,NULL,NULL,400,'2016-05-30 15:34:26','2016-05-30 15:34:26',400,'2016-05-30 15:34:26','2016-05-30 17:59:57',NULL,NULL),('574c10c9600a550800469334',NULL,146460282566781621,'18833335555',NULL,NULL,NULL,NULL,NULL,NULL,NULL,NULL,NULL,NULL,NULL,NULL,NULL,NULL,NULL,NULL,NULL,NULL,NULL,NULL,NULL,NULL,NULL,NULL,NULL,NULL,NULL,NULL,NULL,NULL,NULL,NULL,NULL,NULL,NULL,NULL,NULL,NULL,NULL,NULL,NULL,NULL,NULL,NULL,400,'2016-05-30 18:07:06','2016-05-30 18:07:06',400,'2016-05-30 18:07:06','2016-05-30 18:07:06',NULL,NULL),('574ce540600a550800469343',NULL,146465721663669435,'13916031884',NULL,NULL,NULL,'黄河','陆晓峰','111','310225197202133630',NULL,NULL,'','1972-02-13',NULL,NULL,NULL,NULL,NULL,NULL,NULL,NULL,NULL,NULL,NULL,NULL,NULL,NULL,NULL,NULL,NULL,NULL,NULL,NULL,NULL,NULL,NULL,NULL,NULL,NULL,NULL,NULL,NULL,NULL,NULL,NULL,NULL,400,'2016-05-31 09:13:37','2016-05-31 09:13:37',400,'2016-05-31 09:13:37','2016-05-31 09:16:18',NULL,NULL),('574cf184600a550800469344',NULL,146466035615213252,'18822224444',NULL,NULL,NULL,'a3344','李四','111','320282199908083333',NULL,NULL,'','1999-08-08',NULL,NULL,NULL,NULL,NULL,NULL,NULL,NULL,NULL,NULL,NULL,NULL,NULL,NULL,NULL,NULL,NULL,NULL,NULL,NULL,NULL,NULL,NULL,NULL,NULL,NULL,NULL,NULL,NULL,NULL,NULL,NULL,NULL,400,'2016-05-31 10:05:56','2016-05-31 10:05:56',400,'2016-05-31 10:05:56','2016-05-31 10:07:17',NULL,NULL),('574d2658153893080037c167',NULL,146467388067347304,'18811113333',NULL,NULL,NULL,'ys123','云舒','111','659002197508248351 ',NULL,NULL,'','1975-08-24',NULL,NULL,NULL,NULL,NULL,NULL,NULL,NULL,NULL,NULL,NULL,NULL,NULL,NULL,NULL,NULL,NULL,NULL,NULL,NULL,NULL,NULL,NULL,NULL,NULL,NULL,NULL,NULL,NULL,NULL,NULL,NULL,NULL,400,'2016-05-31 13:51:22','2016-05-31 13:51:22',400,'2016-05-31 13:51:22','2016-05-31 16:54:46',NULL,NULL),('574d2790153893080037c168',NULL,146467419281812524,'18811114444',NULL,NULL,NULL,NULL,NULL,NULL,NULL,NULL,NULL,NULL,NULL,NULL,NULL,NULL,NULL,NULL,NULL,NULL,NULL,NULL,NULL,NULL,NULL,NULL,NULL,NULL,NULL,NULL,NULL,NULL,NULL,NULL,NULL,NULL,NULL,NULL,NULL,NULL,NULL,NULL,NULL,NULL,NULL,NULL,400,'2016-05-31 13:56:33','2016-05-31 13:56:33',400,'2016-05-31 13:56:33','2016-05-31 13:56:33',NULL,NULL),('574d2e82153893080037c169',NULL,146467597060383978,'18616823007',NULL,NULL,NULL,NULL,NULL,NULL,NULL,NULL,NULL,NULL,NULL,NULL,NULL,NULL,NULL,NULL,NULL,NULL,NULL,NULL,NULL,NULL,NULL,NULL,NULL,NULL,NULL,NULL,NULL,NULL,NULL,NULL,NULL,NULL,NULL,NULL,NULL,NULL,NULL,NULL,NULL,NULL,NULL,NULL,400,'2016-05-31 14:26:11','2016-05-31 14:26:11',400,'2016-05-31 14:26:11','2016-05-31 14:26:11',NULL,NULL),('574d4603153893080037c16a',NULL,146468198773367121,'13211112222',NULL,NULL,NULL,'','张三','113','21312312',NULL,NULL,'','1990-12-12',NULL,NULL,NULL,NULL,NULL,NULL,NULL,NULL,NULL,NULL,NULL,NULL,NULL,NULL,NULL,NULL,NULL,NULL,NULL,NULL,NULL,NULL,NULL,NULL,NULL,NULL,NULL,NULL,NULL,NULL,NULL,NULL,NULL,400,'2016-05-31 16:06:28','2016-05-31 16:06:28',400,'2016-05-31 16:06:28','2016-05-31 16:48:43',NULL,NULL),('574da43d1ad4470800aee6fa',NULL,146470610926376106,'13444444444',NULL,NULL,NULL,NULL,NULL,NULL,NULL,NULL,NULL,NULL,NULL,NULL,NULL,NULL,NULL,NULL,NULL,NULL,NULL,NULL,NULL,NULL,NULL,NULL,NULL,NULL,NULL,NULL,NULL,NULL,NULL,NULL,NULL,NULL,NULL,NULL,NULL,NULL,NULL,NULL,NULL,NULL,NULL,NULL,400,'2016-05-31 22:48:30','2016-05-31 22:48:30',400,'2016-05-31 22:48:30','2016-05-31 22:48:30',NULL,NULL),('574e85491ad4470800aee6fe',NULL,146476372108518810,'15300061906',NULL,NULL,NULL,NULL,NULL,NULL,NULL,NULL,NULL,NULL,NULL,NULL,NULL,NULL,NULL,NULL,NULL,NULL,NULL,NULL,NULL,NULL,NULL,NULL,NULL,NULL,NULL,NULL,NULL,NULL,NULL,NULL,NULL,NULL,NULL,NULL,NULL,NULL,NULL,NULL,NULL,NULL,NULL,NULL,400,'2016-06-01 14:48:41','2016-06-01 14:48:41',400,'2016-06-01 14:48:41','2016-06-01 14:48:41',NULL,NULL);
/*!40000 ALTER TABLE `t_mbrc_member` ENABLE KEYS */;
UNLOCK TABLES;

--
-- Table structure for table `t_mbrc_message_log`
--

DROP TABLE IF EXISTS `t_mbrc_message_log`;
/*!40101 SET @saved_cs_client     = @@character_set_client */;
/*!40101 SET character_set_client = utf8 */;
CREATE TABLE `t_mbrc_message_log` (
  `MESSAGE_UUID` varchar(32) NOT NULL COMMENT '消息主键',
  `ORGAN_ID` bigint(20) DEFAULT NULL COMMENT '租户ID',
  `USER_ID` bigint(20) DEFAULT NULL COMMENT '用户ID',
  `MESSAGE_TYPE` varchar(1) DEFAULT NULL COMMENT '消息类型  1:系统消息  2:业务消息',
  `MESSAGE_TEXT` text COMMENT '消息内容',
  `MESSAGE_STATUS` varchar(1) DEFAULT NULL COMMENT '消息状态  0:未读 1:已读',
  `MESSAGE_DATE` date DEFAULT NULL COMMENT '创建消息时间',
  `CREATE_BY` bigint(20) DEFAULT NULL COMMENT '记录创建人',
  `CREATE_TIME` datetime DEFAULT NULL COMMENT '记录创建时间',
  `UPDATE_BY` bigint(20) DEFAULT NULL COMMENT '记录更新人',
  `UPDATE_TIME` datetime DEFAULT NULL COMMENT '记录更新时间',
  `UPDATE_TIMESTAMP` datetime DEFAULT NULL COMMENT '记录更新时间戳',
  `CREATE_TIMESTAMP` datetime DEFAULT NULL COMMENT '记录创建时间戳',
  PRIMARY KEY (`MESSAGE_UUID`)
) ENGINE=InnoDB DEFAULT CHARSET=utf8 COMMENT='消息日志表';
/*!40101 SET character_set_client = @saved_cs_client */;

--
-- Dumping data for table `t_mbrc_message_log`
--

LOCK TABLES `t_mbrc_message_log` WRITE;
/*!40000 ALTER TABLE `t_mbrc_message_log` DISABLE KEYS */;
/*!40000 ALTER TABLE `t_mbrc_message_log` ENABLE KEYS */;
UNLOCK TABLES;

--
-- Table structure for table `t_mbrc_user`
--

DROP TABLE IF EXISTS `t_mbrc_user`;
/*!40101 SET @saved_cs_client     = @@character_set_client */;
/*!40101 SET character_set_client = utf8 */;
CREATE TABLE `t_mbrc_user` (
  `USER_ID` varchar(32) NOT NULL COMMENT '用户ID',
  `PARTITION_INDI` bigint(20) NOT NULL COMMENT '分库ID',
  `USER_NAME` varchar(30) NOT NULL COMMENT '用户名（手机号）',
  `USER_PASSWORD` varchar(128) DEFAULT NULL COMMENT '用户密码',
  `IP_ADDRESS` varchar(20) DEFAULT NULL COMMENT '当前登录IP地址',
  `TIME_OFFSET` bigint(20) DEFAULT '0' COMMENT '用户时间偏移值',
  `CREATE_BY` bigint(20) NOT NULL COMMENT '创建人',
  `CREATE_TIME` datetime NOT NULL COMMENT '创建用户时间',
  `CREATE_TIMESTAMP` datetime NOT NULL DEFAULT CURRENT_TIMESTAMP COMMENT '创建系统时间',
  `UPDATE_BY` bigint(20) NOT NULL COMMENT '更新人',
  `UPDATE_TIME` datetime NOT NULL COMMENT '更新用户时间',
  `UPDATE_TIMESTAMP` datetime NOT NULL DEFAULT CURRENT_TIMESTAMP ON UPDATE CURRENT_TIMESTAMP COMMENT '更新系统时间',
  PRIMARY KEY (`USER_ID`)
) ENGINE=InnoDB DEFAULT CHARSET=utf8 COMMENT='会员用户表';
/*!40101 SET character_set_client = @saved_cs_client */;

--
-- Dumping data for table `t_mbrc_user`
--

LOCK TABLES `t_mbrc_user` WRITE;
/*!40000 ALTER TABLE `t_mbrc_user` DISABLE KEYS */;
INSERT INTO `t_mbrc_user` VALUES ('5747fc550bb3e40a1e5fca04',146433544520711906,'8615zz','3e72cc0cea74cad8a44a503cb6ce7be0',NULL,0,400,'2016-05-27 18:47:38','2016-05-27 18:47:38',400,'2016-05-27 18:47:38','2016-05-27 18:47:38'),('574804c20bb3e40a1e5fca05',146433760265134879,'a2121212121212121212','50207fa2814e81a067bd2662ba10b0f1',NULL,0,400,'2016-05-27 18:47:38','2016-05-27 18:47:38',400,'2016-05-27 18:47:38','2016-05-27 18:47:38'),('574805530bb3e40a1e5fca06',146433774769011040,'a121','e10adc3949ba59abbe56e057f20f883e',NULL,0,400,'2016-05-27 18:47:38','2016-05-27 18:47:38',400,'2016-05-27 18:47:38','2016-05-27 18:47:38'),('5748063d0bb3e40a1e5fca07',146433798143440495,'a123','700f237f3f227271d5c86677fb0528ee',NULL,0,400,'2016-05-27 18:47:38','2016-05-27 18:47:38',400,'2016-05-27 18:47:38','2016-05-27 18:47:38'),('5748257434608208006750f1',146434597228188624,'jacky','96e79218965eb72c92a549dd5a330112',NULL,0,400,'2016-05-29 15:28:37','2016-05-29 15:28:37',400,'2016-05-29 15:28:37','2016-05-29 15:28:37'),('5748268334608208006750f2',146434624322299239,'ward','96e79218965eb72c92a549dd5a330112',NULL,0,400,'2016-05-29 15:28:37','2016-05-29 15:28:37',400,'2016-05-29 15:28:37','2016-05-29 15:28:37'),('574826b434608208006750f3',146434629295067391,'tico','96e79218965eb72c92a549dd5a330112',NULL,0,400,'2016-05-29 15:28:37','2016-05-29 15:28:37',400,'2016-05-29 15:28:37','2016-05-29 15:28:37'),('5748276f34608208006750f4',146434647980448318,'tico','96e79218965eb72c92a549dd5a330112',NULL,0,400,'2016-05-29 15:28:38','2016-05-29 15:28:38',400,'2016-05-29 15:28:38','2016-05-29 15:28:38'),('574827b834608208006750f6',146434655254064676,'tico','96e79218965eb72c92a549dd5a330112',NULL,0,400,'2016-05-29 15:28:38','2016-05-29 15:28:38',400,'2016-05-29 15:28:38','2016-05-29 15:28:38'),('5748284234608208006750f7',146434669053827674,'wangls007','8d5cc7c49bc26d6b975f77717f8333b0',NULL,0,400,'2016-05-29 15:28:38','2016-05-29 15:28:38',400,'2016-05-29 15:28:38','2016-05-29 15:28:38'),('574a712434608208006750fb',146449642030551488,'jessie','25f9e794323b453885f5181f1b624d0b',NULL,0,400,'2016-05-29 15:28:38','2016-05-29 15:28:38',400,'2016-05-29 15:28:38','2016-05-29 15:28:38'),('574b91dcf51a520800d41c3c',146457033229255817,'wagnerlv','3c4eee78457e3c9b0d2fa9ed9693e1dc',NULL,0,400,'2016-05-30 09:05:33','2016-05-30 09:05:33',400,'2016-05-30 09:05:33','2016-05-30 09:05:33'),('574babfff51a520800d41c3d',146457702333395097,'andy','e10adc3949ba59abbe56e057f20f883e',NULL,0,400,'2016-05-30 10:57:03','2016-05-30 10:57:03',400,'2016-05-30 10:57:03','2016-05-30 10:57:03'),('574baf2bf51a520800d41c3e',146457783552416644,'anny_wang','fdeeea50c18bfa780c56ca9dd83b9ef3',NULL,0,400,'2016-05-30 11:10:36','2016-05-30 11:10:36',400,'2016-05-30 11:10:36','2016-05-30 11:10:36'),('574bb378f51a520800d41c3f',146457893685935592,'xiajx','e10adc3949ba59abbe56e057f20f883e',NULL,0,400,'2016-05-30 11:28:57','2016-05-30 11:28:57',400,'2016-05-30 11:28:57','2016-05-30 11:28:57'),('574bdbb3f51a520800d41c42',146458923546719119,'sd001','e10adc3949ba59abbe56e057f20f883e',NULL,0,400,'2016-05-30 14:20:35','2016-05-30 14:20:35',400,'2016-05-30 14:20:35','2016-05-30 14:20:35'),('574bdd18f51a520800d41c43',146458959248077319,'123aa','96e79218965eb72c92a549dd5a330112',NULL,0,400,'2016-05-30 14:26:32','2016-05-30 14:26:32',400,'2016-05-30 15:42:20','2016-05-30 15:42:20'),('574bdeb4f51a520800d41c44',146459000479981400,'222v','96e79218965eb72c92a549dd5a330112',NULL,0,400,'2016-05-30 14:33:25','2016-05-30 14:33:25',400,'2016-05-30 14:33:25','2016-05-30 14:33:25'),('574bdfeaf51a520800d41c45',146459031483687744,'123ab','e3ceb5881a0a1fdaad01296d7554868d',NULL,0,400,'2016-05-30 14:38:35','2016-05-30 14:38:35',400,'2016-05-30 14:38:35','2016-05-30 14:38:35'),('574be0adf51a520800d41c46',146459050931735163,'a1111111111111111111','50207fa2814e81a067bd2662ba10b0f1',NULL,0,400,'2016-05-30 14:41:49','2016-05-30 14:41:49',400,'2016-05-30 14:41:49','2016-05-30 14:41:49'),('574be146f51a520800d41c47',146459066259540763,'aa22','e10adc3949ba59abbe56e057f20f883e',NULL,0,400,'2016-05-30 14:44:23','2016-05-30 14:44:23',400,'2016-05-30 14:44:23','2016-05-30 14:44:23'),('574be318f51a520800d41c48',146459112802223973,'a111','fcea920f7412b5da7be0cf42b8c93759',NULL,0,400,'2016-05-30 14:52:08','2016-05-30 14:52:08',400,'2016-05-30 14:52:08','2016-05-30 14:52:08'),('574be450f51a520800d41c4a',146459144000947321,'a122','fcea920f7412b5da7be0cf42b8c93759',NULL,0,400,'2016-05-30 14:57:20','2016-05-30 14:57:20',400,'2016-05-30 14:57:20','2016-05-30 14:57:20'),('574bed02f51a520800d41c4b',146459366638589038,'123zz','96e79218965eb72c92a549dd5a330112',NULL,0,400,'2016-05-30 15:34:26','2016-05-30 15:34:26',400,'2016-05-30 15:48:47','2016-05-30 15:48:47'),('574c10c9600a550800469334',146460282566781621,'222vv','96e79218965eb72c92a549dd5a330112',NULL,0,400,'2016-05-30 18:07:06','2016-05-30 18:07:06',400,'2016-05-30 18:07:06','2016-05-30 18:07:06'),('574ce540600a550800469343',146465721663669435,'Meyer','88cfa810cadd1708ed25779bdda0c44c',NULL,0,400,'2016-05-31 09:13:37','2016-05-31 09:13:37',400,'2016-05-31 09:13:37','2016-05-31 09:13:37'),('574cf184600a550800469344',146466035615213252,'a3344','96e79218965eb72c92a549dd5a330112',NULL,0,400,'2016-05-31 10:05:56','2016-05-31 10:05:56',400,'2016-05-31 10:05:56','2016-05-31 10:05:56'),('574d2658153893080037c167',146467388067347304,'abc33','96e79218965eb72c92a549dd5a330112',NULL,0,400,'2016-05-31 13:51:22','2016-05-31 13:51:22',400,'2016-05-31 13:51:22','2016-05-31 13:51:22'),('574d2790153893080037c168',146467419281812524,'abc44','96e79218965eb72c92a549dd5a330112',NULL,0,400,'2016-05-31 13:56:33','2016-05-31 13:56:33',400,'2016-05-31 13:56:33','2016-05-31 13:56:33'),('574d2e82153893080037c169',146467597060383978,'harold','e10adc3949ba59abbe56e057f20f883e',NULL,0,400,'2016-05-31 14:26:11','2016-05-31 14:26:11',400,'2016-05-31 14:26:11','2016-05-31 14:26:11'),('574d4603153893080037c16a',146468198773367121,'XXXX','e10adc3949ba59abbe56e057f20f883e',NULL,0,400,'2016-05-31 16:06:28','2016-05-31 16:06:28',400,'2016-05-31 16:54:08','2016-05-31 16:54:08'),('574da43d1ad4470800aee6fa',146470610926376106,'jessiewang','25f9e794323b453885f5181f1b624d0b',NULL,0,400,'2016-05-31 22:48:30','2016-05-31 22:48:30',400,'2016-05-31 22:48:30','2016-05-31 22:48:30'),('574e85491ad4470800aee6fe',146476372108518810,'yolanda','c82701870b415b155798cba05686c5c3',NULL,0,400,'2016-06-01 14:48:41','2016-06-01 14:48:41',400,'2016-06-01 14:48:41','2016-06-01 14:48:41');
/*!40000 ALTER TABLE `t_mbrc_user` ENABLE KEYS */;
UNLOCK TABLES;

--
-- Table structure for table `t_member_attendence`
--

DROP TABLE IF EXISTS `t_member_attendence`;
/*!40101 SET @saved_cs_client     = @@character_set_client */;
/*!40101 SET character_set_client = utf8 */;
CREATE TABLE `t_member_attendence` (
  `LIST_ID` varchar(32) NOT NULL COMMENT '主键(UUID)',
  `MEMBER_ID` varchar(32) DEFAULT NULL COMMENT '会员ID',
  `ATTENDENCE_TIME` datetime DEFAULT NULL COMMENT '签到时间',
  `ATTENDENCE_WAY` varchar(10) DEFAULT NULL COMMENT '签到方式',
  `PARTITION_INDI` bigint(20) DEFAULT NULL COMMENT '分库ID',
  PRIMARY KEY (`LIST_ID`),
  KEY `FK_T_MEMBER__MEMBER_ID` (`MEMBER_ID`),
  CONSTRAINT `FK_T_MEMBER__MEMBER_ID` FOREIGN KEY (`MEMBER_ID`) REFERENCES `t_mbrc_member` (`MEMBER_ID`)
) ENGINE=InnoDB DEFAULT CHARSET=utf8;
/*!40101 SET character_set_client = @saved_cs_client */;

--
-- Dumping data for table `t_member_attendence`
--

LOCK TABLES `t_member_attendence` WRITE;
/*!40000 ALTER TABLE `t_member_attendence` DISABLE KEYS */;
/*!40000 ALTER TABLE `t_member_attendence` ENABLE KEYS */;
UNLOCK TABLES;

--
-- Table structure for table `t_order_dtl`
--

DROP TABLE IF EXISTS `t_order_dtl`;
/*!40101 SET @saved_cs_client     = @@character_set_client */;
/*!40101 SET character_set_client = utf8 */;
CREATE TABLE `t_order_dtl` (
  `UUID` varchar(32) NOT NULL COMMENT '订单详细ID',
  `ORDER_ID` varchar(32) NOT NULL COMMENT '订单ID',
  `COMMODITY_ID` bigint(20) DEFAULT NULL COMMENT '商品ID',
  `quantity` int(11) DEFAULT NULL COMMENT '数量',
  `TERM_START_DATE` date DEFAULT NULL COMMENT '保险期间起期',
  `unit_PRICE` decimal(14,2) DEFAULT NULL COMMENT '单价',
  `TERM_UNIT` int(11) DEFAULT NULL COMMENT '保障区间 1-年 2-月 3-日',
  `DETAIL` varchar(600) DEFAULT NULL COMMENT '投保详情',
  PRIMARY KEY (`UUID`)
) ENGINE=InnoDB DEFAULT CHARSET=utf8;
/*!40101 SET character_set_client = @saved_cs_client */;

--
-- Dumping data for table `t_order_dtl`
--

LOCK TABLES `t_order_dtl` WRITE;
/*!40000 ALTER TABLE `t_order_dtl` DISABLE KEYS */;
/*!40000 ALTER TABLE `t_order_dtl` ENABLE KEYS */;
UNLOCK TABLES;

--
-- Table structure for table `t_order_surv_anw_dtl`
--

DROP TABLE IF EXISTS `t_order_surv_anw_dtl`;
/*!40101 SET @saved_cs_client     = @@character_set_client */;
/*!40101 SET character_set_client = utf8 */;
CREATE TABLE `t_order_surv_anw_dtl` (
  `SURVEY_DTL_ID` varchar(32) COLLATE utf8_bin NOT NULL COMMENT ' 明细ID UUID',
  `SURVEY_ID` varchar(32) COLLATE utf8_bin DEFAULT NULL COMMENT '问卷历史ID UUID',
  `QUESTION_ID` bigint(20) DEFAULT NULL COMMENT '试题ID',
  `ANSWER_OPTION` varchar(10) COLLATE utf8_bin NOT NULL COMMENT '答案选项',
  `ANSWER_TEXT` varchar(300) COLLATE utf8_bin DEFAULT NULL COMMENT '答案文本',
  `ANSWER_TEXT1` varchar(300) COLLATE utf8_bin DEFAULT NULL COMMENT '答案文本',
  PRIMARY KEY (`SURVEY_DTL_ID`),
  KEY `FK_ORDER_SURV_ANW_DTL_1` (`SURVEY_ID`),
  KEY `FK_ORDER_SURV_ANW_DTL_2` (`QUESTION_ID`),
  CONSTRAINT `FK_ORDER_SURV_ANW_DTL_1` FOREIGN KEY (`SURVEY_ID`) REFERENCES `t_order_survey` (`SURVEY_ID`),
  CONSTRAINT `FK_ORDER_SURV_ANW_DTL_2` FOREIGN KEY (`QUESTION_ID`) REFERENCES `t_test_paper_questions` (`QUESTION_ID`)
) ENGINE=InnoDB DEFAULT CHARSET=utf8 COLLATE=utf8_bin COMMENT='问卷调查回答明细';
/*!40101 SET character_set_client = @saved_cs_client */;

--
-- Dumping data for table `t_order_surv_anw_dtl`
--

LOCK TABLES `t_order_surv_anw_dtl` WRITE;
/*!40000 ALTER TABLE `t_order_surv_anw_dtl` DISABLE KEYS */;
/*!40000 ALTER TABLE `t_order_surv_anw_dtl` ENABLE KEYS */;
UNLOCK TABLES;

--
-- Table structure for table `t_order_survey`
--

DROP TABLE IF EXISTS `t_order_survey`;
/*!40101 SET @saved_cs_client     = @@character_set_client */;
/*!40101 SET character_set_client = utf8 */;
CREATE TABLE `t_order_survey` (
  `SURVEY_ID` varchar(32) COLLATE utf8_bin NOT NULL COMMENT '问卷历史ID UUID',
  `ORDER_ID` varchar(32) COLLATE utf8_bin DEFAULT NULL COMMENT '订单ID',
  `MKT_PROD_ID` bigint(20) DEFAULT NULL COMMENT '营销产品ID',
  `PAPER_ID` bigint(20) DEFAULT NULL COMMENT '问卷ID',
  `SURVEY_SCORE` int(11) NOT NULL DEFAULT '0' COMMENT '问卷得分',
  `SURVEY_TIME` datetime NOT NULL COMMENT '回答日期',
  PRIMARY KEY (`SURVEY_ID`),
  KEY `FK_ORDER_SURVEY_2` (`MKT_PROD_ID`,`PAPER_ID`),
  CONSTRAINT `FK_ORDER_SURVEY_2` FOREIGN KEY (`MKT_PROD_ID`, `PAPER_ID`) REFERENCES `t_prod_test_paper` (`MKT_PROD_ID`, `PAPER_ID`)
) ENGINE=InnoDB DEFAULT CHARSET=utf8 COLLATE=utf8_bin COMMENT='商品问卷历史';
/*!40101 SET character_set_client = @saved_cs_client */;

--
-- Dumping data for table `t_order_survey`
--

LOCK TABLES `t_order_survey` WRITE;
/*!40000 ALTER TABLE `t_order_survey` DISABLE KEYS */;
/*!40000 ALTER TABLE `t_order_survey` ENABLE KEYS */;
UNLOCK TABLES;

--
-- Table structure for table `t_pay`
--

DROP TABLE IF EXISTS `t_pay`;
/*!40101 SET @saved_cs_client     = @@character_set_client */;
/*!40101 SET character_set_client = utf8 */;
CREATE TABLE `t_pay` (
  `ORDER_ID` varchar(32) DEFAULT NULL COMMENT '订单ID',
  `EX_TRANSACTION_ID` varchar(32) NOT NULL COMMENT '交易号码',
  `TEXT` varchar(600) DEFAULT NULL COMMENT '交易报文',
  `success_URL` varchar(200) DEFAULT NULL COMMENT '回调URL',
  `ex_issue_time` datetime DEFAULT NULL COMMENT '交易发起时间',
  `ex_finish_time` datetime DEFAULT NULL COMMENT '交易完成时间',
  `status` int(11) DEFAULT NULL COMMENT '交易状态',
  `need_writeback` int(11) DEFAULT NULL COMMENT '交易是否回写',
  `duetime` datetime DEFAULT NULL COMMENT '交易有效期至',
  PRIMARY KEY (`EX_TRANSACTION_ID`)
) ENGINE=InnoDB DEFAULT CHARSET=utf8;
/*!40101 SET character_set_client = @saved_cs_client */;

--
-- Dumping data for table `t_pay`
--

LOCK TABLES `t_pay` WRITE;
/*!40000 ALTER TABLE `t_pay` DISABLE KEYS */;
/*!40000 ALTER TABLE `t_pay` ENABLE KEYS */;
UNLOCK TABLES;

--
-- Table structure for table `t_prod_test_paper`
--

DROP TABLE IF EXISTS `t_prod_test_paper`;
/*!40101 SET @saved_cs_client     = @@character_set_client */;
/*!40101 SET character_set_client = utf8 */;
CREATE TABLE `t_prod_test_paper` (
  `MKT_PROD_ID` bigint(20) NOT NULL,
  `PAPER_ID` bigint(20) NOT NULL COMMENT '问卷ID',
  PRIMARY KEY (`MKT_PROD_ID`,`PAPER_ID`),
  KEY `FK_Reference_3` (`PAPER_ID`),
  CONSTRAINT `FK_Reference_3` FOREIGN KEY (`PAPER_ID`) REFERENCES `t_test_paper` (`PAPER_ID`)
) ENGINE=InnoDB DEFAULT CHARSET=utf8 COLLATE=utf8_bin COMMENT='产品测试问卷';
/*!40101 SET character_set_client = @saved_cs_client */;

--
-- Dumping data for table `t_prod_test_paper`
--

LOCK TABLES `t_prod_test_paper` WRITE;
/*!40000 ALTER TABLE `t_prod_test_paper` DISABLE KEYS */;
/*!40000 ALTER TABLE `t_prod_test_paper` ENABLE KEYS */;
UNLOCK TABLES;

--
-- Table structure for table `t_question`
--

DROP TABLE IF EXISTS `t_question`;
/*!40101 SET @saved_cs_client     = @@character_set_client */;
/*!40101 SET character_set_client = utf8 */;
CREATE TABLE `t_question` (
  `QUESTION_ID` bigint(20) NOT NULL AUTO_INCREMENT COMMENT '试题ID',
  `QUESTION_CODE` varchar(10) COLLATE utf8_bin DEFAULT NULL COMMENT '试题代码',
  `QUESTION_BODY` varchar(400) COLLATE utf8_bin DEFAULT NULL COMMENT '试题内容',
  `ANSWER_TYPE` int(11) DEFAULT NULL COMMENT '试题答案类型\n              1--单选\n              2--多选\n              3--填空\n              4--阐述\n              5--单选题且最后一项为其他请说明',
  PRIMARY KEY (`QUESTION_ID`)
) ENGINE=InnoDB DEFAULT CHARSET=utf8 COLLATE=utf8_bin COMMENT='试题';
/*!40101 SET character_set_client = @saved_cs_client */;

--
-- Dumping data for table `t_question`
--

LOCK TABLES `t_question` WRITE;
/*!40000 ALTER TABLE `t_question` DISABLE KEYS */;
/*!40000 ALTER TABLE `t_question` ENABLE KEYS */;
UNLOCK TABLES;

--
-- Table structure for table `t_test_paper`
--

DROP TABLE IF EXISTS `t_test_paper`;
/*!40101 SET @saved_cs_client     = @@character_set_client */;
/*!40101 SET character_set_client = utf8 */;
CREATE TABLE `t_test_paper` (
  `PAPER_ID` bigint(20) NOT NULL AUTO_INCREMENT COMMENT '问卷ID',
  `TEST_PURPOSE` varchar(10) COLLATE utf8_bin DEFAULT NULL COMMENT '问卷用途',
  `ACTION_CODE` char(10) COLLATE utf8_bin DEFAULT NULL COMMENT '不及格下处理策略',
  `PAPER_NAME` varchar(300) COLLATE utf8_bin NOT NULL COMMENT '问卷名称',
  `qualified_score` int(3) DEFAULT NULL COMMENT '及格分数',
  `failed_action` varchar(3) COLLATE utf8_bin NOT NULL COMMENT '不及格下处理策略',
  PRIMARY KEY (`PAPER_ID`),
  KEY `FK_T_TEST_PAPER_1` (`TEST_PURPOSE`),
  KEY `FK_T_TEST_PAPER_2` (`ACTION_CODE`),
  CONSTRAINT `FK_T_TEST_PAPER_1` FOREIGN KEY (`TEST_PURPOSE`) REFERENCES `d_test_pape_purpose` (`TEST_PURPOSE`),
  CONSTRAINT `FK_T_TEST_PAPER_2` FOREIGN KEY (`ACTION_CODE`) REFERENCES `d_test_failure_action` (`ACTION_CODE`)
) ENGINE=InnoDB DEFAULT CHARSET=utf8 COLLATE=utf8_bin;
/*!40101 SET character_set_client = @saved_cs_client */;

--
-- Dumping data for table `t_test_paper`
--

LOCK TABLES `t_test_paper` WRITE;
/*!40000 ALTER TABLE `t_test_paper` DISABLE KEYS */;
/*!40000 ALTER TABLE `t_test_paper` ENABLE KEYS */;
UNLOCK TABLES;

--
-- Table structure for table `t_test_paper_questions`
--

DROP TABLE IF EXISTS `t_test_paper_questions`;
/*!40101 SET @saved_cs_client     = @@character_set_client */;
/*!40101 SET character_set_client = utf8 */;
CREATE TABLE `t_test_paper_questions` (
  `PAPER_ID` bigint(20) NOT NULL COMMENT '问卷ID',
  `QUESTION_ID` bigint(20) NOT NULL COMMENT '试题ID',
  `DISPLAY_ORDER` int(3) DEFAULT NULL COMMENT '排序',
  `weight` int(11) DEFAULT NULL COMMENT '比重',
  PRIMARY KEY (`PAPER_ID`,`QUESTION_ID`),
  KEY `fk_T_TEST_PAPER_QUESTIONS_2` (`QUESTION_ID`),
  CONSTRAINT `fk_T_TEST_PAPER_QUESTIONS_1` FOREIGN KEY (`PAPER_ID`) REFERENCES `t_test_paper` (`PAPER_ID`),
  CONSTRAINT `fk_T_TEST_PAPER_QUESTIONS_2` FOREIGN KEY (`QUESTION_ID`) REFERENCES `t_question` (`QUESTION_ID`)
) ENGINE=InnoDB DEFAULT CHARSET=utf8 COLLATE=utf8_bin COMMENT='试卷内容';
/*!40101 SET character_set_client = @saved_cs_client */;

--
-- Dumping data for table `t_test_paper_questions`
--

LOCK TABLES `t_test_paper_questions` WRITE;
/*!40000 ALTER TABLE `t_test_paper_questions` DISABLE KEYS */;
/*!40000 ALTER TABLE `t_test_paper_questions` ENABLE KEYS */;
UNLOCK TABLES;

--
-- Table structure for table `t_underwrite_job`
--

DROP TABLE IF EXISTS `t_underwrite_job`;
/*!40101 SET @saved_cs_client     = @@character_set_client */;
/*!40101 SET character_set_client = utf8 */;
CREATE TABLE `t_underwrite_job` (
  `RATETABLE_ID` varchar(32) COLLATE utf8_bin NOT NULL COMMENT '记录ID',
  `JOB_CATE` varchar(10) COLLATE utf8_bin DEFAULT NULL COMMENT '职业代码（D_JOB_CATEGORY）',
  `JOB_RISK_CATE` varchar(10) COLLATE utf8_bin DEFAULT NULL COMMENT '核保职业风险分类（D_JOB_RISK_CATE）',
  `RATE` decimal(12,4) DEFAULT NULL,
  PRIMARY KEY (`RATETABLE_ID`)
) ENGINE=InnoDB DEFAULT CHARSET=utf8 COLLATE=utf8_bin COMMENT='职业代码与核保风险等级匹配表';
/*!40101 SET character_set_client = @saved_cs_client */;

--
-- Dumping data for table `t_underwrite_job`
--

LOCK TABLES `t_underwrite_job` WRITE;
/*!40000 ALTER TABLE `t_underwrite_job` DISABLE KEYS */;
/*!40000 ALTER TABLE `t_underwrite_job` ENABLE KEYS */;
UNLOCK TABLES;
/*!40103 SET TIME_ZONE=@OLD_TIME_ZONE */;

/*!40101 SET SQL_MODE=@OLD_SQL_MODE */;
/*!40014 SET FOREIGN_KEY_CHECKS=@OLD_FOREIGN_KEY_CHECKS */;
/*!40014 SET UNIQUE_CHECKS=@OLD_UNIQUE_CHECKS */;
/*!40101 SET CHARACTER_SET_CLIENT=@OLD_CHARACTER_SET_CLIENT */;
/*!40101 SET CHARACTER_SET_RESULTS=@OLD_CHARACTER_SET_RESULTS */;
/*!40101 SET COLLATION_CONNECTION=@OLD_COLLATION_CONNECTION */;
/*!40111 SET SQL_NOTES=@OLD_SQL_NOTES */;

-- Dump completed on 2016-06-01 15:15:02
